order_id,order_item_id,product_id,seller_id,shipping_limit_date,price,freight_value
000c3e6612759851cc3cbb4b83257986,1,b50c950aba0dcead2c48032a690ce817,218d46b86c1881d022bce9c68a7d4b15,2017-08-21 03:33:13,99.00,13.71
00137e170939bba5a3134e2386413108,1,672e757f331900b9deea127a2a7b79fd,e59aa562b9f8076dd550fcddf0e73491,2017-11-30 06:30:55,397.00,24.65
00471463a6106056c1a2a809f70de640,1,9df0e8a7eef2a38b74e6d5c0e224b11f,7c67e1448b00f6e969d365cea6b010ab,2017-10-03 22:46:14,179.99,85.97
0068fb0e223115e911d362627e8b8800,1,e53e557d5a159f5aa2c5e995dfdf244b,88460e8ebdecbfecb5f9601833981930,2018-07-31 02:50:11,77.90,13.89
00b676b01c289cc661c6f7732492771a,1,121b9686b9929855d823981fc655a6fe,c4fb51fb1c5b7c07bc5e67be6e7e8f6e,2017-08-08 15:45:15,50.00,21.19
00d85bfe0e28c91b69d0fe1f29255a31,1,fb8e60e1a3c247d3a2e17f6986e71a40,9e6229250fedbe05838fef417b74e7fb,2018-05-22 03:31:40,189.90,13.77
01311f2795d8463a11f9422173687696,1,c4baedd846ed09b85f78a781b522f126,a1043bafd471dff536d0c462352beb48,2017-11-01 03:08:40,89.99,38.47
01490a4bdacbafe6de009b317a0c8bf6,1,e1fad996d18315862e15d09446c5c65d,ea67327e24487bdfac5fbfa37ea124df,2018-06-18 14:04:57,127.45,23.69
016e4acfc34b9f2abc69795f47c92f0e,1,b1cbf530dc2a793ced8e0768ffcce501,1ca7077d890b907f89be8c954a02686a,2017-09-21 14:10:19,45.00,7.78
0199edc5b01351df8e73a674aa473ee7,1,83b92639fffd1d55c9e04c77c86d8d2c,00fc707aaaad2d31347cf883cd2dfe10,2018-04-06 04:10:16,93.00,8.00
01a921eb5bf5df0c2990e62563ceca49,1,c7fd13b5e515bffdab855d0812842edb,1025f0e2d44d7041d6cf58b6550e0bfa,2017-12-01 21:13:35,69.99,9.36
01a921eb5bf5df0c2990e62563ceca49,2,c7fd13b5e515bffdab855d0812842edb,1025f0e2d44d7041d6cf58b6550e0bfa,2017-12-01 21:13:35,69.99,9.36
01d96f415da1ffc3807bc85852dea189,1,87aff1d9a5e94db6840c5b963a5cef90,530ec6109d11eaaf87999465c6afee01,2018-04-18 08:31:16,149.90,23.63
01f48b2a27229e667db384b5b9d5dfa4,1,8877966d8f081b2857a5e293d6ecf59e,77a515caa36327151d1cc6c32a9f00e1,2018-05-22 22:55:50,59.90,8.29
01fa35042136b75da24ce2a391b30eb9,1,aadff88486740e0b0ebe2be6c09476ae,da8622b14eb17ae2831f4ac5b9dab84a,2018-01-12 15:54:20,29.90,15.10
02058d1c3b825765a4ec45968b8a1c97,1,d05d4a7430d1293367ba2ffbedcdef05,54065e9aef7e9e9c2dc23b7594db021a,2017-06-02 02:50:28,1799.00,27.34
02624f7cd7272b3e027320023dbdc99b,1,3db75f31b76375c502f64d550dcd1166,85d9eb9ddc5d00ca9336a2219c97bb13,2017-10-30 03:31:56,31.90,16.79
02b8c16664d3c254052472397ae6d244,1,eaa26a34984cbfedc19b1e45f09f3c9a,9646c3513289980f17226a2fc4720dbd,2017-08-25 02:45:23,108.00,13.10
02ea547b6d2ee25305588fd50df58b46,1,b000447e24e31a4d7e628ca4d0622131,92eb0f42c21942b6552362b9b114707d,2017-03-29 22:10:24,23.99,15.65
030106c028266ae3345eb9bf6dd790c1,1,cd48f265a63e13b762601f5f794c5fca,e9779976487b77c6d4ac45f75ec7afe9,2017-12-29 17:11:22,57.49,16.16
03059ebda0b2ad61612b300fe34ed8e2,1,49ae25c5f82cd4bc8057d0b16d45af3a,45ba18c210d42734ec52c0c1c574e9ee,2018-05-16 22:17:01,39.90,19.04
03181fddac1b424c893821ec539b2abf,1,f60e19fc3b0ee38735e6a6fefe937bdf,6481e96574816ead57975da2c0f6d80d,2018-05-10 16:53:39,7.90,7.87
03202c9906e9d1140a8ac3e15f4492e8,1,422879e10f46682990de24d770e7f83d,1f50f920176fa81dab994f9023523100,2018-08-09 04:44:41,49.91,20.99
0322e0a7d6d283584e3dc181c67b1d12,1,472e6464088101bf2ec351d222c415ab,87142160b41353c4e5fca2360caf6f92,2018-05-16 14:58:46,69.90,18.42
035a721e5bfc1bc3f4e1ba0d7923cc84,1,7ea3919d7abd2b09549543a2508e7b26,5656537e588803a555b8eb41f07a944b,2018-08-14 04:35:14,99.89,8.28
03976e284ff273b3e5fda450030f32c1,1,242edc6b84c00f0d48c664a020a92c52,6cd68b3ed6d59aaa9fece558ad360c0a,2017-09-11 14:43:50,54.90,13.40
03b2144a8822e91cc05da7907f21ea1f,1,49770e2e1a22b61e15a13c2cbfbfcbbd,ac3508719a1d8f5b7614b798f70af136,2017-12-21 17:34:32,139.90,22.85
03ee28c413aaef04d718e00ed85eb678,1,8626b155de04e2d0d6e1e907fbcf0cd2,76d5af76d0271110f9af36c92573f765,2017-02-26 10:54:37,45.70,20.43
0410df130bab1cdcd13e23044ef9d76a,1,2b7aa376a6e728560bddb5558cc48e89,7c67e1448b00f6e969d365cea6b010ab,2018-03-30 13:28:44,116.99,7.68
04730e3327a051a939ae815e14e482e1,1,de75785dc5be712c4d4ed4ec5b422ce1,7e93a43ef30c4f03f38b393420bc753a,2017-11-30 00:37:48,599.00,17.94
0487007c18089d38f1492091945d7ba8,1,ee99cd2d468819078af4687f923cf17b,17a053fcb14bd219540cbde0df490be0,2018-06-12 15:11:36,329.90,47.17
049ac54eda25ad838a76c65dcfd27c9a,1,b11802a8f8d0f813ec6d3fa8967aab21,9d681c7e12db302cb261e721040dde65,2018-08-02 16:15:15,139.90,33.12
049c844d7707d97ba1600196919474f4,1,53b36df67ebb7c41585e8d54d6772e08,7d13fca15225358621be4086e1eb0964,2018-03-05 16:35:43,128.89,15.65
04a0e5cbdfc606ebca72c5b78caf81fe,1,86265224a1b25cd13f8b20ffeb6c8e5d,b17b679f4f5ce2e03ce6968c62648246,2018-01-29 03:52:57,48.90,17.06
04ac505fe152a153d8b6013eccb4086b,1,042535091ac9e946489c2155a0392c47,e883aa812c37a7413226856f4579fe91,2018-04-10 00:32:22,39.90,7.39
04c5574dca3570ecdde1cf8527993017,1,e5ae72c62ebfa708624f5029d609b160,8e6d7754bc7e0f22c96d255ebda59eba,2018-03-28 08:49:16,64.89,12.89
04d49c33fa60bbc46ab8514d0811d0e3,1,aa280035c50ba62c746480a59045eec4,fa40cc5b934574b62717c68f3d678b6d,2018-05-09 17:54:12,35.90,10.66
05457977f35122e71095989d738e4a37,1,ca0019454bd5ddca0f4022fe89f6557a,2528513dd95219a6013d4d05176e391a,2018-06-06 03:30:54,219.00,24.07
05535f67cf6802000ad3107136cff4bf,1,3ae28b124972bb81eddcb644cd284be9,46dc3b2cc0980fb8ec44634e21d2718e,2017-09-20 15:05:57,99.99,16.46
055e121a8cefa5494be46fea4bd4f3ab,1,0db04bfc9ca0d0dc2c530e7f2d023160,870d0118f7a9d85960f29ad89d5d989a,2017-05-31 13:10:17,34.90,25.19
0573f0fe44a09808d06e716ae1a478ed,1,b0528299d65ab35e3ed853f6a853b8b8,960945e1a9535cbc0cd6ddd35fbe7ae8,2018-06-26 17:16:00,118.89,18.63
0583f502e04564cfe79eb0e4f5939729,1,e0d64dcfaa3b6db5c54ca298ae101d05,4869f7a5dfa277a7dca6462dcf3b52b2,2018-02-15 13:08:46,199.00,21.88
0597a201736db0915eac0e92b5e0f6d9,1,29427de7f8a9ee983d9dbc51cec569b4,7a67c85e85bb2ce8582c35f2203ad736,2017-10-18 08:36:49,99.99,11.90
05ad157e8f606d82b474fd05703b7610,1,5fb3ff04cc8ff9f140b028d867a6b0f4,7681ef142fd2c19048da7430856b5588,2018-05-14 19:52:30,220.00,18.09
05bb540accb9a3fc966280b894023c9c,1,154e7e31ebfa092203795c972e5804a6,cc419e0650a3c5ba77189a1882b7556a,2017-07-18 02:50:52,19.99,14.10
05c12734a5d14a9b9528b3eb84f30e50,1,ca152649b43c4c6081853d9421c59869,85d9eb9ddc5d00ca9336a2219c97bb13,2017-05-19 18:02:40,38.90,15.79
05c7aa3928dd1b25667ba59cdc277505,1,211d04c14dd756f5e4dec38c19187fdb,972d0f9cf61b499a4812cf0bfa3ad3c4,2018-06-21 02:31:18,91.30,26.94
05c7aa3928dd1b25667ba59cdc277505,2,211d04c14dd756f5e4dec38c19187fdb,972d0f9cf61b499a4812cf0bfa3ad3c4,2018-06-21 02:31:18,91.30,26.94
0607a1c003c16725855f65d6b738028a,1,e0008615ba33119a5e115eb63bd3e29c,e06f09ec0a4aca210779cf1cfc63cf19,2017-08-31 23:24:33,42.90,21.18
065ac4b340bafd4f6bee041c63e10aef,1,5a6e53c3b4e8684b13388d6aa4afdf12,7299e27ed73d2ad986de7f7c77d919fa,2017-06-08 13:10:55,16.99,15.10
065f2124da64e6bddb1120142f2ad73a,1,1945afae0c93166dce1f186d00125695,5b8154610ebb21fb90eb587365e673df,2018-04-11 10:30:20,517.99,107.87
068bd285dca5547429e81de9e95ff9cf,1,e4782ca6e59722999a1b22f350c28ddb,81336a0f57a33776419727a300249e90,2018-01-24 17:36:34,149.90,13.39
068d0d74dbf3b124a2b65bb2aad2387a,1,03c94210a8223f2f0c811f6783fe3d22,3db66a856d18a9cba7c9241fc5221c50,2017-08-17 02:55:52,149.90,21.54
06ca213ef85421d96ee0fe529d0f5885,1,1bfe62f326ac7bec0f5a83c10cfff228,3d871de0142ce09b7081e2b9d1733cb1,2017-07-17 17:30:24,45.00,16.11
0713f1dd3cdb0f62e71d9a1f01c2bc0b,1,6cdd53843498f92890544667809f1595,ccc4bbb5f32a6ab2b7066a4130f114e3,2017-08-14 16:50:08,349.90,15.47
0724f5287d69b7a3fbcf9ab02054ca4a,1,d0b61bfb1de832b15ba9d266ca96e5b0,66922902710d126a0e7d26b0e3805106,2017-12-07 13:59:26,45.00,27.20
0726665518da3a4e1b9efff4de0089fc,1,30d55419015a4d9c2ca68586923d5a9f,19e0f40a907ec568c34bfac15de4f4a1,2017-06-07 10:55:14,44.50,7.78
0745201fea5d6f4aabd42e92a7d3b3b6,1,06f0e85c7892d5df893f332706340af1,3d871de0142ce09b7081e2b9d1733cb1,2017-08-25 11:32:14,179.00,18.50
07528311766b5aa54d193747c66663df,1,db5efde3ad0cc579b130d71c4b2db522,4869f7a5dfa277a7dca6462dcf3b52b2,2018-03-06 21:48:29,175.00,15.98
07684a430f124ffa76c3415f04fb2ed5,1,7d50930301709838d8e90dcac5cfaa84,9616352088dcf83a7c06637f4ebf1c80,2017-08-07 08:35:41,59.90,12.55
077a6d2bd20a77531ca2dcf84f5c5d0e,1,8d05b2c8739a97a9b912b206eed6a0aa,2a84855fd20af891be03bc5924d2b453,2018-06-14 00:32:23,29.90,27.49
07ba523a0c48b0ae0920551684e13ab9,1,c73628b1c3144b2e0c9c88072f21a213,3f995f07c49d0d55a99d5c54957f7d81,2017-08-15 20:23:32,109.00,21.16
07c33a9470d0df2a30cc8a8ebd0288d1,1,8ac47b3ab13c68f49f10dde899674149,ba143b05f0110f0dc71ad71b4466ce92,2018-05-23 05:16:30,83.99,11.21
07da984520cb8c0de39f0b96b92c08f6,1,5637032095493f280eae8d9da00da6f1,f262cbc1c910c83959f849465454ddd3,2018-03-30 18:10:19,49.99,16.32
07dcf38560b8c50e101b3281edda6112,1,083ffd30820b592e294de7ed668ff975,f8db351d8c4c4c22c6835c19a46f01b0,2017-10-10 02:49:20,45.90,11.85
07dee0f0916a444098de4beea749c5e5,1,77fdeb8d4f7502f75b6779205f30a875,3b872fd4747f01cc56206f2934198618,2018-02-09 11:30:03,119.90,31.87
07e2767fa261c1d690924d6d3baa379f,1,43944a8f8f0b7ae86b6c3d3c2f257375,0adac9fbd9a2b63cccaac4f8756c1ca8,2018-03-01 16:08:18,699.00,33.68
07e2a9d486a8394f2700230396e8d5f0,1,ac6c3623068f30de03045865e4e10089,df560393f3a51e74553ab94004ba5c87,2018-02-28 21:46:57,209.90,61.93
07fc346abda30b632be799f5b4be2bd8,1,d6fe3b4ddecd4a8393c6a1385de3bfb6,7c67e1448b00f6e969d365cea6b010ab,2017-07-27 14:15:21,199.97,31.70
0853e0536bc0b71240beedd97501bd7b,1,c0380894bd866c75c47c00359dde5bd9,901b460cdce0c64e471230d7f2f9f3a3,2018-07-19 07:23:55,478.00,20.28
0865bf48f1aecd458a5a2ff3211dee8c,1,5edd96075ae7fa289da48ec3b80c0c2f,ea8482cd71df3c1969d7b9473ff13abc,2018-06-22 08:56:46,109.00,8.92
086cb9cd0cf7067d77fe09f31620a52b,1,173d5a1b6c4ea4f41aafca840646d240,06e5eefc71ec47ae763c5c6f8db7064f,2018-06-26 17:00:45,181.01,23.20
0877034e4780ed6345f93f2c0e0d48ec,1,0a57f7d2c983bcf8188589a5fea4a8da,4869f7a5dfa277a7dca6462dcf3b52b2,2018-05-18 09:31:15,96.00,13.38
089a371eeab2f86ebe76b23a4c99d3b1,1,686c91d509cb70a2148ac3ecbb8a4f75,7a67c85e85bb2ce8582c35f2203ad736,2018-02-27 15:49:13,209.99,20.96
08c3c0d49b3cb66764234e0fa980e850,1,52c80cedd4e90108bf4fa6a206ef6b03,a1043bafd471dff536d0c462352beb48,2017-12-11 13:53:42,179.99,45.72
08c94cca559ddccd243fc551e088b856,1,5ad76c6eb8365ae960c67efe0292cf85,1336efc61c316ddf92c899eb817f7cae,2018-07-24 10:30:11,18.00,22.06
08d862895d238cb8405dffe9b981df25,1,2f13d1dc8b4e1d9d8027be50339546a9,1025f0e2d44d7041d6cf58b6550e0bfa,2018-06-11 20:11:26,105.00,23.31
08edff712f0cd04883215bdb5b0d7c7f,1,5e80fe2cee2f6de9a494047ed35a2fe3,e5a38146df062edaf55c38afa99e42dc,2016-10-12 16:34:44,69.99,12.09
08fa07327488ff39829511ce36ed3e32,1,9bb8ca338e5588c361e34eae02e8fad6,620c87c171fb2a6dd6e8bb4dec959fc6,2018-01-11 14:57:23,69.90,17.74
094960a25bb327dca31de0e2b9a788f9,1,a8949536a84721e346d7814fd81aafbe,729f06993dac8e860d4f02d7088ca48a,2017-06-04 23:15:11,164.90,16.78
095e9e0811476409362d72fa70d73a6c,1,83b92639fffd1d55c9e04c77c86d8d2c,00fc707aaaad2d31347cf883cd2dfe10,2018-02-20 17:50:43,82.00,17.01
097dcfb34c6a0d697daa747d943dc1e8,1,7b35ccd93a2184646c03b70326626923,d05ae8f7a5bd1d2a690a44cd079e4e27,2018-03-22 18:08:00,179.00,9.20
0987ca7d6618e8d1a3bcc49207d6f713,1,9c60b810e32e14c3a278742567720634,5058e8c1e82653974541e83690655b4a,2017-12-18 19:55:05,199.99,53.41
099acf2a98eba9bab889af025be407b7,1,9805b37a2e4983fb5dbb5c8168590c44,dd2bdf855a9172734fbc3744021ae9b9,2017-09-21 03:10:33,89.90,23.50
09bcbc199f0fa4268cc0122304696ea4,1,1a2d00b771a438bee7055bbd0086e003,da8622b14eb17ae2831f4ac5b9dab84a,2017-11-30 17:12:27,79.90,16.32
09dda1ced4a7c14c742c7f2678c36641,1,1ca737c9f8f06b3672be9f9f3f603d36,e7d5b006eb624f13074497221eb37807,2017-08-17 13:23:20,127.90,17.34
0a03b50bb658dc86547261ba8cd5676e,1,148f68f014d7729ff8193dd7fefd1c7c,3bb548e3cb7f70f28e3f11ee9dce0e59,2017-10-24 20:44:57,169.99,27.73
0a18d00cb652fc5698d4e3c3e01e7da0,1,764292b2b0f73f77a0272be03fdd45f3,bd23da7354813347129d751591d1a6e2,2017-09-18 02:33:35,89.90,9.44
0a90490b9aa5527b4f3497a6f3c725ee,1,368c6c730842d78016ad823897a372db,1f50f920176fa81dab994f9023523100,2018-05-17 20:10:25,53.90,16.07
0a9c633395c19d5fa38b9e5313db37a6,1,25c38557cf793876c5abdd5931f922db,5dceca129747e92ff8ef7a997dc4f8ca,2018-03-07 21:30:48,999.00,26.48
0ae08ad3fa90d3854fb8e22472d9b1a0,1,45e9db074ca64dc81ee6f06185544d6e,431af27f296bc6519d890aa5a05fdb11,2017-08-11 20:45:19,62.90,13.46
0ae449254770bfec75a99b8d804e5b10,1,d1c427060a0f73f6b889a5c7c61f2ac4,a1043bafd471dff536d0c462352beb48,2017-09-19 03:24:49,149.99,23.85
0b1ebd05e50ebf9d1fc97b8b1ed874b7,1,e4e5cbc0077aa2c7aacbe435166df909,6560211a19b47992c3666cc44a7e94c0,2018-03-14 07:28:09,49.00,19.95
0b39d78b430d574a6eafefe82c11b4a3,1,bff395cb3a536fd2f70b47ac8dbb85ba,4a3ccda38b2129705f3fb522db62ca31,2018-03-07 09:15:25,9.90,15.10
0b47f5e9432bd433f8c5cf64e60e6e5f,1,e7cc48a9daff5436f63d3aad9426f28b,53243585a1d6dc2643021fd1853d8905,2018-08-13 11:24:58,170.00,53.54
0b83b48cff92afd5eb4360860cad0ff1,1,f109f04ad95889f2f041a91afe3d894e,620c87c171fb2a6dd6e8bb4dec959fc6,2017-02-19 14:27:15,69.90,20.94
0b87d9e59c7c19b041fe36e77aa33a42,1,437c05a395e9e47f9762e677a7068ce7,f84fa566034f5e8e880a07ec624c56af,2018-05-23 11:35:24,53.79,10.83
0b8dbb26699a171be239666299d2174f,1,0ba59273939ff2679f761fcdb05cd74c,0adac9fbd9a2b63cccaac4f8756c1ca8,2017-03-15 20:48:23,47.90,20.80
0b941db180b52d77ad40655b465e6632,1,715de93e3ca2fa3b11430ae2914d2203,e9c6969d40e6a3d2d0f90013165c2b98,2018-01-12 15:19:26,179.00,18.00
0bb5af1f3b46e6ec23dd85506fa8175f,1,063d853b6d570a9a5d06e8e044658c21,0cbcee27c791afa0cdcb08587a2013a8,2017-11-16 13:35:31,139.00,18.54
0c01f50d13b63f9c7a1f073f51a45548,1,b2680b3b7e17d0d97f9f59a28b8fc54a,abcd2cb37d46c2c8fb1bf071c859fc5b,2018-01-12 17:49:16,149.80,19.29
0c02a4cb5207e682d63a1343cbddd13b,1,64fb13596caf118c438edc5c6ed2d50a,0b90b6df587eb83608a64ea8b390cf07,2018-02-22 13:15:46,84.00,15.34
0c1fd2870ed16e1af74abd3df9833cfc,1,c1f5307decb89342351bec53668cffd9,ea8482cd71df3c1969d7b9473ff13abc,2018-03-15 02:15:35,29.99,12.79
0c2cbbfae44e4f2bd7c747a2c2b05bbe,1,1613b819ab5dae53aead2dbb4ebdb378,16090f2ca825584b5a147ab24aa30c86,2018-07-26 19:04:23,29.90,7.47
0c384d67524b5b92aa2fa6c8baa9a983,1,99a4788cb24856965c36a24e339b6058,4a3ca9315b744ce9f8e9374361493884,2017-06-12 19:30:18,89.90,12.13
0c40894addb46fce19ca6ca1f11d9bff,1,5a848e4ab52fd5445cdc07aab1c40e48,c826c40d7b19f62a09e2d7c5e7295ee2,2017-12-06 02:31:34,122.99,9.06
0c505e1ce394e4cd4ccaedf5fcdbc9b0,1,9091499533100191c6b89d09e43445e8,ad420dd0c4f92f8af951ac24b86d0cf5,2018-07-31 22:50:09,19.99,18.24
0c63a4c9a17deeff24d65bec51f3a5ec,1,77e1d1347bf761294a7158e1b0b536d5,643214e62b870443ccbe55ab29a4dccf,2017-10-04 21:56:14,27.50,15.10
0c71a69769943ff74326682f85d34be9,1,363218ba55c610b750224f90bdd34be1,fdb9095204a334cd8872252ffec6f2db,2017-08-14 09:03:18,87.00,15.37
0c72cafc6d5d60d98d052051a2b028ad,1,4128a326a8aa3eb532eb2c120520663a,8648b1e89e9b349e32d3741b30ec737e,2018-03-05 12:50:38,36.90,8.27
0c83ae77e6509fbaec6d9ae8844ccef7,1,426844dd9ed9ae105a5d4b3f1e18becc,c8417879a15366a17c30af34c798c332,2017-07-28 15:23:16,20.90,14.10
0cc14454cb400b7b154e0a45ffd5c2f9,1,5f754b00e7c346bd070d33ffb9f006a7,31da954dc0855f2495c6310f70a2f931,2017-12-21 18:31:07,49.00,8.11
0cc4a0e7b03976348e97bf0721a96376,1,7a10781637204d8d10485c71a6108a2e,4869f7a5dfa277a7dca6462dcf3b52b2,2017-12-11 04:13:22,219.90,18.79
0ceec07de9db57c3d2ba32e4fa1fd8ed,1,03e931f387c2dd5b006aecdb12515b2e,1900267e848ceeba8fa32d80c1a5f5a8,2018-02-14 17:07:26,53.00,16.13
0cf3d6e83dcc1117999a235fd6dae842,1,e5f20b4eb944eaae0a13bed3187201d3,8daab2245ebdc277c51098d01c5ad8ef,2018-06-06 03:31:04,93.00,19.62
0cfb8d2b2200481e6ce460c76ffa262d,1,57a40ebc5f8a0fdaa5e195b39bbeb2d5,a17f621c590ea0fab3d5d883e1630ec6,2017-12-04 23:31:12,44.32,15.10
0d06a5815afe53875fb7bf4b7437fe8b,1,6a057a401eab3b3cb8083d9e42972233,e64d65bc8dbec2accda90c58de5d1246,2017-11-30 16:19:06,129.90,18.16
0d33a1e4f7c4426e2adf540cb219baef,1,c98fcf63f668fa08d0da5584888d6e4b,f46490624488d3ff7ce78613913a7711,2018-06-28 18:15:03,248.00,19.54
0d387b5d8e636190398548a221d4185d,1,3cfbc83ded5aa170816cc18cdb5d4188,c66dccfb3f109511246da627dd5a2498,2018-06-11 21:31:49,185.00,19.17
0d5e27935dad336ff3d5962a73b30f2d,1,06edb72f1e0c64b14c5b79353f7abea3,391fc6631aebcf3004804e51b40bcf1e,2018-04-03 15:15:23,39.99,16.95
0de5dbc9f3226761687d84b54057efba,1,d2f2c2b94c6ac44ece0bd0dd202c7939,710e3548e02bc1d2831dfc4f1b5b14d4,2017-08-15 21:25:14,35.99,37.90
0dfa86a9022c9929b3d7311150151f68,1,b0a12a9dc0ed09cc161a586c1e948890,dfa0c4c6229ab200a4a1336b4d7128ff,2018-08-01 20:25:08,65.00,22.39
0e0170b61d0a01970751c69f238a4dc2,1,46d418ab71bf88eeaa978665d4b0f693,b64d51f0435e884e8de603b1655155ae,2018-08-09 16:10:23,31.70,7.48
0e0170b61d0a01970751c69f238a4dc2,2,46d418ab71bf88eeaa978665d4b0f693,b64d51f0435e884e8de603b1655155ae,2018-08-09 16:10:23,31.70,7.48
0e0170b61d0a01970751c69f238a4dc2,3,46d418ab71bf88eeaa978665d4b0f693,b64d51f0435e884e8de603b1655155ae,2018-08-09 16:10:23,31.70,7.48
0e1756f57187e203c6151ebe990fa670,1,7d50930301709838d8e90dcac5cfaa84,9616352088dcf83a7c06637f4ebf1c80,2017-09-22 14:04:24,59.90,13.44
0e1ddbe485dfa358d24e22e5394d0484,1,d320834f42a07dcc3cf09805bc8c7001,edc518ba25576a0188a0e8f2c3af186f,2018-08-03 16:15:20,320.45,26.01
0e1ddbe485dfa358d24e22e5394d0484,2,5a17789f1d9b487c6f42da9212059dcf,0adac9fbd9a2b63cccaac4f8756c1ca8,2018-08-03 16:15:20,43.11,6.95
0e3e9ace0a88a5472a5fa59b8909a8e4,1,99a4788cb24856965c36a24e339b6058,4a3ca9315b744ce9f8e9374361493884,2017-06-07 09:42:59,89.90,17.07
0e44e7b0102a1f19aa9d7643e45dbbdb,1,4606f0b0bceceb75e7a887e6b57cae3e,25c5c91f63607446a97b143d2d535d31,2017-12-27 18:33:29,154.88,16.84
0e717e310af82d130a1d253cd5fe8c7c,1,54d9ac713e253fa1fae9c8003b011c2a,955fee9216a65b617aa5c0531780ce60,2018-03-15 15:08:02,35.00,12.43
0e748699edd544eb244d173a5658b7a8,1,389d119b48cf3043d311335e499d9c6b,1f50f920176fa81dab994f9023523100,2017-11-23 03:46:26,59.90,6.72
0e748699edd544eb244d173a5658b7a8,2,389d119b48cf3043d311335e499d9c6b,1f50f920176fa81dab994f9023523100,2017-11-23 03:46:26,59.90,6.72
0e9a725e04f3fbc13f28d8f17c861013,1,d99526b1e4fa5f57b8bde34a7337b5ee,e9779976487b77c6d4ac45f75ec7afe9,2018-08-14 21:30:18,65.49,9.15
0f0786fde25cb2b2b4cfc59128ef8f83,1,154e7e31ebfa092203795c972e5804a6,cc419e0650a3c5ba77189a1882b7556a,2017-07-31 06:43:20,19.99,17.63
0f0786fde25cb2b2b4cfc59128ef8f83,2,154e7e31ebfa092203795c972e5804a6,cc419e0650a3c5ba77189a1882b7556a,2017-07-31 06:43:20,19.99,17.63
0f12cbc174814d0b137bb00d87bea3ee,1,db12039c7ff4e850d48e0312fa9b3473,46dc3b2cc0980fb8ec44634e21d2718e,2017-07-06 13:10:12,50.00,8.90
0f30dd4c9af7aabbce81fc381ce2e807,1,4e0d588f8e002f2bad9cbe0b8f66f6f6,fc906263ca5083d09dce42fe02247800,2017-10-17 12:35:25,39.90,16.79
0f38051157b7ad1d4e0b6c5d20de6ae7,1,fedbf77eb491dfc9ac276b9ea9ee10c6,688756f717c462a206ad854c5027a64a,2018-08-07 02:35:12,20.00,18.83
0f38051157b7ad1d4e0b6c5d20de6ae7,2,fedbf77eb491dfc9ac276b9ea9ee10c6,688756f717c462a206ad854c5027a64a,2018-08-07 02:35:12,20.00,18.83
0f38051157b7ad1d4e0b6c5d20de6ae7,3,0437850bd55b9b2b9cf104b59a611666,5cbbd5a299cab112b7bf23862255e43e,2018-08-06 02:35:12,19.87,6.28
0f38051157b7ad1d4e0b6c5d20de6ae7,4,fedbf77eb491dfc9ac276b9ea9ee10c6,688756f717c462a206ad854c5027a64a,2018-08-07 02:35:12,20.00,18.83
0f4100ceeb7e6c856edfbb660c06757d,1,9a99bb9931fce41bda596488d0653c39,8b28d096634035667e8263d57ba3368c,2017-09-26 09:35:19,103.80,13.75
0f62234641212cb7b178923f7820d1e1,1,73f1f4a973ffb99bb0157e38ab33f989,b839e41795b7f3ad94cc2014a52f6796,2018-06-20 12:18:35,450.00,20.95
0f884853f408247bc673050f33f2c5e5,1,cfe9e8e1f0400c8cc665d41722f34086,1025f0e2d44d7041d6cf58b6550e0bfa,2017-08-17 14:55:14,504.00,18.28
0f934deb4f74bf5bb7a58232d12040dd,1,a62e25e09e05e6faf31d90c6ec1aa3d1,634964b17796e64304cadf1ad3050fb7,2017-12-13 14:42:16,108.00,15.52
103de323ece563a1012b4b6adf5a81b2,1,a62e25e09e05e6faf31d90c6ec1aa3d1,634964b17796e64304cadf1ad3050fb7,2018-08-24 03:30:00,105.00,9.67
104a4ed42832085322a2ef0d1649b284,1,02b824e9f1158bc1005e058c4ea78e8d,48162d548f5b1b11b9d29d1e01f75a61,2018-05-16 11:51:42,174.00,20.19
104cba315a10ebccef0e851792083040,1,982565327a800a467fffeac070672ea6,87142160b41353c4e5fca2360caf6f92,2017-03-30 20:42:28,79.00,20.67
106d8484bb6bb4ff239daff27fc4feb6,1,35ebf08a93899d44e756809e11b14754,128639473a139ac0f3e5f5ade55873a5,2017-06-18 23:10:20,12.90,15.10
107dc783817b4509bdbe7e66998f5a24,1,49e9e2a6f7eb17fbd54ff019b3e3e8d6,10076e5788b8ee532724bcd460baf762,2018-07-23 08:15:12,24.00,18.27
108db8c088de8e42c648bc520cec8c44,1,9fe0fae81aacd72bbec601b9ceb9c25e,17e34d8224d27a541263c4c64b11a56b,2017-10-09 12:07:28,10.14,15.10
1095806f851129963474b5f20d6520fd,1,d07c0177e489e871713b83a518446ac7,53e4c6e0f4312d4d2107a8c9cddf45cd,2017-03-09 19:55:14,84.00,13.17
10b26ae59835a2a63aa53e2da4ebefa9,1,6447947a13b0cd3fa652bd0c4bd4d534,b2ba3715d723d245138f291a6fe42594,2017-05-17 23:50:14,104.90,16.60
10bedcbb416f0f53e5791b3f61807625,1,99a4788cb24856965c36a24e339b6058,4a3ca9315b744ce9f8e9374361493884,2017-07-20 14:50:17,89.90,12.13
10cba0be7bc27288b512d87a719b97e5,1,f361fccba568fabe00db466f80626d1e,85d9eb9ddc5d00ca9336a2219c97bb13,2017-05-18 15:10:17,15.90,8.11
112e22ce5f700d2155befd89a15b4a5b,1,02ca198b1084a6d8ed9e152d84243bfb,062c325cd6a2b87845fab56b4ec2eeae,2018-05-11 18:10:52,37.88,8.88
116f5088fd9393bef556fc932533e3dc,1,62f423e57a8c157d3877ee5867d7db88,1fe5540d7c1c37a595fefbacd5570d9e,2018-08-15 23:15:16,169.90,19.29
11b2c36a481a4272681684f4b09ffabe,1,ef7f13c7694be202c48017b71801815c,f46490624488d3ff7ce78613913a7711,2018-08-09 05:15:21,49.90,28.83
11b6318ec732b94b5593c66ef1f37863,1,65266b2da20d04dbe00c5c2d3bb7859e,2c9e548be18521d1c43cde1c582c6de8,2018-05-18 11:19:00,23.90,8.29
11c9715759819d9b4a3b7708111b3a74,1,3b10cf7d1e08c598428ad6eb7c59d09c,8a432f4e5b471f8da497d7dc517666e2,2018-07-30 03:25:16,89.00,14.93
11ff2af78a9ec50c26f9cbbc62a10d38,1,a62e25e09e05e6faf31d90c6ec1aa3d1,634964b17796e64304cadf1ad3050fb7,2018-02-08 02:53:47,108.00,15.52
11ff2af78a9ec50c26f9cbbc62a10d38,2,a62e25e09e05e6faf31d90c6ec1aa3d1,634964b17796e64304cadf1ad3050fb7,2018-02-08 02:53:47,108.00,15.52
120142f868b25baf05430c42ed963a99,1,4cb4ef491872bfc6e910b343d46c6325,0ea22c1cfbdc755f86b9b54b39c16043,2018-04-30 04:31:04,34.90,17.06
1205025dd1d1757c82bc1f437bcc39c5,1,686c91d509cb70a2148ac3ecbb8a4f75,7a67c85e85bb2ce8582c35f2203ad736,2018-03-02 09:49:55,209.99,30.88
122804b6e70597eca700595473d8297b,1,8a1e1c6e48f0d275628e3c626d57257f,bf100ecb7997df312b285358fb32f92c,2017-07-20 12:55:13,54.90,15.13
123b4246f6a16b1f17b9807bb7d42fd5,1,c5be1408598054572f31046ba67ee86e,0c8380b62e38e8a1e6adbeba7eb9688c,2017-05-18 00:32:35,99.90,17.95
123eb6c42fb774382bf82e6a332af592,1,bc4a074ab7a7ff14e98fa64671a79dc0,4e17c65a516f69d023a2ae78b84f28d6,2018-03-15 16:08:19,23.90,13.37
12589ddcbcb65fc7420d1f32a15d2169,1,25da7af0ae86de644e6410fec1d599d1,712e6ed8aa4aa1fa65dab41fed5737e4,2018-02-23 17:46:38,649.00,73.76
1263b5bd7d073c9196702d47117ee5fa,1,6eb6c5cb7df0f863538b61a47fcce962,fe2032dab1a61af8794248c8196565c9,2017-12-07 12:14:44,149.90,17.62
12656ffa174ee7dd1434940b8e538f32,1,044f05bc9de36e8a693a83e4bc79dd0d,ea8482cd71df3c1969d7b9473ff13abc,2018-04-02 14:10:21,24.99,7.39
128e2bcc764e1cf5e4952af2267acef2,1,363218ba55c610b750224f90bdd34be1,33a6f4b1e7cdc205511e76ba1b6e0186,2018-08-16 05:44:08,74.99,11.55
129c58b77c85a73933e98de57c705559,1,fa54ba82589db68838ebe0225c34f30a,381c83fdca332ea6afd896da20bf6e4a,2017-11-17 18:35:26,113.00,18.04
13badfaf0fa0a80d7dc85eee772ffc98,1,6cd51331a07b84149502aa6c9c5b536e,c33a5c3c983090c8b78a28e65052a20d,2018-03-22 23:10:34,69.90,18.37
1424887ded6dd139513a60ca6d4b7d97,1,bace90a7338e9d31371ad47811cf4c7d,1a3df491d1c4f1589fc2b934ada68bf2,2017-12-29 02:12:45,89.00,17.87
14763e794086449f6d5cb89097b2afd3,1,d902e8400cd0c58b64ea157af940e670,05f51e13da97139648b8125c31e5f51b,2017-08-10 20:03:33,149.90,16.49
14b1311682489866d9a6b5c6dbc0372f,1,49427490053ae7f72efeaf0a89c84d26,02f623a8eb246f3c5f7c2f96462654e6,2018-08-01 17:30:12,140.00,23.78
14b28f4fb9a1df2b37343827f4ee5a33,1,1d7db62a21ffb4f220d3e8a05fa77e02,643214e62b870443ccbe55ab29a4dccf,2017-12-07 14:55:29,32.00,7.78
14f71e03c472d2b37384b55708ac8354,1,a0644c97f9915e9f442b94b4a5a2fa1b,c33847515fa6305ce6feb1e818569f13,2018-07-26 05:03:25,99.77,19.89
14fbf76a52909427d03caa0680a5d763,1,54d9ac713e253fa1fae9c8003b011c2a,955fee9216a65b617aa5c0531780ce60,2018-01-25 10:13:09,29.50,19.84
15040f094b4f4a45a4d885dd036842af,1,905a4d693124aa4be9299d68ee7ebd91,3be634553519fb6536a03e1358e9fdc7,2017-09-27 16:10:23,49.90,11.73
15261e1a4e2be405c49fb08d7e07773c,1,f2aa6fb35e6b7ddd3eb6f3198a0efbc9,fc38b5dceee1a730fad8853453437fbd,2017-11-29 22:59:11,21.60,15.10
15443e6c36bee0191bba44f93f55c1fe,1,fa80471d26662bb653b2286e4b735a5a,712e6ed8aa4aa1fa65dab41fed5737e4,2017-12-15 12:51:07,689.00,118.47
156282e58da82d36a58582a6a94211e5,1,b6af4177bdc4b1acc9f8d9d52d614616,83645b1645cdee8953ee54c29ceed564,2018-08-07 20:10:20,74.90,15.59
156ba06ab4556cd19613dca1cefa9f7a,1,7b25acee1c4b91200a7e8e31bb977a06,4e922959ae960d389249c378d1c939f5,2017-08-15 17:35:08,69.90,17.74
156d8a00b4b8bb9ef74ca1e450035eb8,1,43c78ce98fcf40ac29ce5912c85eee20,a416b6a846a11724393025641d4edd5e,2017-12-07 10:53:19,67.00,11.73
15812af232ebe0d344d123c18fde51eb,1,c413fa08b405af6edb9d49e85e241c08,b76dba6c951ab00dc4edf0a1aa88037e,2017-02-06 10:07:57,12.97,14.52
15a87de4d6c4996cbee619479ddfe71e,1,1e859a053a2210cb74b1134e0419b1dd,9cad4b68bb993ee401a3c5aaa2bc26dd,2018-03-14 23:10:32,89.90,18.51
1636a9053d37c67f6463b90121fa81cc,1,2a3539131370b3ac020dd5f7a656a53d,5656537e588803a555b8eb41f07a944b,2018-06-14 11:00:14,21.89,22.87
163dbb9a9e122705518ab2735e1c6008,1,39aa98469aa7460a9764311b3f8efb12,391fc6631aebcf3004804e51b40bcf1e,2018-04-24 14:30:57,45.95,12.79
169ea2de3034acb7ff710f2ed686841c,1,fdd06e4d9669d1f11992a3973a0fdd7b,a5cba26a62b8b4d0145b68b841e62e7f,2018-07-30 20:10:16,239.90,27.98
16b6123f7077419424bf89af74e2d054,1,6d0a373c460a041c86167a92a5d3383e,77530e9772f57a62c906e1c21538ab82,2017-07-06 18:35:07,299.00,26.51
16b6123f7077419424bf89af74e2d054,2,92473ca06aa61791e4dc02c9af82bf83,77530e9772f57a62c906e1c21538ab82,2017-07-06 18:35:07,290.00,26.51
16de740155e4e909578bd90826a632c1,1,504f07e36481e5e72043def3d874b92a,2e1c9f22be269ef4643f826c9e650a52,2018-08-28 11:45:14,100.49,14.28
16f391bc8fc37407de41720cd92f6266,1,78b7b1ff2d3f06a589354ddf2f4f9db3,620c87c171fb2a6dd6e8bb4dec959fc6,2017-04-13 12:32:07,292.90,16.22
1710114c1a278545964b28b49d85a2a4,1,422879e10f46682990de24d770e7f83d,1f50f920176fa81dab994f9023523100,2017-12-04 03:18:36,49.00,13.41
171494d5a0a3d21f98268f2aa9314a18,1,25e2023ed83352bde98dc1490d14c3d8,de23c3b98a88888289c6f5cc1209054a,2017-12-29 12:13:18,119.99,13.86
17186e8730668b50ac4582f8b54c815c,1,876a3339df70e1a65e56eb7715687787,6b3bd31ad8fcda4b2635ec9f3ff2ecdf,2018-06-22 16:31:27,135.00,16.05
1721eb90ee8c1fb7d6c2f81e8acd2a22,1,21fadcf38b21749b444f0619ccecd90c,d1c281d3ae149232351cd8c8cc885f0d,2017-07-11 09:05:12,113.99,16.43
175e7244409a1c34674cdd3407e25808,1,30d1842be9c62546d3fb853119602ac2,8603f0038fe0e52fedd3382d266723de,2017-09-01 13:07:30,180.00,34.32
177777137ce0af9e9cd2cff572728cca,1,595fac2a385ac33a80bd5114aec74eb8,ef0ace09169ac090589d85746e3e036f,2018-02-22 09:46:23,117.90,12.83
177777137ce0af9e9cd2cff572728cca,2,595fac2a385ac33a80bd5114aec74eb8,ef0ace09169ac090589d85746e3e036f,2018-02-22 09:46:23,117.90,12.83
178b5b0a92e0eb145266afde0c2fb50f,1,9b12973a6fe0b5a803acfe1cbb7dd425,66dc1b1632bd6a3e508510c5b3492107,2018-06-28 19:16:07,169.90,13.85
17a0d6c98b2dc14bfc378f1ebe19b11b,1,e0cf79767c5b016251fe139915c59a26,da8622b14eb17ae2831f4ac5b9dab84a,2018-04-04 19:55:19,29.90,7.71
17a99f37c9e5cdf9e15df2b7d7e4df3a,1,4d0322b5ddf89ce6a3564aca2e261a3a,05feb94f19d094d4b0f9281f0b1d4c99,2017-10-05 22:35:24,1688.00,67.21
17b13ec883d7ff8ef2c2882644854aa5,1,acb016f24d2340ab4ea9622606d38b1f,7b07b3c7487f0ea825fc6df75abd658b,2017-08-10 13:03:10,24.00,7.78
17e22ae34edbd170fcd2efe9e44f95bd,1,b9e88d457e276521ccb0b226f2f8f18f,3c487ae8f8d7542beff5788e2e0aea83,2018-05-07 12:15:03,385.90,19.41
17e8356af05cf890ac4604347b3c17a6,1,588531f8ec37e7d5ff5b7b22ea0488f8,53243585a1d6dc2643021fd1853d8905,2017-10-17 20:56:18,1437.00,42.51
1852019948d9a47a6c035457a6f71410,1,07b11fd090e8a63b2dcbb19a21d11323,d1ef48b38baca7e831711c4a0aeb398f,2018-04-19 02:31:42,29.84,14.43
1852019948d9a47a6c035457a6f71410,2,07b11fd090e8a63b2dcbb19a21d11323,d1ef48b38baca7e831711c4a0aeb398f,2018-04-19 02:31:42,29.84,14.43
18e91442199add8db6ce7be9b2c51760,1,5a848e4ab52fd5445cdc07aab1c40e48,c826c40d7b19f62a09e2d7c5e7295ee2,2018-03-05 23:55:36,122.99,14.61
19247443a7dfd6e4475b0e9b3fae86de,1,52d6f0dc99f96ca1d2ddbb64146f11b0,2e1c9f22be269ef4643f826c9e650a52,2017-09-28 16:30:22,76.49,25.82
19c69edb627a5967124863535d497453,1,1db70fdb375b2b564c24eeb1b60c440e,d94a40fd42351c259927028d163af842,2018-05-23 09:16:21,120.00,31.49
19d4c970e6cc7d33e2669b256238e307,1,a096400f2b6fbe9c868f7dd5f1333e5a,cbd996ad3c1b7dc71fd0e5f5df9087e2,2017-11-10 03:30:17,43.20,15.10
19d9d8655f9dc49d4a10954a7cee5bbc,1,bf6e9b07b37b073afbd4420d91518a9b,53e4c6e0f4312d4d2107a8c9cddf45cd,2018-02-08 17:30:03,47.20,17.60
19f4c2e829ebee01e0d2a9ea2168929d,1,2b4609f8948be18874494203496bc318,cc419e0650a3c5ba77189a1882b7556a,2017-06-28 11:05:27,89.99,15.38
1a6d8f9122fec35f3e394f0b47abfdef,1,72456858d4955f13f90c494ceba52999,de0c78824586e9a5f5f04fd84e25df39,2018-04-12 11:15:08,125.00,18.45
1aa06061f2abdc063d3ab58ff9e86cde,1,44fded21627553d1886d459384bbce06,8b321bb669392f5163d04c59e235e066,2018-03-13 22:20:26,15.00,9.42
1aa06061f2abdc063d3ab58ff9e86cde,2,44fded21627553d1886d459384bbce06,8b321bb669392f5163d04c59e235e066,2018-03-13 22:20:26,15.00,9.42
1ac18d97e1b6b6735f1c5ff4f4757380,1,3bf95cf337a8c87435a2949c48350fc7,e9779976487b77c6d4ac45f75ec7afe9,2017-11-20 23:30:49,91.49,13.66
1ada38b97a26793e53c1205050892669,1,7c900a8802a6e69db282513a6b159e70,52b53f7061969fe471d119b6195da864,2017-09-05 02:15:19,90.00,8.37
1aee3456393950993d316010ffc4088b,1,3dd2a17168ec895c781a9191c1e95ad7,de722cd6dad950a92b7d4f82673f8833,2018-01-24 09:37:27,149.90,19.59
1b2998ac4c3495c47a6f8cb5c2d65f35,1,ffb530bd30bcc1bd903e4da723faa5e6,6860153b69cc696d5dcfe1cdaaafcf62,2018-01-31 02:38:24,39.97,15.10
1b3c6f127c67654015b4f2a7b882ec40,1,3801f58e89610213b829e4b6adb9556a,fbc14c0cf93505ef89f64665ffa4a7b5,2017-12-07 13:18:40,623.99,46.78
1b4130478aee169922ebb0b0a9ef919c,1,5411e9269501a870cabf632f05655131,3d871de0142ce09b7081e2b9d1733cb1,2018-01-22 23:09:10,129.00,20.14
1b4255d9c878894e1d30af0d984c9c7f,1,dd99b3c94bf585d3a13a018e9eeed07f,d3dcf0604eabf0224fbd5948b5e02f69,2018-03-01 09:55:41,549.00,18.00
1b5364692444d3fa21966ab73ae925ab,1,f2e53dd1670f3c376518263b3f71424d,4a3ca9315b744ce9f8e9374361493884,2017-05-16 09:30:54,109.90,15.52
1b55d5825b9f0ea76d9f105222eb6910,1,50fd2b788dc166edd20512370dac54df,8b321bb669392f5163d04c59e235e066,2018-02-28 23:28:08,21.90,7.78
1b737f58cb00f95d1513899b6e637eba,1,6b3c88110203820df52c762cd2d2e80f,25e6ffe976bd75618accfe16cefcbd0d,2017-10-18 16:35:12,55.50,9.34
1b7d6a3703a98513b60768df8d6c30b7,1,11fd9d7ba552e1d28872e008acf1e050,cb8bcce248bb1fb274ba762d8b971456,2017-07-13 02:45:50,139.90,26.26
1b882405b224816e178cb5b5cfef9519,1,9c7ce59c96e74dfdfc51f13a4a6c3869,6560211a19b47992c3666cc44a7e94c0,2017-05-15 11:45:14,29.00,14.10
1ba067e676f52a18b8b2fdba56eecae7,1,fca62108387e25005784da2f551466a1,31344c16881c08a8a72c6d2eb29918c1,2018-03-01 15:31:17,249.90,35.00
1bab677b9e102b60c7e4886e44d57a98,1,7b6669ccb9510397f7923a979c895733,53088c75f948b48a7ece173ac17f0c12,2018-07-17 13:50:25,75.90,15.63
1be21009011f8032ec2932d23966bbd2,1,225d62bfb53c4e74ed7d30d1fed23fb5,b4ffb71f0cb1b1c3d63fad021ecf93e1,2018-04-25 20:15:26,30.00,18.23
1be5aa7ace982878dd1d68b4ed258127,1,ef23a80c3e7f9c63e9956f6f54b1cf15,1d29dfba02015238dfbe2449a5eaa361,2017-02-07 09:54:31,48.90,10.96
1bec7861a092429c4f37133660e501fb,1,dc36af3783eb8d831f8dd8343434c977,7b7f91e98f8c6def45a1407923304402,2018-05-28 02:59:02,19.89,17.06
1bf38e3450f15beeafbebe6e0665d612,1,08462528607b71ea62cbc019d91b001e,ccc4bbb5f32a6ab2b7066a4130f114e3,2018-06-18 21:01:16,226.80,23.52
1c07c0999a3f88b8c1b95e9a07cf5564,1,1b363f393faf61f11af873b840645eb9,da8622b14eb17ae2831f4ac5b9dab84a,2018-07-19 15:40:17,99.90,15.01
1c19fe562ab8176385b8e5fb6566aea2,1,2012a57204f00f8fd57f8196130bee26,8a432f4e5b471f8da497d7dc517666e2,2018-05-08 23:54:20,55.00,12.83
1c19fe562ab8176385b8e5fb6566aea2,2,94bb0da423501924c41368236d88e808,8a432f4e5b471f8da497d7dc517666e2,2018-05-08 23:54:20,55.00,12.83
1c308eca3f339414a92e518e2a2e5ee9,1,cfb763496d9fc48751a27db4fd02aa2d,391fc6631aebcf3004804e51b40bcf1e,2017-12-05 23:34:29,49.95,16.79
1c748687e58d9c5b30aa8ffff5747fe2,1,82e7ca24faa9dc9a072f94e0ac420c95,620c87c171fb2a6dd6e8bb4dec959fc6,2018-06-26 11:26:17,69.90,18.59
1d08b0ef8f21fe7710ecb1e433e25c0f,1,2b2d98d1e9b6f68a472c5ace64d704fa,897060da8b9a21f655304d50fd935913,2017-08-17 02:55:38,21.90,11.85
1d0ec3f28fc4f0dfe429d70f0f2acf7f,1,d04857e7b4b708ee8b8b9921163edba3,9f505651f4a6abe901a56cdc21508025,2018-08-23 04:35:26,79.99,15.66
1d28af766063913e28a09606c0ee6fee,1,461f43be3bdf8844e65b62d9ac2c7a5a,b33e7c55446eabf8fe1a42d037ac7d6d,2018-01-26 18:57:11,149.00,12.54
1d39bdda52c4e5dfe96ea227fc5420f9,1,76d1a1a9d21ab677a61c3ae34b1b352f,c826c40d7b19f62a09e2d7c5e7295ee2,2018-04-19 12:50:20,159.77,12.61
1d4fef737d9b6c214e13e92ae014018f,1,8370300e444c4394d3c3f878606a9601,4869f7a5dfa277a7dca6462dcf3b52b2,2018-08-21 19:09:40,299.90,14.76
1d748fa1652f04b064b6cf65739b04dc,1,ec2d43cc59763ec91694573b31f1c29a,1c129092bf23f28a5930387c980c0dfc,2017-12-12 02:35:38,45.90,15.11
1d9c50c894c0353c480222a9de8512a4,1,43840498716c5a01802df8992c619267,002100f778ceb8431b7a1020ff7ab48f,2017-12-28 07:58:25,12.90,11.85
1dae4ac9e374d9eba3736f7f8616266b,1,656e0eca68dcecf6a31b8ececfabe3e8,e9bc59e7b60fc3063eb2290deda4cced,2017-12-04 18:56:56,98.90,13.71
1dc15f1603f062d0d4b587b55dea3006,1,1dec4c88c685d5a07bf01dcb0f8bf9f8,712e6ed8aa4aa1fa65dab41fed5737e4,2017-12-20 11:12:41,559.00,80.98
1dc23ddb9b0da103fa2b711855d60c76,1,883e57b1f0fab96202d9e39efbe3b671,80e6699fe29150b372a0c8a1ebf7dcc8,2017-05-09 11:10:18,119.90,37.80
1e00c916d9813c0f523a32d1af47f5d8,1,b623b7cb05ee3248fbe4a6ecbeed79a4,7aa4334be125fcdd2ba64b3180029f14,2017-12-13 23:30:29,70.97,17.75
1e077c24035d25ddca3736f56d3e19a8,1,64fb13596caf118c438edc5c6ed2d50a,00fc707aaaad2d31347cf883cd2dfe10,2018-03-02 20:50:30,85.00,15.34
1e098529b9705a78dba4c6b24ee2ef35,1,44d097d59e8430f88a67517cd0c4f865,6560211a19b47992c3666cc44a7e94c0,2017-07-28 09:50:14,69.00,7.78
1e62cc7c75b9ab770d8ade06089fed44,1,77adf2a023d22fa0414ef9fc947c1c25,822166ed1e47908f7cfb49946d03c726,2018-02-23 19:55:33,24.99,13.23
1e73093ee708ed2b782f359056925208,1,d2bea3c01e172037caa99b2d138f39d0,9674754b5a0cb32b638cec001178f799,2017-08-18 19:30:12,18.90,16.92
1e7e9d16382d754d9c40321ee0b78634,1,261244fc4d0197d8772346872f5b0f5e,6c7d50c24b3ccd2fd83b44d8bb34e073,2017-11-21 03:35:21,35.90,13.37
1e8c81805b92ff169971231458670460,1,04d70d184a7c12c93cecd9c0d8b5ad69,c70c1b0d8ca86052f45a432a38b73958,2018-05-10 10:51:52,110.32,18.65
1e8c81805b92ff169971231458670460,2,04d70d184a7c12c93cecd9c0d8b5ad69,c70c1b0d8ca86052f45a432a38b73958,2018-05-10 10:51:52,110.32,18.65
1eeb6d55147169da97608b38ece2b761,1,bbf67b5098765762a18f2bb06b8b1b43,77530e9772f57a62c906e1c21538ab82,2017-07-27 02:25:23,299.00,44.50
1f18d6138f5af59adb5a379ea575d555,1,53759a2ecddad2bb87a079a1f1519f73,1f50f920176fa81dab994f9023523100,2018-06-07 02:15:21,49.90,19.32
1f1d433b45ff83d34a8fe8071126c80a,1,ae1fe986145cc9e80f0d7753d669989f,3d871de0142ce09b7081e2b9d1733cb1,2018-01-24 16:57:30,89.00,13.64
1f448aec779fffc0060134f9c1c19370,1,389d119b48cf3043d311335e499d9c6b,1f50f920176fa81dab994f9023523100,2017-11-30 19:37:56,49.00,13.44
1f67d1f09d1858b5d12a7548b258fe95,1,a7d5fa700644b265f69df9ee7ed60b70,d7485b33791774c36108f8c69602d48d,2018-06-18 21:23:43,49.99,24.22
1f6e38ed623eb80e0fa388787c9ae848,1,7721582bb750762d81850267d19881c1,0c8380b62e38e8a1e6adbeba7eb9688c,2017-05-05 10:33:00,59.50,17.16
1f87ac3f856bae9e742538bc551bdf5b,1,6dde44b4172999f35f08654d06bad633,7c67e1448b00f6e969d365cea6b010ab,2017-11-10 12:50:11,194.99,17.76
1f87ac3f856bae9e742538bc551bdf5b,2,6dde44b4172999f35f08654d06bad633,7c67e1448b00f6e969d365cea6b010ab,2017-11-10 12:50:11,194.99,17.76
1fbb2db5f09b8f2fe37fb58c85d2e301,1,5b8423dc7f23089c9c59c5d140eb5a1c,c8b3445d737de6befde0c88ede534a5e,2017-12-12 02:35:38,129.99,21.75
1ffb9dc91fdfd3d86671c5dc2a94dab1,1,71040c7f50609abf6865f4429f8b1035,ebd2d60905fb58271facef5596b620d3,2017-05-14 22:25:15,169.90,28.57
2025b5bad835a500f8422436e24bd78f,1,ef305675b4b5113913f5998336fbd86a,933446e9a59dece7ae9175103820ca8f,2017-02-26 09:59:09,158.20,17.54
2025b5bad835a500f8422436e24bd78f,2,ef305675b4b5113913f5998336fbd86a,933446e9a59dece7ae9175103820ca8f,2017-02-26 09:59:09,158.20,17.54
202ecd14054c7ca8c26634abe19ace58,1,bd6e6fce9ada76ea2db0f1912e8e478f,1835b56ce799e6a4dc4eddc053f04066,2018-08-06 14:30:52,56.99,13.98
203a651bc28694f332b40c3e61bf8e04,1,11250b0d4b709fee92441c5f34122aed,e59aa562b9f8076dd550fcddf0e73491,2018-01-04 21:11:24,412.00,30.26
204d4d908a640f0b6f4f0d306dc97fab,1,617186c3d97ea56c9c683a8a3974e8c1,cc419e0650a3c5ba77189a1882b7556a,2017-07-24 20:15:19,84.99,12.09
204e562a760b68ad78d5032698bf6840,1,ebf969336461d98e41d31673d8af75ba,a3e9a2c700480d9bb01fba070ba80a0e,2017-06-16 14:02:42,40.00,17.60
204e562a760b68ad78d5032698bf6840,2,7a2428849e8c9e1cfac00494791ca876,a3e9a2c700480d9bb01fba070ba80a0e,2017-06-16 14:02:42,40.00,17.60
204e562a760b68ad78d5032698bf6840,3,1aa2ed670a95e9f475723707a7c3f386,a3e9a2c700480d9bb01fba070ba80a0e,2017-06-16 14:02:42,40.00,17.60
204e562a760b68ad78d5032698bf6840,4,744846f62c7ba12b43c59c5ff57782a7,a3e9a2c700480d9bb01fba070ba80a0e,2017-06-16 14:02:42,40.00,17.60
20a518e7fbb9f9dd62b7ff6016f28d10,1,1b43b0a6105ffaa6dae01356daec2657,cc419e0650a3c5ba77189a1882b7556a,2017-09-13 04:15:30,57.99,15.16
20b44662cba0e4e87a3d794343c1076c,1,736f1b87428f9cfe5f5184c4ac0fbe05,1dc2de47ee26a0a5b12dc14fd6dc0dea,2018-02-25 21:07:45,55.90,20.88
20ea67720234d8e46c6dc89f8b1dc16a,1,81624136984f77ab82f6cfd66fa9f203,f7720c4fa8e3aba4546301ab80ea1f1b,2018-04-01 22:50:18,18.75,17.06
21196c30747231d579091396af990f0e,1,c6e3c9a59b663e36a8b95b2dde81fa33,5b925e1d006e9476d738aa200751b73b,2018-03-22 09:35:21,129.00,20.63
2121cb62043eb2269ab8bc218100c2e4,1,5f0a49e6e539d4e186eeddfd69db9863,c9e5ad1f6647f5dbd1172adf6ae3cada,2017-10-31 02:08:21,44.30,17.63
21235c5a99a117c776a72a4de3276027,1,0a3d0e8c9d5c6e92b034ab390cda4a48,0f0c984a4a955310903b6b6008660bad,2018-05-20 22:10:34,82.76,26.66
213b90d88023016a64a20f6f19d2aac7,1,817e1c2d22418c36386406ccacfa53e8,624f4ece8da4aafb77699233d480f8ef,2018-01-24 19:55:22,159.00,16.82
2143393cca994a4b8235bc1d67ded772,1,6f87cdb6dcbe843d379d0c9cd3369337,cac63f48c38cd7d002a7e846dcd99a23,2018-03-08 14:29:52,89.90,7.88
2177c383835d2102aaffabf80638aa19,1,1d52a166aed7c327a5040a26342198f1,6288c69c4ce638e59925e59193f98b16,2017-05-22 02:42:49,99.49,21.50
2187a89df025d844e72cfc51e29dcd6c,1,87a71ae93900ab55fcf685c8040769b3,8b321bb669392f5163d04c59e235e066,2018-04-10 03:15:27,12.90,18.23
2189323f24aabddc8f324451eb75419b,1,54c966eff52b73559d5677724b47849b,fa1c13f2614d7b5c4749cbc52fecda94,2017-06-08 18:55:18,599.90,17.95
219170fb08f8e9140c121645abb11cd0,1,274e7506d72bf55831c52e2609d2d470,cca3071e3e9bb7d12640c9fbe2301306,2017-05-16 09:30:17,29.90,11.85
2191c4b8b5384ed556dfd154ce6e319c,1,044f05bc9de36e8a693a83e4bc79dd0d,ea8482cd71df3c1969d7b9473ff13abc,2018-02-22 10:46:25,24.99,15.10
21b91053280b58b39247f63e52fc4c6b,1,3eb48f70bd1ffaba382679c71ad7040f,ea8482cd71df3c1969d7b9473ff13abc,2018-04-17 11:15:13,18.99,12.79
21e751f0d78afdfe36cb0e8fe45360d8,1,11a8af1af041fa2d890e7922566feadb,fe701d88b67eaca109dffd464d1be9f9,2018-04-20 19:51:50,189.90,16.21
22021e0f490fa77f0ccb20d9e8b50f22,1,2b4609f8948be18874494203496bc318,cc419e0650a3c5ba77189a1882b7556a,2017-07-24 15:15:16,89.99,17.91
2204bbb697844bd29a5e76a067ca97bc,1,54d9ac713e253fa1fae9c8003b011c2a,955fee9216a65b617aa5c0531780ce60,2018-01-24 02:11:13,29.50,19.84
2218e4b81089f8cf52139915bdc1e48d,1,91dbbc0bb2edadd00ccfd122d2212760,46dc3b2cc0980fb8ec44634e21d2718e,2017-12-06 11:11:07,179.99,14.09
224a57164e7d58e7d551cdc70d6d902d,1,db7c8db5c70ae474fb9caa8c54454854,41b39e28db005d9731d9d485a83b4c38,2017-12-21 13:15:27,29.90,20.75
224bd0a94ce4f3eeebe2ef447e596863,1,cc2232dbef2c9fca23f4c7f6a19a42e3,198c7ea11960a9844b544d9bcdca860c,2017-07-18 02:10:47,16.99,12.48
225563d7314189cce48116ae11188371,1,eb8c629f70275fd1c4f809116cce1efc,1025f0e2d44d7041d6cf58b6550e0bfa,2017-11-06 03:06:59,38.40,12.69
2260cb2dc43ff44ab9b095424034c741,1,3bebad3cf2c8d1a8d3ce97174643e054,955fee9216a65b617aa5c0531780ce60,2018-03-23 12:10:37,19.50,8.29
22a4e269c7e62e9aab7536d9f1180d09,1,e61c78a7343d82c0539d27df0f7dfc31,da8622b14eb17ae2831f4ac5b9dab84a,2018-06-13 08:58:13,199.90,27.48
22a4e269c7e62e9aab7536d9f1180d09,2,e61c78a7343d82c0539d27df0f7dfc31,da8622b14eb17ae2831f4ac5b9dab84a,2018-06-13 08:58:13,199.90,27.48
22cd5c06a19914a8094c39a506a7ac05,1,8c292ca193d326152e335d77176746f0,7e1fb0a3ebfb01ffb3a7dae98bf3238d,2018-03-02 13:31:09,150.00,12.55
2303956d13919bf90f2a4818bab96a71,1,ca11a4b920d7e64e5d2230d5373e0f76,8ae520247981aa06bc94abddf5f46d34,2018-08-07 11:50:11,47.99,22.27
2305ed31728716b03cd76aef3ace0377,1,5a848e4ab52fd5445cdc07aab1c40e48,c826c40d7b19f62a09e2d7c5e7295ee2,2018-03-28 19:30:26,122.99,8.63
231e08dd8d9fc8f16332da72a3375893,1,ccd4cfb944386e7ad91065a63f650b38,1025f0e2d44d7041d6cf58b6550e0bfa,2018-07-03 21:31:38,75.00,27.51
23628e1dadb5e31443d876fdd2e2893c,1,a96e543f9cfb2ecdb07c59321ff0018c,725c32fa80c2faacc4fc88450d27314e,2017-08-15 17:03:52,119.90,16.47
23e7b127e0b192c6d4d455425d54d44e,1,0c1d0960b623420908c75911c93d8615,b2ba3715d723d245138f291a6fe42594,2017-11-08 10:49:18,59.90,17.99
24257d104a3908bfd7b8bc9f6e1a2039,1,82e4ad16521ca131d95e198d507db370,128639473a139ac0f3e5f5ade55873a5,2017-08-10 03:03:45,16.90,16.79
2446d3b0814e1baa4253e67f59f9c509,1,45f0310974e6082deeda855f91984347,0241d4d5d36f10f80c644447315af0bd,2018-02-09 21:15:30,129.00,21.74
245edde3bd6cdd0590cdfba00d88234f,1,9d8fa7002a036708c4cf8730214ad1b5,cfb1a033743668a192316f3c6d1d2671,2017-09-15 17:24:29,59.90,12.76
2464182f4be303c6741cab9bad3a9f55,1,f15d45335c602ddabad8579eb1d8e84f,ea8482cd71df3c1969d7b9473ff13abc,2018-03-28 23:08:27,21.99,15.23
24950e3fcd92f8ec85a91644c7252eb9,1,777d2e438a1b645f3aec9bd57e92672c,4a3ca9315b744ce9f8e9374361493884,2018-04-30 20:10:28,69.90,16.15
24a562b69731cbec7439c1752c500f82,1,ca718604fcd4b098d85a7d103d510951,c3867b4666c7d76867627c2f7fb22e21,2018-02-26 21:55:49,119.00,16.59
24a6cba94937d6908dec93e82249d67e,1,e45ba6ba3c6ee4fa2c62e6a6a587717e,46dc3b2cc0980fb8ec44634e21d2718e,2017-12-20 14:35:27,399.99,27.55
24b54d866e249786f29f8ffba3f0d003,1,ac44def10e24998cdee20a208d691127,8160255418d5aaa7dbdc9f4c64ebda44,2018-05-07 13:31:17,89.90,23.21
24dd6883219c3c70aa4d84d059d279a0,1,1a080577618e7fe4d9ddd8fb2b47a964,7d13fca15225358621be4086e1eb0964,2018-04-06 02:30:10,550.00,21.73
24f2edef847fd6eeeddc6aa5dd82209b,1,9901b5cedc1eb8d69d16d4c3aa8c67d3,c0f783394e37cd9c9d7f5f81141450fa,2017-11-20 23:46:37,34.90,15.10
24f926887373bfb98b4f309ecabab893,1,53e8156b28f9080cc0865b55d1bed9fe,f8db351d8c4c4c22c6835c19a46f01b0,2017-07-11 06:44:23,159.90,13.46
250587cf0cafce7892b56a47a1697833,1,b2fd74298e16eef2568d2f9dff6042c8,53e4c6e0f4312d4d2107a8c9cddf45cd,2018-02-21 16:50:37,79.00,30.86
2529a7e429d36a4fb9ada1b677a5ed31,1,d66a99b585f1db4d54930362c24882da,dbc22125167c298ef99da25668e1011f,2017-08-30 12:55:18,44.90,26.89
2542fe494d4b37b79ed85377e12c53a6,1,052413504e5295cd66ec4ced0b310062,4869f7a5dfa277a7dca6462dcf3b52b2,2018-08-07 14:04:03,149.90,19.15
257a853e3afe9bee83a67f4798e6db79,1,4ef061c259138e88ac20204e453f201c,4c18691b6037662be2df78a765d98ab5,2018-05-11 14:30:07,45.00,19.32
257a853e3afe9bee83a67f4798e6db79,2,4ef061c259138e88ac20204e453f201c,4c18691b6037662be2df78a765d98ab5,2018-05-11 14:30:07,45.00,19.32
2583425d8fd6d2a22d92c8480c1b546d,1,b532349fe46b38fbc7bb3914c1bdae07,1025f0e2d44d7041d6cf58b6550e0bfa,2018-04-26 20:30:37,35.00,17.97
2583425d8fd6d2a22d92c8480c1b546d,2,b532349fe46b38fbc7bb3914c1bdae07,1025f0e2d44d7041d6cf58b6550e0bfa,2018-04-26 20:30:37,35.00,17.97
2583425d8fd6d2a22d92c8480c1b546d,3,b532349fe46b38fbc7bb3914c1bdae07,1025f0e2d44d7041d6cf58b6550e0bfa,2018-04-26 20:30:37,35.00,17.97
25a41191628ff8e6be3cfb655337cd75,1,84fad62439091ff986a3885bfd6d299d,cb5ff1b9715e99589f3e0c7a6afab9e3,2018-08-24 04:29:36,15.00,13.48
25d0455ca29c6f58e491a90065954af0,1,e09b8cac0ce917d36559ef40c1d17a37,da8622b14eb17ae2831f4ac5b9dab84a,2018-01-03 04:07:51,179.90,14.65
25dbb5b0e8fffe7add495cf01a2893d0,1,1285c1d5b4365dcc8b7b0c34bca67242,c3867b4666c7d76867627c2f7fb22e21,2017-12-04 12:14:36,700.00,67.29
25f9ba70a00ea2a3907973a340834885,1,4555f012f9764d3e5cedbe66cd24513b,25e6ffe976bd75618accfe16cefcbd0d,2018-01-15 07:17:28,120.00,9.66
261e71d2349c713eafa9f3df5972b95d,1,ad88641611c35ebd59ecda07a9f17099,c826c40d7b19f62a09e2d7c5e7295ee2,2018-01-25 12:37:13,157.77,14.85
264838181624ad76b573c373a9862598,1,95d7eeaab4bd14c7ea4b2b95e415d8e0,02f623a8eb246f3c5f7c2f96462654e6,2018-07-26 09:10:09,219.00,24.33
264e91053cd726b067922356be6fd618,1,e6ca601b0b9189e6471ccf0667985c9b,94144541854e298c2d976cb893b81343,2017-08-09 18:43:36,1299.90,27.64
2690c84e60cbc597c732d126472db7cc,1,284264387dc92cbf305e75ece3852958,6fd52c528dcb38be2eea044946b811f8,2018-02-14 15:31:15,58.67,14.16
2694d5d93827eee9e3b4c2d4287c605d,1,777d2e438a1b645f3aec9bd57e92672c,4a3ca9315b744ce9f8e9374361493884,2017-03-23 11:49:25,69.90,17.33
26a887fe1515ba3501b5154e443ca899,1,d64a657e6b0860d638e61086e3a3d372,8bd0e3abda539b9479c4b44a691be1ec,2017-06-08 19:15:14,11.56,12.48
26e7606527e710486939428227c703cb,1,5aa94fb8e895c82912cf9b8bea8fdff5,ff69aa92bb6b1bf9b8b7a51c2ed9cf8b,2018-03-11 22:15:32,599.00,58.00
27a7ac440630f9de788e4d66e72c6424,1,d696750e550fd0f733979dd7e5dff921,9de4643a8dbde634fe55621059d92273,2017-04-26 21:50:19,169.99,16.40
27be2d9a863635e6a3c6b616cd179798,1,914a1be6110e7ce3289dbf55ec0d9704,7a67c85e85bb2ce8582c35f2203ad736,2018-07-31 14:35:12,249.99,14.05
2853618de7610a6cb28d21b99bbb4dfe,1,0e34187d4312b97b5e698836d28ed040,a420f60ff1aa9acc80d0e42959f2b313,2018-02-08 03:55:41,199.00,10.21
289d1ce30c672184ba3722d783df7628,1,61c59ebbb2d9510287434ab66f6fc237,7142540dd4c91e2237acb7e911c4eba2,2018-02-14 19:28:40,69.90,13.51
28a58d10c5ce66e99e4edf25548e1a0f,1,7fda6ff601b1c45aacfd6a24e7f2d45f,7e1fb0a3ebfb01ffb3a7dae98bf3238d,2017-05-10 15:03:25,110.00,25.26
28e7148abde825a20fa617db02f92c99,1,ff6a816ae8a01312fe42dc48c7c8ead1,138dbe45fc62f1e244378131a6801526,2018-05-17 21:35:21,13.90,8.29
29069b15adeec52fc98e512ac98acba2,1,c4baedd846ed09b85f78a781b522f126,a1043bafd471dff536d0c462352beb48,2017-12-19 10:31:48,89.99,26.25
290d464dc4d780ddcd120552cf21c640,1,d3c044bd42d84a79e3b0c42662806a48,4c2b230173bb36f9b240f2b8ac11786e,2017-09-28 15:30:18,25.90,7.78
291036f4304c5fb0dc3965044f4a4605,1,05d7deab2f99410d5fa21a75deaa1fad,184725737946a1a938bbbd1a9e978103,2018-08-16 23:25:18,109.90,18.87
294f94df7d2ec239123fdca1a458e0ff,1,3dd2a17168ec895c781a9191c1e95ad7,de722cd6dad950a92b7d4f82673f8833,2018-05-25 14:14:22,149.90,12.71
29867728eef5282c4181cbed99246268,1,5328338cfaa16ba10561cd970c73ca11,12b9676b00f60f3b700e83af21824c0e,2018-07-26 07:31:35,199.00,32.26
29b71dc3837a954158a1d1b30d0605bc,1,d6693a8a60b625f2c5eff7f475b5ed22,4a3ca9315b744ce9f8e9374361493884,2018-07-03 17:50:04,203.00,25.03
29d71d9c45a5ba44a2c8c20292d77bc5,1,23d8439935522540cfd5bbb8b1208a2d,b17b679f4f5ce2e03ce6968c62648246,2018-05-15 11:55:14,96.00,57.22
29d99fdabd0cb6b4e9d82f2f38c04a5a,1,fcde1899043318107d8f0ae043f69bc3,d66c305afaec317ebee552073a674429,2017-01-29 19:44:48,99.00,14.86
29e51ca4b5b37a60b607bde44f24d37e,1,95f2828625576b34ab861ef4b029a7fd,a3a38f4affed601eb87a97788c949667,2018-06-28 21:35:17,169.00,23.98
2a3f9da1b73d48af85d04f8550b3d156,1,3bbacbe586e957acbf26c63b3ed532a3,729f06993dac8e860d4f02d7088ca48a,2018-02-02 14:11:46,159.90,21.61
2a5d9a5a8aeecf75120e38f1249a32f3,1,5ed9eaf534f6936b51d0b6c5e4d5c2e9,8cbac7e12637ed9cffa18c7875207478,2017-06-15 02:35:28,22.00,16.11
2a81af36abe7c237e184b5f84e5b27bb,1,d176ffad05e4e7fd2de465fbdecc7582,0a85ebe4e328db81ac9109781205e2f7,2018-08-21 12:15:17,70.00,9.24
2a8d11469aa193477a4c0c3e79f09d18,1,b5c1a16643b475591d742c4ef29d3202,5d0363b33554b373851fc1622e4d5f3c,2018-04-12 07:48:06,99.00,35.82
2a940654991b7eaeb541171e5e1d497f,1,95ebf42730dea8baa19b9c8794da556b,710e3548e02bc1d2831dfc4f1b5b14d4,2017-02-11 15:48:56,289.99,22.35
2a940654991b7eaeb541171e5e1d497f,2,95ebf42730dea8baa19b9c8794da556b,710e3548e02bc1d2831dfc4f1b5b14d4,2017-02-11 15:48:56,289.99,22.35
2aaa173ecc917a0e748a8e8ad584534f,1,bb77135946e78428a7a5634a46113a22,95f83f51203c626648c875dd41874c7f,2018-08-13 04:44:39,29.99,14.51
2ab55ce9d54cd19626cf1540d2e6cadb,1,1ec486885049bbb9b79351d150ed18c4,cab85505710c7cb9b720bceb52b01cee,2018-05-17 20:37:58,49.90,7.39
2ad2d3393253922f6f46941e23089bf0,1,81e32892fb8587aa24b175d42bb6bfcc,f8db351d8c4c4c22c6835c19a46f01b0,2018-08-20 14:35:20,95.90,23.47
2ae6e5a2da4078c84661d1289e22742b,1,7e0dc102074f8285580c9777f79c90cf,e26901d5ab434ce92fd9b5c256820a4e,2017-04-13 05:45:23,34.90,10.96
2b20baf94a095e002981091891209751,1,a35c14eaa384acf7aabbbec3bd76fae6,0bae85eb84b9fb3bd773911e89288d54,2017-06-04 21:45:13,43.98,17.60
2b25df22054b449145255218a1d25552,1,81d879a43537a2803762ce12282ccbc9,9674754b5a0cb32b638cec001178f799,2018-02-19 18:15:29,67.90,9.34
2b28c958aceae6cdb1ba4ad008963b78,1,733ff3db55dc1476774dc5a3f0621fe3,bfd27a966d91cfaafdb25d076585f0da,2017-05-08 20:22:42,99.00,17.43
2b4b69b119c4446626f617bd54ff3147,1,c7c99e372ec2f873701c20e3a00ff29c,7d76b645482be4a332374e8223836592,2017-09-12 18:44:08,16.90,21.15
2ba265d6ef87c9d7e11c3e3b142b3136,1,e329dc4f7ae6fac352da9bd20e3b11e0,688756f717c462a206ad854c5027a64a,2018-05-02 20:55:46,89.00,20.67
2bd2198690a2c150fe5fdc4e064ba521,1,6ba4d9e6b21481dcc4646250fa189ac1,5c6d4016c2a288f074fa0848a2b653d2,2018-02-22 11:15:31,92.00,17.92
2bd6a9cea9df97f5f2d0717bb6307f32,1,422879e10f46682990de24d770e7f83d,1f50f920176fa81dab994f9023523100,2018-05-09 00:12:57,53.90,0.00
2bf01051ff9e5195111fd7ffaf865240,1,472e6464088101bf2ec351d222c415ab,87142160b41353c4e5fca2360caf6f92,2018-07-27 02:35:11,69.90,15.59
2c4b5d8af3d0c95e934891481c0a87fb,1,2f02a124a827f65bfcc0baf443dad405,218d46b86c1881d022bce9c68a7d4b15,2018-01-24 00:57:19,340.00,29.76
2c55979729e848c9614426ba49826183,1,d5e448e00fb7c59b31e0f3e43c2de0d7,850f4f8af5ea87287ac68de36e29107f,2018-02-13 02:55:55,199.00,12.60
2c6cd2338f9bbc7b19f8177e89e633fa,1,f4a38926843e01497a3f63a5d5740c72,8b321bb669392f5163d04c59e235e066,2018-02-28 17:30:38,13.65,7.78
2c6d44f01372a531867c811ec5417ef2,1,c1af5ce247fd5fd18c52ba645c3c87b6,3092c0b297aacfb4bb6e056ebe13b9b8,2018-03-28 10:10:27,24.90,22.06
2c6d7710827b473b87550d228500098d,1,761a7d7da15ca2d6f0aaf29e22bd1479,134a288e7de827ec5ec62e3ec9c3a295,2017-05-08 13:05:26,88.50,11.23
2c7e89e493d79a803615950d27017f1f,1,ef66e63137bdd1b2e44aa968646fc1e3,1025f0e2d44d7041d6cf58b6550e0bfa,2017-12-01 15:52:52,32.99,9.34
2c7e89e493d79a803615950d27017f1f,2,ef66e63137bdd1b2e44aa968646fc1e3,1025f0e2d44d7041d6cf58b6550e0bfa,2017-12-01 15:52:52,32.99,9.34
2c7e89e493d79a803615950d27017f1f,3,ef66e63137bdd1b2e44aa968646fc1e3,1025f0e2d44d7041d6cf58b6550e0bfa,2017-12-01 15:52:52,32.99,9.34
2c87632da2d3149c3812ca5da44418e6,1,c00f76b76f52037b0fc9f71fd8a7ac10,77fccaae319668a8ab6cd0fd16aec48c,2018-05-24 10:31:05,99.00,37.38
2cace2864447738573effeabd83eaa32,1,8f40f0b0018b8f6fd449c4c0713e3118,9de4643a8dbde634fe55621059d92273,2017-10-23 02:50:40,547.99,20.49
2cb80b6bb30641c14665e1bb8a910872,1,1f839ba5b57051fac3461bc202ad9cce,f262cbc1c910c83959f849465454ddd3,2018-08-15 19:04:07,11.49,19.04
2cfc25c768542047dde9549da3f65fa8,1,74ae869eb82594d9cbe6e934cf143e0c,ea8482cd71df3c1969d7b9473ff13abc,2018-01-12 17:06:28,39.99,15.10
2d2084741ee31a371ffe0b838051d0dc,1,db25a58a5da5dfe2fd19f2604491bd27,4e7c18b98d84e05cbae3ff0ff03846c2,2018-02-26 09:47:53,49.00,17.60
2d78939bfc4d766dcab37fe477841c1a,1,c1dfd7dc17df380ed269d0fc905f6e22,4830e40640734fc1c52cd21127c341d4,2018-05-16 02:15:07,49.99,19.04
2d78939bfc4d766dcab37fe477841c1a,2,c1dfd7dc17df380ed269d0fc905f6e22,4830e40640734fc1c52cd21127c341d4,2018-05-16 02:15:07,49.99,19.04
2d9ae61d3fc718533956b7efca0d632c,1,5e015730deea7dfbee442adfb1e29b27,fe2032dab1a61af8794248c8196565c9,2017-12-11 11:05:30,179.90,9.45
2da3f67af1db377e56dc9a07b969c9aa,1,50b671fa06a05828948cd518088eba27,855668e0971d4dfd7bef1b6a4133b41b,2017-09-20 02:55:30,20.00,9.34
2de8870a0b861a9ff5ccb128784abf2e,1,9048cbd294fe0c1a3ec8c8248bc2cadd,6d66611d7c44cc30ce351abc49a68421,2017-09-08 00:25:43,84.90,13.61
2def71c3b4ee133da4476d4d0ca8baa0,1,542b3d80712d51eefe3a3cd1c5f4e8fe,537eb890efff034a88679788b647c564,2017-11-21 11:55:33,42.90,22.67
2e1b28b55908e9904e59370fa0ecbb8e,1,781afe929e3016a667f5f439afd55fce,08633c14ef2db992c11f840f04fad4cd,2017-12-27 14:13:23,107.90,21.56
2e21f1cfb4d53ac6710fdd9956f35f54,1,8c292ca193d326152e335d77176746f0,7e1fb0a3ebfb01ffb3a7dae98bf3238d,2017-12-18 03:51:25,150.00,26.33
2e22dc2fce65e5b9d73a11d717f41724,1,d0f5d2822e06a19526cb384022af2a9a,8a32e327fe2c1b3511609d81aaf9f042,2017-01-25 20:53:19,54.99,26.64
2e24930adf68f4ce65ad35e0f23f08ee,1,9165e7a5f9ef266f66ca19a816cdc657,48436dade18ac8b2bce089ec2a041202,2017-09-14 13:50:08,132.90,53.29
2e266d1d2bf4cdf6d74ee51b92bab016,1,3dd2a17168ec895c781a9191c1e95ad7,de722cd6dad950a92b7d4f82673f8833,2018-03-20 02:50:56,149.90,23.98
2e3258f81be08e497abb202cef0c0303,1,50412efecf5c67eead5f761db931771c,77530e9772f57a62c906e1c21538ab82,2018-03-07 08:29:24,299.00,18.57
2e4e2813ad5d8dd8582c22307207f800,1,bc0246e1fa0a21cfceaed952d3e9cd38,c8b0e2b0a7095e5d8219575d5e7e1181,2018-01-25 10:34:04,119.99,15.60
2ea830e178fb91c939722e9cb085383b,1,93a12c289ca2b78e7069e469f5053ef2,88460e8ebdecbfecb5f9601833981930,2018-02-28 19:50:37,134.90,17.38
2ed35bba35070885f6e0ff68cefe670d,1,9271d2541a43f8db13d164887228a189,5ef131ac72773e5b3f6c0d63cf424657,2018-08-24 04:50:24,71.10,21.14
2ed3eaf0bd65da1480c9017f211fa315,1,b5f7245e14a8a3d52f0a6e468971e6d9,f0b47fbbc6dee9aafe415a6e33051b3f,2018-06-26 14:57:11,29.99,16.40
2ee25e0dd8185c614dcad9949f0ad0f4,1,e282624d8c82e04983f125e167eb4521,2138ccb85b11a4ec1e37afbd1c8eda1f,2017-08-10 00:50:11,18.99,15.10
2ee25e0dd8185c614dcad9949f0ad0f4,2,e282624d8c82e04983f125e167eb4521,2138ccb85b11a4ec1e37afbd1c8eda1f,2017-08-10 00:50:11,18.99,15.10
2ee7854c6d1ee4b64e27764b46dc99ca,1,47cd48073d67f91f09cb5ef9496c920b,fdb9095204a334cd8872252ffec6f2db,2017-09-20 12:50:15,90.00,11.83
2eeb0fca026f13a4065dc4d23542095d,1,86ecc269de40ba13205e7beeee12f26f,b76dba6c951ab00dc4edf0a1aa88037e,2018-08-01 11:10:16,29.99,7.47
2f10477788160831a76bb28cac8bbfb6,1,4cac1a12a6fe9ffba4a9556dbe582e28,7ddcbb64b5bc1ef36ca8c151f6ec77df,2017-08-14 04:20:20,25.99,15.10
2f1d5b7529ef8603fe34724e65a9f03e,1,878188aa7c7a5da44f5038c7fdc68ac3,7c67e1448b00f6e969d365cea6b010ab,2018-03-27 04:15:50,166.99,112.99
2f31ce5a220e0b97b2d1922c86bbbb66,1,3570caaeaa3f5a1ae76392bb2b4155f9,7008613ea464bad5cb9b83456e1e6a8f,2018-01-16 19:55:30,58.00,37.55
2f6c001bbacba3575b0852b17b0c3dd1,1,1567eb3a02b49c99d7d07045e9ce94f5,d624126b9206f595fb3fbb6ba03b28a8,2017-06-08 20:55:16,359.90,19.77
2f722ee8f3d3db0d19cee8ebea6fa69e,1,c403e106353e1aa40efe783ecb39ed7a,d2374cbcbb3ca4ab1086534108cc3ab7,2017-08-22 18:45:20,38.90,16.11
2f722ee8f3d3db0d19cee8ebea6fa69e,2,c403e106353e1aa40efe783ecb39ed7a,d2374cbcbb3ca4ab1086534108cc3ab7,2017-08-22 18:45:20,38.90,16.11
2fac55edfd9754d1a0e7ecc67d48d08d,1,5c6c4fa2f1b889828de998df18214af7,128639473a139ac0f3e5f5ade55873a5,2018-06-20 19:31:51,36.00,23.05
2fac55edfd9754d1a0e7ecc67d48d08d,2,5c6c4fa2f1b889828de998df18214af7,128639473a139ac0f3e5f5ade55873a5,2018-06-20 19:31:51,36.00,23.05
2fd30a0079e9100628c92bb583ff56ec,1,eb1e85561435be5d1760939dac8c881c,3d0cd21d41671c46f82cd11176bf7277,2018-08-13 08:35:13,33.90,13.72
2fdca5b7401ab483f6f3ef78f46f32f2,1,588ec31c89dea5de5dc87e15790df3f4,17ca9b9e9b9ef8fdb529001b49ebb50f,2018-06-15 03:12:31,59.97,21.50
2fe10d4ed06c8a5a632ed06bb5f33dc0,1,9c1acc2ea8ce833bd5ef42aff75cfb24,056b4ada5bbc2c50cc7842547dda6b51,2018-08-01 17:10:16,214.99,39.78
3010db5aa9feaeb7bf56382abccca96f,1,bd6e6fce9ada76ea2db0f1912e8e478f,1835b56ce799e6a4dc4eddc053f04066,2018-04-25 00:31:21,56.99,13.76
3010db5aa9feaeb7bf56382abccca96f,2,bd6e6fce9ada76ea2db0f1912e8e478f,1835b56ce799e6a4dc4eddc053f04066,2018-04-25 00:31:21,56.99,13.76
305521e597cd32f946da81d3649d31b9,1,036734b5a58d5d4f46b0616ddc047ced,ea8482cd71df3c1969d7b9473ff13abc,2018-04-18 07:51:25,37.99,7.39
308163f9666c3f335e92b0f0f61554ed,1,9dec5fc311dd0fb270109e8942847b50,538caafddff204241cecbf3a02e6b3cf,2018-07-18 13:25:52,20.00,18.24
30a12d3b9e19a16ac0298cc7bcb5a322,1,44ae8d3edf5612ff7a39d629d5bbb8ae,15cd6eefe58588619aaed41dfa6621b1,2017-08-31 15:24:44,69.90,26.81
310e89c32f0c576eb9e50723c1c23e19,1,b62c4aeee36fc51b2bd7fa2e5c3268b2,d624126b9206f595fb3fbb6ba03b28a8,2018-05-11 08:55:42,339.00,20.30
31426d292a5d34315a18ac11d6eef7eb,1,ef703385b2707af7f9af3e185679811c,a3e9a2c700480d9bb01fba070ba80a0e,2018-01-26 19:36:36,79.00,13.57
319ccdc182a8c5d60b228310a6432460,1,fb01a5fc09b9b9563c2ee41a22f07d54,522620dcb18a6b31cd7bdf73665113a9,2017-01-26 16:03:50,689.89,20.04
31a9fc3107df7fca6d3e9d14f7b2da84,1,4b8d79cb593470e80e954ca41d7e3fd2,cc5a78bbad32776dc4e3af205218368c,2018-08-03 14:30:51,37.69,13.36
31f49b876b40d899bdb6c403b4d2b20b,1,43f88c8353708451babf9bcdd1fda92a,cab85505710c7cb9b720bceb52b01cee,2017-05-15 09:50:18,49.90,7.78
324a951e8ca7c94fc8aef5cde703441a,1,c1f5307decb89342351bec53668cffd9,ea8482cd71df3c1969d7b9473ff13abc,2018-02-22 20:32:44,29.99,16.79
327c17fe3bf926f72f592503b52e3b5a,1,eedc20781b2e095ce09617ffc959e188,4a3ca9315b744ce9f8e9374361493884,2018-01-11 23:53:40,259.90,18.53
332fbf902a0b37b6919c2d24fb9963c4,1,1f30aacc69904c0d0bf8d05cb2abef72,4a3ca9315b744ce9f8e9374361493884,2018-05-07 09:50:28,135.00,18.92
333977327b5c548879a21a3b1fc87c48,1,817e1c2d22418c36386406ccacfa53e8,624f4ece8da4aafb77699233d480f8ef,2018-03-15 12:30:52,159.00,44.81
3339caccb4f94a45abaf8ed1990cfc36,1,7b4d5bca6951e2d3f89fa2bdfa6791aa,8b321bb669392f5163d04c59e235e066,2018-01-29 03:52:50,9.00,7.78
333e8c69214e02d9be6bc5b7a3e4202b,1,a59fb60fddcc72a9878b7ed5cb69d8e4,7040e82f899a04d1b434b795a43b4617,2018-05-04 02:51:43,14.90,7.39
334c65aeb7365a6d5acee2e43ab3b2d2,1,6e649da572cb3e7bd20ef7203d43829c,0791d9fc1e30678ecf03d3e55fa108d3,2018-05-22 14:35:43,78.00,18.13
334c65aeb7365a6d5acee2e43ab3b2d2,2,6e649da572cb3e7bd20ef7203d43829c,0791d9fc1e30678ecf03d3e55fa108d3,2018-05-22 14:35:43,78.00,18.13
3358a4c41e5feb5bb73829eb6cf42ba4,1,32e18e89237933ebdaaebd78a27e7fa1,ca3bd7cd9f149df75950150d010fe4a2,2017-10-11 16:14:18,26.18,17.60
335a2e98058fdc2ff97c02856d53a76e,1,0cfc9fea40ee0f7006d150fbdf3fa808,41c2bad7229b0c25e6becf179ebf63ff,2018-01-22 10:27:48,34.00,8.27
335a2e98058fdc2ff97c02856d53a76e,2,480be8d20c4b6a7df1eae0f2c17f2db2,41c2bad7229b0c25e6becf179ebf63ff,2018-01-22 10:27:48,34.00,8.27
33b8a7eafa31cf95e33395293a78808c,1,dc881ef926ca402063ea142afc83874c,7aa4334be125fcdd2ba64b3180029f14,2017-09-12 22:04:16,89.99,17.88
33c011fdacf02b14181fcd81f4b5ece0,1,4fcb3d9a5f4871e8362dfedbdb02b064,8581055ce74af1daba164fdbd55a40de,2017-03-28 21:08:57,143.80,18.30
33d14124f0c894a2390998ae1015abf7,1,928e52a9ad53a294fdcc91bcf59d1751,955fee9216a65b617aa5c0531780ce60,2018-08-07 18:50:11,180.00,12.28
343249b827e700995c0f620f5b51c15c,1,d99526b1e4fa5f57b8bde34a7337b5ee,9b013e03b2ab786505a1d3b5c0756754,2018-04-23 06:11:36,58.00,7.87
343d749914bab05f8c752813a075ef36,1,c94d19d021d4a8fbae5a45f904aeea90,701938c450705b8ae65fc923b70f35c7,2017-02-04 21:39:15,103.99,37.24
34688497162fbb53b24e10738f912fa4,1,94938d42be4ea1064db3325c385ee6d6,02f623a8eb246f3c5f7c2f96462654e6,2018-08-16 21:44:02,139.00,14.55
346b96107cfff3b894f76c7e9224bb1e,1,e4ca5b20cfe1a020e15e36fe14e880ee,128639473a139ac0f3e5f5ade55873a5,2018-01-11 18:28:19,19.90,16.79
3481d4db89ea2b5d86728e8562da1317,1,81624136984f77ab82f6cfd66fa9f203,f7720c4fa8e3aba4546301ab80ea1f1b,2018-04-12 03:10:31,18.75,18.23
3481d4db89ea2b5d86728e8562da1317,2,d2f1cd931c7b76fefa93547cc1b4881b,f7720c4fa8e3aba4546301ab80ea1f1b,2018-04-12 03:10:31,18.75,18.23
349021a1c38809e4b11418c2f8586c97,1,173255396ec907ab516d3848dbcc98da,7681ef142fd2c19048da7430856b5588,2018-04-12 09:15:18,102.00,30.57
34adfe85692f724087a52976282ea92f,1,704ef63ad0ac345842ea734060a83db2,da8622b14eb17ae2831f4ac5b9dab84a,2018-02-22 02:35:59,74.90,12.86
34adfe85692f724087a52976282ea92f,2,704ef63ad0ac345842ea734060a83db2,da8622b14eb17ae2831f4ac5b9dab84a,2018-02-22 02:35:59,74.90,12.86
34adfe85692f724087a52976282ea92f,3,704ef63ad0ac345842ea734060a83db2,da8622b14eb17ae2831f4ac5b9dab84a,2018-02-22 02:35:59,74.90,12.86
34c419515123f11b048d07c0f8e4cf4c,1,fd0731561b291a28f6a3a189e86a1107,6cd68b3ed6d59aaa9fece558ad360c0a,2017-05-11 02:22:52,109.90,14.53
34c419515123f11b048d07c0f8e4cf4c,2,fd0731561b291a28f6a3a189e86a1107,6cd68b3ed6d59aaa9fece558ad360c0a,2017-05-11 02:22:52,109.90,14.53
34e43b05d79a814bd90a43250ff10094,1,53075a78fc601d6eb47e8ad2d142b7a8,ef506c96320abeedfb894c34db06f478,2017-12-11 11:12:10,28.90,11.85
34e52c9f5c9ec68a599473a73c06a782,1,be0dbdc3d67d55727a65d4cd696ca73c,8e6d7754bc7e0f22c96d255ebda59eba,2018-02-28 08:08:13,79.79,15.31
34e7cd696a9d01f8a95731b8d4508ef2,1,d1c427060a0f73f6b889a5c7c61f2ac4,a1043bafd471dff536d0c462352beb48,2018-02-26 11:50:43,149.00,88.05
34fd3e758f03c7fe6169308d0fa11582,1,308f901f3cbc9dd383146e97562ef8ed,4869f7a5dfa277a7dca6462dcf3b52b2,2018-08-01 08:30:10,129.00,51.62
35123d3f1c7606f81eb9b60272f907df,1,c0400a62c5019cdc69bfc76d39b1cfb4,cfb1a033743668a192316f3c6d1d2671,2017-02-08 09:12:31,26.00,14.52
35168c4d0ad93a212d42d3fea68932e2,1,05ac001cdcd6e4a3cc1563efbc5a25fc,1fdc574883ef3b33ad41562d93f3a74a,2018-04-19 12:50:09,198.00,19.27
351c9272da4d3af9d74d3b30ee84cdde,1,2b4609f8948be18874494203496bc318,cc419e0650a3c5ba77189a1882b7556a,2018-02-26 12:06:39,89.99,16.39
359dfdef7cf4ed1003c2a0463eb431ba,1,7659404ade89460a4be1c11ac47d5f2c,2e1c9f22be269ef4643f826c9e650a52,2018-08-07 23:45:08,53.49,7.63
35c66e9b12fe72dbb0b8d34af424c3cf,1,d04857e7b4b708ee8b8b9921163edba3,9f505651f4a6abe901a56cdc21508025,2018-08-03 14:30:19,74.99,8.69
35f1c7a905180687002390a212d166be,1,b74d57e3377dd78aace6d070fc48cc88,4a3ca9315b744ce9f8e9374361493884,2018-04-10 03:08:55,65.90,13.82
3600dce59c2a50ed7c67e0d818b1e5bd,1,8a8d870b168dfa470a5f28efab92145d,ed4311e67debd72b8610a5347a743087,2018-07-13 20:10:12,149.00,13.34
3609efe3e67d76fc425ba5fd19fd4bd5,1,b3e40ff639c185b9d726b4b19c17e6cd,7a67c85e85bb2ce8582c35f2203ad736,2018-02-23 20:35:34,229.99,21.10
364ea3582bbe134bec58a6e192aa6390,1,668b1e2b9471f837ba1797832e3f2012,36a968b544695394e4e9d7572688598f,2018-06-29 05:31:13,34.90,18.34
365fb819701436011708b1be4a1d4810,1,2083a6feb4bbb31f6abc92fc24e468c0,cc419e0650a3c5ba77189a1882b7556a,2017-10-03 12:45:17,7.00,7.78
365fb819701436011708b1be4a1d4810,2,2083a6feb4bbb31f6abc92fc24e468c0,cc419e0650a3c5ba77189a1882b7556a,2017-10-03 12:45:17,7.00,7.78
366446679f4ddbffb2d8934f1abef1f8,1,f35927953ed82e19d06ad3aac2f06353,669ae81880e08f269a64487cfb287169,2018-04-26 23:31:07,115.00,18.69
366446679f4ddbffb2d8934f1abef1f8,2,f35927953ed82e19d06ad3aac2f06353,669ae81880e08f269a64487cfb287169,2018-04-26 23:31:07,115.00,18.69
36750bfd3e70a5f8f95edf2e28f1d60e,1,169837a0e2864f37482261c3d7a2dd80,b0f2a6122a90a93eb03e68653dd960e3,2018-06-27 21:58:42,58.90,15.46
36750bfd3e70a5f8f95edf2e28f1d60e,2,56139431d72cd51f19eb9f7dae4d1617,b0f2a6122a90a93eb03e68653dd960e3,2018-06-27 21:58:42,45.90,15.46
3683a05264a0926a8c06607f4623a0a3,1,8805dd9f1994bee68f2e1351c5e64f26,8ae520247981aa06bc94abddf5f46d34,2017-11-23 00:10:47,199.00,16.14
36995f50cacc28693fffcdb6af6cfedc,1,f422d0d9f8b5f7c27289382b14b61248,1554a68530182680ad5c8b042c3ab563,2017-03-01 16:47:36,66.99,17.21
36f03c686bcee7c593f6227fb80b7109,1,1fde73e6b6d28627ff16e222b0044b10,1352e06ae67b410cdae0b2a22361167b,2017-04-13 19:45:11,89.00,18.05
37297c70ff1867f5ad4b215cc27fbe81,1,42a2c92a0979a949ca4ea89ec5c7b934,813348c996469b40f2e028d5429d3495,2017-11-09 13:46:03,58.90,14.13
374fd048ff590c1059eb5d4fe2d892b4,1,d285360f29ac7fd97640bf0baef03de0,2eb70248d66e0e3ef83659f71b244378,2018-07-25 03:15:12,154.91,16.18
376cc9a8f827d17966ea7c4b182f4426,1,79938780eb7ffb7289f59a9a283bc06b,ecccfa2bb93b34a3bf033cc5d1dcdc69,2016-10-11 19:28:40,59.90,11.31
3783fa21a4b027e3da0b6b3db6e1dc3f,1,4fa2410cf10d733adc25a98d23a33975,17a053fcb14bd219540cbde0df490be0,2018-06-25 18:03:59,199.90,34.57
3783fa21a4b027e3da0b6b3db6e1dc3f,2,4fa2410cf10d733adc25a98d23a33975,17a053fcb14bd219540cbde0df490be0,2018-06-25 18:03:59,199.90,34.57
3785ffb02b0b201a23df7daf357c271d,1,2052b3c5e08893e567c2fb7778476c75,be8e909810184b9b19e886129149d8e5,2017-10-09 13:49:19,44.99,9.94
3811f683228f7e91c35b0fd2a705af27,1,c4036b07aeb315973d843c5bb1fc267f,04aba03279157f6d4e0fe8ccaf21963c,2018-09-03 13:44:08,220.00,16.46
3821374c4cfea859896f8a3d6f2b7a5a,1,1e96e085361f3bf21a06c876982b64f2,3092c0b297aacfb4bb6e056ebe13b9b8,2018-05-07 20:51:42,219.90,9.30
3824a5d087901938c0b9f72f6008bd6c,1,3b25a71267a8d5926e53ad9b88b97326,59b22a78efb79a4797979612b885db36,2017-10-09 17:49:34,169.00,46.77
3860898db238028285b1e05b5ab31238,1,c04b8195870068ff5c495f269a0bc993,ba143b05f0110f0dc71ad71b4466ce92,2018-07-24 08:55:29,48.99,19.53
3860987243c481275152ad76e491c663,1,25f86162fee18735fffdb762dcb10d7c,1a3df491d1c4f1589fc2b934ada68bf2,2017-11-21 09:50:32,149.90,23.92
386566ace975071b7888fe4ef940d582,1,442d90d66ceaa3f50027f7430c672820,768a86e36ad6aae3d03ee3c6433d61df,2018-07-19 21:50:18,70.00,16.68
38793c3d7ddaedf4e05f8fe9ce42ccf6,1,f3c2c2578c46d659b7940e784319413e,aaed1309374718fdd995ee4c58c9dfcd,2018-08-08 15:50:20,198.80,52.11
387dbd8ab95a2cea602adfc5434f7258,1,96fda9a1e131e4c4f2faecacbf9aaf50,81a1104df0f08b59c68aa5b03cfe398e,2018-03-06 09:56:08,299.90,89.11
38ceb430670a97a62dda6e748ec94f69,1,e3dd336775af78a83fc27ed85f0f15da,edb1ef5e36e0c8cd84eb3c9b003e486d,2017-10-05 09:49:22,395.00,17.52
38d267f455de107fb8f352cf99d2042e,1,336cfb12a5468070795ae4c964f4ce47,7008613ea464bad5cb9b83456e1e6a8f,2017-03-08 03:45:19,94.90,17.40
38e300c6758b36eb5bb0234a3ac1fe53,1,9c5eb07abad39517f560d32066739b5d,9d4db00d65d7760644ac0c14edb5fd86,2018-01-08 21:50:20,84.95,13.79
38e300c6758b36eb5bb0234a3ac1fe53,2,7686fe49c98ae1c537b5cc51992f5d20,9d4db00d65d7760644ac0c14edb5fd86,2018-01-08 21:50:20,173.99,5.51
38ead2ac61ab32ce96209301f9d365f6,1,6a8631b72a2f8729b91514db87e771c0,128639473a139ac0f3e5f5ade55873a5,2018-05-16 16:35:27,29.90,11.30
3908d6bd42f21f56dd7cabf2797b5b0d,1,a848f5d152bc4b1ed01d9d231f15cdca,6560211a19b47992c3666cc44a7e94c0,2018-07-25 11:20:34,55.00,17.32
390e5f12e01c2af04027580e4cdde515,1,31e3a259123f3ba71c572f0bc08d9e5b,6560211a19b47992c3666cc44a7e94c0,2018-04-05 10:15:11,189.00,20.01
3951193545025398d0fa18b7e2f836be,1,85d4c1a46f08f730de651ea6f6645313,3d871de0142ce09b7081e2b9d1733cb1,2018-05-28 10:31:52,59.00,18.29
3983bde7a4181560b9558aedf15d49fd,1,dfec64aac9b864b2807a7be33222b75f,1e8b33f18b4f7598d87f5cbee2282cc2,2017-12-01 18:00:18,79.90,9.37
39a2adce13ad153c1153a05130f65727,1,4222fa433d71c969509acc408f343e89,1b8356dabde1d35e17cef975c3f82730,2017-10-20 20:26:03,18.99,14.10
39c31edc53ca82584b62224bcbce3801,1,77ccda894b672fe1214b0101d108d7f7,13fa2a6c6b9d0f43cb588d7c82117a12,2017-08-22 20:45:04,418.00,19.18
39e9813f11fbc948f71cfaf189976662,1,0bb7cb61f1957f79dac582ab66ccdc1f,e26901d5ab434ce92fd9b5c256820a4e,2017-05-04 02:15:22,23.90,14.52
3a096d99346df2d6c043165967ff011d,1,a351c3c754b40be18374a299ca68882b,ade45994b717ccee333492330fbf037b,2018-06-18 18:08:09,809.00,27.59
3a2012438f0919dc24e43b9e8b21c4f1,1,feedec0f9090d3736d54758da8a1d05b,8f2ce03f928b567e3d56181ae20ae952,2018-03-08 18:31:10,159.90,21.61
3a217ae7bba6a3b59b08a0bf08610b52,1,726b4e18f00255e2e63491bcba3f60b8,00ee68308b45bc5e2660cd833c3f81cc,2018-01-26 13:46:59,75.00,62.35
3a23294a91e71ba11196b90c9e51d44d,1,9344d66c54dbfbe44417c69d95d437bb,b080809eaacb49e5ca07290981472431,2017-06-13 13:35:18,46.40,14.10
3a3f6aa80241caf165b717419017abc2,1,e0cf79767c5b016251fe139915c59a26,da8622b14eb17ae2831f4ac5b9dab84a,2018-01-12 12:17:26,29.90,15.10
3a50c763032329859ffb4b2812960c7d,1,b2deacef3cd033a4c5b247c4e03b1744,1835b56ce799e6a4dc4eddc053f04066,2017-11-30 03:59:20,39.99,15.10
3a5271b57335b6f18985d213924b3ca0,1,b17808303e15dd50538c011b44295427,4a3ca9315b744ce9f8e9374361493884,2017-06-01 02:25:25,68.90,12.82
3aae5f4d2c104f1d6f7620143be23d7f,1,3d7e90a312a036ed4ae2ecd2a459a629,8a9260f2b0340411d6d2a56bcf4f7378,2018-04-16 00:12:41,47.00,7.71
3aae5f4d2c104f1d6f7620143be23d7f,2,3d7e90a312a036ed4ae2ecd2a459a629,8a9260f2b0340411d6d2a56bcf4f7378,2018-04-16 00:12:41,47.00,7.71
3ae04700e729d283cfd0b9d1f9fdfec6,1,98d61056e0568ba048e5d78038790e77,8581055ce74af1daba164fdbd55a40de,2017-03-01 21:50:15,169.00,24.17
3ae6f437745a33a4fe67a0e350dadf7b,1,1c21c1ed398eae61184065889ca3d4b0,a3e9a2c700480d9bb01fba070ba80a0e,2018-06-21 20:56:56,69.00,14.06
3b3c727f2f017c3efa05f74a729727d0,1,55945cf4a4e6def88dcc8996a581608a,9b013e03b2ab786505a1d3b5c0756754,2018-03-22 10:24:37,101.49,18.59
3b48b36a80274ce463ba3def46d6f998,1,bee2e070c39f3dd2f6883a17a5f0da45,4e922959ae960d389249c378d1c939f5,2017-12-12 10:18:35,140.00,15.73
3b4ccaa47ae0c0d6966133bcdb0c8ad4,1,69d3ff4f45d52d69e4b06760e0e154e2,7b0df942f46435babab05d49b744b2c4,2017-12-11 04:11:39,1058.00,24.66
3b7ddbdc4ef4c59cee4047a5fc2e49fe,1,2a2d22ae30e026f1893083c8405ca522,1a3df491d1c4f1589fc2b934ada68bf2,2017-11-16 19:50:53,149.90,21.54
3bad88adde3b0947e92cdeca75800f58,1,e5431fe7b289028ba2b453fafd45f0f8,723cd880edaacdb998898b67c8f9da30,2018-07-04 11:50:34,99.99,23.50
3bb7e15f832b43684ecf3640069145d2,1,7f72a8900b3d2fc8fa2635b7836d6e6e,7299e27ed73d2ad986de7f7c77d919fa,2018-06-08 03:30:57,64.99,18.33
3c3578cbe37cf7af07897091fa676eb4,1,3a65f793b3e854ca1f31c6d7c636f117,f25e239052084705e17a982bc600ab2a,2017-10-19 21:28:19,1980.00,29.62
3c40fc70c7a1287e9616fb5dce615df1,1,29427de7f8a9ee983d9dbc51cec569b4,7a67c85e85bb2ce8582c35f2203ad736,2017-10-04 10:07:19,99.99,16.95
3c49ac24936ce58ff09050d9878c2130,1,e44f675b60b3a3a2453ec36421e06f0f,730937bf88cb151eb2eb849f642fc213,2018-08-20 01:25:14,102.90,8.88
3c4bb13fb00d3bc789b3dca0789480a5,1,e1559fbf98a69c9a54d3df4c359aa164,f7ccf836d21b2fb1de37564105216cc1,2018-04-19 12:50:32,43.00,8.82
3c8fd86bafb15fa121edab25b6f8c096,1,1b9c9c11fdac157197ea45527ffabae2,218d46b86c1881d022bce9c68a7d4b15,2017-05-31 20:02:40,243.68,14.73
3cab5c70f370e7fa810658c551f8e2ce,1,f3dc2177cd7a26726dd80204c34dbb48,cf2384dd2f1dddea3f838efed0945e65,2017-03-30 18:32:29,129.90,23.90
3cb36784c17acb3eca55ded497da243d,1,768ea53ea10b7fb3bfa4d3cc4f918772,7b07b3c7487f0ea825fc6df75abd658b,2017-11-03 03:06:47,12.00,7.78
3cc744d9a46682c354778726d30e384f,1,43423cdffde7fda63d0414ed38c11a73,b1fc4f64df5a0e8b6913ab38803c57a9,2017-10-31 00:56:57,55.00,16.83
3cc744d9a46682c354778726d30e384f,2,43423cdffde7fda63d0414ed38c11a73,b1fc4f64df5a0e8b6913ab38803c57a9,2017-10-31 00:56:57,55.00,16.83
3cc744d9a46682c354778726d30e384f,3,43423cdffde7fda63d0414ed38c11a73,b1fc4f64df5a0e8b6913ab38803c57a9,2017-10-31 00:56:57,55.00,16.83
3cc744d9a46682c354778726d30e384f,4,43423cdffde7fda63d0414ed38c11a73,b1fc4f64df5a0e8b6913ab38803c57a9,2017-10-31 00:56:57,55.00,16.83
3cc744d9a46682c354778726d30e384f,5,43423cdffde7fda63d0414ed38c11a73,b1fc4f64df5a0e8b6913ab38803c57a9,2017-10-31 00:56:57,55.00,16.83
3cc744d9a46682c354778726d30e384f,6,43423cdffde7fda63d0414ed38c11a73,b1fc4f64df5a0e8b6913ab38803c57a9,2017-10-31 00:56:57,55.00,16.83
3ceec142bbeb4de9939d371d6182d5d6,1,5c3aca5c078a343b3b873362e7ac2fcc,056b4ada5bbc2c50cc7842547dda6b51,2018-05-16 15:11:42,159.99,8.14
3d062cd73698941c34fd1917e8f39482,1,4673b61bd1649eb349682ceb2449e34b,822166ed1e47908f7cfb49946d03c726,2018-02-19 19:07:32,7.99,12.35
3d062cd73698941c34fd1917e8f39482,2,4673b61bd1649eb349682ceb2449e34b,822166ed1e47908f7cfb49946d03c726,2018-02-19 19:07:32,7.99,12.35
3d062cd73698941c34fd1917e8f39482,3,4673b61bd1649eb349682ceb2449e34b,822166ed1e47908f7cfb49946d03c726,2018-02-19 19:07:32,7.99,12.35
3d062cd73698941c34fd1917e8f39482,4,4673b61bd1649eb349682ceb2449e34b,822166ed1e47908f7cfb49946d03c726,2018-02-19 19:07:32,7.99,12.35
3d2c6a6debb7264f52777cc9912a3b7c,1,30048c2138eb22aebd13d31c07ba226b,c68fb906c8f4b4b946d8386bfa6e5467,2017-08-11 20:35:15,118.88,33.28
3d7a0606016fe5d209e5224ffe77f7cc,1,49c668b9d350a5836df4594378b09f0f,02c988090b766852e088c69d7fb3b551,2018-02-20 16:28:07,34.90,11.85
3da8b1bbe6650411cf568285bb956f90,1,89321f94e35fc6d7903d36f74e351d40,16090f2ca825584b5a147ab24aa30c86,2018-04-25 02:10:45,27.90,7.87
3da8b1bbe6650411cf568285bb956f90,2,89321f94e35fc6d7903d36f74e351d40,16090f2ca825584b5a147ab24aa30c86,2018-04-25 02:10:45,27.90,7.87
3dcb917fc27fe1beee3ddbea0fd4e9b0,1,a4e285285691cfbcc14df9e2d85bd337,45213867cefbf2cd4c6177e10216a951,2017-06-06 22:15:11,257.57,18.51
3dd70a36f5f41e56af19f4948fdc0745,1,657491063e8a63247a108a4d9cedf020,7040e82f899a04d1b434b795a43b4617,2018-01-12 20:51:23,99.90,17.41
3deb7346dbaa00ea4431f0d97a6ce758,1,afdb767518be8262cd10a02f08c15a9a,55c96925041a14097b6a7825554f4ad5,2017-06-14 23:15:11,26.00,9.34
3decc053f76f6898aefed9c29e26e2b7,1,af0a99476d96dcc1a1baa7c0d9ff6b9d,04308b1ee57b6625f47df1d56f00eedf,2018-08-17 14:15:16,527.90,21.80
3deeaa4d253d9612fe55428163839325,1,c6336fa91fbd87c359e44f5dca5a90ed,4c2b230173bb36f9b240f2b8ac11786e,2017-08-28 15:27:10,45.90,8.72
3df9a0706897e062e91f253fa132b6dd,1,292339442aafc77526bf025a199db898,1e8b33f18b4f7598d87f5cbee2282cc2,2018-08-20 13:05:15,219.90,26.52
3e1088f1c96e2b55ef9a070866bd1f1e,1,b114bf337c0626166abe574eee9e3f32,7c67e1448b00f6e969d365cea6b010ab,2018-07-18 08:32:02,159.98,45.11
3e153abd068ad6638364a06df17cdc5d,1,0b6a32b32a7dc68b12e8a0e0805c44d5,fa1c13f2614d7b5c4749cbc52fecda94,2018-05-23 09:31:12,195.90,8.56
3e209a35ca9fb429434e538d9a015df5,1,cd46a885543f0e169a49f1eb25c04e43,710e3548e02bc1d2831dfc4f1b5b14d4,2018-02-15 11:08:27,99.99,14.43
3e5a5f26a57dc7918c951081887b0e88,1,18b0e642cbae7251e60a64aa07dd9eb9,85d9eb9ddc5d00ca9336a2219c97bb13,2018-07-16 19:10:45,22.32,17.09
3e60f029bab712985ebe5bb542730b6e,1,26782e17e3df2c4b6142ac9ddc0af5d4,7c67e1448b00f6e969d365cea6b010ab,2017-07-26 09:55:14,99.99,36.36
3e60f029bab712985ebe5bb542730b6e,2,26782e17e3df2c4b6142ac9ddc0af5d4,7c67e1448b00f6e969d365cea6b010ab,2017-07-26 09:55:14,99.99,36.36
3e6c77a5839517805ed2f8f80e7d9054,1,a3b994a761e7a3ef4b527ac7f1057e9c,3c7c4a49ec3c6550809089c6a2ca9370,2018-06-14 21:55:04,13.99,7.39
3e6f2b32accad480bf1508660cc2e609,1,46444262c3cb20869d7f96985fc0b08a,70eea00b476a314817cefde4aad4f89a,2018-05-10 06:29:42,388.90,36.72
3e851df052741b8294183d372f0bf1a2,1,494509de79a69ffbc694af3e4b1bd929,f45122a9ab94eb4f3f8953578bc0c560,2018-01-10 23:07:54,33.99,15.10
3e851df052741b8294183d372f0bf1a2,2,494509de79a69ffbc694af3e4b1bd929,f45122a9ab94eb4f3f8953578bc0c560,2018-01-10 23:07:54,33.99,15.10
3e851df052741b8294183d372f0bf1a2,3,494509de79a69ffbc694af3e4b1bd929,f45122a9ab94eb4f3f8953578bc0c560,2018-01-10 23:07:54,33.99,15.10
3e92efabf5eaa46e4ab7f20a10864785,1,854289563c41e83bc59072f5b61fdece,7e93a43ef30c4f03f38b393420bc753a,2017-04-20 15:50:14,177.76,11.85
3ea82ad47a5a11ed6d1cb5e1e8343b9a,1,08528915e9c75fe961048c13928b527f,e63e8bfa530fb16910dd6956e592bb81,2018-01-05 12:50:24,29.90,21.15
3ea85b54f4c54ccc998b38bebf6c2c15,1,13db47eae724e2848e12b71a617a3a41,7d13fca15225358621be4086e1eb0964,2018-04-17 13:50:26,499.99,21.38
3eaaa0491f840f400dcfe9469dd5e205,1,d1133fab4bf2da55f3ebdd4de51d8587,86ccac0b835037332a596a33b6949ee1,2017-09-26 22:15:21,58.90,26.95
3ec05d74c91669694d41dcf4d7cdc764,1,e15cee02291017f6f12b4115ffb417e6,391fc6631aebcf3004804e51b40bcf1e,2017-06-06 21:10:15,24.75,16.11
3ec5435a1c3bff282e994441ee5ee69d,1,bce474cc95b6e77657e10939b0b4248c,7d13fca15225358621be4086e1eb0964,2018-08-21 11:44:55,146.00,13.68
3ef7c7b43ae449415675a6c34720b78e,1,b15b38f8a24ce6254dfa5bc5a06f18c5,8f580d36c1e9d6fbce95283403c7d447,2018-06-22 12:31:10,383.50,19.82
3efebcb1a80d41e5a7865605155b8c09,1,4b7ddf18ef3c5205f6ec288dffcd7c55,c0563dd588b775f2e37747ef6ad6c92c,2017-05-08 13:50:20,139.90,16.19
3f24b1ee5184d84b2d4fe634755ab3f9,1,4724ffa427f315c485e39b02e21859b2,955fee9216a65b617aa5c0531780ce60,2018-02-14 07:31:26,12.00,7.78
3f24b1ee5184d84b2d4fe634755ab3f9,2,4724ffa427f315c485e39b02e21859b2,955fee9216a65b617aa5c0531780ce60,2018-02-14 07:31:26,12.00,7.78
3f41fd6ddaad5817115c0d99360ad3e6,1,5a719c85a2cad2da6076ea511aa4023f,3340ef1913fb70d28420f6ceb685c339,2017-11-30 03:12:47,177.99,16.00
3f70fa55743ebe05b4b94594c082dfc4,1,7ce94ab189134e2d3c05f496d635419c,8b321bb669392f5163d04c59e235e066,2017-12-20 02:12:07,13.65,11.85
3f9da547c613941c5743b7e033c6ad31,1,7762d533895097b6e2f2b64ef66b2ec9,1f7fd2a6fcd5a6fa5d8a4dabc72aaae0,2017-08-17 21:25:14,158.40,26.73
3fa59277573f0fe06ece044ebec2eb02,1,091af6c2d579fe0926b4fcb8db07f78e,4d6d651bd7684af3fffabd5f08d12e5a,2018-01-22 03:34:38,79.00,12.05
3fa77b110b9ab22eac07c61566e1370f,1,37f4d0bf85fbf875c920d460766d6a5c,955fee9216a65b617aa5c0531780ce60,2018-07-01 21:51:05,30.00,8.96
3fe0e2ede93f661b59fb83477ac2695b,1,82bf3b832fc83ce67cc295a7a8ab6783,855668e0971d4dfd7bef1b6a4133b41b,2018-07-19 20:30:56,16.99,7.39
3ffa9e029879039a01783bc81c868df1,1,64fb13596caf118c438edc5c6ed2d50a,88460e8ebdecbfecb5f9601833981930,2018-04-23 17:50:47,74.90,22.23
40001f4b6e1a35f0b99fc4f44078ab27,1,afeeea6271148ee1bb15173b8187c431,53243585a1d6dc2643021fd1853d8905,2017-12-14 17:37:27,189.90,26.36
4014ecd96ac1d06f8cca3ac729c389ff,1,7b7867b1566350578959e705c5a46b2f,d1c281d3ae149232351cd8c8cc885f0d,2018-08-09 04:31:27,17.99,8.82
4014ecd96ac1d06f8cca3ac729c389ff,2,7b7867b1566350578959e705c5a46b2f,d1c281d3ae149232351cd8c8cc885f0d,2018-08-09 04:31:27,17.99,8.82
4027aaf151a408af313fee7a5af64c5a,1,e0a554e92afe71fd7f9380b7b135175b,0ea22c1cfbdc755f86b9b54b39c16043,2018-01-05 00:13:48,34.90,15.10
407b45a96cb1a7bdc352d2a499647b84,1,a2e3365ef10ca17767e0228708414937,8f2ce03f928b567e3d56181ae20ae952,2018-03-26 03:30:53,109.90,26.85
4082a09e70f0dcced54c17ec25ac2a50,1,e59dd207c69d86e890febadc796d1078,1c68394e931a64f90ea236c5ea590300,2018-02-19 15:56:06,144.41,17.45
40c42d9f9f9e938bae28e7716b4a748f,1,8338cef8355d238f43711dcb9c0657b2,cca3071e3e9bb7d12640c9fbe2301306,2017-12-04 23:31:14,45.90,16.11
40c4ddc2d5c871c28df2d3f804f02340,1,ba03e6c239904dbc13631313f7ba9d07,50c9975695009e5e6473912e83a6d1da,2017-07-28 09:22:57,72.00,65.31
40c5e18f7d112b59b3e5113a59a905b3,1,595fac2a385ac33a80bd5114aec74eb8,ef0ace09169ac090589d85746e3e036f,2018-06-15 10:58:32,119.90,8.78
40ccb6520c6922d1712766b66922e72d,1,7ce94ab189134e2d3c05f496d635419c,8b321bb669392f5163d04c59e235e066,2018-04-12 16:50:21,13.65,7.39
40d9b709b3b6a77fcd309165705f58d7,1,4298b7e67dc399c200662b569563a2b2,88460e8ebdecbfecb5f9601833981930,2018-08-07 16:25:28,119.50,22.77
40eccc6e24dab20604e730a4245b38fe,1,321fd48981c751663bc43487274e7609,1430239a858e7682bbc43b20758af153,2017-11-17 17:26:45,19.90,15.10
40f8df5351ca042862168f31bd853103,1,6cdd53843498f92890544667809f1595,ccc4bbb5f32a6ab2b7066a4130f114e3,2018-03-19 14:08:22,349.90,59.00
410cfb42b9a36728a695fe883df04ebf,1,bd07b66896d6f1494f5b86251848ced7,5058e8c1e82653974541e83690655b4a,2018-06-27 04:15:17,149.99,82.50
410cfb42b9a36728a695fe883df04ebf,2,bd07b66896d6f1494f5b86251848ced7,5058e8c1e82653974541e83690655b4a,2018-06-27 04:15:17,149.99,82.50
4134d857ea0e2009e02f6f90888fa583,1,dd60cac04e6bcbc919cb1c7dcc473211,febab0275244b9a49a623f0bd613ca2f,2017-08-03 20:45:22,29.90,16.11
413d21c694c928b464c2cc8d3904b2b1,1,306599a052830af3cfebe42ee7a79dde,53e4c6e0f4312d4d2107a8c9cddf45cd,2017-11-30 17:23:29,55.00,13.41
4146a8b684caef22542409dd06db0d32,1,bde17838f4e4b0da69933dc1d8e07598,5f5b43b2bffa8656e4bc6efeb13cc649,2018-01-11 17:52:19,148.90,16.80
41498083868bfdab3ed24190348d1929,1,6b8d627bee6d96ddc7a0aa203ba07016,53243585a1d6dc2643021fd1853d8905,2017-09-04 11:28:15,174.00,18.50
415171a59b0a29988351b6d7652d993a,1,74ae869eb82594d9cbe6e934cf143e0c,ea8482cd71df3c1969d7b9473ff13abc,2017-11-16 02:46:03,29.99,14.10
41601ce3031e924168afb94d2758f80a,1,948cf1d0e3086dc58ca7332b39abda1d,3d871de0142ce09b7081e2b9d1733cb1,2018-01-22 12:16:18,89.00,17.87
416c076dfc39af8d2ac638a07641414a,1,3362ef5324870dec8f228bc39f93245b,53e4c6e0f4312d4d2107a8c9cddf45cd,2018-08-14 10:04:39,35.00,23.05
4190ab61a7fced69f3ee84d1da1120cc,1,7053ea870121d9f77c255101139dd0e9,4b5f66b7adcf57f1ecc0d3c07dd6b177,2017-12-14 02:36:21,172.50,38.76
41b0c346ca595e5a94067d231e4106af,1,fed5c40c27e1c88560a9e92d82ee0825,128639473a139ac0f3e5f5ade55873a5,2018-04-19 10:50:56,19.90,22.06
41d9fff5e0bfa8712b28b761fa2f6bee,1,328ccc632fdfa11f13190f1e6c773bdb,87142160b41353c4e5fca2360caf6f92,2017-02-12 10:42:58,19.90,10.96
41db55b77650928f1720b63029141585,1,5a848e4ab52fd5445cdc07aab1c40e48,c826c40d7b19f62a09e2d7c5e7295ee2,2017-11-29 19:55:30,122.99,14.61
41db55b77650928f1720b63029141585,2,5a848e4ab52fd5445cdc07aab1c40e48,c826c40d7b19f62a09e2d7c5e7295ee2,2017-11-29 19:55:30,122.99,14.61
4224d3207aa1acffc28e6b36c7c2c8af,1,f70dd37d94cc7026ca198b9d7574c7bc,bbaff50f3b708fda865918715276cd87,2017-03-21 11:20:40,37.50,12.93
42769a5163a34297f4458dbccf206b36,1,7fda46e6f8996ebe3acf684cca0124c2,3b15288545f8928d3e65a8f949a28291,2017-09-01 16:55:19,99.99,25.54
42859f65ccaf46af651014e239a1a71f,1,f1c7f353075ce59d8a6f3cf58f419c9c,37be5a7c751166fbc5f8ccba4119e043,2017-07-06 10:03:31,205.00,38.57
42aba87a5d74e497fc853cde910d4e32,1,1e4ab43607e527a9a558faa24a9e6e81,ed4acab38528488b65a9a9c603ff024a,2017-11-30 14:53:50,19.99,7.78
42df71f66e653cbe9e87913834e59873,1,9ac1378f05cd222b3fb34a3cccc626c7,f46490624488d3ff7ce78613913a7711,2018-07-02 04:59:09,31.90,18.37
42f4c86bcf6208509573ee18d460b636,1,60bf1bc45f1207a9d08863c1f6d390c8,0ea22c1cfbdc755f86b9b54b39c16043,2018-05-08 17:54:36,19.90,15.23
4316640980023505d9d103d3040a85a5,1,cd48f265a63e13b762601f5f794c5fca,e9779976487b77c6d4ac45f75ec7afe9,2018-01-11 09:31:24,47.49,9.94
4316640980023505d9d103d3040a85a5,2,cd48f265a63e13b762601f5f794c5fca,e9779976487b77c6d4ac45f75ec7afe9,2018-01-11 09:31:24,47.49,9.94
4325d8ef762f1699578d3cc516484f2f,1,ea70c7ac7beedf6663e1ddbde272384a,f45122a9ab94eb4f3f8953578bc0c560,2017-11-21 16:35:30,56.85,9.09
432c5d90dae98b9496ac75c5108c530a,1,827c4a77226a3e7ef259d61eaa775df9,b14db04aa7881970e83ffa9426897925,2018-02-14 23:29:40,39.90,17.60
434f7a628e876492870a0849b88e007a,1,95b5038cce133b8c926678c768012103,77530e9772f57a62c906e1c21538ab82,2018-06-28 05:12:46,279.00,45.82
4370467d3d9de99a4f75e1d8abf9090a,1,ea0342e49437a3633a3a35c326aa1e46,7ad32824caee82087b3e2e5f33b1bf32,2018-04-19 15:13:22,89.00,18.50
43776dfb549a4d0a2d069bfabfc4b134,1,0a2fff0d95ef3bbb7dffc618f9542ba9,4869f7a5dfa277a7dca6462dcf3b52b2,2018-02-13 02:35:46,99.00,12.19
438f8c9a0abdfdd3401b52e89084c612,1,508d5e8ce8e79bb506f9f0c096b295c4,a7f13822ceb966b076af67121f87b063,2017-02-20 17:50:16,86.96,26.11
438f8c9a0abdfdd3401b52e89084c612,2,508d5e8ce8e79bb506f9f0c096b295c4,a7f13822ceb966b076af67121f87b063,2017-02-20 17:50:16,86.96,26.11
438f8c9a0abdfdd3401b52e89084c612,3,508d5e8ce8e79bb506f9f0c096b295c4,a7f13822ceb966b076af67121f87b063,2017-02-20 17:50:16,86.96,26.11
43ac8d91a0749b176f9c311545881aa7,1,8dad29b3b6c42d0b966e5ea7b5498132,4e922959ae960d389249c378d1c939f5,2018-01-01 22:36:29,129.00,13.92
43c0147ac5c2cd461632f6b12eddf8f6,1,154e7e31ebfa092203795c972e5804a6,cc419e0650a3c5ba77189a1882b7556a,2017-10-05 03:56:37,23.99,15.10
43d0e984f7e7256bce2b8f15fdfef0dc,1,00b4155166f994ba9da3cf001eb80505,cc63f0dd2acba93ffed4fe9f8e0321fa,2018-06-28 22:13:46,94.00,23.46
43e16679b4c9df0ae3d5fefa59a34ff4,1,d070415dddac66bcbc0a2e4f253c0f81,712e6ed8aa4aa1fa65dab41fed5737e4,2018-01-02 16:08:02,315.00,116.06
43f5b8a8303562c644185a6bfd2cf3dd,1,e1f3f6e6cd65169825945c5d696f568a,57e632711dec9ec14ca7546769483e7e,2018-06-13 12:23:33,141.90,18.87
4431c5cb9924f46deb9eccfb159cf340,1,cb624905bc39979a816f8906c70bd6bb,8cbac7e12637ed9cffa18c7875207478,2017-12-11 11:05:29,27.50,17.92
44c4f29a13457f2c0e36f5520a215609,1,f35927953ed82e19d06ad3aac2f06353,669ae81880e08f269a64487cfb287169,2017-12-26 09:58:29,115.00,15.56
44e38bed584d8533aecfd6018f420f82,1,723ab68453652dae58066eda82a8547e,12b9676b00f60f3b700e83af21824c0e,2017-12-21 02:49:37,199.00,60.56
4534e0f076366321574b9b39f3c3ff52,1,c19d5ba108c34b8255cf9a524da92bc4,4e922959ae960d389249c378d1c939f5,2017-05-08 02:42:52,75.00,11.14
456ed1919e7baeb18f95d9c1ab8d2cca,1,0bf0f08192fdf749718e1225a5f89e26,282f23a9769b2690c5dda22e316f9941,2018-04-09 05:50:29,52.70,15.25
457ad46174cf848b645e2ebe12038917,1,ad5d8ddac19451ea0f20b6c38afc3bc1,7e1fb0a3ebfb01ffb3a7dae98bf3238d,2017-04-17 22:15:18,96.00,11.28
458c3becc527a774b463c7beaa28b105,1,5c2bb11cf2149bd4d9fffcc1246458c3,dbc22125167c298ef99da25668e1011f,2018-05-11 17:55:20,96.89,14.65
458c3becc527a774b463c7beaa28b105,2,89e4362d74afa10ac57f8d67210132a6,a3f0b55de503387383c7b1de3ad7f678,2018-05-18 17:55:20,89.90,14.65
458d8f9336efffc85b1efa5dd18aa86f,1,aca2eb7d00ea1a7b8ebd4e68314663af,955fee9216a65b617aa5c0531780ce60,2017-12-07 14:56:46,75.00,20.02
45a6db7c0c90c420e4659ae681f7e761,1,0c3305267c17b542aecbc2385f5f0794,fe2032dab1a61af8794248c8196565c9,2017-05-16 22:22:48,219.90,13.04
45ca85d3a9ce8406d3291753acce966d,1,8fa5bb1e4de7a63ee554487c2f2ee076,de23c3b98a88888289c6f5cc1209054a,2018-07-09 23:30:25,69.99,8.65
45da19cff07c4148ba32b1a6bb8d87c1,1,46d6fa3170df63d5372aa59928ba33dd,8f2ce03f928b567e3d56181ae20ae952,2018-05-10 02:15:22,99.90,26.78
4618b886260f174ba97bd9a7b81b01a5,1,d3c044bd42d84a79e3b0c42662806a48,4c2b230173bb36f9b240f2b8ac11786e,2017-12-07 04:38:57,35.90,16.79
4649c5e95df94c2a37938bed23879e64,1,3b42242085259cb66b6e577ae5173c76,972d0f9cf61b499a4812cf0bfa3ad3c4,2018-08-16 17:05:21,65.52,27.41
465c2e1bee4561cb39e0db8c5993aafc,1,11250b0d4b709fee92441c5f34122aed,e59aa562b9f8076dd550fcddf0e73491,2018-02-27 12:28:15,412.00,27.72
465c2e1bee4561cb39e0db8c5993aafc,2,11250b0d4b709fee92441c5f34122aed,e59aa562b9f8076dd550fcddf0e73491,2018-02-27 12:28:15,412.00,27.72
469872bf23abc5c0ce6db24fd6fec382,1,53b36df67ebb7c41585e8d54d6772e08,7d13fca15225358621be4086e1eb0964,2018-05-07 15:12:19,99.90,0.00
46bbd69cb8d68f6c34fc754e569b4630,1,dd1247b741df1771259ee7beb0e4b8fc,6560211a19b47992c3666cc44a7e94c0,2018-06-28 11:56:57,35.00,18.35
474c0bedc28c30c7568c589c047b75bb,1,d78c524a16fe960ae8229034d4541469,c70c1b0d8ca86052f45a432a38b73958,2018-04-19 20:51:29,95.00,7.53
47526268d1ca9101d88afed0fb430ed3,1,827c4a77226a3e7ef259d61eaa775df9,b14db04aa7881970e83ffa9426897925,2018-08-30 14:31:42,49.90,9.10
477d714fae5a61fe245f9d4c7cebc2d5,1,72a26085dd4fbd27f7206188081008d9,93b9a99027bd8bd6af682aff18dd19bf,2017-07-12 11:30:10,73.00,25.06
47c3ce4efeeff5eae692f5d31ef009e3,1,1491a8ff192d4b5c369b0eaa2fe33ee5,37be5a7c751166fbc5f8ccba4119e043,2017-07-11 04:05:23,205.00,28.81
47c65e2da8bf586e8d74fd1f0cfe7a68,1,9f7fa43dfe21e43d37d65a6f2369c6ed,7ea5bfa6c340f58f8e71fc1f0412b0d6,2018-04-23 22:31:22,19.99,7.71
47c65e2da8bf586e8d74fd1f0cfe7a68,2,9f7fa43dfe21e43d37d65a6f2369c6ed,7ea5bfa6c340f58f8e71fc1f0412b0d6,2018-04-23 22:31:22,19.99,7.71
47e8f8fc6c6d0bdeb784394a599459a3,1,7cd29da0653abeb444703cc5a957f479,620c87c171fb2a6dd6e8bb4dec959fc6,2017-06-07 09:03:03,37.90,15.10
47e9777346f914fcce7e8d5a411ca60a,1,a92930c327948861c015c919a0bcb4a8,6560211a19b47992c3666cc44a7e94c0,2018-06-10 22:50:29,78.00,18.43
47eb4e8c8baad88de8c4eec4c107c698,1,1d2d3b19f5c3d093d4dbccd3cd963a8f,7ddcbb64b5bc1ef36ca8c151f6ec77df,2018-01-22 16:32:36,194.99,16.12
47f353bb28503360d9e3c39a7004a12e,1,1107055c5c960ef6e183e781260aeafd,ea8482cd71df3c1969d7b9473ff13abc,2018-03-21 00:10:19,24.99,18.23
47f3a8b9c3d8dffb6f878768c73b0971,1,878446a0acbf50aaffcad66218c018ea,cca3071e3e9bb7d12640c9fbe2301306,2018-04-12 02:35:15,91.00,23.22
486189e06030d36779e10e55b6220d87,1,5d10b3779b68d58be0fcc46a1ee79689,45d33f715e24d15a6ccf5c17b3a23e3c,2017-10-23 08:56:21,139.90,10.39
486fed80178943ecdec90413036af979,1,5d66715cc928aadd0074f61332698593,a8739afb32aaa45e01815ca76f76f54b,2018-06-18 08:30:37,19.65,18.24
4881a6238632d9b0ffa3d48763aa2b7d,1,fa052b8f8028fd0a75b6b2671b1e1cfb,30a2f535bb48308f991d0b9ad4a8c4bb,2017-12-05 15:30:56,49.90,11.85
489e6c889dd29088ff5646a8c6d106ad,1,638882546765f357dc667b5987ceb69d,70eea00b476a314817cefde4aad4f89a,2017-11-23 17:35:30,88.90,17.87
48ac627a65c15df7cebf426bda6e6077,1,6e86c76c9073070701739dc4fae68a6b,1025f0e2d44d7041d6cf58b6550e0bfa,2017-10-27 00:40:57,108.00,39.69
48ac627a65c15df7cebf426bda6e6077,2,6e86c76c9073070701739dc4fae68a6b,1025f0e2d44d7041d6cf58b6550e0bfa,2017-10-27 00:40:57,108.00,39.69
48d230e6c8bd3de6e2c702e6869fea67,1,eba7488e1c67729f045ab43fac426f2e,620c87c171fb2a6dd6e8bb4dec959fc6,2017-03-23 22:22:24,198.00,15.56
48f38d47fa3e594216cbf679a60dc4fc,1,65266b2da20d04dbe00c5c2d3bb7859e,2c9e548be18521d1c43cde1c582c6de8,2018-05-22 12:19:24,23.90,15.23
48f38d47fa3e594216cbf679a60dc4fc,2,65266b2da20d04dbe00c5c2d3bb7859e,2c9e548be18521d1c43cde1c582c6de8,2018-05-22 12:19:24,23.90,15.23
48fe5083b6d757cea683f2f5f35e6703,1,383390bacab031887058eccc2e994879,784ba75dd9d20200c4caed3d7a77141a,2017-09-05 04:26:02,10.99,7.78
491a1961ff53513a57fa193570a11311,1,a1ca62481619b02ad09535f2b418bb75,4e922959ae960d389249c378d1c939f5,2017-08-08 12:05:30,75.00,15.28
491f5fabbd1c4d86ab4ae7a2024d7368,1,152e246b33c879d2b03461be76ca2ac4,77530e9772f57a62c906e1c21538ab82,2018-01-22 03:50:24,99.00,17.06
491f5fabbd1c4d86ab4ae7a2024d7368,2,28b4eced95a52d9c437a4caf9d311b95,77530e9772f57a62c906e1c21538ab82,2018-01-22 03:50:24,59.90,17.06
496b982d1f2a1315fcbf81ae2fed02a4,1,170e27ee183ac140aa68a86bacd2a6dc,86ccac0b835037332a596a33b6949ee1,2017-05-30 23:15:17,129.90,26.19
497dd86000dbe348d33b6fa239f2521b,1,3489d3fae282f7944399bc697554a1e5,f84fa566034f5e8e880a07ec624c56af,2018-06-27 14:22:16,29.79,7.47
497f1ff2bc62b9932e473fdd62ddde3d,1,167b4b8c4bd0c401bea62f5e050d70a4,25c5c91f63607446a97b143d2d535d31,2018-04-04 03:48:44,110.00,18.42
4989f3f8cec2a6f73b0d121c0e134624,1,42a2efd39155b59e16bac90081495285,7d13fca15225358621be4086e1eb0964,2018-08-16 16:35:26,157.00,19.20
499f4d2d2bf250a1bb18ca1feab13262,1,e28c20122447273e9e5f54f50f2762c2,602044f2c16190c2c6e45eb35c2e21cb,2017-11-30 05:56:49,52.99,11.87
49db7943d60b6805c3a41f5474772a09,1,7dcc2e60786a27f4a3115fdf666b81fe,1b8b75e227c9a9c100d0c210fb6176ce,2017-05-19 02:10:09,89.99,35.95
49e4b99628268d2b4f089f0662e13195,1,a59fb60fddcc72a9878b7ed5cb69d8e4,7040e82f899a04d1b434b795a43b4617,2018-05-18 16:15:42,14.90,15.23
49e4b99628268d2b4f089f0662e13195,2,a59fb60fddcc72a9878b7ed5cb69d8e4,7040e82f899a04d1b434b795a43b4617,2018-05-18 16:15:42,14.90,15.23
49e4c4907bdae7153ea492e2827fe5ab,1,6f58431a7150fa91bac9f28f5454a8e8,5656537e588803a555b8eb41f07a944b,2018-08-06 17:30:24,25.89,18.28
49e548b7ec1f515816b62230c96e8f74,1,777d2e438a1b645f3aec9bd57e92672c,4a3ca9315b744ce9f8e9374361493884,2017-11-30 03:19:21,69.90,17.74
49f0ab1be4dd7914c9fd7f8b0e7bab69,1,5f42d57952b7815098979a5c4fa6f82a,c70c1b0d8ca86052f45a432a38b73958,2018-06-20 19:57:09,110.32,8.03
4a0217620e6f7eeca8f035dbbd03a174,1,17823ffd2de8234f0e885a71109613a4,46dc3b2cc0980fb8ec44634e21d2718e,2018-06-12 21:12:50,219.99,35.08
4a1b2eddbc026752feeb5bdc37943b0d,1,bf2f8efdd119b43056e1355c46119f04,d2374cbcbb3ca4ab1086534108cc3ab7,2018-08-15 10:55:22,34.90,13.82
4a5a1f0d3ea7bba1b88f2d68e80e4189,1,ee3465de8b8ccf1b5e2f9f966cffcf04,33ab10be054370c254ddfcf0a6253422,2018-08-23 12:50:24,46.90,13.54
4a7187a003cd08090bc8effb19765333,1,8c292ca193d326152e335d77176746f0,7e1fb0a3ebfb01ffb3a7dae98bf3238d,2018-04-19 13:30:29,152.00,12.55
4a7187a003cd08090bc8effb19765333,2,8c292ca193d326152e335d77176746f0,7e1fb0a3ebfb01ffb3a7dae98bf3238d,2018-04-19 13:30:29,152.00,12.55
4a9c9be798acfc1e1539c75f2477b9b3,1,7d1a667dbc183583078324f912d42c6b,2089a6d640999f9b9141ac719b2af596,2017-12-27 10:31:37,112.00,12.28
4af8a8384c4092c4cf301aaecfdb5007,1,a298a105818dce6878b787e4af6cff7d,e26901d5ab434ce92fd9b5c256820a4e,2017-06-19 10:10:23,79.90,21.36
4b19c2fe3690d7e4aa8cbcf946ea6ce4,1,11acb40fe03811a7bc40babe5d11c752,fa1c13f2614d7b5c4749cbc52fecda94,2018-05-23 10:19:23,198.90,23.10
4b3c7f8318b056586e0407857f44a136,1,e2bb00220a167d9e60b6776ac33717bc,6560211a19b47992c3666cc44a7e94c0,2017-11-08 03:26:13,56.00,7.78
4b5893f13b0e06d63d6a27fd04544deb,1,f8f6fd145cc00519283cf3100477b2b3,91f5779a8731baca4809fdeade81803f,2018-01-24 00:30:30,121.87,18.10
4b99a000045d86380d5b014642fbc499,1,57c56b4871f4f353ac52c8015e9c5318,c840d3fdbba0790404fdae73d253b253,2018-07-03 12:50:17,129.05,19.05
4b99a000045d86380d5b014642fbc499,2,57c56b4871f4f353ac52c8015e9c5318,c840d3fdbba0790404fdae73d253b253,2018-07-03 12:50:17,129.05,19.05
4baf4e226efff68fe5996f63da09745f,1,c65f71634a9d0de5b4a1d7dbb6d3ae01,4c18691b6037662be2df78a765d98ab5,2018-06-19 02:31:24,45.50,12.98
4bb0dade496fdb8b82cd2fe250996451,1,d2f5484cbffe4ca766301b21ab9246dd,36a968b544695394e4e9d7572688598f,2018-08-23 11:30:32,12.88,7.39
4be3435a18d709c7bec9b8d5651088b4,1,f4f4debbcfcafe6858d1e37a1f6e436e,7c67e1448b00f6e969d365cea6b010ab,2017-10-23 14:05:02,159.94,41.11
4c074254980764fecff977c97ce88c4d,1,9aa9caee155847cddb376a05b9a39791,ea8482cd71df3c1969d7b9473ff13abc,2017-12-18 11:28:54,29.99,11.85
4c1274c724f3a08787a97b452004ff86,1,422879e10f46682990de24d770e7f83d,1f50f920176fa81dab994f9023523100,2018-04-19 15:55:22,53.90,21.35
4c342c53eed805e5712a130cccf665ee,1,601a360bd2a916ecef0e88de72a6531a,7a67c85e85bb2ce8582c35f2203ad736,2017-10-13 02:25:13,119.99,38.39
4cb8cb3ecb5dbc9df36cb56451499a0f,1,c9c0435c9331c27dc487a2dc1738a32c,f4db9b37944bcb8873e6b456ee190bbf,2017-09-14 00:03:08,169.99,38.33
4cbf4f8f95033da28ecc48d007d1b49f,1,4cc5551420f5d33daee6924b914125cb,a478c7961d6a992065b24e63b366f90b,2017-03-02 18:50:17,134.90,16.15
4cc0192e89c70ee61b2c1cd8ae665a5f,1,9db568ce8bf5e2e652d9f70edd5a0712,4e7c18b98d84e05cbae3ff0ff03846c2,2017-07-25 22:35:23,194.00,66.17
4cc22fa6b7267027aac4151271636112,1,b6c9cd6e3f66939d3156d1def59b7639,7adbd3210a7b3cc2235e225eef33574d,2018-08-20 19:50:22,78.90,22.83
4ce4fb772277f3a13a61a93b7f19d62e,1,b96665121d5d14f5da703d30f116a56c,00fc707aaaad2d31347cf883cd2dfe10,2018-06-21 16:32:19,150.90,20.11
4d52cfe3ad25169d39fe5e6f99d17e2c,1,fc1d8637c0268af3db482c14b7ef8e75,da8622b14eb17ae2831f4ac5b9dab84a,2018-04-09 12:49:05,149.90,21.97
4d5cefeb0501de96acd522c3742d3d04,1,53759a2ecddad2bb87a079a1f1519f73,1f50f920176fa81dab994f9023523100,2018-08-24 15:25:18,49.90,20.99
4d5cefeb0501de96acd522c3742d3d04,2,53759a2ecddad2bb87a079a1f1519f73,1f50f920176fa81dab994f9023523100,2018-08-24 15:25:18,49.90,20.99
4d65b53f48c951380c38eb2aadc99138,1,8473872cbf0ba205b447e8651bd6e03e,14d7985702e72162bbf13b6beb74ab2b,2017-05-05 18:30:20,79.00,14.72
4d73a326dfc780a0a459f4ca37111749,1,b6e352d888ba31d8999af279cd63aa24,f61c63d13f7cd800549d5acdd390ae72,2017-11-21 14:06:26,59.90,12.76
4d7cba9ac539bd48f7fdde25ccbf3eb2,1,521a361808bedd9fffb32181e501e09b,5b179e9e8cc7ab6fd113a46ca584da81,2017-05-23 04:05:31,149.90,15.80
4d9c8dea9380270c4d8151980f6c579c,1,289dfe89bc0d1eb6bea5a0a3bde85552,259f7b5e6e482c230e5bfaa670b6bb8f,2018-01-25 14:17:19,54.90,17.63
4dacdd4bc2de0f5f0aa9e11a735e8e33,1,9578d6732c124f549834fbe8c02e51df,7142540dd4c91e2237acb7e911c4eba2,2018-04-19 09:11:57,59.90,14.11
4dacdd4bc2de0f5f0aa9e11a735e8e33,2,f649a2fc406930962c1cd7b147497a79,e601b04acf48b4576e73ddca9481f0dc,2018-04-19 09:11:57,49.90,14.11
4db5da9151e0364d293923ca4a48d976,1,b1d207586fca400a2370d50a9ba1da98,1ca7077d890b907f89be8c954a02686a,2018-01-03 23:07:56,149.00,15.79
4deb2316dadf42f0daa6b8965d384ba8,1,cd2c03056720c7de4d6a59c1167bdee0,0ea22c1cfbdc755f86b9b54b39c16043,2017-02-02 14:46:06,79.90,5.14
4deb2316dadf42f0daa6b8965d384ba8,2,f727305c90ca9b9c36d4e84a817bc01d,0ea22c1cfbdc755f86b9b54b39c16043,2017-02-02 14:46:06,59.90,12.86
4dfe2ddcd2de2e45fd88e8c6bae55901,1,726b4e18f00255e2e63491bcba3f60b8,00ee68308b45bc5e2660cd833c3f81cc,2018-01-11 10:16:26,75.00,36.62
4e15214b61d5e952ea58075636fc6e99,1,546acf50e60127aacaed5190d95bf52b,c447f8dd3ed213f291d65ef074a268eb,2017-03-17 02:43:15,65.00,20.77
4e2b00bfdaa0253f5d2836299868634a,1,8f8cb7e4a7f16d339f87f8aa2711a003,850f4f8af5ea87287ac68de36e29107f,2018-02-21 18:26:13,89.90,15.39
4e3439f5dfa664c3a1dd0154a524f7cb,1,380b4664ba5bb18cc9db78ee6bac3558,6560211a19b47992c3666cc44a7e94c0,2018-04-24 13:10:41,29.00,18.23
4e797467960184f4812ea77710c08b05,1,946344697156947d846d27fe0d503033,1835b56ce799e6a4dc4eddc053f04066,2018-01-31 11:53:31,29.99,15.10
4e801b3860564f02745ba49a886fbc0d,1,2604055d4992311bc72b115b6d5adda9,440dd6ab244315c632130ecfb63827b1,2018-04-30 11:31:27,227.00,43.65
4e9326cf30a794635ef805fca2801aaf,1,3d6ef61d81f0c2a0957ea6bb00ecfdb6,855668e0971d4dfd7bef1b6a4133b41b,2018-01-09 12:26:52,318.99,37.89
4ea3c6eaf3dc15ad857675322bfb6bd0,1,28fe7bc9b73556b0cee83320fcd2600e,20a8b0dc55da94fe74d112082427c84f,2018-08-22 12:10:43,118.00,39.34
4ed72b48d55c5cb2ad3a63f2b96dca12,1,252641aa4855aef622089db60c4ad90a,06e5eefc71ec47ae763c5c6f8db7064f,2017-12-07 17:56:33,169.97,16.63
4ef3c842b74a91b2524df4e621606c94,1,9da0bebb7f9168679e748abbfad05edd,d2374cbcbb3ca4ab1086534108cc3ab7,2017-06-27 07:42:40,28.90,11.85
4f11c536ca6b0a28ea1c7583d6a5df63,1,2a5806f10d0f00e5ad032dd2e3c8806e,5058e8c1e82653974541e83690655b4a,2018-06-05 09:57:28,179.99,28.37
4f1948db278b553e701c7930ee85cb8a,1,3354a4e684f5e7199f9407db70ccd92b,7a67c85e85bb2ce8582c35f2203ad736,2018-05-22 02:55:15,89.99,15.53
4f39a9f31c5a7d46ecfc92571700a6f9,1,79a564cca1924553af76d396bf7c0662,9d5a9018aee56acb367ba9c3f05d1d6a,2017-07-13 12:50:16,174.33,22.02
4f45b64cff81907c56fcca5991321f97,1,3bad4452b9bf0554748e82f3a4a5673c,f125f3a310c2e5f822d116147de1e474,2018-05-21 11:14:27,95.20,16.64
4f53648717b48854fb9db283e2cf5d27,1,62fde58e97724f8b7519f3789eefa33f,dc8798cbf453b7e0f98745e396cc5616,2017-05-25 20:25:11,49.90,11.85
4f6d5b0656f4701bba88a3351199cb14,1,7855801875dac05bda454284be8be7db,f76a3b1349b6df1ee875d1f3fa4340f0,2018-02-19 09:08:20,139.90,23.85
4f9b8c1bedc66f4bd34725cfdee6833b,1,1f30aacc69904c0d0bf8d05cb2abef72,4a3ca9315b744ce9f8e9374361493884,2017-10-26 12:28:20,135.00,16.58
4fee0b89c704a8bb6a4431a63025b6da,1,10d13c18c631962fdc16cf4bbe67c730,c864036feaab8c1659f65ea4faebe1da,2017-11-27 07:53:32,219.90,23.86
4ff26dfe35ac427c553216fc1441218e,1,f2a286e75c6c6022c0e7242e12a39079,fa1c13f2614d7b5c4749cbc52fecda94,2018-04-19 18:30:41,168.90,23.68
4ff36f43b95e4fbebfa94b98f8f33847,1,35afc973633aaeb6b877ff57b2793310,4a3ca9315b744ce9f8e9374361493884,2017-10-02 12:04:24,89.90,17.88
502b66ddeae1875100eae9074f5d189a,1,66870cddd12bb52a4bc95468f0bc9fa8,a938325a4b357fd23a6a4d5bb126408e,2017-11-09 21:35:23,169.00,21.67
505bb60c12a248aa8c995503ec264554,1,1ae200ea89b47dfa17d0ae0745a25492,ececbfcff9804a2d6b40f589df8eef2b,2018-08-10 20:10:21,59.50,22.35
5077d279a7a371e5e70eae983cb3bccf,1,04433a8021475a2002663f94203c88da,750303a20e9c56b2a6bc45cdce0b897d,2018-05-02 06:30:56,45.90,17.06
509952a95c250007c345b4b929663dc6,1,08c1754fd6455e4c70a6521f4ed66819,8e6cc767478edae941d9bd9eb778d77a,2017-06-19 13:15:15,107.76,29.15
50aee6309ac7a0d4fd5c78ac0d4e5404,1,d1c427060a0f73f6b889a5c7c61f2ac4,a1043bafd471dff536d0c462352beb48,2018-05-03 04:15:20,119.00,19.74
50aee6309ac7a0d4fd5c78ac0d4e5404,2,d1c427060a0f73f6b889a5c7c61f2ac4,a1043bafd471dff536d0c462352beb48,2018-05-03 04:15:20,119.00,19.74
50be9eb370672ac7e49a1c1741cef069,1,7a10781637204d8d10485c71a6108a2e,4869f7a5dfa277a7dca6462dcf3b52b2,2017-10-25 14:14:19,209.90,18.72
50c148a26a1b15414632c64a2942374a,1,5809b7fd257b16bbd9bdf9507931673a,d57e18d5f73c7ccb7f7339b61166898d,2018-03-15 12:35:53,50.90,8.88
50cc103bda59bd29c59f33e00e19b4e7,1,48640118918b5bd6454e3fee20ad637b,2a7dc43cecabf23403078e2188437d1d,2017-12-13 16:51:56,294.00,26.90
50d00c9680bdca4f471658f02ca144c3,1,dc2410804cf782c5d87dbcd201b74e9b,897060da8b9a21f655304d50fd935913,2017-08-10 20:30:13,150.00,13.39
50d00c9680bdca4f471658f02ca144c3,2,dc2410804cf782c5d87dbcd201b74e9b,897060da8b9a21f655304d50fd935913,2017-08-10 20:30:13,150.00,13.39
50dcbb2a2604b38d231b84bde3f62227,1,6c037f9ff2d13c4236a23910ca598f42,0ed6ce5d87fd9c69eaacaeb778d67235,2017-10-13 17:49:32,69.90,16.25
50ec02cdd09a0a80fbb65a1505eed464,1,eb2d12bc991561d4ca5deff0e60854e4,a416b6a846a11724393025641d4edd5e,2018-03-09 13:15:29,128.90,9.72
50ef6a06a587a4f97f8483946c692e70,1,3cb39171fd36c50097f2dedbbe0dfe6e,16090f2ca825584b5a147ab24aa30c86,2018-08-01 16:10:32,30.99,18.32
514290e30cb76393d6623ca6d7d79ee0,1,c6dd917a0be2a704582055949915ab32,7a67c85e85bb2ce8582c35f2203ad736,2017-03-16 19:33:03,99.99,15.91
514b4450547a198b2000fe570c522277,1,c9dbe2eec19a8093cb5ac57486531c18,cca3071e3e9bb7d12640c9fbe2301306,2017-12-07 16:30:16,96.90,17.93
514b4450547a198b2000fe570c522277,2,c9dbe2eec19a8093cb5ac57486531c18,cca3071e3e9bb7d12640c9fbe2301306,2017-12-07 16:30:16,96.90,17.93
516b0fe870022210bab4e170fbf10ec1,1,f6255ba641ecb52b580793c20b7d728d,8b321bb669392f5163d04c59e235e066,2018-05-21 16:15:19,14.99,22.85
51759d8321ae577fc2d577b976f8130f,1,c20a3f598c16d77249da67e81caa8317,955fee9216a65b617aa5c0531780ce60,2018-04-27 13:31:20,33.00,16.32
518556dca9ef8c42a63ae02ced2a479b,1,69d3ff4f45d52d69e4b06760e0e154e2,7b0df942f46435babab05d49b744b2c4,2017-08-04 10:55:21,955.00,16.10
51b0dccc8596ce37a930dff2d63a10a2,1,bace90a7338e9d31371ad47811cf4c7d,1a3df491d1c4f1589fc2b934ada68bf2,2017-05-11 22:45:12,99.90,17.78
51c68b0aedaa22a0b426f5635ac439b1,1,9fc063fd34fed29ccc57b7f8e8d03388,ccc4bbb5f32a6ab2b7066a4130f114e3,2017-06-02 03:05:23,370.00,29.44
51f35f39bf5cf70713cb1354b2616e07,1,77e56e1e099429aab02aa75e36831eac,834f3294fba9f932f56edc879193f925,2018-07-30 15:25:06,712.30,152.54
522b77c3143ab6fcea6d948bdf2029dc,1,3258acb04d37e2f91f76c9250f3b80a0,c70c1b0d8ca86052f45a432a38b73958,2018-04-18 17:29:39,110.32,15.65
52432d42fb818ca588e38c5067f73c3f,1,6e835aea84ae8eb68b8c14878dd43b30,4d6d651bd7684af3fffabd5f08d12e5a,2017-12-26 13:30:12,69.90,16.12
52586b1b9916f51d8bf0d76295da9f6a,1,d4a8ab90e626911fa92af68c07228390,cca3071e3e9bb7d12640c9fbe2301306,2017-03-16 20:55:13,45.90,15.56
529c56bdb881d790cc51c6eea4f7b004,1,d4f91ac96799dc3d9221293e29892e30,afa6714acee029b2dfdf357e5579cc03,2017-01-28 22:38:56,139.99,22.91
52c1dd5de2f994e2979bb421330763ad,1,38947803f4effe2c45539bd71b509529,46dc3b2cc0980fb8ec44634e21d2718e,2017-11-29 22:55:04,229.99,22.45
5342b9531898bc55c9af92a2c49dbfba,1,1743a97176a0bff38a65331fae2306af,e882b2a25a10b9c057cc49695f222c19,2018-04-19 13:30:14,626.00,62.24
534e2b783c1e84bc830f3f372a31ba0b,1,b0523598b83f87d4f722cc77faf17cf6,f3da5b2ff499efb8d4a6d371d175d7dd,2018-06-18 23:21:13,42.10,11.32
535c025843acd3d8c280a3b32f77a1f9,1,f8f93700c26007f74716eca57d217cfd,d57e18d5f73c7ccb7f7339b61166898d,2018-05-18 03:30:33,66.90,8.88
539dddb1ac06e5b2d492d27c95d05504,1,4c8b28305f570899b6ded964ddd234a9,ccf8813e5a7d6c84d865cd38bfc2b130,2018-02-13 14:31:37,98.00,27.23
53e4afb03a9d1fd1346cb3536d79d326,1,f39a8b27ce90ac582103bf36f09690dd,16090f2ca825584b5a147ab24aa30c86,2017-10-03 11:49:29,319.00,10.98
541ed556b294e1dc5e80fb34a44917d3,1,09e40d66cfc38cddf812d8a495376722,822166ed1e47908f7cfb49946d03c726,2018-04-09 05:49:07,27.90,18.23
5445faac2614aebf5d7b9435b1d71185,1,4b7690d7352318e41ae9594241ac4789,44073f8b7e41514de3b7815dd0237f4f,2017-08-22 11:25:14,69.90,18.06
54536bfd6c2b325ae1b6c94e14aef912,1,887c03038c774a15272a3e75ca7b4fa7,de9727ca376d1be6ec121b110aa7954c,2018-07-10 02:35:16,68.90,22.41
54b4da510fed5dc3cf3e7a8e50a5f224,1,0c6f417a4037ab082ea5fe9a4e7da299,febab0275244b9a49a623f0bd613ca2f,2018-03-11 23:09:26,123.00,0.25
54b4da510fed5dc3cf3e7a8e50a5f224,2,ca9b2caa4f7ec65aeda5825e09dcf99c,5a8e7d5003a1f221f9e1d6e411de7c23,2018-03-11 23:09:26,59.90,37.30
54b4da510fed5dc3cf3e7a8e50a5f224,3,ca9b2caa4f7ec65aeda5825e09dcf99c,5a8e7d5003a1f221f9e1d6e411de7c23,2018-03-11 23:09:26,59.90,37.30
54b803c77b3baa82c6541268b252cc0a,1,99dc7241bbddb1c9da9ee00ed8070f56,b2ba3715d723d245138f291a6fe42594,2018-01-25 04:55:43,64.90,7.78
5506c622c9692ec1a2145b8b8f712eba,1,7f8b42a3cbe617b6112e0623f0d32fa2,c878515173c84a492ebe50d6b493230b,2017-05-14 22:25:11,189.00,24.19
5568db9dd4584b73544e077f55db4d78,1,158102fe543dbaeb84d87811bfe06d0d,002100f778ceb8431b7a1020ff7ab48f,2017-11-23 02:50:28,17.90,15.10
557a4667291301e8bf807fca57f21d3e,1,c448475cc4766baebabe30ee6d5f3fb7,3d871de0142ce09b7081e2b9d1733cb1,2017-08-18 08:50:15,45.00,15.10
55826c853b7245fee48da8b2539b6944,1,657247f6f60543b93e3cc708a8e6329c,7ddcbb64b5bc1ef36ca8c151f6ec77df,2017-09-28 12:44:19,294.99,26.58
5586165a8c737d52401ee3eadb09f980,1,6e59a5107a6102148b438cb33d5a2529,6cd68b3ed6d59aaa9fece558ad360c0a,2017-06-14 13:55:25,109.90,15.53
55b2e390d5d80ada31ad1b795ebeb087,1,c856eb93568d1abd93fbc39fc0a9704e,ed9eef5be0992d413d251fadba1a410d,2017-01-30 00:20:23,44.90,19.58
55b2e390d5d80ada31ad1b795ebeb087,2,ba1446377b3e8fb2c3ec8c7b59a0d9ba,ed9eef5be0992d413d251fadba1a410d,2017-01-30 00:20:23,44.90,22.02
55b360b9aeaf1fcec58a18a82b21b957,1,5aeece828f56fe1d486e1c5e6a7cb61c,fa1c13f2614d7b5c4749cbc52fecda94,2018-01-09 16:46:46,194.90,16.11
55cb20782f4a6b0174ea7afdb736265c,1,5570e58fb62fc2a83e5bda3974e35be5,da8622b14eb17ae2831f4ac5b9dab84a,2018-08-03 00:31:04,99.90,23.50
55cb20782f4a6b0174ea7afdb736265c,2,5570e58fb62fc2a83e5bda3974e35be5,da8622b14eb17ae2831f4ac5b9dab84a,2018-08-03 00:31:04,99.90,23.50
55f4f83d7685e3e84fe9ee9fdc7c953c,1,c0aed8767e46cce56e77db0ceef83035,cda598c48d7c614bc1cad7d8ff6f0010,2018-08-15 09:05:15,79.90,14.14
562076d60c251c77097429565cbec0de,1,b76364870c38ddd7dcc9dd9ab5abeeb4,2a6fbeaa7ab9e5d59a35841a8da71ce4,2018-03-04 22:08:50,48.90,17.60
56ba02ddcb5947d6fe4d7816e623e054,1,19bdd86ca06c5bcaf94fe9e856bd6a3f,fe49ee029e61e789a1f3a5525f57ba8d,2018-02-13 12:15:33,279.90,16.71
56c93a3f93a1e7eb24ed51a6931dc488,1,060965aa6dfa817b80abda0c9413cc77,1c5e4e49b9079480255b49d50aac1aa9,2017-06-01 02:50:20,834.56,99.14
56dc7f1b8195b7fbdd6479f055a203bb,1,060c17562f97e5bb60bc0dfa4dd5b3f2,9f505651f4a6abe901a56cdc21508025,2018-03-23 15:48:40,22.99,15.23
575bfb61f87cbd5b35f76ca953e1edff,1,9ff8568dfb9041b898e65ff4018c8c57,bd0389da23d89b726abf911cccc54596,2018-08-16 23:15:12,99.90,37.61
577e6fdfae22d140e0167cc4a674c1a0,1,5d6bea33648f018dbb563f3a2fab09f3,1025f0e2d44d7041d6cf58b6550e0bfa,2018-05-17 21:31:11,150.00,20.41
57829c554e00894996ac7cdc85692e8f,1,e5f20b4eb944eaae0a13bed3187201d3,8daab2245ebdc277c51098d01c5ad8ef,2018-04-19 19:11:06,93.00,16.62
5784dd3f2dfc12119aa244a42ed18b9c,1,2f3d6a007ef7d13bbfc3ac66894cf2e0,80e6699fe29150b372a0c8a1ebf7dcc8,2017-06-21 01:10:14,67.90,15.24
579332417ec95ade5b2e5ebe06de5d2d,1,cac9e5692471a0700418aa3400b9b2b1,7ea5bfa6c340f58f8e71fc1f0412b0d6,2018-05-21 17:30:54,99.49,16.78
57abb1f66732171fe6a0c44a796f747e,1,358f9c828a6dc15064ce2b9acdf38bf9,95e03ca3d4146e4011985981aeb959b9,2018-05-16 15:17:38,53.00,16.34
57abb1f66732171fe6a0c44a796f747e,2,358f9c828a6dc15064ce2b9acdf38bf9,95e03ca3d4146e4011985981aeb959b9,2018-05-16 15:17:38,53.00,16.34
57cb57d559e32eab26b8eeaec5514b3b,1,8bb2ca7d3fbcb7de9ff7b8250cb292b5,244c2f1bff6afe1f2eaf9bfe9b2aed38,2017-12-01 00:55:02,89.00,73.57
57d94aaa6b72ca15b3e4801c6d5c0959,1,7059637593d1eda31cef9582eba6a170,e9bc59e7b60fc3063eb2290deda4cced,2017-08-17 02:50:33,195.90,14.39
57f6d3bb73ed5867cdf53c4acff3f994,1,8c591ab0ca519558779df02023177f44,a1043bafd471dff536d0c462352beb48,2017-10-06 09:07:12,99.00,49.71
5814c4efa071d212c5b84498d9ca5809,1,332842d24e84234cd91299a225de76ab,634964b17796e64304cadf1ad3050fb7,2018-03-15 02:30:52,399.00,20.67
581b53cbadd804220b785d243c6b0ccd,1,f03859e4cc21018569f5ae7a03897ff4,7299e27ed73d2ad986de7f7c77d919fa,2018-06-18 21:30:44,159.99,20.31
582fcbf6c15d85c705d101b4a3b6c25f,1,53759a2ecddad2bb87a079a1f1519f73,1f50f920176fa81dab994f9023523100,2018-02-27 17:31:12,49.90,17.60
584c738e16c8bf7f525160ad449e103a,1,368c6c730842d78016ad823897a372db,1f50f920176fa81dab994f9023523100,2017-12-18 00:05:06,59.00,17.66
5864382447def49f38f45e63da084b3b,1,4ca054c4db947395a9f82c897d14b9cc,4a3ccda38b2129705f3fb522db62ca31,2018-05-11 10:56:15,161.25,13.57
586acfc7e057938293e006ece947648c,1,368c6c730842d78016ad823897a372db,1f50f920176fa81dab994f9023523100,2018-04-09 05:15:30,53.90,13.46
586c7a332a49228779ba40068cfeefb3,1,edec8e73963826ce09b218ed8cafe3a6,6481e96574816ead57975da2c0f6d80d,2018-05-17 11:58:25,77.00,11.87
588c0e3b460d83b9cd8a270edc0f4da0,1,35557c68a22ecebcf066e25ca2ddc144,f8db351d8c4c4c22c6835c19a46f01b0,2017-11-14 13:55:25,16.90,34.15
588c0e3b460d83b9cd8a270edc0f4da0,2,35557c68a22ecebcf066e25ca2ddc144,f8db351d8c4c4c22c6835c19a46f01b0,2017-11-14 13:55:25,16.90,34.15
588c0e3b460d83b9cd8a270edc0f4da0,3,35557c68a22ecebcf066e25ca2ddc144,f8db351d8c4c4c22c6835c19a46f01b0,2017-11-14 13:55:25,16.90,34.15
588c0e3b460d83b9cd8a270edc0f4da0,4,35557c68a22ecebcf066e25ca2ddc144,f8db351d8c4c4c22c6835c19a46f01b0,2017-11-14 13:55:25,16.90,34.15
58e8270bb23a598a7a351d4fc3a211a4,1,e8c2065927de366ef9622dbee0bb7b63,9c0e69c7bf2619675bbadf47b43f655a,2017-08-31 18:24:34,203.00,18.67
58fb05058cf15a3f9eaeb29497841a33,1,98f991fd34b7080dfef4fb7e7aabfd5a,6bb0724edf0b62fb91ac404873a97241,2017-02-24 00:34:48,117.00,29.01
592791e8c354caec0617c0ac1a9fd2e8,1,c71a9c53596bf311acd9e298a0b3dc42,5656537e588803a555b8eb41f07a944b,2017-12-27 09:51:50,16.59,8.11
5930304c1503cbf5928b7e38bc52e248,1,acf64dbad65e99f5bb490d85c59b2636,9d4db00d65d7760644ac0c14edb5fd86,2018-05-09 14:55:15,67.90,19.45
59754064fe4ffec6c0149904a6573d81,1,108c2bc00375b068ec4d353bfe3649ce,e5a3438891c0bfdb9394643f95273d8e,2017-07-31 23:30:15,109.50,17.21
59cbe1b4d431c65474bfcd53c3a3b227,1,054515fd15bc1a2029f10de97ffa9120,e9779976487b77c6d4ac45f75ec7afe9,2018-07-27 10:32:25,43.00,8.04
5a00ef28abf9645038a7d37c1639d2c2,1,69455f41626a745aea9ee9164cb9eafd,7d13fca15225358621be4086e1eb0964,2018-06-18 13:20:05,180.00,20.23
5a06ec99090e75d00d2b33b0efdce2f4,1,fa51e914046aab32764c41356b9d4ea4,1b8b75e227c9a9c100d0c210fb6176ce,2017-02-05 21:33:14,110.00,15.53
5a67391875062bbd3116a5c00524648c,1,5d7c23067ed3fc8c6e699b9373d5890b,6560211a19b47992c3666cc44a7e94c0,2017-11-09 13:26:06,49.00,11.85
5a872b37ac143343156a0dc43f1a19fc,1,a5f1e2bdbdb0cd9e44001c416fc3162e,e48b04bf1aa1ef711caebeb7aede6180,2017-10-18 04:14:11,69.90,19.73
5af817dcc7682f13101dbdef134be4e0,1,4473f3e5c65952b074ef987fa5c24662,ea8482cd71df3c1969d7b9473ff13abc,2018-01-30 11:16:25,29.99,14.10
5b0060ee75c02410928f7ca9e4632c5d,1,f99c1a9777ae7b608359a17bf3436d90,cca3071e3e9bb7d12640c9fbe2301306,2017-07-13 12:43:44,29.90,16.11
5b0060ee75c02410928f7ca9e4632c5d,2,f99c1a9777ae7b608359a17bf3436d90,cca3071e3e9bb7d12640c9fbe2301306,2017-07-13 12:43:44,29.90,16.11
5b265b1557d0d44a32df50b4fbf98c7b,1,1f8e6a79faf4326701aa4b07c0b955e1,822bad9bc42b51213ba522fe87b7ab5d,2018-06-07 02:15:11,1209.00,92.01
5b5b301c2306435fbdcd698f1c3a5ab0,1,5a0783457f0264ade6beeac64ba145f4,52f9db5cfb423382a2fa5c9e39303202,2018-05-02 11:30:35,62.99,18.32
5b8983a14e57e83fee3e9c9b6de5dc04,1,6c3effec7c8ddba466d4f03f982c7aa3,37515688008a7a40ac93e3b2e4ab203f,2017-12-28 07:29:00,24.50,11.85
5ba242824fe39eba234565e3f8c174be,1,aa8d88eb4b9cb38894e33fa624c4287f,6560211a19b47992c3666cc44a7e94c0,2018-06-19 14:38:59,55.00,23.11
5bb20a1f6eecf52b15642965e33b6dde,1,05019bc35fc2ed878c0c0f55346b91c6,86bf77bdb52e615674772d5817c6212f,2018-07-24 02:50:22,99.00,26.99
5bd9862e9eb167d733096279f6b353ed,1,869c418f22e0c0ed9207ff691f279e46,e63e8bfa530fb16910dd6956e592bb81,2017-10-09 08:14:15,32.90,17.63
5c1cabc415efcc828343f3b4b284b026,1,948cf1d0e3086dc58ca7332b39abda1d,3d871de0142ce09b7081e2b9d1733cb1,2017-11-30 00:38:06,79.00,13.57
5c673b6f0d8e4e50fabaf4428fd2f944,1,515ba7ccc6abbd1c0f5016704a0184e2,66922902710d126a0e7d26b0e3805106,2017-12-13 03:16:15,80.00,16.81
5c7ec55f4ff082a66c4ed58a2634af16,1,9ecadb84c81da840dbf3564378b586e9,1025f0e2d44d7041d6cf58b6550e0bfa,2017-12-05 03:25:13,32.99,9.34
5c8ce05c64397c5d1c67ab8ab448ed40,1,ba5fb4ab9cd70d201b74b5bad9d4ca00,562fc2f2c2863ab7e79a9e4388a58a14,2018-06-15 09:56:23,27.99,22.13
5c94016e2e826e386554fe7e183161e0,1,86a79a785b65ce2e2d8f0d66e329d516,0bae85eb84b9fb3bd773911e89288d54,2017-07-24 05:50:44,29.90,17.92
5c973d2b4652e1dec15353b59339f3b4,1,e9eebb8e8ba0fadb9020f8ba1c003b48,620c87c171fb2a6dd6e8bb4dec959fc6,2016-10-11 12:13:52,349.90,13.61
5d1466f38183f13f22491a21c09982a1,1,53b7965906cf23c063da1ff89f50a257,602044f2c16190c2c6e45eb35c2e21cb,2018-06-19 20:58:30,53.00,19.56
5d146abaaa0996f8cabcb5a3fa96bad7,1,b8a0d73b2a06e7910d9864dccdb0cda2,620c87c171fb2a6dd6e8bb4dec959fc6,2018-01-19 09:29:58,59.90,15.17
5d1ab3e75c76552ea4661a441fe24d78,1,aa8e397582b49721494b929b3216b41f,1da3aeb70d7989d1e6d9b0e887f97c23,2017-09-20 14:30:14,25.00,14.10
5d1ab3e75c76552ea4661a441fe24d78,2,aa8e397582b49721494b929b3216b41f,1da3aeb70d7989d1e6d9b0e887f97c23,2017-09-20 14:30:14,25.00,14.10
5d1ab3e75c76552ea4661a441fe24d78,3,aa8e397582b49721494b929b3216b41f,1da3aeb70d7989d1e6d9b0e887f97c23,2017-09-20 14:30:14,25.00,14.10
5d1ab3e75c76552ea4661a441fe24d78,4,aa8e397582b49721494b929b3216b41f,1da3aeb70d7989d1e6d9b0e887f97c23,2017-09-20 14:30:14,25.00,14.10
5d1ab3e75c76552ea4661a441fe24d78,5,aa8e397582b49721494b929b3216b41f,1da3aeb70d7989d1e6d9b0e887f97c23,2017-09-20 14:30:14,25.00,14.10
5d5a92f1288cfea0501ef343c74591a9,1,305307f44f730d8ddd6db6e2efedee64,4a3ca9315b744ce9f8e9374361493884,2018-03-15 12:28:59,65.90,13.82
5d67cca99e80d5f9cc0cda0ce73ca3a3,1,963022ab2afed8b12ad312739a142b07,e5a38146df062edaf55c38afa99e42dc,2018-01-22 03:50:04,89.18,15.38
5d70582531ed37f284797ba1354e0c50,1,08574b074924071f4e201e151b152b4e,001cca7ae9ae17fb1caed9dfb1094831,2017-03-30 13:10:09,69.90,31.23
5d84669999cbca120d2d557e6995ee80,1,91442659f31ec0f0fc73215e77854fac,6560211a19b47992c3666cc44a7e94c0,2018-08-19 22:44:11,55.00,19.30
5e1452bdf1c8fcf2b69f810cf9374a8e,1,0654d3c1e3efc7e7cd9dbde9cb743df2,f918546be4bec7104d117789ba758b2b,2018-03-29 02:10:52,55.00,19.36
5e3eb18fc8a18f4ce40f831b01532b4a,1,2ac7c9339ff85fff3e1aee3eaf7bb315,ad273c9eb54ecb4532de4bf75bae9e4e,2017-06-15 02:50:34,32.00,14.10
5e526b01963709e583bfc89cac4d9f2a,1,073af5ae737ac55290eb733f67317242,b4ffb71f0cb1b1c3d63fad021ecf93e1,2018-02-16 21:29:14,120.00,19.38
5e5fed142a552be6d6f1e04a800446d6,1,02a97df83a8a100c7d2b14a02aea6a3d,620c87c171fb2a6dd6e8bb4dec959fc6,2018-02-27 03:11:18,69.90,15.24
5e7ac1d3afa3583411b284bebd5dcdcb,1,461f43be3bdf8844e65b62d9ac2c7a5a,4869f7a5dfa277a7dca6462dcf3b52b2,2017-08-02 09:45:14,157.99,15.86
5ec0629d25d2736b943c5607137c5182,1,7a5d0e89d069c89b2112e9da539343c2,688756f717c462a206ad854c5027a64a,2018-06-28 12:30:44,119.00,18.63
5ec17d5853c4bad3b18adb6778b3ac0d,1,0a4f9f421af66d2ea061fbb8883419f7,c70c1b0d8ca86052f45a432a38b73958,2018-08-14 14:50:16,110.32,8.03
5ec17d5853c4bad3b18adb6778b3ac0d,2,0a4f9f421af66d2ea061fbb8883419f7,c70c1b0d8ca86052f45a432a38b73958,2018-08-14 14:50:16,110.32,8.03
5ee65ec4982eb4667be9fba3b90fa184,1,521a361808bedd9fffb32181e501e09b,5b179e9e8cc7ab6fd113a46ca584da81,2017-07-06 20:25:13,149.90,17.30
5eee79207209ec0e102581f289e2a6db,1,5b226d7c52f86ac72457617f78cff95d,1835b56ce799e6a4dc4eddc053f04066,2017-12-26 17:29:20,56.99,16.16
5f98eca70415773e1187c9309b38acda,1,183c95ad186f48c320bbac4643829d3f,cab85505710c7cb9b720bceb52b01cee,2018-08-09 22:10:22,49.90,18.45
5f9c456bbb57754ed7f95c12c8f759f5,1,288d91794eb2b14fed9ed5e469cb87c3,1835b56ce799e6a4dc4eddc053f04066,2018-01-25 09:19:23,77.00,15.29
5fa285b6edf81b62a0b66dae40d38d0e,1,71a7800a633691de8ecdd17463335e2e,f80edd2c5aaa505cc4b0a3b219abf4b8,2017-12-07 04:30:44,67.90,18.05
5fab73b31e4fd43344a3f2fa650807ce,1,d1eb048cceb0bd37ada007e53afe32d3,ad273c9eb54ecb4532de4bf75bae9e4e,2018-01-08 17:56:42,89.00,14.37
5fd9a69139ba87e71880fd5936171fe9,1,165f86fe8b799a708a20ee4ba125c289,7ddcbb64b5bc1ef36ca8c151f6ec77df,2017-11-03 11:45:11,146.99,21.52
5fdfdf9c7e10eb512c9ba20fdf28e632,1,4cb922d064b9a86b25b900350108771e,3078096983cf766a32a06257648502d1,2018-01-16 20:08:21,89.99,13.65
601aeff176a15b40925c874c87b0cc16,1,bbaef2eadf31fe3ea6702077398be06c,cc419e0650a3c5ba77189a1882b7556a,2017-08-18 09:43:45,56.99,11.90
6036d4eca40644c890443b856040cb18,1,7ce94ab189134e2d3c05f496d635419c,8b321bb669392f5163d04c59e235e066,2018-05-10 03:30:48,13.65,50.85
60374093aa8d84de08b2c04a3eec89c4,1,9391a573abe00141c56e38d84d7d5b3b,4a3ca9315b744ce9f8e9374361493884,2017-11-29 03:08:23,230.00,52.80
60402252b419752cfe565a2a99f9cb55,1,9c8d68903b5106018c797e0e862ae55d,8b321bb669392f5163d04c59e235e066,2018-01-03 09:31:02,12.30,21.15
6045586df3b03485018e77a6a16bf689,1,d1c427060a0f73f6b889a5c7c61f2ac4,a1043bafd471dff536d0c462352beb48,2018-03-22 17:50:33,129.00,78.54
6054b24d6a5bbe0e90fd7ebb14d602e8,1,d8a5b759acaff49096bf67c33d9a9372,297d5eccd19fa9a83b2630071ff105e4,2018-08-29 09:50:16,98.00,9.82
60550020e1d493392c427942b5ddb37d,1,8562e2c780a345b609e1b802d7e3e4ae,8160255418d5aaa7dbdc9f4c64ebda44,2018-05-02 08:51:59,79.90,23.49
607e1a17f3e649f24abe13bb0dd25abe,1,37eab73447adec63c01f2cebf76afd9e,e9779976487b77c6d4ac45f75ec7afe9,2018-05-24 03:35:21,21.00,18.23
607e1a17f3e649f24abe13bb0dd25abe,2,37eab73447adec63c01f2cebf76afd9e,e9779976487b77c6d4ac45f75ec7afe9,2018-05-24 03:35:21,21.00,18.23
607e1a17f3e649f24abe13bb0dd25abe,3,37eab73447adec63c01f2cebf76afd9e,e9779976487b77c6d4ac45f75ec7afe9,2018-05-24 03:35:21,21.00,18.23
607e1a17f3e649f24abe13bb0dd25abe,4,37eab73447adec63c01f2cebf76afd9e,e9779976487b77c6d4ac45f75ec7afe9,2018-05-24 03:35:21,21.00,18.23
60d98124c3228470422ecadff6550e3c,1,cbd63fa909c967a6416090f22a76abd8,5b8154610ebb21fb90eb587365e673df,2018-01-05 21:26:47,49.99,9.94
60e3a3852eb45dfe8e9cce6c97c1a1b1,1,0f9a07df17934769a978a9b2917ba8a3,c8b0e2b0a7095e5d8219575d5e7e1181,2018-03-08 16:10:34,199.99,17.03
60f2ddc8d4430b5d01a1b3aa873d2d03,1,044f05bc9de36e8a693a83e4bc79dd0d,ea8482cd71df3c1969d7b9473ff13abc,2018-01-17 14:29:22,24.99,7.78
60f2ddc8d4430b5d01a1b3aa873d2d03,2,67cf741b2e7fa5801046eeb8b95b8aa8,ea8482cd71df3c1969d7b9473ff13abc,2018-01-17 14:29:22,24.99,7.78
60f444f47da9e98ceae8864e4a67fb0b,1,76eb799b655cf6ad3354a092e11246dd,eb5b6204dde3a6e03b5f1bb8479f055b,2018-04-19 02:15:39,26.90,7.39
60fedd48f279e3f0ce27e48d6d7b895d,1,270c3d76b5efb36480487920cec3e167,d1ef48b38baca7e831711c4a0aeb398f,2018-05-17 20:31:14,55.00,67.31
611422343cc9f16ead16e75de8622dab,1,874662e6b58fb0dcde2888d40046c6e6,744dac408745240a2c2528fb1b6028f3,2018-04-10 03:29:26,198.00,61.45
61224c4690fa8613b56e0469cea9415c,1,40c9f84a8919516ca9b0d6a9f5ad27f4,20d83f3ef0e6925fd74bfd59170babf7,2017-09-18 18:30:34,59.90,21.22
61224c4690fa8613b56e0469cea9415c,2,a82a1fcaf427ceabe9df656409d7acdb,20d83f3ef0e6925fd74bfd59170babf7,2017-09-18 18:30:34,59.90,21.22
612d5630822f4796875619b3a6a7b481,1,2b27cb23faa03f71607fcdd1539387f3,d4ffeb15b67e81ff9af2b4252d99fb7e,2018-05-09 12:19:51,97.00,27.41
6135f38f4bb6d100bd3b064ccaddf7b8,1,f71050e65776861c8c3ec7a2d2b0194c,53e4c6e0f4312d4d2107a8c9cddf45cd,2017-11-30 07:49:36,71.00,11.73
613d338b0c2fb3b1dd0a73d6f3bfbdcc,1,5688e01178de72fdee95d7d456d387fd,bd0389da23d89b726abf911cccc54596,2018-01-15 14:51:37,51.90,16.80
6175b1fa7ea822df4907c8e4b71fc192,1,c1682e15732b5ae93506aac9133944e1,da8622b14eb17ae2831f4ac5b9dab84a,2018-04-06 17:15:27,254.90,35.32
61d54e16685b5da6db2e220e6588c376,1,79161ecc0839d5d58374918d289ee6c7,5795aebfe331fbcd02a2c4b679fb7952,2018-07-24 11:55:16,185.00,18.23
61e21e4b85fafad4710e3431429af0eb,1,88c20c5a22f2ca169af8cfc2df00a7a2,f08c008c8a8d31417763738a1788a2a8,2017-12-06 02:23:57,67.90,15.23
61f26d1fbc29fc8e6d6bc8ba373e81f6,1,6341aca5b02d00d80b6f4dead6816435,5194c22ed1f616ec0c0f33c571542879,2018-07-31 21:30:18,29.90,22.14
6233c53ce8bfd732fc643c0443741c5b,1,9b0ad21bbd4384f9ebc28a688e1e81cd,128639473a139ac0f3e5f5ade55873a5,2018-06-26 09:31:00,18.90,13.47
6255b494d1f33dd8dc68c7e80c4a7119,1,165f86fe8b799a708a20ee4ba125c289,7ddcbb64b5bc1ef36ca8c151f6ec77df,2017-12-08 18:08:26,166.99,34.83
62899f7b8e4122204fc3d26d8d2c3737,1,e251ebd2858be1aa7d9b2087a6992580,001cca7ae9ae17fb1caed9dfb1094831,2017-07-26 11:43:36,112.00,36.86
62ab60742c7a27d40b3791436f197bd4,1,0c71252f37443403376d2008034a7240,f5f1f2c5f923f36ad79ea1d07185ddc9,2018-03-22 21:48:10,115.90,18.69
62b4063077164817444ed917010c5c16,1,77a399638eca91f6fa1a508a30e01565,25cf099de44674fde97473224f9d59ab,2018-08-09 23:10:17,27.18,8.94
62bc181a6d897eba7057bb531ea5f094,1,2b4609f8948be18874494203496bc318,cc419e0650a3c5ba77189a1882b7556a,2017-10-02 10:27:27,89.99,15.38
62bffd187fdcb56c61d7980953e3ceb7,1,acc78c9d340dbe682491c9d31ea7e187,7ea5bfa6c340f58f8e71fc1f0412b0d6,2018-03-22 13:08:59,149.99,19.74
62d2be1fdefb1437c1d94932ecd95545,1,c7e02747ef9366a4fb7f4ac4fd261c36,974cf2cb8f4b7add98709c30df02fe10,2018-02-14 10:15:34,119.99,13.86
6305aec3fc288054e3c30457795f98a8,1,8a1fccc6b1baa3ff391c89b916176091,dd533b429f380718b70ad9922c294bae,2017-10-06 08:49:20,19.99,34.15
63427723caf2bf22cb154f3d26951677,1,1612209b0b37fbe80e1e8e1b7d19ca1d,87142160b41353c4e5fca2360caf6f92,2017-04-19 16:10:14,99.00,19.28
6368f15cde8b7283ce52067367693a98,1,aca2eb7d00ea1a7b8ebd4e68314663af,955fee9216a65b617aa5c0531780ce60,2018-01-02 02:38:48,75.00,13.08
6368f15cde8b7283ce52067367693a98,2,aca2eb7d00ea1a7b8ebd4e68314663af,955fee9216a65b617aa5c0531780ce60,2018-01-02 02:38:48,75.00,13.08
636d7ef8a9aae4fe13b16e9460951c39,1,017692475c1c954ff597feda05131d73,3c7c4a49ec3c6550809089c6a2ca9370,2018-04-25 20:51:11,13.99,7.39
6371383f8c6f8a72ff10050cf92adab6,1,aa46d61405c90cb71e82f450a1d2d034,820cc752a266cdc6c1a1e61dd4583330,2018-03-30 06:47:48,100.00,22.41
637789b606a0ef62ab4c16dbeac12324,1,1ca737c9f8f06b3672be9f9f3f603d36,e7d5b006eb624f13074497221eb37807,2018-03-05 15:31:13,127.90,12.40
63a529c7538a58649327440872ef8b2d,1,ef7bac3fcd96b1f97400cb9cf17902d8,5f2684dab12e59f83bef73ae57724e45,2017-12-22 20:30:32,139.90,18.23
63ac66255bb4562cd506681eb19c5be4,1,f2890c4d40c6794ce51e525c1ec37660,d66c11a9572221d92fbb8c4897db5f9b,2018-08-08 17:55:26,82.88,27.56
63acd83008c876f81771b79ecaf7e27e,1,822ec6c9995d2e4747d0c33e98d61ec8,4a3ccda38b2129705f3fb522db62ca31,2017-11-22 22:55:24,173.90,12.72
640174dd3b1c33b00c0beab57f415612,1,fb7a100ec8c7b34f60cec22b1a9a10e0,d98eec89afa3380e14463da2aabaea72,2018-06-11 22:55:14,49.99,15.23
640ca05ba049e9ed749671747bf9de74,1,817e1c2d22418c36386406ccacfa53e8,624f4ece8da4aafb77699233d480f8ef,2017-04-04 13:05:56,189.00,26.82
64930a85c555750a1f71af3d49b0c54b,1,c706d50b57c9e83293c2586d01f32445,7ecd59e5e20407131822c1a68ac59c1f,2018-05-09 17:35:15,49.99,18.28
64b644100b812930de2286f0b999ece7,1,422879e10f46682990de24d770e7f83d,1f50f920176fa81dab994f9023523100,2018-04-25 11:49:26,53.90,0.00
64b644100b812930de2286f0b999ece7,2,422879e10f46682990de24d770e7f83d,1f50f920176fa81dab994f9023523100,2018-04-25 11:49:26,53.90,0.00
64c233aafb76618a84c4a3af54e79bb9,1,ddceb6eef6af67e9fbbd4c148dbe5fd9,ceaec5548eefc6e23e6607c5435102e7,2018-05-18 04:35:22,209.99,27.55
64c8d713a96944349d954eb4bd62e6d5,1,8974fd022d2eca68246a2f754bd7de23,7040e82f899a04d1b434b795a43b4617,2018-08-15 11:30:06,24.90,17.10
64d142a53c93d55b6809d20d06dcd951,1,55945cf4a4e6def88dcc8996a581608a,9b013e03b2ab786505a1d3b5c0756754,2018-01-31 10:31:45,104.49,9.48
64e0ed97e04ee5c08429934ecab18de9,1,53759a2ecddad2bb87a079a1f1519f73,1f50f920176fa81dab994f9023523100,2018-03-01 14:50:59,53.90,17.63
650ca3873d0a09fb4604deef7817ef60,1,07691def223b4568e8ecb5a5b30574b1,b76dba6c951ab00dc4edf0a1aa88037e,2017-11-17 19:10:39,16.97,15.10
6513ea5bc339ea05486f92db1405a522,1,d37b48918cb999510be8ea3bfded4c94,77a515caa36327151d1cc6c32a9f00e1,2018-06-11 21:38:30,78.00,18.43
6522386fefd98cf9293642fb5dcf9342,1,4c505e52bedf9651c08793647c925e65,1835b56ce799e6a4dc4eddc053f04066,2017-12-22 16:36:45,35.00,11.85
65377f2460bd19606a6279134627ca05,1,813329d52f377306fa1614ca9a962cd5,2138ccb85b11a4ec1e37afbd1c8eda1f,2017-05-02 07:42:10,29.99,16.05
6553bc307b0ce8eded2609f0008ae2bd,1,cac9e5692471a0700418aa3400b9b2b1,7ea5bfa6c340f58f8e71fc1f0412b0d6,2018-06-11 12:55:31,99.49,22.41
6582cf66806f42b2efd341d44fb384f4,1,9a7ee66bbed1b9fa5e3341882c6d74b3,46dc3b2cc0980fb8ec44634e21d2718e,2017-06-14 09:55:07,169.99,10.20
658677c97b385a9be170737859d3511b,1,52c80cedd4e90108bf4fa6a206ef6b03,a1043bafd471dff536d0c462352beb48,2017-04-13 17:55:19,179.99,42.85
6593a7ca55b089cc240f79d582e3300a,1,422879e10f46682990de24d770e7f83d,1f50f920176fa81dab994f9023523100,2018-04-30 04:30:56,53.90,0.00
65b8cbd6d0ad97befea844cc40817ccb,1,7c1bd920dbdf22470b68bde975dd3ccf,cc419e0650a3c5ba77189a1882b7556a,2017-05-19 17:02:49,64.99,14.20
65f4f976c2281eb3c5f69547ca21893d,1,f7d7b5c58704fb359a74580622800051,4a3ca9315b744ce9f8e9374361493884,2017-04-14 11:05:17,38.50,10.96
65fc7195f2f70e60bd81a12c69d7389d,1,cb428376d66b5e216d2ef9f3b27fc172,f5a590cf36251cf1162ea35bef76fe84,2017-08-02 20:45:57,379.00,31.03
660f07387a59952dda6a3ec2377eafee,1,9a290f7a53618827319b1a927f1a62b4,48162d548f5b1b11b9d29d1e01f75a61,2017-08-24 18:05:16,312.00,32.93
6620ebb2d24058461a5605a2aa2c6375,1,dc879e9d6b20db101d5822d992f48415,8444e55c1f13cd5c179851e5ca5ebd00,2018-03-23 15:01:05,299.00,16.94
6636dd85ee82b4092b9214cc640adacc,1,0bcc3eeca39e1064258aa1e932269894,1f50f920176fa81dab994f9023523100,2018-05-17 20:13:27,53.90,12.86
6649d935be7a1df58b2dc3754fb17379,1,d3c044bd42d84a79e3b0c42662806a48,4c2b230173bb36f9b240f2b8ac11786e,2017-07-27 13:15:20,25.90,11.85
66aac47537a2b6a195103fcd5690996d,1,80665d04b7d8216835a0ad52625c7039,3d871de0142ce09b7081e2b9d1733cb1,2018-01-12 13:04:27,119.00,16.59
66c0ba5488a397208076ece07748d0fa,1,8f3a1c2358138bedfb98645db449110c,fa1c13f2614d7b5c4749cbc52fecda94,2017-09-12 04:10:32,279.90,15.71
66f2c4c74ef2402a34e32b0156a627bf,1,9c422a519119dcad7575db5af1ba540e,2b3e4a2a3ea8e01938cabda2a3e5cc79,2018-07-27 09:17:31,57.99,18.51
6711d32f6b3652ef28afeb71bcf586f3,1,01a2ad2b54cd734f78cb817da7752d8b,f4a04f7be452aa3bb31760bf00055dd0,2018-08-21 12:10:26,55.00,15.49
675bf74092a382fe6821f84ecc8b41b1,1,9545d45c37449ccbc376de3a04c66e71,431af27f296bc6519d890aa5a05fdb11,2017-11-21 14:10:34,121.90,18.10
676e8e8f2f7d4d644019e9aac8b76ef7,1,3dd2a17168ec895c781a9191c1e95ad7,de722cd6dad950a92b7d4f82673f8833,2018-03-27 10:50:38,149.90,23.98
67773c483666d5120da1ff6188d8a00a,1,aaf821b2000c1b2e28a531d97c405c58,827f8f69dfa529c561901c4f2e0f332f,2017-11-09 10:35:25,29.90,14.10
67b2796561ac2c941f6daf9881b510ae,1,80fb011fd54fa5e1911a2f80c0fc878d,25e6ffe976bd75618accfe16cefcbd0d,2017-02-18 21:00:15,51.40,10.97
67b464eee8fa44d78ac019e09dcc25ee,1,beda52fd19ab7f39cadee87a7f3f472f,903037660cf848a717166eb7a06d616e,2017-03-23 20:06:36,119.99,9.83
67c8cb7add4e205c9021501079bc5f66,1,1f24b46fe73e9c77bfdf756f69f3ea8b,a1544b9ea0b2390e020537d4daa89049,2018-08-23 15:30:12,159.90,8.38
67df019d84e04f3b626f8ede2dce4517,1,928e52a9ad53a294fdcc91bcf59d1751,955fee9216a65b617aa5c0531780ce60,2018-06-28 05:15:22,130.00,18.71
683eec123803850e3e35c40fb6d5dbf4,1,57e089e3103f5cda6a4ce23b77399bdb,aafe36600ce604f205b86b5084d3d767,2018-06-18 07:54:32,47.90,16.32
68442190a6c60659698fde46bcaf0e9e,1,53759a2ecddad2bb87a079a1f1519f73,1f50f920176fa81dab994f9023523100,2017-07-12 21:25:15,59.90,17.67
684eb867dfdc67690e5160c9e1bca789,1,3fbc0ef745950c7932d5f2a446189725,06a2c3af7b3aee5d69171b0e14f0ee87,2018-05-07 01:30:50,64.99,27.51
688e3c66bdfcae1321349fd70627b84c,1,b59fb744c6f3cd1dc23b10f760848d98,916748bc99315c2d202898ae58b1617e,2017-06-15 02:50:19,9.90,15.10
6895b2b445ba6fc95b205ec5d0d5f25f,1,e44f675b60b3a3a2453ec36421e06f0f,730937bf88cb151eb2eb849f642fc213,2018-08-22 11:30:09,102.90,18.82
6940e87346db7bae9c22f3b52ea437be,1,dcfe33bfae82bed3b1d9a7d15197f5be,ede0c03645598cdfc63ca8237acbe73d,2018-03-06 19:30:27,23.00,11.85
699ff12900168a9020bb2487be684cc0,1,bc137217dc0cb0559a1f46e0500f50b6,d673a59aac7a70d8b01e6902bf090a11,2018-06-06 09:30:51,29.99,25.58
69aeb590d8f4455ab0bb6b95154c2742,1,f7f59e6186e10983a061ac7bdb3494d6,729f06993dac8e860d4f02d7088ca48a,2017-09-04 23:25:33,34.90,13.37
69aeb590d8f4455ab0bb6b95154c2742,2,f7f59e6186e10983a061ac7bdb3494d6,729f06993dac8e860d4f02d7088ca48a,2017-09-04 23:25:33,34.90,13.37
69b0633a7da27b8044d4d706a557f472,1,c230b471b7e21ff9060e68ee154afd70,1ca7077d890b907f89be8c954a02686a,2018-01-09 00:49:52,69.99,14.24
69be748e051308f0d341a9e6d30c7b40,1,80d702d8e2231e25bee9d145c2c86b6f,0c7533c71df861ec58ad7ff999ed0e8d,2018-04-24 15:46:03,39.90,7.39
69ecf8a73bd1de33c57b060448315a92,1,553e0e7590d3116a072507a3635d2877,1c129092bf23f28a5930387c980c0dfc,2018-01-15 07:17:47,45.90,9.34
69fd81b0cd556f5da5000c1ed874ed19,1,28f61ad35fb219e9debd750a73b63985,080102cd0a76b09e0dcf55fcacc60e05,2017-09-29 11:05:35,42.79,16.79
6a233c2059af7138039e43722cde5874,1,5d66715cc928aadd0074f61332698593,128639473a139ac0f3e5f5ade55873a5,2018-03-15 20:15:31,19.90,13.47
6a41b5634ac2837b5b88bf9796f9021e,1,8c292ca193d326152e335d77176746f0,7e1fb0a3ebfb01ffb3a7dae98bf3238d,2018-04-18 21:55:18,152.00,17.61
6a561b1f3b2ed85c05e55494271c7061,1,7340a3839a1de1e99d149b8cf052a2ec,4a3ca9315b744ce9f8e9374361493884,2017-05-17 03:55:16,69.90,12.83
6aad3bed746944c70143bcbcadb6c5ab,1,aedb09a73deda537456636dad7696b64,17ca9b9e9b9ef8fdb529001b49ebb50f,2018-06-14 17:55:08,99.97,19.67
6ac314f1970b39cf3b7760803caf3c23,1,4fc38c7dd401191c16f9ced89baf4877,723cd880edaacdb998898b67c8f9da30,2018-07-24 02:55:23,112.99,18.89
6ad7cdd50237385fec54699a2834eda3,1,554e48b94bf084525ae0fb37b9ed7f84,ede0c03645598cdfc63ca8237acbe73d,2018-03-22 17:49:48,11.50,22.06
6ad7cdd50237385fec54699a2834eda3,2,554e48b94bf084525ae0fb37b9ed7f84,ede0c03645598cdfc63ca8237acbe73d,2018-03-22 17:49:48,11.50,22.06
6ad7cdd50237385fec54699a2834eda3,3,554e48b94bf084525ae0fb37b9ed7f84,ede0c03645598cdfc63ca8237acbe73d,2018-03-22 17:49:48,11.50,22.06
6b092965cc5bcd955107ed81c1acd489,1,192a8231d086772443a86cb5e2746017,232a6014e7b10cba61c6c2b2ea6bb4b0,2018-07-24 10:50:16,169.00,57.26
6b4063646aa51aca70fd0c745ded2155,1,8347d3b517ab185dea43991aebb46737,cfb1a033743668a192316f3c6d1d2671,2018-02-19 23:30:25,25.50,8.27
6b46cdd08224cbb894ae376f13c7062b,1,4219d6fd389ceff96094be6ac39acf1e,391fc6631aebcf3004804e51b40bcf1e,2018-04-22 22:31:27,74.90,19.49
6b4a30b5616dfc8267ae9d39b34e3a26,1,a5c90160c3e379f7a99ea8052e6c5f9e,5dceca129747e92ff8ef7a997dc4f8ca,2017-11-01 13:56:20,235.00,50.39
6b5c69624b2e0a58948ec5cca5449ca0,1,56072aff029067d0dc5d23919af4e407,4aba391bc3b88717ce08eb11e44937b2,2017-05-18 12:35:24,99.90,27.24
6b8d21bbe1e219c7b5039f232ca30e46,1,ad2037645597db38527fe3afbe226af2,e9779976487b77c6d4ac45f75ec7afe9,2018-01-11 02:07:54,55.49,16.15
6b9d30f0b006a467142d46f2280c7fe7,1,2635c3e7db0ac6cb3e733cac61ce0ba5,f8db351d8c4c4c22c6835c19a46f01b0,2017-05-05 13:25:16,26.90,14.52
6bdd3d39bb6fb16ef69ef3141a3b13f6,1,edb58f769af494909a8851152c3a2d1d,1900267e848ceeba8fa32d80c1a5f5a8,2018-03-29 01:48:15,21.99,12.79
6bf23bc0b1c629639c42e76d525ea1a0,1,7b85e3deef35afd6ebed5461ee8f0641,897060da8b9a21f655304d50fd935913,2017-11-20 13:35:30,30.21,17.60
6bfb5b857e326522e7ad3d163ebeca12,1,7e53a61dd91122cf3f80674ab5068403,42b6488f5b8246d9141712abd4b1b693,2018-08-20 19:24:12,189.99,28.28
6c187850c87a918e0ac628d5ffd4d75a,1,d22f287512fb5bda6efc5c8e6216c6db,f84a00e60c73a49e7e851c9bdca3a5bb,2018-04-10 20:08:43,134.20,23.52
6c2c28420cb6865ced69f6c260c27c24,1,727a46f0b58a9ef165af9f7ebcfebfa9,9b013e03b2ab786505a1d3b5c0756754,2018-04-17 16:51:02,18.00,7.87
6cd4b1d2491c44f2fb48d9e55687321b,1,6c3effec7c8ddba466d4f03f982c7aa3,37515688008a7a40ac93e3b2e4ab203f,2017-12-05 02:20:27,24.50,11.85
6cee580f42792d77f81c03cf6aa73423,1,a5647c44af977b148e0a3a4751a09e2e,a7f13822ceb966b076af67121f87b063,2017-05-10 05:33:06,166.96,50.65
6cf9278559172d523d1fbcf08988418c,1,944a8fa6055b8213f9e715720d4e2d5c,da8622b14eb17ae2831f4ac5b9dab84a,2018-08-07 14:50:14,124.90,11.89
6d1e24636558186d996520563f53df00,1,a783f0d718c28a1375f64c1dfff1818a,85d9eb9ddc5d00ca9336a2219c97bb13,2018-07-27 09:55:13,34.90,17.17
6d2f1e2a36b2d36d4e4c626750224b9b,1,9bc7d25a36d620cf449cfdebe3de132f,01fdefa7697d26ad920e9e0346d4bd1b,2017-12-14 02:49:34,57.99,13.43
6d5c0b87109f123898fe2dde02cebe1f,1,d2bcc21c60051598876d7c58318682c0,d91fb3b7d041e83b64a00a3edfb37e4f,2017-11-30 12:31:14,45.00,11.85
6d7de866a140b19d09e825b2a4e944c7,1,aca2eb7d00ea1a7b8ebd4e68314663af,955fee9216a65b617aa5c0531780ce60,2018-04-22 22:10:15,69.90,0.00
6d7de866a140b19d09e825b2a4e944c7,2,aca2eb7d00ea1a7b8ebd4e68314663af,955fee9216a65b617aa5c0531780ce60,2018-04-22 22:10:15,69.90,0.00
6d9a301ad93b5c24c6cff8e4f9cbe276,1,0a8b35c2fbc824f7e1015cf330e6cc3c,a17f621c590ea0fab3d5d883e1630ec6,2017-05-11 02:15:14,41.33,14.52
6db73c4db61f029be8214914360f51e1,1,ede062bcd13ef64b5cc87369e4edaf62,da8622b14eb17ae2831f4ac5b9dab84a,2018-03-15 17:35:28,29.90,7.71
6dc5cd36ae0ca772e70e387e25f032e9,1,c10a7001e8b49dfc03817444b5f2ed81,056b4ada5bbc2c50cc7842547dda6b51,2018-06-19 19:18:04,129.99,16.01
6dd0712b5d9d31ab2b006f7b510e8720,1,783caabd539c4079ec08423e30719fba,955fee9216a65b617aa5c0531780ce60,2018-06-22 08:16:52,29.00,12.86
6e089ddde2c178b6b61fcdda22c9e84e,1,2a2d22ae30e026f1893083c8405ca522,1a3df491d1c4f1589fc2b934ada68bf2,2017-06-26 11:10:20,134.90,53.30
6e3c8fe2572e4a01c43ef9970e59fef2,1,e1a5774894b0dcbed9a61bb82b96b3fd,fd386aa7bed2af3c7035c65506c9b4a3,2018-04-23 10:30:55,32.00,22.11
6e3c8fe2572e4a01c43ef9970e59fef2,2,37cdd2e6cf19b94999e23e10cc95cdde,ececbfcff9804a2d6b40f589df8eef2b,2018-04-23 10:30:55,65.50,22.11
6e43eea0e8d014e2f6256da2a78ff5e7,1,f9bb291280bceedf7840b89e1e75b89c,391fc6631aebcf3004804e51b40bcf1e,2017-09-19 16:30:22,49.88,17.60
6e52fe67778a12f079296a3d416ebe86,1,9bbe6c774ab3a4f9c5a0385e78c9641c,3078096983cf766a32a06257648502d1,2017-12-14 12:31:23,73.39,13.53
6e7c58476aeeb4f0a2313cdd43477570,1,2e7980421ad7946eab8a71b637955704,8e6cc767478edae941d9bd9eb778d77a,2017-07-07 17:15:15,79.90,17.04
6e9a1a1213572dd3cde6887df64df77b,1,516ccdc0667fe7e260156d1998ef9546,7c67e1448b00f6e969d365cea6b010ab,2018-02-20 11:13:02,116.94,36.38
6e9a1a1213572dd3cde6887df64df77b,2,8d7d29e5fb9ff5333009326c87fc04e9,7c67e1448b00f6e969d365cea6b010ab,2018-02-20 11:13:02,106.94,36.38
6ebb33b8e0afab10328a6580a1c54be9,1,0b814a3c8fa6dbb849df7c28c1bd6831,3ade81dab5a172b88e1871c28ae05260,2018-08-30 13:10:17,169.00,48.26
6eea8cd99d26a8bbdf39d5289e4e7601,1,0b00b16606aeb46da3543bbabff4d6b3,d1c281d3ae149232351cd8c8cc885f0d,2017-06-14 22:55:07,232.99,62.37
6eea8cd99d26a8bbdf39d5289e4e7601,2,0b00b16606aeb46da3543bbabff4d6b3,d1c281d3ae149232351cd8c8cc885f0d,2017-06-14 22:55:07,232.99,62.37
6f0ac9b2069a1f5b1518938be44d87ee,1,96c1f14a0754e0f2c40523478a4075df,ececbfcff9804a2d6b40f589df8eef2b,2018-08-09 04:50:19,69.50,22.42
6f3bcb56b24abe9303122deb9ab78295,1,a0eef953cb25bc9ae40457e1c3c82946,5a8e7d5003a1f221f9e1d6e411de7c23,2017-06-04 21:25:09,69.90,15.24
6f91e4738284a9312089fd89f0d61648,1,0a57f7d2c983bcf8188589a5fea4a8da,4342d4b2ba6b161468c63a7e7cfce593,2018-01-09 04:12:34,129.90,9.28
700ed360aae6dff713da1178cdbdfec6,1,0f322750505d1e7d8c79269bf22aecda,ea8482cd71df3c1969d7b9473ff13abc,2017-09-27 02:46:14,24.99,7.78
701ba4e30193470253a5e099210a2054,1,a84d0660dbffebf352aefbf1a6b18d00,6560211a19b47992c3666cc44a7e94c0,2017-11-07 04:30:14,29.00,8.63
701ba4e30193470253a5e099210a2054,2,43423cdffde7fda63d0414ed38c11a73,b1fc4f64df5a0e8b6913ab38803c57a9,2017-11-07 04:30:14,55.00,21.58
701ba4e30193470253a5e099210a2054,3,2136c70bbe723d338fab53da3c03e6dc,6560211a19b47992c3666cc44a7e94c0,2017-11-07 04:30:14,29.00,8.63
7029824369e12a2c4102565ad3f2bd50,1,2d000576ada7098440d09be3e8b6ff5d,9646c3513289980f17226a2fc4720dbd,2017-10-27 11:14:13,18.90,16.11
7053640a1ecbbfb050910ab2ea8b2183,1,2635c3e7db0ac6cb3e733cac61ce0ba5,f8db351d8c4c4c22c6835c19a46f01b0,2017-09-03 23:10:14,26.90,26.89
7064a07883ee3b4bb82d7252c3519546,1,d272d0921188b0bd91542d704b21404e,8b321bb669392f5163d04c59e235e066,2018-01-01 23:28:16,11.55,7.78
707f34ee0f8e9986054ee1c01868dc9e,1,14555ba663de8689feacf1d0819cc3b3,dbc22125167c298ef99da25668e1011f,2017-04-16 21:10:15,119.99,17.58
70a25f8b804c7e220927839f1b869626,1,d392a00a8d96150a649853d20d63e8ba,c3867b4666c7d76867627c2f7fb22e21,2017-04-05 13:42:17,138.00,12.36
70a4b21bf18001a99d94bf894697b8c1,1,caf1ca4c82e6ab734903a3407795f556,229c3efbfb0ea2058de4ccdfbc3d784a,2018-08-07 04:24:17,87.00,27.89
70a4b21bf18001a99d94bf894697b8c1,2,caf1ca4c82e6ab734903a3407795f556,229c3efbfb0ea2058de4ccdfbc3d784a,2018-08-07 04:24:17,87.00,27.89
70af5c624ad6c3daf236b9acb1ada8d0,1,9c422a519119dcad7575db5af1ba540e,2b3e4a2a3ea8e01938cabda2a3e5cc79,2017-08-17 02:45:55,58.99,14.16
70e4c52c261e4b62fa3d02aa61c45378,1,aef8207c2e91f4fcdbc0824737abf358,5c243662ce92d84573bfaff24c3e3700,2017-07-27 09:23:04,299.99,15.12
70e51d3f5d7998b5e5dc66bf35d31425,1,862f21f0a089e3a09528412f6ec63428,b335c59ab742f751a85db9c411a86739,2017-05-17 10:30:39,59.74,18.70
71081f5935795063b2da072531dcd1ae,1,36ea81e90d1292dcdc3ad8abb09c20fe,a420f60ff1aa9acc80d0e42959f2b313,2018-02-26 23:26:51,74.80,38.07
7139a3b215ea730e2db624cc99820578,1,7c1bd920dbdf22470b68bde975dd3ccf,cc419e0650a3c5ba77189a1882b7556a,2017-09-12 19:15:15,58.99,16.66
7146211691a9d909e75c0b7458b1e125,1,fbd4031ddbc3d02b95834b62769d3ad0,ce7d1888639e6fb06b2749cbfdac1ff7,2018-07-26 17:25:06,138.00,67.50
71a378f8b8ef5f17a1518d5bf92f57c4,1,c9087c6bffed15d6cd627121fb818386,b4ffb71f0cb1b1c3d63fad021ecf93e1,2017-10-18 12:49:28,117.48,17.26
71ae442d46d1764c665ba4c9e3073864,1,e59dd207c69d86e890febadc796d1078,e9bc59e7b60fc3063eb2290deda4cced,2018-08-15 04:25:12,125.00,14.22
71ebd46bcd6c3ff32ce6da77c9a6702a,1,f9259c9e7c0f12c70f7a81409680a5ff,3db66a856d18a9cba7c9241fc5221c50,2017-11-07 03:50:42,69.90,13.51
71ff7ff9c86023f13d546d2e953d531b,1,7d9504e234d43cbe15b6c18624fe5609,61b18775be84fb700a6b2d0ba097bf66,2018-04-20 20:51:39,89.90,23.21
71ff7ff9c86023f13d546d2e953d531b,2,7d9504e234d43cbe15b6c18624fe5609,61b18775be84fb700a6b2d0ba097bf66,2018-04-20 20:51:39,89.90,23.21
72221bc9de65dc6a45b9156909d2b6c9,1,e1bf73a530f7e6ea9df12e1238ab7600,827f8f69dfa529c561901c4f2e0f332f,2017-07-31 03:35:09,35.90,14.10
723e462ce1ee50e024887c0b403130f3,1,7f4e034245e45549110139d1de248f83,4b9750c8ad28220fe6702d4ecb7c898f,2018-01-11 20:17:25,48.90,11.50
723e462ce1ee50e024887c0b403130f3,2,a2d0bc51c6731d860c169cc9f18b2b7a,4b9750c8ad28220fe6702d4ecb7c898f,2018-01-11 20:17:25,41.90,11.50
724074e91e873f7bba4b3548c59e5f92,1,5f0bdec2fb222061ed8fe52586a5957d,2138ccb85b11a4ec1e37afbd1c8eda1f,2018-08-29 09:45:19,13.50,7.39
7254b66719addb416bd46b5f01fbfa67,1,eac611ce220f095680e35c1c1124bcb3,dbb9b48c841a0e39e21f98e1a6b2ec3e,2017-06-02 08:50:07,82.90,15.33
7263db988c07c61845869e0708739119,1,4f1a7a45b6d43fa7e4958e013923d9e5,ce248b21cb2adc36282ede306b7660e5,2017-07-27 11:25:11,46.90,16.11
72683b144c2feca63881b49b5afd2bc4,1,99d1e072c4cb670c31fb43d9a3753598,f0e103c63864d5405b958d984b6e94c9,2017-08-23 01:50:50,79.80,17.84
7280e73216120ebb4358a41b3d947e5e,1,007c63ae4b346920756b5adcad8095de,53e4c6e0f4312d4d2107a8c9cddf45cd,2017-03-09 22:10:19,72.99,23.06
7282f35aaea3e151109787d09a275ec9,1,679a3e5e1d2bb68982be5734c6e55e63,8a130737016f838139d31878787a39c9,2017-12-13 11:10:16,54.40,15.14
728d26031c8d87b8929e8cf76090d110,1,b756577e274d3a4793fc27209d7072db,11bfa66332777660bd0640ee84d47006,2017-12-11 09:47:12,10.99,15.10
72add4bd00723dddd208bfd31cdfe97b,1,cd3de1984e1a77b441e1b39b8e334330,391fc6631aebcf3004804e51b40bcf1e,2017-12-29 17:51:23,59.33,13.44
72bd19ef4fa285334b95bda01a3718c7,1,a8e69cb7ca2c04d5ba7f73b2385f2a76,e8a85b5f3df47be0984c55fd4064dbb4,2018-05-15 13:11:21,45.00,17.06
72c3f657842e35f5d5279cc0fd06826b,1,f2f6433af969cd131435a2b163d5af96,75fbb52eda0cbc24f479d3b2fbfa8d3e,2017-09-08 10:44:48,19.90,25.63
72d242bd537df6df087634f6065d7f62,1,2ace3826b9a1b13030adc77ae9ae7902,48162d548f5b1b11b9d29d1e01f75a61,2018-06-13 15:20:52,33.00,9.36
72e57d0b326731ddd25d0d44212a42cb,1,1055db476dfbed87313ac8481c2597c0,508808d438fe2ff972ed13bb8f4a82e2,2018-08-21 16:10:18,43.99,22.90
72e57d0b326731ddd25d0d44212a42cb,2,226b714574d308927d79827c0c7f9972,1c40343cc5d18c2d8248ac2f3366de34,2018-08-22 16:10:18,58.90,22.90
7312e901d22a5fa199104da9e0996c2d,1,703d742887bb9267f89b675608ba7aa0,640e21a7d01df7614a3b4923e990d40c,2018-08-20 17:49:21,56.10,13.97
732016d12d4c4281c465b63da4e2ca8b,1,73326828aa5efe1ba096223de496f596,d13e50eaa47b4cbe9eb81465865d8cfc,2018-08-22 21:30:14,82.49,8.74
738c536e3bfc3c99dddffed112e89349,1,d1847c3f994dc0bb4d1248520ecb81f3,9f505651f4a6abe901a56cdc21508025,2018-03-07 16:30:10,269.00,10.08
73b1defe09cb47bd521306b506af7d3a,1,9fef57f37ae72292952e73ff9a7a3fee,f8db351d8c4c4c22c6835c19a46f01b0,2018-07-06 08:32:13,449.90,214.86
73ba8619ddfc6efed5a3e4331c791f0d,1,f626e57d2526d92edf8379a00670f11e,539ed9e19811677513447759be5eccfc,2018-06-21 19:18:01,14.20,15.23
73bf036e9d518e060d6f766d816483cb,1,65e52a3d3ad102e0308bfde7c1424a89,4830e40640734fc1c52cd21127c341d4,2018-03-22 16:31:29,19.99,8.88
73d7d0526bf2242f422fb6c85751dce4,1,ee57070aa3b24a06fdd0e02efd2d757d,f457c46070d02cadd8a68551231220dd,2018-02-21 03:07:09,74.90,15.27
73e47be0498a4d9f19d88a0113af23fd,1,74166bb28ab55ae0eef81ed7ff3dff29,6bd503a8230299c9316fb0f726933927,2018-08-23 14:11:09,49.99,13.83
73f9e828566dd0de47c067e6ec94c989,1,7f457254a89d62960399e075711b3deb,ea8482cd71df3c1969d7b9473ff13abc,2018-06-26 09:31:01,24.99,7.44
73f9e828566dd0de47c067e6ec94c989,2,7f457254a89d62960399e075711b3deb,ea8482cd71df3c1969d7b9473ff13abc,2018-06-26 09:31:01,24.99,7.44
741653b1b2d0d37c62f1a1f90e93f02d,1,e731dfad79b4686d049d024b9fc97360,b4f8921fcc4ff77b66bea6dda43dcd51,2018-07-03 10:31:02,699.99,27.89
74ef6fad7ff108e20c28937b7e1b7c3c,1,9ad75bd7267e5c724cb42c71ac56ca72,8160255418d5aaa7dbdc9f4c64ebda44,2018-03-28 02:56:23,105.90,14.83
7511a8e7c7e991e0e129c3fa111404c4,1,15804bf9d24b0ff5a052ef9280ad6e63,91543f9849d68d023e17194926598543,2017-08-10 03:05:10,199.00,43.80
753356c741c466246c76d087610811e9,1,7340a3839a1de1e99d149b8cf052a2ec,4a3ca9315b744ce9f8e9374361493884,2018-02-20 12:07:26,69.90,12.83
7535955a5fee70328e9fe079653e03f1,1,fed7ed9a2c9239558d696bfb40fc96a9,ed4acab38528488b65a9a9c603ff024a,2017-05-05 15:02:33,199.90,9.77
7540eaa703ba0f9ab8cfb6ce7291a83b,1,6cf22bb1523c34ad8da500d1084155a5,fa1c13f2614d7b5c4749cbc52fecda94,2017-03-23 11:59:46,179.00,15.42
75769af508ae5e105845b3b4813fa07a,1,5c973b4202aac5c372a483e712306f4f,391fc6631aebcf3004804e51b40bcf1e,2017-05-30 10:05:10,49.95,11.85
7598147ec12a15c62a1350443e7ad42f,1,bd6e6fce9ada76ea2db0f1912e8e478f,1835b56ce799e6a4dc4eddc053f04066,2018-07-13 16:47:29,56.99,19.59
75acfc4ebfc9ddb503a29002b31d8d80,1,d4a9f03055ff0e12e1821a706f554322,0f0c984a4a955310903b6b6008660bad,2018-05-17 19:37:37,138.00,43.03
75b01078ad5e499d81b6b0f33cfbbf66,1,ed2067a9c1f79553088a3c67b99a9f97,cbd996ad3c1b7dc71fd0e5f5df9087e2,2018-01-03 12:48:47,56.97,16.16
75b01078ad5e499d81b6b0f33cfbbf66,2,ed2067a9c1f79553088a3c67b99a9f97,cbd996ad3c1b7dc71fd0e5f5df9087e2,2018-01-03 12:48:47,56.97,16.16
75b01078ad5e499d81b6b0f33cfbbf66,3,ed2067a9c1f79553088a3c67b99a9f97,cbd996ad3c1b7dc71fd0e5f5df9087e2,2018-01-03 12:48:47,56.97,16.16
75b05e38b715aadaa9c0d7bc41e2765d,1,50a507147f39a8d8ad52ee1982e20673,0adac9fbd9a2b63cccaac4f8756c1ca8,2017-12-14 23:08:49,29.90,11.85
75cc0defdf90cda65066ce0ac171e2ab,1,369dfa384d5ad2a0cb97cb4cda846c47,e9779976487b77c6d4ac45f75ec7afe9,2017-10-13 16:56:27,171.00,15.95
75d4b0b71e66d09b6070bd54c61e20fd,1,188c2b55dbae7df073f4f4a24e232ce9,04e38a233f726ef161074ab1c9b0399a,2017-11-23 20:15:27,19.90,9.34
75d87a7050b2959f4d5c51a28525e2d7,1,f2399cabe080029634d12cec4f60dbf0,b8555308bfdb4ca1ed54325a58da9a97,2018-01-12 20:12:32,94.90,20.15
762e4a2e910d175a0fdabd749ae55d5a,1,47a3fbd41bb53db64dacc4562ba3aa52,cce6ab8d1682639fe45ab70234f1665f,2017-12-06 00:16:31,40.00,12.23
762f77c76e347a456797effdee512496,1,7fab1a1472fdd934397068931f63f3ca,3d871de0142ce09b7081e2b9d1733cb1,2017-08-03 20:05:07,69.90,15.24
768af91be1cb476b3377ca5adf097203,1,c2ece64199af7a53793ed9612a89a8cd,6c7d50c24b3ccd2fd83b44d8bb34e073,2018-01-31 17:13:21,88.34,16.25
76931aa364051d5d57f6a23aa352956a,1,af16005fca813272caf59c432153949e,82e0a475a88cc9595229d8029273f045,2017-11-24 13:06:23,75.90,9.35
76931aa364051d5d57f6a23aa352956a,2,af16005fca813272caf59c432153949e,82e0a475a88cc9595229d8029273f045,2017-11-24 13:06:23,75.90,9.35
76931aa364051d5d57f6a23aa352956a,3,af16005fca813272caf59c432153949e,82e0a475a88cc9595229d8029273f045,2017-11-24 13:06:23,75.90,9.35
76931aa364051d5d57f6a23aa352956a,4,af16005fca813272caf59c432153949e,82e0a475a88cc9595229d8029273f045,2017-11-24 13:06:23,75.90,9.35
76a34d13a444dc9e514d59482291ba07,1,0ed9a84687fad2d921b09b0ebcc4cded,17f51e7198701186712e53a39c564617,2018-01-03 19:21:37,680.00,85.25
76a34d13a444dc9e514d59482291ba07,2,0ed9a84687fad2d921b09b0ebcc4cded,17f51e7198701186712e53a39c564617,2018-01-03 19:21:37,680.00,85.25
770be1c6a043c4e99e830bee3f5eb024,1,7fab1a1472fdd934397068931f63f3ca,3d871de0142ce09b7081e2b9d1733cb1,2017-05-08 01:03:02,68.00,14.65
77123692722eeb90408b713bf016651f,1,7b85e3deef35afd6ebed5461ee8f0641,897060da8b9a21f655304d50fd935913,2018-03-07 03:36:48,30.21,35.00
771596702a2e0245fb67b093182acb03,1,823d744bdaf063ad824cac2fc3540fd8,02ecc2a19303f05e59ce133fd923fff7,2017-12-14 15:59:50,238.90,15.28
771f66be24ca215d4d3415b63bae9d97,1,6e77b89d36e50217e6793780a8ce5c82,ea8482cd71df3c1969d7b9473ff13abc,2018-08-26 21:15:16,37.99,18.37
773d4900b39c0f2c4987028481b98b34,1,b38b25d838ae0b8385e8cc68b9017644,fad44952713764836814be105382aee5,2018-03-12 03:35:31,180.00,8.68
7741a0c0ccbb42c74fb27c570c7e5354,1,0a9bdadab17a9b0f258f64d11a0adf7b,7c67e1448b00f6e969d365cea6b010ab,2018-03-16 13:30:38,89.98,18.34
774847476ad545e9bcb605a75dd40de6,1,38f3677364ecf032090b33915b155161,ce7d1888639e6fb06b2749cbfdac1ff7,2017-09-28 18:24:33,138.00,25.81
77749ba00bdd3c6d19363c493a38bea5,1,555cf217f3f7376ea7ba4af273c56739,1025f0e2d44d7041d6cf58b6550e0bfa,2018-05-21 03:15:00,118.00,12.73
777fcaf946b6f903bc6549785d3b3c2d,1,15650c1f25dd6e567eb1188df1c1a411,4c18691b6037662be2df78a765d98ab5,2018-06-17 22:16:28,59.99,15.30
77ce8174ece613ac99bd6506f3d679d8,1,a4c27cf9767fe2b589251c764b891eda,17e34d8224d27a541263c4c64b11a56b,2017-11-01 11:16:18,312.84,13.69
77df84f9195be22a4e9cb72ca9e8b4c2,1,49650e49c3af7ccc896f634d039cd921,2b3b9ce054da76a7428df143a567b156,2018-08-20 04:44:00,45.00,3.28
77df84f9195be22a4e9cb72ca9e8b4c2,2,daef10c972d7295283e377d5fd9985f1,95ec4458365c4d11f452ccf538377619,2018-08-21 04:44:00,18.90,3.28
77df84f9195be22a4e9cb72ca9e8b4c2,3,9474f3c0da0c4fd0bdf88cf6ac1b5d04,2b3b9ce054da76a7428df143a567b156,2018-08-20 04:44:00,39.00,3.28
77df84f9195be22a4e9cb72ca9e8b4c2,4,0e35a413d832e63c5d46101b7c88de0f,cac4c8e7b1ca6252d8f20b2fc1a2e4af,2018-08-27 04:44:00,24.99,3.28
77df84f9195be22a4e9cb72ca9e8b4c2,5,5d1d8ec5b31c5c359f10c4b23b819170,95ec4458365c4d11f452ccf538377619,2018-08-21 04:44:00,20.90,3.30
77df84f9195be22a4e9cb72ca9e8b4c2,6,154696c4f8e96ed48f0c191eb09c0683,95ec4458365c4d11f452ccf538377619,2018-08-21 04:44:00,18.90,3.28
77df84f9195be22a4e9cb72ca9e8b4c2,7,8ccaa3f8b171b199e37294ece30815a3,95ec4458365c4d11f452ccf538377619,2018-08-21 04:44:00,18.90,3.28
77e9941864fc840be8e4b1ba5347c0f7,1,a01d1cbb398e386a4a8f8364401a7584,d566c37fa119d5e66c4e9052e83ee4ea,2018-08-07 09:10:14,65.90,37.37
78135b03c6d7a39f10996624b9baf92a,1,aeb4d384616f8c5017174084bf6c0ac6,17ca9b9e9b9ef8fdb529001b49ebb50f,2018-05-22 22:58:14,149.97,15.93
782280edec0182ee4b1e2cff514fc712,1,c0315bd17c58be3dec2bd04dd4233b7e,37be5a7c751166fbc5f8ccba4119e043,2017-09-19 11:55:41,109.00,18.04
783fc14b5c2cdc4ba848ad7f129c5df4,1,44a34214a57dc373dcd80f54c919d006,7008613ea464bad5cb9b83456e1e6a8f,2017-12-18 03:50:01,29.50,16.11
787590b924b0ef0a1da6164beb46a05d,1,50562cf6349c8e6b13a79d9dce87c4c7,4bf2f4ee540798a61f9636d12cd9cc80,2018-08-15 09:25:16,160.00,13.78
7889e9a569a5488a0c9d93381a13d5ba,1,5c3aca5c078a343b3b873362e7ac2fcc,056b4ada5bbc2c50cc7842547dda6b51,2018-07-10 15:31:13,175.99,20.42
78902e5dd1f843cd182f10992137777b,1,6acb159c74b0fa813fb68bf88655c7ab,c8417879a15366a17c30af34c798c332,2017-03-17 02:45:59,30.90,10.53
789bf50b7eafcaff398ea0b735b4787e,1,19c91ef95d509ea33eda93495c4d3481,06a2c3af7b3aee5d69171b0e14f0ee87,2018-08-21 10:30:16,122.99,30.11
78ab727370e07aaf73b362897c8c6e3d,1,695c34c5771cca25ecdc04d24a9b49f6,1025f0e2d44d7041d6cf58b6550e0bfa,2018-05-21 15:19:21,139.20,18.55
78b5b205705f30bb989c4a6c7f8822e4,1,10335f29114548c89998eb43398f58e5,6560211a19b47992c3666cc44a7e94c0,2017-12-21 17:31:18,89.00,7.88
79398f97f77a8ba43fdb4e00b1d44cc0,1,22633013199a5fbb2c0094a6e2802386,3d871de0142ce09b7081e2b9d1733cb1,2017-11-20 17:27:04,25.90,16.11
793a1da0431a53a517bf77cc596a9d7b,1,00ab8a8b9fe219511dc3f178c6d79698,1b8356dabde1d35e17cef975c3f82730,2017-04-24 19:50:14,89.99,16.78
793a1da0431a53a517bf77cc596a9d7b,2,00ab8a8b9fe219511dc3f178c6d79698,1b8356dabde1d35e17cef975c3f82730,2017-04-24 19:50:14,89.99,16.78
793fe057b09c8c2bebdd48451e985432,1,1e88eb1734651579b4928df098f4d86c,7e3f87d16fb353f408d467e74fbd8014,2018-04-23 16:30:36,75.60,15.41
7955751dd5fe4fe14b9e9a89fa14e917,1,53759a2ecddad2bb87a079a1f1519f73,1f50f920176fa81dab994f9023523100,2018-03-26 09:31:55,53.90,13.46
79617f3124fcf7a760316d99421bd30f,1,45a6892a98568b366b52ffeec9a03691,6f1a1263039c76e68f40a8e536b1da6a,2018-01-18 02:31:22,38.85,14.10
7965b290cc7fe4790d45eaeded895967,1,94950d6ddd0b24c0d15f7f09d61a8148,cfb1a033743668a192316f3c6d1d2671,2017-12-07 13:18:24,157.00,21.59
79736d8897b41dc2f3b2096def7a5f7e,1,7ce94ab189134e2d3c05f496d635419c,8b321bb669392f5163d04c59e235e066,2018-01-12 17:18:30,13.65,17.63
797fd27a25a9103f01971d21853a0b11,1,575a896d07cd269eb0b2b8762e0be261,4d6d651bd7684af3fffabd5f08d12e5a,2018-04-12 03:10:18,179.00,13.69
7994bcffb9f5d5a702c9fc4f08cca8a9,1,42a2c92a0979a949ca4ea89ec5c7b934,813348c996469b40f2e028d5429d3495,2017-06-16 09:55:21,59.90,11.73
79ba9ff956399f8ca9eaa802139851fd,1,076e4ce53c8914382e7ff3732511b17e,59fb871bf6f4522a87ba567b42dafecf,2017-06-12 02:35:37,99.99,15.45
79c0fac13b3965c6b73c3fa600059b36,1,4463c4f83cecd53e81653bab5b41a0d9,2cb6eb1b7185064167657fa09f541105,2018-02-26 22:47:30,119.90,25.68
79e2f7d45aa63a71363003bd1e16f081,1,a5c9c1711f61d2b63cf996b4928092ed,46dc3b2cc0980fb8ec44634e21d2718e,2017-12-18 19:59:28,69.99,15.25
7a92d4bffc8f086e16f610875cee431b,1,9e2ee57a77fedecd33b6914e9cf61199,a64e44665225d19dfc0277eeeaaccc57,2018-08-23 04:55:38,34.50,18.34
7aaa96d3d1295c540305278952da9e7b,1,fb55982be901439613a95940feefd9ee,3d871de0142ce09b7081e2b9d1733cb1,2018-01-17 01:27:31,89.00,18.00
7ab5966251309fe2519cc5810895b2f7,1,f9471562478eba8761bc985b968a0092,3785b653b1b82de85ab47dd139938091,2018-01-22 03:38:38,54.90,16.14
7ad7466bf5dc89ce001a735997506fcb,1,e2e426d1332240070b0a836a854d057b,cce6ab8d1682639fe45ab70234f1665f,2017-12-08 03:46:59,40.00,16.60
7ae184e266d3d177c278f71f228b5ec6,1,4c2394abfbac7ff59ec7a420918562fa,cc419e0650a3c5ba77189a1882b7556a,2018-03-01 22:55:23,84.99,19.13
7b1900e11427a097af75a1ae0932b993,1,62ad9a8972411e333e16347051a98e2a,128639473a139ac0f3e5f5ade55873a5,2017-12-18 03:49:35,28.90,16.79
7b1e41f3fe006429cbf78032fcb218d7,1,3354a4e684f5e7199f9407db70ccd92b,7a67c85e85bb2ce8582c35f2203ad736,2018-05-14 03:52:08,89.99,18.56
7b3a63734004e1615b3f06417de1fe09,1,64d33e6bd1b905a31c2f96f584e6a0c8,ea8482cd71df3c1969d7b9473ff13abc,2018-04-19 23:49:54,29.99,15.23
7b3a63734004e1615b3f06417de1fe09,2,64d33e6bd1b905a31c2f96f584e6a0c8,ea8482cd71df3c1969d7b9473ff13abc,2018-04-19 23:49:54,29.99,15.23
7b6d60ef9f4bea8469da80168c894820,1,5c2bb11cf2149bd4d9fffcc1246458c3,dbc22125167c298ef99da25668e1011f,2018-08-13 03:35:20,98.90,14.99
7b73889e40574f23f35f71c026fb141c,1,bee2e070c39f3dd2f6883a17a5f0da45,4e922959ae960d389249c378d1c939f5,2018-04-10 12:50:20,180.00,9.56
7bcfb6639ba008fcba63f5ffc157caa0,1,c4baedd846ed09b85f78a781b522f126,a1043bafd471dff536d0c462352beb48,2017-10-23 22:50:04,99.00,38.53
7bfe238bd2ede94073ec8c6c64509b90,1,ef8856db4e302ad33dc4d91e40f7593c,dbc22125167c298ef99da25668e1011f,2017-04-26 21:25:14,119.99,17.58
7c1874537dafaf7092ff655e2d8f3ef7,1,af9c4277d06aa18aabbfebbe94ee9c79,066a6914e1ebf3ea95a216c73a986b91,2018-02-12 03:09:43,159.99,23.99
7c5c8b715064d5bf2ee6a1cef59f2853,1,d5dceef582538ae853072860d4bff29e,a3a38f4affed601eb87a97788c949667,2017-03-22 15:43:51,56.99,14.57
7c7a7c7d1fa3b3c8f867224389d3d8bd,1,2ea0bf4cdb4057dd3a866ac93107cdac,c9c7905cffc4ef9ff9f113554423e671,2017-07-26 11:43:43,119.99,9.65
7c8582fc7ce51a091fe83cb5efa4e84e,1,0736b2e56f06e14d3aa1bef54de26052,92eb0f42c21942b6552362b9b114707d,2018-01-18 14:52:30,13.88,7.78
7ca00d9cf45a4e8501cdc625899d7633,1,8fc803c7d0a99a53798c7896a7c1e93c,cc63f0dd2acba93ffed4fe9f8e0321fa,2018-08-06 21:31:42,126.80,18.02
7ca7a07f7d966253bdf088730665e423,1,66f9d3c83a10e9ee98857bb89831ddc4,35857757f553273b1056c1cabdace7fb,2018-04-03 00:35:21,54.90,26.46
7cba130d7fd9cbf1fa889eaaf7c89d29,1,f56e93f8bec270456dd5ec3272bd42f3,6fc26fe110feebd80a433e1f012a84f9,2017-11-29 14:56:22,59.00,12.75
7cba130d7fd9cbf1fa889eaaf7c89d29,2,f56e93f8bec270456dd5ec3272bd42f3,6fc26fe110feebd80a433e1f012a84f9,2017-11-29 14:56:22,59.00,12.75
7cba130d7fd9cbf1fa889eaaf7c89d29,3,f56e93f8bec270456dd5ec3272bd42f3,6fc26fe110feebd80a433e1f012a84f9,2017-11-29 14:56:22,59.00,12.75
7cba130d7fd9cbf1fa889eaaf7c89d29,4,f56e93f8bec270456dd5ec3272bd42f3,6fc26fe110feebd80a433e1f012a84f9,2017-11-29 14:56:22,59.00,12.75
7cf050fc6dd31909cb224bd88eaacff1,1,4ddcf7d53dbb3e87d1893112d1154e10,f789d2c4f2c2eb38fc4373e7a4b35264,2018-02-01 20:31:48,89.99,15.38
7d51d88244e80164e317acbec4b7c643,1,4b703444923b5e57bb73ba343f5ebab7,42b729f859728f5079499127a9c2ef37,2018-05-31 02:31:29,35.90,22.06
7d6dd21206d2e43674aa0c6b6e573cf6,1,06f756df8d80309915285f3ee6ea1059,b1a81260566c1bac3114a6d124413f27,2018-08-02 14:10:13,129.90,24.06
7daacf43d9593e9a2959cc753578ce09,1,acdd9eaa79720ca045ce3768250b8e47,a416b6a846a11724393025641d4edd5e,2017-03-31 11:35:16,99.90,17.13
7dbbb0cf6abae430040bc4914055c036,1,3e8defa155f10823f9e150b05ad71408,1da3aeb70d7989d1e6d9b0e887f97c23,2018-05-23 16:55:57,33.99,8.29
7dbbb0cf6abae430040bc4914055c036,2,3e8defa155f10823f9e150b05ad71408,1da3aeb70d7989d1e6d9b0e887f97c23,2018-05-23 16:55:57,33.99,8.29
7dbe3b6d08b31967f83f9c26988bd7c7,1,3429d7e4892a2df967fae671f4c98deb,900ba814c251a692506d7834c1218441,2018-04-25 21:10:16,370.47,21.40
7dd324f942802dde96fb63557eb716bb,1,d9bba71d1d1ad35925593d365a2ab43e,3afc536624bc2e65bddfb5db33cc01f3,2018-04-23 05:50:21,52.00,22.42
7e96374aee396bd5b72cf015c3e06448,1,fb55982be901439613a95940feefd9ee,3d871de0142ce09b7081e2b9d1733cb1,2017-12-15 16:30:27,79.00,17.80
7ec1c103b7dc4cf5213a0a3956b28a6d,1,738da8ddda2e593acfdc53c2d1520dfa,6d66611d7c44cc30ce351abc49a68421,2017-06-29 18:50:14,65.90,11.73
7ec1c103b7dc4cf5213a0a3956b28a6d,2,79e42c4fa2bde6e0c828d23c4fb7df35,6d66611d7c44cc30ce351abc49a68421,2017-06-29 18:50:14,69.90,11.73
7ec6638456231f1eec19f7de8723f269,1,90f97298579cd20412fdcc9b7a2d4b6b,a3dd39f583bc80bd8c5901c95878921e,2017-12-06 20:50:34,119.90,23.16
7ede340903c485e891cba5b1064ecf5c,1,c6dd917a0be2a704582055949915ab32,7a67c85e85bb2ce8582c35f2203ad736,2018-04-24 10:11:07,89.99,23.21
7eed6f14f2c4d4696bae38c70dd523b2,1,5a1a5bb0e9e3dbd18e6d8d3c326d3fed,da8622b14eb17ae2831f4ac5b9dab84a,2018-05-14 04:55:05,74.90,19.49
7f00712c268844b83fbb7db60193e5eb,1,056193fc88b3f131fae751356896b168,7a241947449cc45dbfda4f9d0798d9d0,2017-03-30 23:33:00,129.99,26.41
7f0b2d90543efaf906caac20ff4ed83f,1,880be32f4db1d9f6e2bec38fb6ac23ab,fa40cc5b934574b62717c68f3d678b6d,2017-11-27 09:09:22,44.90,25.63
7f2765cc6719de94716ce2c081b27f02,1,8aa6223e400af9c97b07c75993142721,1f9ab4708f3056ede07124aad39a2554,2017-12-07 01:31:55,174.90,20.10
7f3be76847c89f58b912a7adf2d77f3e,1,7a49adf051c1e6fc5b639a98d17756f0,a8739afb32aaa45e01815ca76f76f54b,2018-06-14 08:58:40,19.60,18.23
7f3c194d0984c02806d2b6a3f62cbf59,1,bd2128c3d2188ccb151b12d129ee264a,0bae85eb84b9fb3bd773911e89288d54,2018-02-01 20:31:45,54.16,17.03
7f922477f06db4ab69f6f173f439088e,1,c319f453652bff80bc8f9f71d87e56c1,f680f85bee2d253556ac91be391d2c82,2018-06-14 22:12:17,34.99,8.29
7f93c9634dcd85e4d1384f583a74ea58,1,68a058d125ba1544e726898f0b8c0523,7c67e1448b00f6e969d365cea6b010ab,2017-12-17 22:50:44,119.99,25.15
7f9cfd88530c3c6d0ce6084b27ef46ff,1,db49506c4a19ed884c7df231e08c564f,270297ead4c65a6cd2593960d2af6b21,2018-08-22 23:15:17,1199.00,37.03
7f9cfd88530c3c6d0ce6084b27ef46ff,2,3c260c3a756ae318837fad7286073c77,1e8c6a4c538f286aee9573239740a4b4,2018-08-19 23:15:17,68.20,37.03
7fa5b1b5da2ccccc6d0543b07d0c70b9,1,473795a355d29305c3ea6b156833adf5,620c87c171fb2a6dd6e8bb4dec959fc6,2017-11-22 16:35:35,59.90,8.27
7fbe250d2d22b8976024eee98fef9cef,1,a59fb60fddcc72a9878b7ed5cb69d8e4,7040e82f899a04d1b434b795a43b4617,2018-06-29 13:58:44,14.90,15.23
7fbe250d2d22b8976024eee98fef9cef,2,a59fb60fddcc72a9878b7ed5cb69d8e4,7040e82f899a04d1b434b795a43b4617,2018-06-29 13:58:44,14.90,15.23
7fd7278c76aae9bebdb986cfcd977150,1,7037ab6505f028103214580cac828445,1025f0e2d44d7041d6cf58b6550e0bfa,2018-05-24 01:31:53,150.00,15.95
7ff1a09b20dab40c3d68630eb3b56a22,1,4d272fe20c57c64dc74b3db191fc31ef,d2374cbcbb3ca4ab1086534108cc3ab7,2017-08-07 21:50:13,24.90,14.22
7ff1a09b20dab40c3d68630eb3b56a22,2,0be487faac01dd57fd7ed17cfbdf2dee,d2374cbcbb3ca4ab1086534108cc3ab7,2017-08-07 21:50:13,22.90,12.44
7ff1a09b20dab40c3d68630eb3b56a22,3,642a40d4d73b4b2604968937de13634a,d2374cbcbb3ca4ab1086534108cc3ab7,2017-08-07 21:50:13,12.90,8.88
8006b152280a7ed38378fc8eaa989a7c,1,f05cd18872164e75d946139c27cc9844,8a432f4e5b471f8da497d7dc517666e2,2018-08-07 14:30:14,64.00,14.03
800e1eb8758f73d800f1a4c6fbad186b,1,54b5d1594234247b378817e2f67a49aa,70a12e78e608ac31179aea7f8422044b,2018-03-02 17:11:13,87.00,12.95
800e1eb8758f73d800f1a4c6fbad186b,2,54b5d1594234247b378817e2f67a49aa,70a12e78e608ac31179aea7f8422044b,2018-03-02 17:11:13,87.00,12.95
80288d8ccb8b1899f5377f27feebb1f0,1,ba74c6b75d2ad7503175809688d5a03c,7d13fca15225358621be4086e1eb0964,2018-06-17 21:37:23,178.99,13.69
802a16d8b5c3a74a38cf9216f429c469,1,b70722d88b1dddd6ecbb159db90faf61,a218df5c097b0ca409cfaac1488cc7f6,2018-05-30 18:31:31,14.90,12.79
80341e701b91f4e9f068a3ec40fb0440,1,6f66ef344e1db8560c3d036ee214f355,fc4751cfe3b279c419615b9b00c1abb4,2017-02-25 14:53:00,453.70,17.35
80380dcab14d7ec024883b76a82f04b2,1,7f55769896fc6596e7251490b8b5e536,8a32e327fe2c1b3511609d81aaf9f042,2017-09-08 12:15:17,39.99,14.10
80b088ae48ba538f0d70f0eeb541ccfb,1,fc37e09bb4dadd1eef5e92e954b1c72e,855668e0971d4dfd7bef1b6a4133b41b,2018-04-20 11:09:35,69.99,18.37
80d83b7a6c9a79612f4957850ec91be4,1,78976d6eae26536628ef574944bc7b0f,ca3bd7cd9f149df75950150d010fe4a2,2018-03-23 17:11:01,387.20,77.14
810c5451b24e7565d14608ed85dd3624,1,a3b46e392953235f9337a0a56f933ffa,dbc22125167c298ef99da25668e1011f,2017-09-14 20:33:36,43.90,16.11
8115c56b23b02cb96cdfce13531a5a7d,1,d103a59e482517dd37f6865b1bf5499d,8629c241b3622ac12cd4118afdc8d394,2018-06-20 04:31:36,99.06,15.00
8118e88205b0cd1342e85368ed6c0bcf,1,08a7edee09bde7cfc9504bc369e64cb1,5b07547f10dd980738a1a27f685af669,2018-09-05 10:55:18,179.00,9.41
81447152169fce271e12a471d7a38269,1,513721dadfd93bcbce9da4d3bd67c06d,a478c7961d6a992065b24e63b366f90b,2017-07-04 02:30:14,109.00,16.52
815b68de0bc7fa6c117e4bcf855734ef,1,7721582bb750762d81850267d19881c1,0c8380b62e38e8a1e6adbeba7eb9688c,2017-05-08 14:42:55,59.50,21.05
8187896518689722d7c05bfbaeed0933,1,c702ae743958a81cd230189d4e72674c,897060da8b9a21f655304d50fd935913,2017-12-07 04:39:05,28.90,15.10
81928f41f8a362d614d4e4073d24de07,1,f27aff266ad97e75d4a24c893b2c311e,f62d7bb4a613ec758a03342d46b580b2,2018-05-14 20:54:55,750.00,54.72
819cee97d3d5daa9991a8ffda20fc62c,1,b99e4f4fa3f421e0ffbd512d9f152dec,128639473a139ac0f3e5f5ade55873a5,2018-03-08 02:51:05,19.90,16.79
81c2a9cc7a5d970fa1cb04443002088b,1,42a2c92a0979a949ca4ea89ec5c7b934,813348c996469b40f2e028d5429d3495,2017-12-04 02:58:53,58.90,14.13
81d4e3ab663ca6c51e659ad5b31457e7,1,aa2f410b8f9a8e3e6320540174a4edfe,8a32e327fe2c1b3511609d81aaf9f042,2017-07-27 04:05:35,79.99,17.81
81d6162a00e7332a42e9f26375953d74,1,f40876e0ef3cd5f9132b1f16b04b1346,620c87c171fb2a6dd6e8bb4dec959fc6,2017-09-14 12:23:37,89.90,15.38
81d715926d69a15e7220e3e7092f6c4d,1,6845447c5d4495dcddca6e6b494df3e7,17306570e772e7718c92a562d33f5f1d,2018-04-17 13:10:15,296.90,18.99
81dbb577a47365babeaa44fe4f9a5666,1,72f2ba8b34e02757c445970388158e46,86ccac0b835037332a596a33b6949ee1,2017-12-05 19:16:51,48.90,15.10
827a916734ee2f155b25cd4ff2d8022f,1,d5991653e037ccb7af6ed7d94246b249,25c5c91f63607446a97b143d2d535d31,2017-07-11 17:38:00,144.99,18.26
82b78c893274e1819b2b91866ec11014,1,3f7965eac71911314776d32209c84483,4a3ca9315b744ce9f8e9374361493884,2018-07-18 11:15:23,69.90,18.59
82cefc0ed05913e6d19b9d6283dbf9cf,1,aca2eb7d00ea1a7b8ebd4e68314663af,955fee9216a65b617aa5c0531780ce60,2018-03-29 11:32:43,69.90,20.06
82d62e8dbebf85af5c2873e07fe0721e,1,9680867d27bf4f20ac82adbe4dbae9ec,44073f8b7e41514de3b7815dd0237f4f,2017-04-05 21:45:48,277.00,20.64
830f12a85d0bd0678bb5cbfe58b68cf2,1,b623b7cb05ee3248fbe4a6ecbeed79a4,7aa4334be125fcdd2ba64b3180029f14,2017-12-12 12:39:31,70.97,13.52
83278a865f8f9c152f76597d22446aa2,1,d5d2996be7ea70ca1415d20e220436a4,3db66a856d18a9cba7c9241fc5221c50,2017-08-23 08:06:54,119.90,14.57
8335800095520f0d31f7e19c08c135b3,1,4fcb3d9a5f4871e8362dfedbdb02b064,8581055ce74af1daba164fdbd55a40de,2017-12-08 00:35:04,143.80,16.71
833eedb56c32640feb0446e2e042b42a,1,ffef256879dbadcab7e77950f4f4a195,113e3a788b935f48aad63e1c41dac1bd,2018-05-03 04:30:50,31.78,12.79
835132b61f09eb393ea7fb85c61bd572,1,c43e3279d830e4515718d56b91cfa7d8,5debea795b07621e1f90532e18f96145,2017-12-27 21:29:57,19.90,16.79
835132b61f09eb393ea7fb85c61bd572,2,c43e3279d830e4515718d56b91cfa7d8,5debea795b07621e1f90532e18f96145,2017-12-27 21:29:57,19.90,16.79
838eddbec488679c7db905429c5163f7,1,7e79042d2bfd50df12f3a4bfff5c43b4,15aac934c58d886785ac1b17953ea898,2018-05-17 20:56:04,99.00,23.27
83ac7baaa477085adfafa311103efaf5,1,71f5cad782714ec5d61a1bfa34543403,f41ce2e25237f9092cd8e6e7516c7a2f,2017-06-26 19:03:46,99.00,9.51
83fb83d45702e06d5d5ddbcfd0b8d2a0,1,04d5a0ec1f6db00db01676199151df4c,fa1c13f2614d7b5c4749cbc52fecda94,2018-05-07 02:31:03,139.90,23.48
840a77e5812e6cb838f4957339f5aa2c,1,8dc068efed6312b226cb8f74127314c9,6edacfd9f9074789dad6d62ba7950b9c,2017-03-10 13:25:12,60.90,20.88
8431c1024f6407ab4f4b5f45a60fbb4f,1,3f14d740544f37ece8a9e7bc8349797e,6973a06f484aacf400ece213dbf3d946,2018-04-11 18:08:49,84.89,7.94
8440ebc9a2a4aaa712d4064c35e52995,1,af8cad177ab4d05030a2c575aa8a36a2,ea8482cd71df3c1969d7b9473ff13abc,2017-12-11 21:58:14,16.99,15.10
84869e6e6b633fa602128f93f70e2c12,1,9bda16ddb772f99c95a69cfd874de990,05d2173d43ea568aa0540eba70d2ca76,2018-08-17 04:24:20,122.11,63.11
849c91eae9d79b010c5dbba0d30e42fe,1,694e58e56c74114ee0628c25f3f26f8c,7008613ea464bad5cb9b83456e1e6a8f,2017-04-27 12:35:49,52.50,24.86
849c91eae9d79b010c5dbba0d30e42fe,2,694e58e56c74114ee0628c25f3f26f8c,7008613ea464bad5cb9b83456e1e6a8f,2017-04-27 12:35:49,52.50,24.86
84b493c33c9917471d9c6322d3c2c4f3,1,18486698933fbb64af6c0a255f7dd64c,6973a06f484aacf400ece213dbf3d946,2018-04-03 03:48:30,83.49,7.92
84b493c33c9917471d9c6322d3c2c4f3,2,dbb67791e405873b259e4656bf971246,9c0e69c7bf2619675bbadf47b43f655a,2018-04-03 03:48:30,81.99,7.93
84db939b1ab9686533e9a06a0354beb6,1,93a12c289ca2b78e7069e469f5053ef2,88460e8ebdecbfecb5f9601833981930,2018-07-31 13:25:09,127.90,14.24
8507049ba787aece6fadc233efdbb0b3,1,7f064525eaaa1ce9d22c085f7ff5413a,6560211a19b47992c3666cc44a7e94c0,2018-05-03 04:15:22,49.00,17.06
854d6cba56286c80ffabfa9883d35006,1,349ce46a0e2e20054aa9d80c48af8816,d6b1ce66b035a475f00c017792ff9769,2018-04-20 13:30:33,120.00,18.72
854d6cba56286c80ffabfa9883d35006,2,349ce46a0e2e20054aa9d80c48af8816,d6b1ce66b035a475f00c017792ff9769,2018-04-20 13:30:33,120.00,18.72
854f58d1737ef431b98a28f2149a7125,1,6b3c88110203820df52c762cd2d2e80f,25e6ffe976bd75618accfe16cefcbd0d,2017-12-11 09:27:14,65.50,9.34
855302e009dbafa86035003b00a49cd2,1,389d119b48cf3043d311335e499d9c6b,1f50f920176fa81dab994f9023523100,2018-06-13 20:15:15,49.90,14.44
85599745768805ce8a4885e5098d0d9e,1,79da264732f717f10ebf5d102aa6c32a,562fc2f2c2863ab7e79a9e4388a58a14,2018-08-02 03:44:38,29.99,18.31
85b1e09d7a230790544ffb86902bf77b,1,b8a0d73b2a06e7910d9864dccdb0cda2,620c87c171fb2a6dd6e8bb4dec959fc6,2018-06-13 11:50:12,69.90,8.82
85b1e09d7a230790544ffb86902bf77b,2,b8a0d73b2a06e7910d9864dccdb0cda2,620c87c171fb2a6dd6e8bb4dec959fc6,2018-06-13 11:50:12,69.90,8.82
85b8899fd1383f7177fe622d29f09272,1,3279fec9ed308116c0546336bf7741f6,dc8798cbf453b7e0f98745e396cc5616,2017-10-01 23:07:59,24.90,15.10
85b8899fd1383f7177fe622d29f09272,2,f10163ef5dd01ee5f3622b750b64091c,dc8798cbf453b7e0f98745e396cc5616,2017-10-01 23:07:59,24.90,15.10
85c4170fce54fdeff14d1bdfbc01ccb5,1,50fd2b788dc166edd20512370dac54df,8b321bb669392f5163d04c59e235e066,2018-01-24 00:51:11,21.90,11.85
85fb2afed45145db40381a894fed8d1b,1,67cdbf842853a39463b426b3b2d27466,620c87c171fb2a6dd6e8bb4dec959fc6,2017-02-13 23:51:22,249.90,19.18
862492c97a277f223e8cb4d665d80c0a,1,13befae9b3fb34c439cf4744fd18dfa7,d2374cbcbb3ca4ab1086534108cc3ab7,2017-10-23 03:46:09,18.90,11.85
8634ecf96bfb8450dd73fd6596ec4f3c,1,ea44caac707f7f1325182a538007f838,855668e0971d4dfd7bef1b6a4133b41b,2017-09-24 21:55:09,50.00,16.60
867318eda451a721d23a5e0fbc82fcc9,1,2d15b61e2962412ec20c326895c4603a,49067458c68f7701fd334ce326accbe0,2018-07-17 20:07:34,25.45,13.52
867318eda451a721d23a5e0fbc82fcc9,2,f9bdcb274f479aa71dd34e8bccdd9a82,49067458c68f7701fd334ce326accbe0,2018-07-17 20:07:34,25.45,13.52
867318eda451a721d23a5e0fbc82fcc9,3,37318ccebb2ced72bd1b548b55ab4e31,49067458c68f7701fd334ce326accbe0,2018-07-17 20:07:34,25.45,13.52
8682a030870edcce6a8b8299b68aa4d6,1,ffc88104d219c1b767d566fd93653dd2,31be790e64fc99f8ff48ec2bd18a3104,2018-08-06 03:45:26,39.90,9.03
86c6e56273d0ef4bd22ba9fdeac0a439,1,54d9ac713e253fa1fae9c8003b011c2a,955fee9216a65b617aa5c0531780ce60,2018-01-18 20:36:23,29.50,15.98
86f3eab0f6458fbf53389a14fc8ce71a,1,82495477af19e76ed4b080e66298f2bc,46dc3b2cc0980fb8ec44634e21d2718e,2017-04-18 19:02:25,499.99,18.26
86f92f9e6f7eecaf30f643b1c6c3be84,1,afd34b33969fc993e14ae949c140d527,f45122a9ab94eb4f3f8953578bc0c560,2017-11-07 12:47:20,125.90,12.84
8712dadcec00a4826a72ac3431a3ced1,1,2a2d22ae30e026f1893083c8405ca522,1a3df491d1c4f1589fc2b934ada68bf2,2017-09-25 02:55:54,159.00,23.98
8728d50cf8a703b24a9f7d755d9e40d9,1,095cb863f2b04911455ad33f5177062e,2059c39f76271d4ca3f15b5ffaccc8b8,2017-05-17 22:05:19,53.90,16.14
87362ced3e155e82485e17f95f7f79c6,1,e3af4b7c220aca1535b34416de24dfb7,1ca7077d890b907f89be8c954a02686a,2018-04-04 03:28:54,45.99,7.39
87362ced3e155e82485e17f95f7f79c6,2,6b00cb3fe05c73d0acef3fd949a34c0f,1ca7077d890b907f89be8c954a02686a,2018-04-04 03:28:54,45.99,7.39
8773f85e9426581a87796b56cdd8eff5,1,f0b3ceddcb44ad6d8fa4a3453686e693,4830e40640734fc1c52cd21127c341d4,2018-05-10 10:13:54,49.99,18.23
8780697430377d453d0cf3f29848a515,1,b73f6899a58fe7a37e55149e9a11c717,7c67e1448b00f6e969d365cea6b010ab,2018-08-02 16:55:25,79.98,40.17
87ab9ab3d80a94a8bf706297277c0f16,1,6dcacaf3d7706d2cfcf7798fdf52901c,fcba71d4d5db057f43249145e4eb1e27,2018-03-05 21:55:30,159.90,18.37
87cf2adfb8afa786cac2d49bab89d389,1,e53e557d5a159f5aa2c5e995dfdf244b,88460e8ebdecbfecb5f9601833981930,2018-02-20 14:48:04,74.90,12.65
87fd335973d9705b9c82ee68d314a8c5,1,e049c7f13358a63cf7f6ceb45a067a81,45ba18c210d42734ec52c0c1c574e9ee,2018-05-08 17:54:03,269.90,8.75
882dd62cfb645823fd2fe550592fd4fa,1,5fc3e6a4b52b0c414458104ed4037f1c,229c3efbfb0ea2058de4ccdfbc3d784a,2017-05-29 20:55:20,89.00,12.75
883915e4c377d6f9192fad3ae5d4374c,1,9db0afe3dcd2942f8bef6f7195b9a2e1,b8114f2f589a6804810f04f99b36b498,2018-08-22 10:49:28,142.42,38.44
889508c3700be6eebc597a173a99c250,1,edfa4e50fd451a55d8c18fb7344d2c35,67225bff54a172ff67579aaf583efd78,2018-02-08 00:09:40,19.00,15.10
8899770c263136aaa6768f75189d996a,1,e2c329a4516937ef4828102690ae669a,751bdc4d83a466c7206cd42e8f426b03,2018-03-26 00:35:25,189.99,11.95
88d8024d811be666f66e7199e27a830b,1,475936ba8be53c74b3bce95cb665a0b3,1cbd32d00d01bb8087a5eb088612fd9c,2018-08-16 01:25:10,35.90,12.91
8900d15492ac0e3b382fd3bd53c17e81,1,461f43be3bdf8844e65b62d9ac2c7a5a,7d13fca15225358621be4086e1eb0964,2018-04-24 20:09:47,123.00,18.74
89451210b2cc4272b890f6f79cd9f065,1,cac9e5692471a0700418aa3400b9b2b1,7ea5bfa6c340f58f8e71fc1f0412b0d6,2018-01-18 15:09:03,124.99,21.67
897fab0704eda65c69520010b02a3fee,1,dab2413ead0edda9967edbc9bda2a64e,562fc2f2c2863ab7e79a9e4388a58a14,2018-05-11 17:56:11,29.99,22.06
8989ff6e6604e09ac1c199428637422b,1,078faa63eb55a5055713e141f098624c,34056b8b55c1775a22af2331670a799c,2018-08-06 20:05:18,64.80,27.40
89b97127e91562d3568842d10a400161,1,f2b264b1a4602b87d64eebefc899c1d0,1b8356dabde1d35e17cef975c3f82730,2017-05-11 10:31:29,79.99,15.77
89bbe8cb725ec2806d48d291eda86d93,1,c9c6fde711572c1ad99ca12728c6af00,562fc2f2c2863ab7e79a9e4388a58a14,2018-04-25 16:58:38,29.99,7.39
89ddf23f8fe73ace16b54d219a527277,1,acc444eb5ad26f79d5a11baa6a03c439,1025f0e2d44d7041d6cf58b6550e0bfa,2018-01-30 19:19:27,120.00,70.06
89ddf23f8fe73ace16b54d219a527277,2,acc444eb5ad26f79d5a11baa6a03c439,1025f0e2d44d7041d6cf58b6550e0bfa,2018-01-30 19:19:27,120.00,70.06
89e02379eee525e09813dc8e5ba99213,1,3cb39171fd36c50097f2dedbbe0dfe6e,16090f2ca825584b5a147ab24aa30c86,2018-03-08 02:51:09,28.49,15.10
8a37cae0305cc1e69d6f5d0629719e9a,1,57f2bc497c1a3ebe41ba7a06d78ed159,6560211a19b47992c3666cc44a7e94c0,2018-04-17 13:50:35,55.00,18.27
8a9c4879d3cde9fe810bdc06fb38b671,1,b0961721fd839e9982420e807758a2a6,1f50f920176fa81dab994f9023523100,2017-08-07 13:10:16,59.90,17.67
8aaa6469d7ef4134e807e6b4da146012,1,f7a17d2c51d9df89a4f1711c4ac17f33,f8db351d8c4c4c22c6835c19a46f01b0,2017-06-05 15:23:07,50.90,9.27
8acc03c83b14de718a6f275727b3001d,1,88f2c10f7a675e2f7e5a00ec528d973a,b2ba3715d723d245138f291a6fe42594,2017-05-23 18:42:20,129.90,14.66
8b2f6212e3a5681805601bad0a43905c,1,3e442d09f9dfef002aadf31960869f65,85d9eb9ddc5d00ca9336a2219c97bb13,2017-03-15 13:30:09,20.90,14.11
8b4b66868641eb5fc2bc090dc4f702f7,1,18b0e642cbae7251e60a64aa07dd9eb9,85d9eb9ddc5d00ca9336a2219c97bb13,2018-08-30 03:29:44,22.32,17.09
8b62c0757b9c458179c29c2ea24c7886,1,4cf2a0463e06213f6770103e29b637de,9674754b5a0cb32b638cec001178f799,2017-11-14 15:10:35,91.89,18.21
8b9cc01337bcc7c9bf25da79353efb6a,1,71a7800a633691de8ecdd17463335e2e,f80edd2c5aaa505cc4b0a3b219abf4b8,2018-05-11 16:15:38,72.90,8.88
8bb61c38933e53a46312713c209dee29,1,f908d3bf313a1308bfb2a46ea2685347,25e6ffe976bd75618accfe16cefcbd0d,2017-12-18 17:15:31,35.00,7.78
8bee87d19d77da4782190d630e85e980,1,6cdd53843498f92890544667809f1595,ccc4bbb5f32a6ab2b7066a4130f114e3,2018-03-27 20:55:47,349.90,27.13
8bf6956999b0861c3191773f28806f40,1,53b36df67ebb7c41585e8d54d6772e08,7d13fca15225358621be4086e1eb0964,2018-05-10 04:11:39,99.90,0.00
8c1538f82eb9eab8cad2da706a90df93,1,c3f6113d5b61bc95468432072b27e23d,897060da8b9a21f655304d50fd935913,2017-06-22 03:32:49,18.90,11.85
8c17e98f67708928c1b03bb705c14b3e,1,137f49a66ce117db74acbaf30c047701,55bb6fe5bebe5012e2d7d9928e1128ff,2018-06-28 12:31:01,120.00,71.13
8c2a179300bd39a4eb4ef85647f8a68d,1,1bdf131c83d68a290b1abe6b43f3c324,d91fb3b7d041e83b64a00a3edfb37e4f,2017-07-05 19:35:21,103.95,18.62
8c2c2b26ae4677e7457b0daaea13a8d3,1,1d994f3116c393f22021e72f17ab5af5,809413606dbfe5deefd2db646693ef67,2017-11-13 04:32:06,44.70,14.10
8c2c2b26ae4677e7457b0daaea13a8d3,2,63de579e88d8a9982d2e279eba56e753,809413606dbfe5deefd2db646693ef67,2017-11-13 04:32:06,44.70,14.10
8c695ffcf56400764176fd1789ec7fa2,1,ebad2408485504e930678ed1af88790f,75fbb52eda0cbc24f479d3b2fbfa8d3e,2017-08-23 15:06:12,19.90,12.60
8c6eb35c6bb5e1a9dbf00531ab9404e3,1,fbd925d80d07790dc9f61463efb3c64c,8b321bb669392f5163d04c59e235e066,2018-04-12 02:50:13,12.30,19.04
8c96e8114dc36ac1a6e1524a8ad514de,1,7ce94ab189134e2d3c05f496d635419c,8b321bb669392f5163d04c59e235e066,2017-12-13 03:14:21,13.65,15.10
8cac878a789b20ccf75238a5429195dc,1,9324d11d98d73e980e13fbd30569e9e4,5cf13accae3222c70a9cac40818ae839,2018-03-29 11:05:33,99.90,19.67
8cbb6ada60ae90f4d6f76d2a7bb5e085,1,fb5652834b0fb807ee5c4767e303e4eb,50c9975695009e5e6473912e83a6d1da,2018-02-05 21:15:35,99.00,56.99
8cf765eeef8f04ca929a1cf64ffa2584,1,c8ab4e1fd53092c488c0a1777d522b41,58f1a6197ed863543e0136bdedb3fce2,2018-08-22 15:29:37,187.00,45.11
8d2ca1078f464825b9e902aaa37e0683,1,2ff995aead9c63a1f37a07b3664ead37,8b9d6eec4a7eb7d0f9d579ce0b38324d,2018-08-09 11:44:46,74.99,44.33
8d48de810012d2cb59c59d5c4e0442a3,1,0c5193db708519e6b812ac8474898ffa,8d956fec2e4337affcb520f56fd8cbfd,2018-05-22 00:31:09,21.99,22.85
8d48de810012d2cb59c59d5c4e0442a3,2,0c5193db708519e6b812ac8474898ffa,8d956fec2e4337affcb520f56fd8cbfd,2018-05-22 00:31:09,21.99,22.85
8d5169ccfdb4902626694da89865ebd0,1,64fb265487de2238627ce43fe8a67efc,4a3ca9315b744ce9f8e9374361493884,2018-05-07 02:51:50,88.00,12.27
8d92a85b0ecdf7d7b3807474390ee2be,1,99a4788cb24856965c36a24e339b6058,4a3ca9315b744ce9f8e9374361493884,2017-05-25 02:25:36,89.90,12.13
8da21fa53a570d0624c7a5d0c14c617a,1,f76b8eae9da79861cd75f86a1020879e,94e93ce877be27a515118dbfd2c2be41,2017-06-13 17:10:20,237.99,14.69
8da93bf6304b1fbbb6ab15bb7644394e,1,2b0c892ab2b8e600a0b186db31f5947d,54a1852d1b8f10312c55e906355666ee,2017-11-29 22:57:13,79.99,28.96
8e0e3b77770b10f595b5c27e62efd4e4,1,8e601ab9bb87f5970ac09492a4ed1c9a,fa1c13f2614d7b5c4749cbc52fecda94,2018-06-10 23:55:08,139.90,64.41
8e1e1daffbcfac661558e71878b2780c,1,11fd9d7ba552e1d28872e008acf1e050,cb8bcce248bb1fb274ba762d8b971456,2018-02-07 12:33:19,139.90,14.00
8e36e939fc7a7d7c54d2dfec4e37190c,1,8aa6223e400af9c97b07c75993142721,1f9ab4708f3056ede07124aad39a2554,2017-03-08 03:55:23,219.99,27.03
8e6df87600aae0285919b5529f7f0bfd,1,c9c455f9fd8ca66d3ff7f90a249753b4,96804ea39d96eb908e7c3afdb671bb9e,2017-11-07 04:15:21,109.95,16.53
8ec29b681fd22a8225b16acff79330a0,1,9ba7a2e6df6dbaa83fe78f9b4ea0b3fa,79ebd9a61bac3eaf882805ed4ecfa12a,2018-07-30 04:50:19,129.90,63.19
8f150b9a5714c94537d31215f638db5d,1,e8f48f7c1f715c4178d57c50dc622da7,323ce52b5b81df2cd804b017b7f09aa7,2018-03-05 11:50:27,49.90,16.79
8f332ee6ffc2a01f7e78ae983f257379,1,ed71a85647afea9562cd2a14b1ac8622,6c177e38df6d3f34182b1f1d427231bf,2017-10-17 20:56:18,289.00,35.82
8f578fbe296dae4b9f11a4996da9c47d,1,3bf56e26b61ad28e0d04d2278fcb7ba8,e06f09ec0a4aca210779cf1cfc63cf19,2017-07-17 21:03:20,699.00,42.44
8f6d779c78b777b6e9c03cd848b87acd,1,d1133fab4bf2da55f3ebdd4de51d8587,86ccac0b835037332a596a33b6949ee1,2017-09-21 17:30:30,58.90,35.73
8f6f263a5e96515d5534199b74cb7748,1,c3f8ee7e05c01c61ab863e336b0f2e5e,6039e27294dc75811c0d8a39069f52c0,2018-03-16 14:50:59,219.90,47.28
8f6f263a5e96515d5534199b74cb7748,2,c3f8ee7e05c01c61ab863e336b0f2e5e,6039e27294dc75811c0d8a39069f52c0,2018-03-16 14:50:59,219.90,47.28
8f6f263a5e96515d5534199b74cb7748,3,c3f8ee7e05c01c61ab863e336b0f2e5e,6039e27294dc75811c0d8a39069f52c0,2018-03-16 14:50:59,219.90,47.28
8f6f263a5e96515d5534199b74cb7748,4,c3f8ee7e05c01c61ab863e336b0f2e5e,6039e27294dc75811c0d8a39069f52c0,2018-03-16 14:50:59,219.90,47.28
8f6f263a5e96515d5534199b74cb7748,5,c3f8ee7e05c01c61ab863e336b0f2e5e,6039e27294dc75811c0d8a39069f52c0,2018-03-16 14:50:59,219.90,47.28
8f6f263a5e96515d5534199b74cb7748,6,c3f8ee7e05c01c61ab863e336b0f2e5e,6039e27294dc75811c0d8a39069f52c0,2018-03-16 14:50:59,219.90,47.28
8faff12af96ce78eba0d5b1597d5baa9,1,e7ce29342574abe2fbf171df97fdb092,7aa538dd6e114e503a2e6154ea352253,2018-08-15 23:04:20,69.90,14.80
8fdc42676c9c6c74c4f8f062b53ebafa,1,82fd0e5d33b58ad696f75449679c1470,cd68562d3f44870c08922d380acae552,2017-12-07 22:20:46,125.50,16.64
901b7d3834c0b94a93d48cba6f2e3ce4,1,d9235fea02ba3f9fafcd78d898ac4355,dee656f0f566ed1aa85bd137c943f08f,2018-04-18 23:11:22,120.00,14.93
9021cf1919f615a121410790dcce848f,1,e3db46616e0d26551a86377bab9b0308,8444e55c1f13cd5c179851e5ca5ebd00,2018-08-08 02:55:16,219.00,14.87
90540cf8cf4df7ed6e10425cdfd522c9,1,b813c88d024da60c2cbdf7a531e4fa77,fe2032dab1a61af8794248c8196565c9,2018-05-15 18:18:17,155.00,9.44
906aae501a08de5072a4db9471da01a9,1,154e7e31ebfa092203795c972e5804a6,cc419e0650a3c5ba77189a1882b7556a,2018-02-28 23:47:21,23.99,14.10
90f3963bbaa0e66ce36c4f9be2ed2914,1,d56781dd9e632e4460c10d95167e5840,76d5af76d0271110f9af36c92573f765,2017-10-04 23:07:10,39.00,11.73
911e973fcd823c79ed2f924eef8b0874,1,5956cad5849f642bfdf5d50303952beb,751bdc4d83a466c7206cd42e8f426b03,2018-02-23 16:27:25,339.99,10.57
912806f58b85a8b3b9a57757227c9a36,1,d435c3fa55cfd37fa04032168ed59cf8,51ed72984a04e5dd35c2b27e77179038,2017-12-27 16:52:30,223.90,35.00
913677abacbcdc2b2f18b3ec362a0cdd,1,b6467b14d837634f4e04f6f0698e7bd3,4aba391bc3b88717ce08eb11e44937b2,2017-04-17 03:45:22,109.00,25.25
91573a4598aedfc413fcb39e43d68768,1,be837f2e0152a208d4386f4126d5bd7c,f8db351d8c4c4c22c6835c19a46f01b0,2017-05-05 13:15:11,32.90,14.52
91573a4598aedfc413fcb39e43d68768,2,be837f2e0152a208d4386f4126d5bd7c,f8db351d8c4c4c22c6835c19a46f01b0,2017-05-05 13:15:11,32.90,14.52
915e2d730ef38d45a41bad2a89f88950,1,5f8d452952e14aea06671fcc55e9b3f2,a3e9a2c700480d9bb01fba070ba80a0e,2018-06-19 15:37:59,149.00,21.68
91c52e15672343c61768b4d10597eea8,1,c4a45b9505564b0de1ff3e79062cffd8,cca3071e3e9bb7d12640c9fbe2301306,2017-02-05 18:35:23,69.90,18.00
91ce1f474cc41b0c5317e79388fe50d5,1,6c3effec7c8ddba466d4f03f982c7aa3,37515688008a7a40ac93e3b2e4ab203f,2018-01-04 02:35:49,24.50,16.79
91df6f3cf26d70ab6a918d29d0a0b906,1,7a81751397c8813678761201a7114339,f181738b150df1f37cb0bd72e705b193,2018-03-29 02:15:51,14.90,17.06
9217f2cdc9ff59c50fb2542e2b1f31a1,1,3bbacbe586e957acbf26c63b3ed532a3,729f06993dac8e860d4f02d7088ca48a,2018-07-04 21:10:15,179.90,67.85
9270e213f22a5c0c65322feea6979af1,1,84dacba9d49f304ee015bc094083df20,32b8764b4ef628b53608fc34011fcc13,2018-08-15 13:25:14,395.00,221.50
9286a7cc933d6e2099098e4ae057e5dc,1,fcf6d4fd2e97087087d61d228999d662,582d4f8675b945722eda7c0cb61ba4c7,2018-04-03 02:50:14,21.90,12.79
92b16e4bf4524a212222c92e9114f55c,1,f20d17c5697e45b09853253384f0c583,e26901d5ab434ce92fd9b5c256820a4e,2017-06-08 01:25:06,34.90,14.10
92b2185ad7819322fe1488669fcb1f31,1,e27e689c4ce425f2fe7e2a270fd4d2db,b2479f944e1b90cf8a5de1bbfde284d6,2018-01-25 19:09:34,35.99,12.69
92e2984724b33a8e95f8754bfee44f38,1,e5f3a09149ee7db697907f61e7366267,41c2bad7229b0c25e6becf179ebf63ff,2018-01-24 21:38:30,34.00,8.27
92e569b96881cdc062cc199bc7465002,1,622bad99b4296aade0783ebecdd3fa15,376a891762bbdecbc02b4b6adec3fdda,2017-12-07 16:10:20,98.99,17.97
934ef038209c91cc0ca47c0fb29e2f40,1,ce6ffea9f2a71228df7664c52f21450d,fdaaf5bfda82b7b80535610c831b8d09,2018-05-10 11:55:27,115.00,13.25
935be32550a2544a4fba77fca77c8dd2,1,99a4788cb24856965c36a24e339b6058,4a3ca9315b744ce9f8e9374361493884,2017-07-27 20:50:19,89.90,12.13
935be32550a2544a4fba77fca77c8dd2,2,35afc973633aaeb6b877ff57b2793310,4a3ca9315b744ce9f8e9374361493884,2017-07-27 20:50:19,89.90,12.13
93b74681985a4a11ca3b48be35576434,1,d3e1006ba3735c0d44160026b6e0ced3,c003204e1ab016dfa150abc119207b24,2018-07-25 15:32:20,108.90,11.78
93b82c635931ca55e5d20e0d095507ce,1,b659034bc6cfc3d9baeda101c0c281fe,834f8533b2ecb6598dd004ff3de7203a,2017-09-06 05:44:41,88.60,13.18
93c7ec2b9638f73ddcaefac525f4d7b6,1,db6796aa712a2626572bb3d0b9a039cf,4a3ca9315b744ce9f8e9374361493884,2018-03-08 16:31:37,52.90,17.62
93ecdca779367b3806aaae30a8b19021,1,29427de7f8a9ee983d9dbc51cec569b4,7a67c85e85bb2ce8582c35f2203ad736,2018-03-23 18:15:47,99.99,11.32
93f5bba371d2fc9de34cea400e4f05ec,1,35a8c902b0ab264a24d61b0d01fc708a,b2ba3715d723d245138f291a6fe42594,2017-10-23 04:14:59,104.90,7.99
94140a08f88b5440f7fc0e4b0fcfc3bb,1,a1e903cd2d23763ef8b85ec12eb79d9c,28f10b1c5e5abb9d4857745bede6147c,2018-06-28 18:58:30,42.00,12.95
942bfba61040fe93e3038099eb60fe31,1,3ac52f93c2299daa201fbb7ff36546f7,7e3f87d16fb353f408d467e74fbd8014,2018-08-30 03:44:19,43.89,15.41
9435ca9f9a67ac50e1fef5dbd0c29518,1,b0c8da302d49498d2ce6be8c631e4e20,88460e8ebdecbfecb5f9601833981930,2018-04-20 10:50:55,59.90,22.13
9436cfaa861428f70a41ac0a7e91d752,1,c39e3869763358c110302e22df757450,9b013e03b2ab786505a1d3b5c0756754,2018-05-21 14:55:26,40.00,7.87
943980abcbc522eb49346398ee2594b4,1,00989337a1916a0055eedd1fdb35eb53,f7720c4fa8e3aba4546301ab80ea1f1b,2018-03-29 02:10:44,18.75,19.04
9461cf76c19c4a544a3e384ba1e4fef4,1,22776ebd2bfdf5f55499fd324862a673,a45765f8afb1e594b22bf9e974b46765,2017-03-15 14:27:38,79.99,8.93
9462e7a4367175b2b6f56caf761c6df0,1,6c81db10f914c4d032b14fa93aa0a818,d98eec89afa3380e14463da2aabaea72,2017-05-26 20:15:12,24.99,15.10
9476149aec45b9b1774a161abcce8631,1,91c82ace62e0ca1b69b1a45bcc214b45,4869f7a5dfa277a7dca6462dcf3b52b2,2018-07-03 09:51:08,169.00,19.28
947f3467c45aa7dbbf64b2b6fc5dc3c6,1,8aa6223e400af9c97b07c75993142721,1f9ab4708f3056ede07124aad39a2554,2017-06-20 11:02:26,219.99,47.13
94c9f01794e2a40527d76e249ef9decd,1,8e8bcc3a0043f514854cb1a9959ec9d2,f262cbc1c910c83959f849465454ddd3,2018-04-03 18:55:25,54.99,8.88
94c9f01794e2a40527d76e249ef9decd,2,8e8bcc3a0043f514854cb1a9959ec9d2,f262cbc1c910c83959f849465454ddd3,2018-04-03 18:55:25,54.99,8.88
94e43121a0232434f1ee7c1888f2cce5,1,4b232d5c1ec0ae0d9cc9529b97d75984,e7f3bf1ecd8526eb7f3b18059e6716e5,2017-03-07 19:20:28,38.86,24.84
9512251cbae0778ea863f6242d3e5789,1,0527af46c46b7a345d2086ea304ae8d7,ad87df7699e83b8a91822a4a0b765c3a,2017-06-27 17:45:18,40.00,9.34
95234ae57878debe0afc15b3d5bcbc48,1,fe6a9515d655fa7936b8a7c841039f34,dc317f341ab0e22f39acbd9dbf9b4a1f,2017-09-20 22:24:16,249.90,69.21
952dfc4bcc1dce2062c0b0575ec23db7,1,8b52ce7d34b48cfa97fc4219b3fa4e39,7e93a43ef30c4f03f38b393420bc753a,2017-11-23 09:29:17,489.99,12.24
95886fbb27fa9240539af22614117003,1,21d2fdced5c69bfc6539b67908a4ad28,1554a68530182680ad5c8b042c3ab563,2017-06-06 22:15:11,179.99,27.58
95bdac6e96f88756554972d72c5d9591,1,8a7bf523741f8c2bb93d0d6ed38c18d0,53e4c6e0f4312d4d2107a8c9cddf45cd,2018-04-26 07:15:24,33.00,22.41
95c5d1b9ef8c0cfe5851a7e8130b66db,1,17c4bd4269902c84acc14c497f282ddb,75d34ebb1bd0bd7dde40dd507b8169c3,2017-10-26 16:14:45,299.99,22.90
95fd02c37f493e9525e3d3c1ed54653a,1,16ed6a6e3fce23b741650437fe58d65b,e5a38146df062edaf55c38afa99e42dc,2018-03-05 13:28:43,89.18,9.44
960dbad4c14e64cd6b327fdccdb2d231,1,d5991653e037ccb7af6ed7d94246b249,25c5c91f63607446a97b143d2d535d31,2017-11-29 16:19:36,137.90,43.34
962b2008b2f1e396e0d30b76caa96832,1,1c928305f64aa4a643ca1c969c0abad7,8b321bb669392f5163d04c59e235e066,2018-03-05 04:11:31,15.00,8.72
962f38a7552486ed03fe72fb4ddcfaee,1,9666f6aaf24141e6d17f7d56921f364d,002100f778ceb8431b7a1020ff7ab48f,2017-09-28 05:36:14,13.90,11.85
962f38a7552486ed03fe72fb4ddcfaee,2,2ceff1056fe5bd4ee443433402962fa4,002100f778ceb8431b7a1020ff7ab48f,2017-09-28 05:36:14,9.90,11.85
963258c35a8f30e4ab41bb49c4e493c7,1,7ce94ab189134e2d3c05f496d635419c,8b321bb669392f5163d04c59e235e066,2018-01-23 03:38:42,13.65,7.78
963ed653f00e0f3db85dc163baac579c,1,93c902b021a9e594f658ab1b0351602a,2e90cb1677d35cfe24eef47d441b7c87,2018-05-10 20:35:21,103.90,11.35
9680ba40609bc32c996a447ba7564621,1,4a0938478787f49dc07af734b86be96c,6560211a19b47992c3666cc44a7e94c0,2017-05-22 03:42:25,149.00,15.79
96b313e094ee31cef7c8a4ffd3b36395,1,30001d6521e7d5826eb1881050cea7e7,85d9eb9ddc5d00ca9336a2219c97bb13,2017-06-15 14:42:22,31.90,16.79
96b313e094ee31cef7c8a4ffd3b36395,2,30001d6521e7d5826eb1881050cea7e7,85d9eb9ddc5d00ca9336a2219c97bb13,2017-06-15 14:42:22,31.90,16.79
96ed110f6c91b349ff7ab376c8fa9400,1,d5e157caef73dc3e8b4ab5c7e6b9aa67,cb5df0dcb9e280b1780e9d589889f2c7,2017-06-28 22:15:22,97.99,41.08
96f4cc5fae35d1144e51ae9aec601f4b,1,80e0f6715654455d56df24bd11480824,b080809eaacb49e5ca07290981472431,2017-12-21 20:57:21,36.00,8.11
9706023383737a509d67fdd3eaf88e54,1,28a652ff04e43c1bc57937a9f8770f9b,3d871de0142ce09b7081e2b9d1733cb1,2017-10-06 17:14:14,99.00,17.94
970f01d4d6e42b5dbaaf975d2d45f913,1,9007d9a8a0d332c61d9dd611fa341f4b,2c9e548be18521d1c43cde1c582c6de8,2018-02-27 11:31:36,7.90,15.79
970f01d4d6e42b5dbaaf975d2d45f913,2,9007d9a8a0d332c61d9dd611fa341f4b,2c9e548be18521d1c43cde1c582c6de8,2018-02-27 11:31:36,7.90,15.79
9725871b2a067d972355980be11e7d1d,1,601a360bd2a916ecef0e88de72a6531a,7a67c85e85bb2ce8582c35f2203ad736,2017-10-24 17:36:56,119.99,12.04
973e2efa6a19ac5083691b9deb4c0a51,1,e19ddcc85537b41f22116c8d5425ef46,8a32e327fe2c1b3511609d81aaf9f042,2017-05-31 03:05:19,29.99,7.78
974fd219891927f0d01b357f4400a622,1,369440882015b4d57e6f077771c3411e,fa1c13f2614d7b5c4749cbc52fecda94,2018-03-21 18:35:34,199.90,19.28
97e080a21be085e3e36d5f7c0f8f0b43,1,7af6ddb00aacf6c4c8ae69fadb858b80,65b081a070633e057c462abdd6fb9dd8,2017-11-08 14:50:13,68.00,25.76
982727416ef47cb3095b02dfccb621bf,1,bd6e6fce9ada76ea2db0f1912e8e478f,1835b56ce799e6a4dc4eddc053f04066,2018-07-09 04:33:11,56.99,19.59
98672e143f0ddcd385c344ae98132a8c,1,38fa750a3a3b3204f169c86a3284d387,218d46b86c1881d022bce9c68a7d4b15,2018-04-12 03:28:34,41.00,12.79
986da3ca575a68c698729794ccd67dfc,1,7f457254a89d62960399e075711b3deb,ea8482cd71df3c1969d7b9473ff13abc,2018-04-09 19:10:16,24.99,7.39
986da3ca575a68c698729794ccd67dfc,2,c917cd48f8178bc6e1e4bf902c7e0b83,ea8482cd71df3c1969d7b9473ff13abc,2018-04-09 19:10:16,27.99,7.39
9870255ce4fd27e8b651ee15e606d903,1,08bcc2d85da3a9c0e2ac1cc28b67418d,5f3ae9136c875522250f8184f253413a,2018-03-04 23:48:19,19.90,15.10
9900cb70a170fc8270433a79b6cca56e,1,a058bd781185e59b75160f5133afad9b,080199a181c46c657dc5aa235411be3b,2018-05-13 22:55:18,179.49,17.23
991a833f96a0e2a37ff3edab5969e44d,1,7d018f8e4f93213ba7ad276e25fe20b1,3d871de0142ce09b7081e2b9d1733cb1,2018-05-04 20:53:23,29.90,18.23
9941c14602ccbe66611b6a4b8fe01d99,1,e8e3b26a966bdd1260fe48e92972f670,1d2732ef8321502ee8488e8bed1ab8cd,2018-05-10 03:31:09,68.00,18.36
9941c14602ccbe66611b6a4b8fe01d99,2,e8e3b26a966bdd1260fe48e92972f670,1d2732ef8321502ee8488e8bed1ab8cd,2018-05-10 03:31:09,68.00,18.36
994a9a6b0c7666ed14dd7790ce98bd39,1,1ee194d6fcec9e4cbaeef1a99a6911a2,7ad32824caee82087b3e2e5f33b1bf32,2018-06-25 22:38:27,79.00,18.65
995f4fdaa0eeb0d3c4ac475f47a8c271,1,93b498aa80cf4062f0c6636c038141df,3e8bd881d92466e63ba9e3e809cd3c50,2018-03-30 16:28:56,229.90,24.11
99835a9f07d63f83120175303229a57e,1,4b2ab372456de58e4d5588f0fed9a065,1c129092bf23f28a5930387c980c0dfc,2018-08-20 03:24:39,52.90,9.12
9989d0ec04100fce996f6e906ada0278,1,b756577e274d3a4793fc27209d7072db,11bfa66332777660bd0640ee84d47006,2018-02-27 21:29:12,10.99,11.85
9a21763c2fabd9e832206b8020910d1e,1,5e7f8e7aeb1f57dd83aae171dec38a73,63b464dbf392c7b80d12d932fa7cafed,2017-09-03 22:26:18,179.00,28.61
9a79820753183f9ae199a37da007e914,1,63d6e7ab30f482382c9dfbbccae7da54,b2a6d334e2833acea353624840e25a0e,2018-02-07 14:15:37,104.90,16.98
9a910d6ba29d7c6a50b791a7819ad3bf,1,eee02ac99af9217137a2ef5eaad20376,36a968b544695394e4e9d7572688598f,2017-04-10 17:45:16,207.90,18.89
9a92634d7c186b507d82bd00823929a2,1,52b5ed64c8cd6a9cd6c33f2a7033991a,0c7533c71df861ec58ad7ff999ed0e8d,2018-04-24 19:12:41,59.90,7.39
9ab7e83865799ba29a85d51263a137cd,1,b2fbf8beb178c391c49d80fa8c4435b6,aced59e9b31ef866a94f9e7f29d8d418,2018-05-09 18:55:41,65.00,13.81
9af92d2e86d9facb76127d7fdb850944,1,656e0eca68dcecf6a31b8ececfabe3e8,00fc707aaaad2d31347cf883cd2dfe10,2018-02-14 12:31:29,87.00,12.74
9b0b732f53d928874444e095071631a9,1,1d0d355ddb548ca289943c135b3ea7c3,78744a20ee2f80ba64f6804c25def2b8,2018-06-26 11:08:11,120.00,47.61
9b5f1d8f674dbded691812e5fe07db5c,1,657247f6f60543b93e3cc708a8e6329c,7ddcbb64b5bc1ef36ca8c151f6ec77df,2017-12-19 14:58:28,248.99,133.15
9b6a1b8bf017b64d6ff4d7fe7cd88f1f,1,53465a6b8b3c6d85fd7810aab30b5992,c68fb906c8f4b4b946d8386bfa6e5467,2017-05-19 11:42:50,78.64,16.18
9b868eea4222da7b3b56036ba3412cdc,1,7dd3fec3502f7ef333da2a73e00db394,a888faf2d1baececa6baf9c3d603ee1f,2018-04-24 14:51:15,249.90,15.83
9b881df263e0c26b3fb8584bc0da7317,1,55b04296824029ae20bbeb3b200e69d0,6c7d50c24b3ccd2fd83b44d8bb34e073,2017-12-07 15:30:44,39.90,13.37
9ba0521c38be94b8c0028f57a8ec1625,1,c230b471b7e21ff9060e68ee154afd70,1ca7077d890b907f89be8c954a02686a,2018-01-09 04:37:37,69.99,14.24
9c30d1a4692fbd9418f2404ada176ccd,1,c94d19d021d4a8fbae5a45f904aeea90,701938c450705b8ae65fc923b70f35c7,2017-12-04 01:26:26,109.97,34.04
9c31d604522ef4fd8e0bba68aa3214a1,1,94475071013412139f862c0bd7e3bb37,955fee9216a65b617aa5c0531780ce60,2018-03-20 02:48:58,39.99,18.23
9c370b3dbcadfb3a62c2b8466603fa1f,1,6bbe55cf8f85c87b6eebb775a53402f4,0db783cfcd3b73998abc6e10e59a102f,2017-06-08 19:10:14,99.00,25.97
9c4dfa7a4f01d5042e9363edd0c7c7b9,1,22594ba8fd9a72ad95d352929c821560,7c67e1448b00f6e969d365cea6b010ab,2017-03-24 14:00:28,99.99,28.89
9c5b6f458d5e5f8e372c112f8b658af6,1,e5eadf9be70a4a9fa514019542fc330a,4559697a8f7e637227c2eeaed843baff,2018-03-13 22:35:36,69.90,14.58
9c90fbe071e26ccef32878449010af00,1,3dd2a17168ec895c781a9191c1e95ad7,de722cd6dad950a92b7d4f82673f8833,2018-02-15 17:30:53,149.90,27.90
9cc025093e16276c24f5b98f3dc158a2,1,4b1217e5e770dfe05d07a95f5017a27a,080199a181c46c657dc5aa235411be3b,2018-04-18 11:11:31,120.49,15.72
9ccd75b5f3444a2dbf104b9cdc1183a1,1,569ffd16f8032478cbeb9800f2e94ba0,20cb7c2fde3e5bf10f0bbe7394e1c6a9,2017-08-01 00:45:07,16.90,15.10
9cd2736eb96c50673ad7bb77faacf085,1,368c6c730842d78016ad823897a372db,1f50f920176fa81dab994f9023523100,2018-02-05 21:53:42,49.90,17.60
9cd721f408e8bf94b981ebe34f7007c4,1,d1a7965ac8d6ae62c9c1984434227cb6,87142160b41353c4e5fca2360caf6f92,2018-07-31 08:30:11,69.90,23.29
9ce40c402845819d3d1c88eb10a41e4a,1,f7a17d2c51d9df89a4f1711c4ac17f33,f8db351d8c4c4c22c6835c19a46f01b0,2017-09-12 15:24:21,52.90,9.27
9d0dea2e11b3af0d11ba66eac116bc6c,1,9007d9a8a0d332c61d9dd611fa341f4b,2c9e548be18521d1c43cde1c582c6de8,2018-03-27 19:50:52,7.90,19.04
9d302458a5c2070516051da353068870,1,2ff995aead9c63a1f37a07b3664ead37,8b9d6eec4a7eb7d0f9d579ce0b38324d,2018-08-24 11:31:10,74.99,10.53
9d302458a5c2070516051da353068870,2,1c55a8be0613dd888ed9c039cea3d660,870d0118f7a9d85960f29ad89d5d989a,2018-08-23 11:31:10,49.99,42.11
9d32e14ab99f206e6f8f2b6ad13baabf,1,0f3777229e40207d248acfd6e1f716b6,e2aee0892199b1d92530e371abd825bf,2018-03-15 12:15:33,189.90,244.34
9d8065ae4c6f5725ee052d02ab00f64e,1,a247560ddd8592a3eed82b43f60d9f27,3d871de0142ce09b7081e2b9d1733cb1,2017-04-10 05:50:26,69.00,13.06
9dc19c953a97c92383ff95f54cabe58a,1,95c40b993a22463c83beb5c51a03d46c,85d9eb9ddc5d00ca9336a2219c97bb13,2017-04-24 09:30:15,27.90,17.78
9dcd4c42eb5a67201aaeb894461bab83,1,b2d98b6f547c14e29a9e72b8e630d936,004c9cd9d87a3c30c522c48c4fc07416,2017-11-17 10:55:37,115.00,15.56
9e4732bc7d87af92e840a4427c41a5d9,1,2267b228a5bcef6dcc0fd584a4512908,57e632711dec9ec14ca7546769483e7e,2018-05-24 12:56:20,110.00,18.65
9e844ac3fb9440b1393bf80ab5b59860,1,368c6c730842d78016ad823897a372db,1f50f920176fa81dab994f9023523100,2017-11-08 22:31:02,59.90,17.67
9e99a131a8798c3985381f4f7c96d56e,1,a694f2632fae82ef419fd71587103dc9,989becdce12ebc39863c2bceab6f3ca1,2018-01-25 13:14:42,138.00,26.01
9ea31bc786d569fb961d6aca5b8ac618,1,bdfe450775bde583b7abb5698f1bd6e2,56642bcb79900e777d68e91915cb4267,2017-03-23 09:32:47,131.00,9.91
9eda5cd4fa8caf92f0886bcc15b98577,1,89e4362d74afa10ac57f8d67210132a6,dbc22125167c298ef99da25668e1011f,2018-08-10 11:45:23,96.80,14.98
9f2c1798fe24e69bf3317bc7b319c96c,1,594e6c5d1c4a58f7936b5a7134f53c80,a3b0df0065e264a91b7bbf5f844af5cd,2017-09-27 03:04:47,59.21,15.25
9f50c2639dfe5494951bc9d4d1a3ff87,1,3e03619d360cd44f29e094aae3c4a76b,50c9975695009e5e6473912e83a6d1da,2017-12-21 09:34:24,37.80,37.87
9f7b07e872a431807e81c38d6328502a,1,4a85b07765a341b846c963da0381db96,516e7738bd8f735ac19a010ee5450d8d,2018-06-18 07:37:09,213.00,19.07
9f80c79b3c2260ac4352d49fea965897,1,e70d8bce868310111ec36d96f6d80a9c,b561927807645834b59ef0d16ba55a24,2018-06-21 14:58:44,63.00,15.51
9f80c79b3c2260ac4352d49fea965897,2,91894be08b341b3d6228779d2a80ab94,b561927807645834b59ef0d16ba55a24,2018-06-21 14:58:44,54.00,15.51
9f9337d4e1debd68a43a89ee594a732c,1,67bd616e1ba0d3d3e8545f3113b0140d,e9779976487b77c6d4ac45f75ec7afe9,2018-08-28 01:10:08,14.49,18.23
9fce3cd33d8928808f389d86ea7556e6,1,73326828aa5efe1ba096223de496f596,d13e50eaa47b4cbe9eb81465865d8cfc,2018-08-23 13:51:12,82.49,8.74
9fe660037a9d47d9497e2b45f902d869,1,3da6f3c6c1ac8c36ff45b1a493a44e82,77530e9772f57a62c906e1c21538ab82,2017-11-09 15:10:30,49.00,14.10
9feb31244fa82ce0a5fb912500881873,1,f293514e0176006f3af40d473cf24a1e,1c68394e931a64f90ea236c5ea590300,2018-04-26 18:30:54,67.90,13.60
a0147b55f1d225bb21f981e58f735589,1,7b8617aa0d6db3af504337cc7a88e460,dc4a0fc896dc34b0d5bfec8438291c80,2017-08-22 09:10:21,197.43,21.87
a0224d0bc0030c9226e9613d6561a7aa,1,8443cb4cf7bf64bd0ff6e70cd9c2b246,6fd52c528dcb38be2eea044946b811f8,2018-06-04 23:31:18,58.67,15.29
a07c319b821b5707ba0b018c7ad63aef,1,cfb763496d9fc48751a27db4fd02aa2d,391fc6631aebcf3004804e51b40bcf1e,2017-08-09 23:25:16,49.95,11.85
a0c98bdda8405aeaa4b87bdcdd25da22,1,6c8b2975a4a05d1f36948b20753b29ca,955fee9216a65b617aa5c0531780ce60,2018-08-21 12:55:22,50.00,18.15
a0d3b62390e72dcfd8fc6b29c1af0061,1,def080e33b38a4c756347d4665b40a7f,ba90964cff9b9e0e6f32b23b82465f7b,2018-08-17 18:43:58,299.00,13.11
a0e03cdf46a28b86f2d93ccecaeca421,1,99a4788cb24856965c36a24e339b6058,4a3ca9315b744ce9f8e9374361493884,2018-01-11 18:06:41,86.90,16.24
a0fbae87b2c4f96a56e39ea7df0c1fd1,1,a4bca9d23228eeaf4e0169cb1a45aa62,4e922959ae960d389249c378d1c939f5,2017-05-10 12:35:47,69.00,17.91
a0fbae87b2c4f96a56e39ea7df0c1fd1,2,a4bca9d23228eeaf4e0169cb1a45aa62,4e922959ae960d389249c378d1c939f5,2017-05-10 12:35:47,69.00,17.91
a10025dad19bcbddfb29902513f39ca3,1,b796b4b960421bb50cfeb4fef8c793f7,6750d71153f00fc58829af2a8ef1bcf1,2017-04-04 02:10:34,99.00,15.90
a103ca0d5926c0afb6a2892545f93a7c,1,703d742887bb9267f89b675608ba7aa0,640e21a7d01df7614a3b4923e990d40c,2018-05-21 15:18:06,56.10,14.01
a10b5cf95e016d8abd403c05970234a0,1,7e646f7e1e428a1ddde5a18dd9d42e95,5058e8c1e82653974541e83690655b4a,2018-04-18 03:28:47,119.99,27.60
a10b5cf95e016d8abd403c05970234a0,2,7e646f7e1e428a1ddde5a18dd9d42e95,5058e8c1e82653974541e83690655b4a,2018-04-18 03:28:47,119.99,27.60
a10b5cf95e016d8abd403c05970234a0,3,7e646f7e1e428a1ddde5a18dd9d42e95,5058e8c1e82653974541e83690655b4a,2018-04-18 03:28:47,119.99,27.60
a10b5cf95e016d8abd403c05970234a0,4,7e646f7e1e428a1ddde5a18dd9d42e95,5058e8c1e82653974541e83690655b4a,2018-04-18 03:28:47,119.99,27.60
a11e916995a120fce0b1528d2555151b,1,c899857fb2b4a0cee39e479c1989ee3c,3d871de0142ce09b7081e2b9d1733cb1,2018-05-09 03:35:09,29.90,22.06
a140c8837fe93faea735fdb258215911,1,7384a19bf6df5d6139bc52286cd26c2e,9a03a4e9eb0b947652fae4f6121a3f5e,2018-03-19 14:15:38,570.00,21.87
a185e5cd569eb1436c80f83bae2d91bb,1,55552e80f046fafe13e130e6a07745e2,c864036feaab8c1659f65ea4faebe1da,2018-04-09 21:49:36,219.90,65.78
a187f41f4cc3a98eaf1e82f8b79c6fb2,1,f7f59e6186e10983a061ac7bdb3494d6,729f06993dac8e860d4f02d7088ca48a,2018-07-27 11:32:37,34.90,18.01
a1992473cf823780a4ce2235249ada82,1,914c9e9af640dd56f48764a225b00f89,7c67e1448b00f6e969d365cea6b010ab,2018-06-06 08:17:59,79.98,36.36
a1c87156ca249199bbcd96fbfcd0296d,1,98d4d94ea54992a98bbfefe75e7561d3,44073f8b7e41514de3b7815dd0237f4f,2017-09-21 04:25:50,13.00,15.79
a1e92d086f682e6d8a328e19e14e0621,1,0bcc3eeca39e1064258aa1e932269894,1f50f920176fa81dab994f9023523100,2018-01-24 12:34:28,49.90,13.37
a23d281315a434afd0b7bf492ce6a579,1,c62bc42d383a40b285eee3f95240c817,8160255418d5aaa7dbdc9f4c64ebda44,2018-01-30 15:18:24,114.90,18.05
a24c341da692fe0a57ba6140bf33e1a5,1,20a64c9ab614812a2634ebbd69bb4a02,850f4f8af5ea87287ac68de36e29107f,2017-10-27 12:28:12,99.99,15.46
a25f8c8c17243276e72fca0857e94789,1,bdc3291ab242ec1effc8eb0987850268,dbd66278cbfe1aa1000f90a217ca4695,2017-12-12 15:37:31,29.00,15.10
a25f8c8c17243276e72fca0857e94789,2,bdc3291ab242ec1effc8eb0987850268,dbd66278cbfe1aa1000f90a217ca4695,2017-12-12 15:37:31,29.00,15.10
a27e7bc82ceed97d792b678d7ca3e888,1,c3b271f47e73d0c9ccf1b43b7606c705,cca3071e3e9bb7d12640c9fbe2301306,2017-12-28 22:50:05,45.90,12.69
a29361cea3ac5ecb55cfc2c64b6c339a,1,5a3320037d5922a7708647c81ecc1f15,b6d44737c043328708f6749c2dbe50bd,2018-03-01 15:55:27,79.00,24.36
a29361cea3ac5ecb55cfc2c64b6c339a,2,7a6aebc4c1205818e64f9275475a73e9,8bd0f31cf0a614c658f6763bd02dea69,2018-03-01 15:55:27,199.99,26.23
a2cc46310eb1cf60d0032c6c78443368,1,3feecc22550e650b574f64a3e58b0f6b,725c32fa80c2faacc4fc88450d27314e,2017-12-07 11:37:31,38.98,15.11
a2ccfabd53f695441e4e9412ba9f8c63,1,c1ad8ac66c91ad301cefc322ba2adf31,966cb4760537b1404caedd472cc610a5,2018-05-09 18:15:31,584.90,11.86
a30f5af56b85e9f22df0e5686c66a627,1,4b96786612ebe7463132fce2c4dca136,d94a40fd42351c259927028d163af842,2017-12-12 02:39:26,129.00,23.57
a30f5af56b85e9f22df0e5686c66a627,2,1e618d311a1b7f88a9d96ec50aa85582,d94a40fd42351c259927028d163af842,2017-12-12 02:39:26,129.00,23.56
a312bb85adfdd8a06eff1dbd25f527b7,1,efab00780753fd85d64e8c727c331a60,7ad32824caee82087b3e2e5f33b1bf32,2018-06-12 11:51:09,451.00,60.02
a35cd49972d7afbd0822f2da96d94d62,1,71a62950e363cbba0816448a733a58e0,c6bda72e4dbf5c5866b13cb1810c6d03,2018-03-23 04:35:27,109.90,23.35
a36ab298e151e229a2d1cb6bb0e5839a,1,97759b2e2035fcd87986a43119b56c7d,213b25e6f54661939f11710a6fddb871,2018-04-05 19:10:20,37.95,18.23
a36ab298e151e229a2d1cb6bb0e5839a,2,97759b2e2035fcd87986a43119b56c7d,213b25e6f54661939f11710a6fddb871,2018-04-05 19:10:20,37.95,18.23
a3d314d074a652024b6b7ce9cf5e9275,1,f71973c922ccaab05514a36a8bc741b8,5dceca129747e92ff8ef7a997dc4f8ca,2018-01-23 17:39:22,119.90,38.47
a44bccae654f637781e1918da79f4fd2,1,a537bc52f4b925ec56cc9937a7601636,54965bbe3e4f07ae045b90b0b8541f52,2018-06-14 01:11:12,119.90,40.91
a4575978f0926901f0b481061a24d73e,1,a88cfe5c20413ddeff0a060c4202d278,05f51e13da97139648b8125c31e5f51b,2017-09-08 12:04:00,399.90,85.34
a45fc977eae1ef0ed4504f346d31a0fb,1,4ae634441e444ca4bc85903cafe98d73,92eb0f42c21942b6552362b9b114707d,2017-05-08 15:25:13,13.98,20.80
a48b334c5fecb11f072a3a98ae5d200f,1,8471182114c4e0e3b1586fef0ad240a9,9485a23c0430ba1d58d359391606fce6,2018-01-04 11:13:23,144.90,14.76
a49146f414b54879adb68c422428a68e,1,0bbb557651f08b3c732d9836de4d0bc3,cac4c8e7b1ca6252d8f20b2fc1a2e4af,2018-08-03 11:04:35,55.99,27.37
a4f4f63d38c826451e0f6482ed4b59d3,1,88e2fc6c65d64b3edbf2cade16ea82d9,53e4c6e0f4312d4d2107a8c9cddf45cd,2017-09-04 04:50:24,42.00,16.11
a4ff93cafe11fd211ea627c3cd253480,1,173d5a1b6c4ea4f41aafca840646d240,06e5eefc71ec47ae763c5c6f8db7064f,2018-01-05 16:35:24,181.01,15.02
a50baa42994364594f0a002918035aeb,1,f71973c922ccaab05514a36a8bc741b8,5dceca129747e92ff8ef7a997dc4f8ca,2017-05-16 02:45:11,109.90,36.43
a50f3e03765e8315c06a23e128aca380,1,1b474c650cb9407d32a1e066937b68fd,c60b801f2d52c7f7f91de00870882a75,2018-04-27 16:31:38,202.00,19.29
a57bebffbfa4ce3c72a856f94e1c589f,1,06edb72f1e0c64b14c5b79353f7abea3,391fc6631aebcf3004804e51b40bcf1e,2017-12-11 21:56:58,39.99,15.10
a5a1cabede9ba7b85cc04f0c65bddb88,1,0a18ef4868095d4c83357e58020e3397,6a53b90c3ad9e0b56d9fe5c69165fff5,2018-08-09 00:25:16,19.99,9.27
a5a1cabede9ba7b85cc04f0c65bddb88,2,0a18ef4868095d4c83357e58020e3397,6a53b90c3ad9e0b56d9fe5c69165fff5,2018-08-09 00:25:16,19.99,9.27
a5a315fbb356c78710a6c0c4129525d0,1,7fab1a1472fdd934397068931f63f3ca,3d871de0142ce09b7081e2b9d1733cb1,2017-08-01 08:10:07,69.90,15.24
a5a854651cfe0d8da9f1669266fd4063,1,409ec48108c4dad2130633a912fe877e,1900267e848ceeba8fa32d80c1a5f5a8,2018-05-13 22:52:27,40.99,9.60
a5a854651cfe0d8da9f1669266fd4063,2,409ec48108c4dad2130633a912fe877e,1900267e848ceeba8fa32d80c1a5f5a8,2018-05-13 22:52:27,40.99,9.60
a5bc76cff5020a123d1fdbbf26e06774,1,fbce4c4cb307679d89a3bf3d3bb353b9,c33847515fa6305ce6feb1e818569f13,2018-07-10 13:30:59,149.00,44.84
a5c2bce79ee362cbd630af6c3ab8f841,1,fc44aa56f6950438772a08ec23552fd9,9674754b5a0cb32b638cec001178f799,2018-08-16 16:45:19,26.90,8.35
a5c681209e1bcb90066e530c285ce2c5,1,eec68ed7d496bb2ee6aa0a69bb78acd2,5f5b43b2bffa8656e4bc6efeb13cc649,2017-12-21 20:51:36,89.00,9.44
a5d865e12e7e0f8952334691874959df,1,d9ea8b9304d5ce0662a97af9337ee871,b494891378bd8f4560abe576c52deacd,2018-08-02 18:00:24,218.90,11.35
a5d865e12e7e0f8952334691874959df,2,5f6b99538b396c18e5e310c2c187dc8d,b494891378bd8f4560abe576c52deacd,2018-08-02 18:00:24,199.90,11.35
a622a08f7c22608bf1f2c546a830de74,1,57d2fa6882b789ad55e86074398826c4,afe0067131b73e40875c9b6c10bd2e21,2017-07-17 14:25:18,89.90,15.38
a62bfc6bc99b59ccb234aa5366297fcb,1,9d364fec2ac9a80f64bae58b5c034832,0bae85eb84b9fb3bd773911e89288d54,2018-03-05 09:48:17,185.94,21.79
a63677aa9aeae51c42728b18555df877,1,d63c1011f49d98b976c352955b1c4bea,cc419e0650a3c5ba77189a1882b7556a,2017-08-15 23:15:14,59.99,15.17
a65e0938a2f3dc167ee856d4feb33290,1,2a5806f10d0f00e5ad032dd2e3c8806e,7c67e1448b00f6e969d365cea6b010ab,2017-05-03 14:30:19,176.99,37.64
a67bbe8654df3531b7c870495843dfb4,1,e251ebd2858be1aa7d9b2087a6992580,001cca7ae9ae17fb1caed9dfb1094831,2017-07-19 15:30:25,112.00,40.11
a68f7b681559723c84a5a758d62be473,1,0c30a560a3dea926f6ceaa1f36dcc213,2009a095de2a2a41626f6c6d7722678d,2017-04-05 14:50:15,16.90,22.64
a6a5d5673d42186a8b8b94ad29b59897,1,3d77287739b6bf1ac163ce2d77570ada,8c3b533c63cca56240f94f1e3a6b18ef,2017-06-05 01:00:34,449.90,173.78
a6a5d5673d42186a8b8b94ad29b59897,2,3d77287739b6bf1ac163ce2d77570ada,8c3b533c63cca56240f94f1e3a6b18ef,2017-06-05 01:00:34,449.90,173.78
a6c258c89be1621b6e7c2bd85b4c866d,1,5a68d72870a735b2e7ec0277013f7aa6,b6f52e346160519c24a23af05410ad32,2018-05-03 08:31:17,129.90,13.35
a736c2ffae5f36d767e81dfc44146911,1,6cfe89ec0814c1a570172b0916b102a8,0afccdb8a34ee5c79f7c06faf2b4d56e,2017-12-06 02:17:33,39.90,15.10
a73de8635a0cb0aee3da3736197f76b2,1,bc4cd4da98dd128c39bf0b8c2674032f,53243585a1d6dc2643021fd1853d8905,2017-10-08 22:56:20,1599.99,35.65
a749acbc328952e55d87733a869f2817,1,03a20f79e4c056b48ce29b3e30beb0fb,6fc26fe110feebd80a433e1f012a84f9,2017-08-31 02:50:51,59.00,12.75
a749acbc328952e55d87733a869f2817,2,03a20f79e4c056b48ce29b3e30beb0fb,6fc26fe110feebd80a433e1f012a84f9,2017-08-31 02:50:51,59.00,12.75
a749acbc328952e55d87733a869f2817,3,03a20f79e4c056b48ce29b3e30beb0fb,6fc26fe110feebd80a433e1f012a84f9,2017-08-31 02:50:51,59.00,12.75
a749acbc328952e55d87733a869f2817,4,03a20f79e4c056b48ce29b3e30beb0fb,6fc26fe110feebd80a433e1f012a84f9,2017-08-31 02:50:51,59.00,12.75
a77c21d752d5b237bed9d74c9d94bb20,1,a9e0a3a894f4bf7844830c090853c3e1,8b321bb669392f5163d04c59e235e066,2018-03-29 15:28:55,15.90,7.39
a7b1a54a2b2cf96cfabf303fccafbc3e,1,53b36df67ebb7c41585e8d54d6772e08,7d13fca15225358621be4086e1eb0964,2018-05-11 18:10:41,99.90,0.00
a7c17d3f5f5c9612a2bc81be1aadcdeb,1,9b2c558d8722ce82e6cae7ac037c2ad8,e8b3a3a38279a82f0e5d006d5e5b7d2c,2018-03-06 15:10:25,49.90,13.37
a8011c5b1b6536063a53c05cabf56bb0,1,154e7e31ebfa092203795c972e5804a6,cc419e0650a3c5ba77189a1882b7556a,2018-01-30 13:42:13,23.99,7.78
a81ac812819d3c3e98ff62b3a8e4e75d,1,33fb5f691f9219b5d60d856191aea6a4,46dc3b2cc0980fb8ec44634e21d2718e,2017-11-29 06:47:27,399.99,16.70
a82c960297e876b31d23af8b437f54bb,1,d3e1006ba3735c0d44160026b6e0ced3,c003204e1ab016dfa150abc119207b24,2018-07-19 04:31:32,108.90,27.71
a82dcbafd23833baa1a6f5328cedf5a2,1,6a057a401eab3b3cb8083d9e42972233,e64d65bc8dbec2accda90c58de5d1246,2018-03-19 19:49:51,149.90,12.14
a887a98a44fd41090859072971661ece,1,c80124276571cd4bef53cf35d9b36c5c,2528513dd95219a6013d4d05176e391a,2018-08-06 13:04:12,219.00,16.83
a8efe989c98ee6abeb71302e009de4e1,1,11fe97e9c97411c66289ebbf9ddbd789,dfc5fb7259bb2b599ca565e6e9448f0f,2017-09-13 02:44:07,179.99,10.07
a8f0774db1f2d93e5b48a0c370d423ed,1,99a4788cb24856965c36a24e339b6058,4a3ca9315b744ce9f8e9374361493884,2017-07-06 03:03:58,89.90,12.13
a944939844cbf212ca7f7a3eb4a8d5ed,1,f4be3cfe721d891dab8f4025132fe7c5,41b39e28db005d9731d9d485a83b4c38,2017-06-06 22:50:18,34.90,9.34
a9b40a5190a294e3d8f733c1caf32934,1,f71050e65776861c8c3ec7a2d2b0194c,53e4c6e0f4312d4d2107a8c9cddf45cd,2018-03-06 10:55:34,85.71,11.80
a9e41421a906ed1a2e2c882a0cfecf48,1,1ffbbf003b5a076002ac9deac36b1c4c,5343d0649eca2a983820bfe93fc4d17e,2018-05-16 03:10:14,75.00,19.50
aa45e41799067f67755e2e4e41925aa3,1,d03a3e22b08287c1c29aa67a79f3b2ff,c864036feaab8c1659f65ea4faebe1da,2017-12-14 07:11:08,149.90,21.54
aa62ed0f229f8631e59c8b849621124b,1,53759a2ecddad2bb87a079a1f1519f73,1f50f920176fa81dab994f9023523100,2018-02-07 03:15:40,49.90,37.90
aa6f9a7c586c01fe6c9021341dfe1de7,1,efd9689d6ae4ee9111b9b9f8b0f87f12,f3b80352b986ab4d1057a4b724be19d0,2017-02-18 10:49:41,690.00,61.37
aabde6ea676d05113f63f0de161b761f,1,e0cf79767c5b016251fe139915c59a26,da8622b14eb17ae2831f4ac5b9dab84a,2018-02-12 03:55:40,29.90,8.11
aac103aa82ea3fbc312b34cbc349859f,1,3a7bc7a262077b18cf16fb5333a98b00,4c18691b6037662be2df78a765d98ab5,2018-04-16 18:55:16,15.80,18.23
aac88c8074f903c76fc8616b924ab3e4,1,6711372a1a1512247ae964b1e36525d6,e8b4225284fbb02d16f200513f1f395d,2018-08-06 17:10:15,139.90,24.59
aaf7224fd4c85294460d9c42a803a7a5,1,6a8631b72a2f8729b91514db87e771c0,128639473a139ac0f3e5f5ade55873a5,2017-12-26 09:30:37,25.90,16.79
aaf7224fd4c85294460d9c42a803a7a5,2,6a8631b72a2f8729b91514db87e771c0,128639473a139ac0f3e5f5ade55873a5,2017-12-26 09:30:37,25.90,16.79
aafa42c99c04de8208303c4dcf9a4e4b,1,c075b8e131353552218860f1c421e4ef,f80edd2c5aaa505cc4b0a3b219abf4b8,2017-11-14 03:31:02,58.90,59.58
ab208b143122e9e71bd46dbe322baf85,1,ac50a885bf3b6a817bf6a0a2f1e27af4,113e3a788b935f48aad63e1c41dac1bd,2018-06-28 19:31:34,19.83,12.80
ab2bdf1229c8b790d6ebf0f703023f01,1,08401f48b67a852d06105725c3013eff,95e03ca3d4146e4011985981aeb959b9,2018-04-06 13:47:53,25.00,15.23
ab377121ab607d829a167d9796781f67,1,999f8a403c25d68c828a6915e13e89d9,2138ccb85b11a4ec1e37afbd1c8eda1f,2017-06-19 17:15:43,26.99,11.85
ab463224aae0075d819f1a6a7d99e9ab,1,5a9e59a4796fdb38dfd89e0977993f31,1900267e848ceeba8fa32d80c1a5f5a8,2018-07-27 13:10:18,19.90,12.80
ab463224aae0075d819f1a6a7d99e9ab,2,5a9e59a4796fdb38dfd89e0977993f31,1900267e848ceeba8fa32d80c1a5f5a8,2018-07-27 13:10:18,19.90,12.80
ab588e77cdbcc3d63e479ba2862256a5,1,25f86162fee18735fffdb762dcb10d7c,1a3df491d1c4f1589fc2b934ada68bf2,2017-10-06 17:07:13,159.90,23.99
ab74c0e5d243c75a0289ac0ed8811a97,1,72172e982e8b92155069e4201c92c0bb,e9779976487b77c6d4ac45f75ec7afe9,2017-07-06 12:55:10,28.55,9.27
ab76f54a321a0431ef243b3b6865078b,1,93612dca2cc02cd586ec7e862f2edcbd,de23c3b98a88888289c6f5cc1209054a,2018-02-08 12:51:26,179.00,10.07
aba3d283b846a03d398d549db17b649a,1,51250f90d798d377a1928e8a4e2e9ae1,3c7c4a49ec3c6550809089c6a2ca9370,2018-04-09 05:50:28,13.99,12.79
abdc23d84a4a4a01070f271f0c2917c0,1,1f3365ddc6456d082f482309326f037c,440dd6ab244315c632130ecfb63827b1,2017-04-10 06:15:34,9.50,11.74
abe1510142dfb06af1ac26425e538cf0,1,f4041d76285c2a34ad5013e8d287a400,1835b56ce799e6a4dc4eddc053f04066,2018-02-15 21:35:25,39.99,16.79
ac2403ebd2706b3bd5399ac7ef4ea9e7,1,69c2f05e34d543dc71cfe745bfac8499,5f7300535881cef3b625fd683cf7d145,2018-07-18 17:55:14,89.90,16.82
ac5222f836286b33e7240030ad79d7c9,1,a75142054d1e335a68625bb7f3c2f130,41b39e28db005d9731d9d485a83b4c38,2017-12-26 21:52:25,134.90,21.78
ac57a5e116e95f1b04e07e0b57a5f6f5,1,55403fdc84a027ae6565b360af50e1ee,620c87c171fb2a6dd6e8bb4dec959fc6,2018-08-09 21:15:21,229.90,20.80
ac58bda50dfac642d4f72dbf95a1c179,1,05f581382fca988fec41f4a3de0e0fda,4ebdc7e6cd6102a022dadc49156d4ea8,2017-09-21 23:07:17,25.90,21.15
ac6e61336e852cdc45fe59ada3763a66,1,a4800b5d0f4850922208a6cefcffed51,218d46b86c1881d022bce9c68a7d4b15,2018-02-13 12:30:44,263.92,14.87
ac78dbdaa55c30dbfb7eea9beaf31b81,1,3f212fef0e1f11b343226b633f0426df,3d8fa2f5b647373c8620330c4e077a9f,2018-06-20 18:40:35,110.00,11.79
acfe3b4611df7e7efbd402bb5b5be2a3,1,03552ec45033c8658713c541f6af9f05,2e1c9f22be269ef4643f826c9e650a52,2017-09-04 09:55:19,54.49,11.88
ad263bc9111c1e0cbb780c4b7c1009e6,1,82e4ad16521ca131d95e198d507db370,128639473a139ac0f3e5f5ade55873a5,2017-08-02 22:33:53,16.90,42.38
ad36f179defc59af185b045c6e700ada,1,4293865e4ead3d446609086b4cfedb4f,da8622b14eb17ae2831f4ac5b9dab84a,2018-03-22 18:28:33,129.90,23.49
ad430bc59db52b1f7522b6f19e669bc6,1,1860b96949f9ff0adcd5e2c340d32e12,d65f31d2413268e671989503f6cf9993,2017-03-09 19:50:09,189.90,16.54
ad47c55e7dc71d935ccff9650ff1beb6,1,7fb04722aba7a2b632bac8f9819796f3,f3b80352b986ab4d1057a4b724be19d0,2017-10-26 20:49:30,79.90,19.80
ada6146d9553232fb9b561d1e5105b11,1,ed77034b92386a1a8cfd3c648d715dde,c9c7905cffc4ef9ff9f113554423e671,2018-01-25 09:08:35,18.00,7.78
ada8c993c9ef5f3e6705c9ea4af1a1d9,1,530989bc6eff4420c49a84214ab1eb51,eebb3372362aa9a46975164bed19a7e7,2017-04-28 13:50:22,73.99,8.89
adb5229ba2403ffab5e2b7cd6e33459e,1,154e7e31ebfa092203795c972e5804a6,cc419e0650a3c5ba77189a1882b7556a,2017-06-29 12:50:30,19.99,7.78
adb6dd7e1e17a776182bc02f1385252d,1,5929e483b6df44414c047cac38873fe6,aaed1309374718fdd995ee4c58c9dfcd,2017-10-31 17:35:19,42.90,17.60
ae15bf1ddb1e3e96132e81c6c7fbf7fe,1,be29276f7c3781b418ca51f707255455,06a2c3af7b3aee5d69171b0e14f0ee87,2018-03-22 10:08:01,60.99,33.59
ae7dc97e75f7b915af6ef838d96df18a,1,6a615d08894298ae667e38c7b23b0965,5b67882648febfb6e1225e6ad7164f6b,2018-05-21 18:16:50,409.99,25.80
ae7f30650fe9c91685d2fb23a527df97,1,31e085df58ad2bb752bfbabd1972197c,ea8482cd71df3c1969d7b9473ff13abc,2018-05-21 03:55:59,27.99,22.85
aea0db338150b526dde24f6fd953a5ed,1,aa428a8e4d587520f90d37a08030a812,b2ba3715d723d245138f291a6fe42594,2018-01-02 22:05:26,96.90,16.44
aeb24c8a3ff615b3a6fe47e27996fb7c,1,08574b074924071f4e201e151b152b4e,001cca7ae9ae17fb1caed9dfb1094831,2017-12-13 22:18:25,99.00,33.08
aecd12eef9fabbbde3ee307934546868,1,b38b25d838ae0b8385e8cc68b9017644,fad44952713764836814be105382aee5,2018-05-16 23:30:47,130.00,18.79
aee0d5464f3b889a06716a820b1a60e3,1,57e1815b050566a793e010162f765cdb,edb1ef5e36e0c8cd84eb3c9b003e486d,2018-08-14 20:25:11,149.65,14.26
af0d9307a328df54ca2c27eb08cf62b2,1,40c36dbe4fd510370d40e09ae7670a26,8444e55c1f13cd5c179851e5ca5ebd00,2018-05-28 03:52:09,108.90,14.84
af0d9307a328df54ca2c27eb08cf62b2,2,40c36dbe4fd510370d40e09ae7670a26,8444e55c1f13cd5c179851e5ca5ebd00,2018-05-28 03:52:09,108.90,14.84
af19069eeb42e10ffc3f2eadee886c49,1,f6e3aeb40c00aec24ade8333c2ac1b20,7299e27ed73d2ad986de7f7c77d919fa,2017-11-30 22:31:10,40.00,15.10
af267dd4b62acc26802a30eef78e7afb,1,55b71bf300a2765a382eaec566df531f,e8dba4d70f7f2b20e775d09cae01142d,2018-06-19 13:01:02,74.99,30.33
af6cf105471a4c8fc88ae0af594fde44,1,4508e088c4a07e0ad64f6fa3751e314a,c3cfdc648177fdbbbb35635a37472c53,2017-07-10 15:03:57,76.90,15.30
b002261c1b562472adb57d81cc90995d,1,461f43be3bdf8844e65b62d9ac2c7a5a,b33e7c55446eabf8fe1a42d037ac7d6d,2017-11-13 04:31:54,146.00,12.52
b01e3ee0b1aa883fb12d7161e3d979fc,1,f71f42e2381752836563b70beb542f80,85d9eb9ddc5d00ca9336a2219c97bb13,2018-01-19 04:28:32,31.90,14.10
b0226a31a2297b13e23df75400c28d81,1,f819f0c84a64f02d3a5606ca95edd272,4869f7a5dfa277a7dca6462dcf3b52b2,2017-12-11 04:15:51,699.00,22.14
b031da90f1946edd12ee2587d53c667d,1,ee6e15447094b902e95fa175c5695cee,7b1222c3624aa89b9558b50a2594188c,2017-09-27 19:24:39,179.99,12.76
b033a34245ae159e80dd599b3c5cb92f,1,47f699d9462e071f977f612be2b5b67a,56642bcb79900e777d68e91915cb4267,2017-02-03 19:25:23,170.00,18.00
b0459878e11dcfafd042b81083011548,1,db5efde3ad0cc579b130d71c4b2db522,4869f7a5dfa277a7dca6462dcf3b52b2,2018-03-08 17:50:36,175.00,12.73
b04860f9f7889ebd859a225e5fbaf743,1,f6e6c65001237d8ad94691b224e17753,d6b1ce66b035a475f00c017792ff9769,2018-06-26 04:36:17,169.99,12.92
b04860f9f7889ebd859a225e5fbaf743,2,f6e6c65001237d8ad94691b224e17753,d6b1ce66b035a475f00c017792ff9769,2018-06-26 04:36:17,169.99,12.92
b05922c45fc699ae9049a2c5add3e02a,1,ea99388f66ccc3a78b6c2d7725184b12,6d66611d7c44cc30ce351abc49a68421,2017-02-06 07:05:42,49.90,15.11
b072d6d510b1444975b212db037ab429,1,11875b30b49585209e608f40e8082e65,669ae81880e08f269a64487cfb287169,2017-07-31 15:23:36,65.00,15.20
b07680c80c64e1f1ca41d4337b5e773a,1,01e25be2c25019945382e057a8292e72,a3e9a2c700480d9bb01fba070ba80a0e,2018-03-19 13:15:29,113.00,23.37
b07bd6d2317297a22b80a9836b464d59,1,811c8bc1ddef7440e27dfb8cb536f334,5dceca129747e92ff8ef7a997dc4f8ca,2018-06-29 11:32:43,428.00,46.99
b081a26ca9566254713995a623e0941e,1,7acf643c9851bf01a16332dfc8e6824f,165fc07beebdcb6190fba8a06db2a449,2018-08-10 16:45:22,159.90,64.92
b0f1788449620cd7f71d55b336967c24,1,06f0e85c7892d5df893f332706340af1,3d871de0142ce09b7081e2b9d1733cb1,2017-10-31 02:14:24,179.00,57.92
b11277967c91e971b81a787a51849320,1,e4ef515e041ce5062868aacf106df8b3,ca3bd7cd9f149df75950150d010fe4a2,2017-03-17 02:23:28,98.30,41.92
b11277967c91e971b81a787a51849320,2,e4ef515e041ce5062868aacf106df8b3,ca3bd7cd9f149df75950150d010fe4a2,2017-03-17 02:23:28,98.30,41.92
b11be1ce9a1f9812763eba8c91fc84bd,1,3dd2a17168ec895c781a9191c1e95ad7,de722cd6dad950a92b7d4f82673f8833,2018-05-24 14:56:22,149.90,10.06
b12c008387c613526c4560e87f3f0dbf,1,01d15932271068f9fd1f369b8449cac1,2e90cb1677d35cfe24eef47d441b7c87,2017-06-07 21:35:01,109.90,18.66
b12dbb55013ad2916d26c65c8abbcd17,1,07f381c65e8e66460c07781b9b1b8834,7c67e1448b00f6e969d365cea6b010ab,2018-02-02 15:22:07,192.99,33.59
b12e5d725658a4566286153c51727af2,1,90d0b33a310abf581b6eb73e4f40d0df,0adac9fbd9a2b63cccaac4f8756c1ca8,2017-05-11 13:15:17,8.90,11.85
b13a02b747c3ea81a898b68bdd345367,1,be1c4cf8a2d2aade623eb7a646d2a0bc,1900267e848ceeba8fa32d80c1a5f5a8,2018-01-24 12:37:31,70.00,16.25
b1498d9178bbadef1684ec3c4413cd31,1,0c79aab7a6a2449f932887fb3c8d0127,70b52a4cfc823994561b00bad161b4ed,2017-03-12 16:17:51,58.50,11.02
b16cec67cb3f5a4bb31abe8988b43d19,1,17efcba3c09566b89c945ef563f381d2,3f9c56764fabca627406093dcb3ef0b4,2018-03-30 09:28:24,129.90,11.77
b1a000260e2f3760e5ec18566db7d592,1,5a3320037d5922a7708647c81ecc1f15,b6d44737c043328708f6749c2dbe50bd,2017-06-27 13:20:25,75.00,37.95
b1c3ca267130eac320fb60d3340f528a,1,fe01b643060a6446e59f58e3021e66b3,2dee2ce60de9709b1a24083217181a1f,2017-10-11 02:49:38,143.00,38.55
b1cc3e65937e4d01bff18495b5577f57,1,74e5e7c0ad09d8fec4d30c75a70a7799,3db66a856d18a9cba7c9241fc5221c50,2017-07-27 02:55:21,69.90,14.22
b1cc959223d3beff53d4aeb97b8b6a8a,1,ca00f42e51fa8b6226d4c57ef6557967,fa1c13f2614d7b5c4749cbc52fecda94,2018-08-06 21:50:16,169.90,16.29
b211184b294bc46861ba034d76f2bf79,1,49b92145c5462c320ff0b22ea9e240f3,0be8ff43f22e456b4e0371b2245e4d01,2018-03-19 19:30:24,39.90,12.79
b2355e2ae81244cdf571c90d5eb890a1,1,368c6c730842d78016ad823897a372db,1f50f920176fa81dab994f9023523100,2017-11-30 11:13:03,49.00,19.66
b26d0e4b269b9370121538ab116bb04a,1,fb20d37a2c78452667f7a347e756727c,e26901d5ab434ce92fd9b5c256820a4e,2017-07-14 18:05:28,34.90,12.69
b323a1bf3949211f3d9fbc43772534e6,1,3fbc0ef745950c7932d5f2a446189725,06a2c3af7b3aee5d69171b0e14f0ee87,2018-05-11 17:56:21,64.99,37.14
b33c9bb2caa1d2b9f219b70f6dba7dce,1,5a0c21ad6b82a1b61856e48ec959764d,cc419e0650a3c5ba77189a1882b7556a,2018-08-31 03:45:15,96.99,13.34
b365b927da19a3d58a252e1c5695c86c,1,69a6db5384c989b74cfe3f82ac932da7,cb3dd9ce66268c7a3ca7241ac70ab58c,2018-01-30 09:19:29,89.90,11.83
b37fc42b9b16ca9e092edcf0c06bd1f5,1,183b0c895605218dbd34cdcfcfa8af28,4917cee8d902e13428c3ec4b1ca6f315,2017-11-07 18:35:15,145.00,35.53
b392178525db3323c13bd67d9dee38ff,1,86133a2151bd98a3ed2ad758709e6d1b,f27e33c6d29b5138fa9967bcd445b6d5,2017-11-08 23:05:46,59.90,16.67
b3a5244e63837c138b11bad69f104bd2,1,165f86fe8b799a708a20ee4ba125c289,7ddcbb64b5bc1ef36ca8c151f6ec77df,2017-11-13 04:10:23,146.99,30.44
b3c22881ab836451fc66d6cbf6a2083e,1,acc444eb5ad26f79d5a11baa6a03c439,1025f0e2d44d7041d6cf58b6550e0bfa,2018-07-18 22:24:00,120.00,74.79
b41cd75853511ce5fa49b43cca5449f5,1,19445bdaf8aa12c9f56199be2b2d56e0,1025f0e2d44d7041d6cf58b6550e0bfa,2018-04-19 12:31:08,45.00,8.88
b41cd75853511ce5fa49b43cca5449f5,2,19445bdaf8aa12c9f56199be2b2d56e0,1025f0e2d44d7041d6cf58b6550e0bfa,2018-04-19 12:31:08,45.00,8.88
b4501b36d5c7558b4364a961168f8bfd,1,427773a5ce823492c383adfec35dff62,6560211a19b47992c3666cc44a7e94c0,2018-07-27 02:44:15,39.00,18.37
b4501b36d5c7558b4364a961168f8bfd,2,427773a5ce823492c383adfec35dff62,6560211a19b47992c3666cc44a7e94c0,2018-07-27 02:44:15,39.00,18.37
b4587793077c17563480c33e3afa4786,1,5cbd407f3315b628a89206fbc140f6c8,d12c926d74ceff0a90a21184466ce161,2018-04-06 13:35:21,19.90,7.39
b467baaa7d5fb3f77eed1cda6438100e,1,f745d28cf673e9022060c31f7f11218e,dee656f0f566ed1aa85bd137c943f08f,2018-01-11 15:07:13,37.90,11.85
b4a90f27b4f23868d8fc84e9dceb125b,1,eab1309765ca0c3ba5c2ae2b85b28b00,c3cfdc648177fdbbbb35635a37472c53,2018-08-20 03:35:19,179.90,23.01
b4b86df50ff2b7209ced1549d9ea4b2e,1,fa23bf270fb9880690b07d09b9f9ff20,1b8356dabde1d35e17cef975c3f82730,2017-03-06 14:55:08,58.99,17.25
b4c9f083bce61caf47fb38f9ba058bce,1,0f96cb6fd0ba832f2d7a21d13b251526,ec8879960bd2221d5c32f8e12f7da711,2017-08-11 16:15:16,104.90,20.22
b4d85d4356b0ece0e421f5c58d757107,1,c6dd917a0be2a704582055949915ab32,7a67c85e85bb2ce8582c35f2203ad736,2017-12-21 02:37:35,99.99,16.95
b50700cbee924cf4a5f5f9f38c1d0a04,1,30ac6df06dc59ad72cf2f158fc2d904c,0dd184061fb0eaa7ca37932c68ab91c5,2018-02-08 20:24:16,120.00,25.68
b52c2a6044367f51b1e6f7d5bb8bca7e,1,e93a471ae7f8acd97e41203e59a434e6,2c9005d8043aff18b8557ffb7b13cda4,2018-05-14 17:51:47,109.90,19.74
b540d328af5b078f6c8aebac46ae606b,1,6ebb5635bf6deefd63f997cd3e898766,f45122a9ab94eb4f3f8953578bc0c560,2017-11-13 04:31:49,34.99,8.11
b54fae7a3880a8421f9f38a8aba5e745,1,aeaba104830f91586dae1bff90f54a8a,a44fb5a447105f8469bdf16bf9159f25,2018-05-11 17:56:10,123.90,23.80
b55b34e107238df26137bc117f892827,1,96ea4f32befa14bd8ab36fd6827a5e3f,de23c3b98a88888289c6f5cc1209054a,2017-12-12 23:12:50,59.99,9.34
b55b34e107238df26137bc117f892827,2,bf477d995ee4444807afc574cfbcc1c1,de23c3b98a88888289c6f5cc1209054a,2017-12-12 23:12:50,59.99,9.34
b560c6ec87e95f7414ff53cb57b58a12,1,9c7a34846a13f5d0a066eb6af9ecbd87,4e922959ae960d389249c378d1c939f5,2017-12-15 14:30:26,120.00,36.16
b57278e94a17f53f5a91bb0aab49c397,1,8338cef8355d238f43711dcb9c0657b2,cca3071e3e9bb7d12640c9fbe2301306,2017-03-02 21:56:46,45.90,10.96
b5796047f40aa1f6a7b80f8a8e35fcbf,1,15d5088ad671c687e6ee89b9ba4e0766,f9244d45189d3a3605499abddeade7d5,2018-08-28 13:09:11,999.99,43.33
b599b60a3fa09e7a4003eb264aa99a07,1,bb4f8cfc76a66cb770208b2c1d2c6269,751bdc4d83a466c7206cd42e8f426b03,2017-10-13 09:25:00,129.99,12.11
b5b143bb15757cfbb8c5f447e4586940,1,5ae29cafe81cdcf89058a7a6fa842b34,ce27a3cc3c8cc1ea79d11e561e9bebb6,2017-08-29 07:50:09,120.00,14.59
b5b45b75641df9adb6a1a1609bcb77f9,1,4ce9ab528124f89e091b17d11aa2e97c,7e3f87d16fb353f408d467e74fbd8014,2018-08-03 04:35:20,89.90,18.73
b5c4db08aa2596516e8e23acee055374,1,ed47a454f5fbb920098724ccf04f86de,ef2fbc2b607d8492bcffe657a4645434,2018-08-21 16:09:45,22.90,22.88
b5c4f14a0dee74d81b66f57da41ef77c,1,15de022edf1005363381e66bed514528,537eb890efff034a88679788b647c564,2018-05-23 15:06:03,18.90,7.55
b5cded175dda03c8360eb5d652b931e1,1,21538f484ba135893f2b51c8b8750966,d1c7fa84e48cfa21a0e595167c1c500e,2018-04-30 03:32:28,65.00,18.33
b5e1bf00261a7bbaddb0c3a06e63f039,1,9047a9fe0b7e4175af012bfa793890cd,e96498ed8daaa3e9c23f7a62da76591c,2018-03-15 09:10:25,199.99,19.28
b5e8d13478ad66ec57d480c9e00abb39,1,1957efa6b2babcb8552b5f3072108d41,0307f7565ff85b299b6e5ef162b1b1a9,2017-03-06 12:05:26,1169.00,59.73
b5f13aa3a46ca3005d39389331866fe4,1,53b36df67ebb7c41585e8d54d6772e08,7d13fca15225358621be4086e1eb0964,2018-05-14 19:31:38,99.90,0.00
b5f13aa3a46ca3005d39389331866fe4,2,53b36df67ebb7c41585e8d54d6772e08,7d13fca15225358621be4086e1eb0964,2018-05-14 19:31:38,99.90,0.00
b5f13aa3a46ca3005d39389331866fe4,3,53b36df67ebb7c41585e8d54d6772e08,7d13fca15225358621be4086e1eb0964,2018-05-14 19:31:38,99.90,0.00
b6162f47d6adbaf673e92b13e9358d89,1,c8f17c4ceaa05acfb30a852b8ee2c0a9,9f505651f4a6abe901a56cdc21508025,2018-08-30 04:23:58,129.00,8.16
b62fb8675350e9d26562d21d74f310bc,1,f7a17d2c51d9df89a4f1711c4ac17f33,f8db351d8c4c4c22c6835c19a46f01b0,2018-05-07 05:31:13,48.90,12.79
b643582fcd5b151f498b5383a0195f33,1,6875b883a18364bf04f16698a335df55,3d871de0142ce09b7081e2b9d1733cb1,2017-03-23 18:17:53,69.00,11.87
b647f540d673c123ae558b52796b5124,1,bc048769f430e8e98c07bae3108a422c,d921b68bf747894be13a97ae52b0f386,2018-07-31 16:25:24,399.90,16.14
b65162879a74ce2aeca593f3ca44cc82,1,06efa56b8557e1efcb2c107f55d1a8dd,51e4e89242cbb846c2deff3dc015650e,2018-06-04 21:31:04,68.90,22.19
b6ac9e1564a4ab43f7958280ebc3ea23,1,4d0ec1e9b95fb62f9a1fbe21808bf3b1,8160255418d5aaa7dbdc9f4c64ebda44,2018-01-12 17:18:33,105.90,13.42
b6ac9e1564a4ab43f7958280ebc3ea23,2,9ad75bd7267e5c724cb42c71ac56ca72,8160255418d5aaa7dbdc9f4c64ebda44,2018-01-12 17:18:33,105.90,13.42
b6acc7697ffc9caac96d5d86d80ea71d,1,e7e8b8c62baed3c11bdbf4fad8a32dde,dc4a0fc896dc34b0d5bfec8438291c80,2018-02-05 21:35:31,98.62,21.18
b6ad79d84c91bb9d11720468017c168e,1,875877153c6086d3c0e1fcedcee6a77b,4e92348462c75b6c842b994ce84a0ed4,2018-07-12 08:31:21,69.90,15.59
b6da9829ce73e764c8023c98aec4c11b,1,23ca4b39422a8ce105ac4848d5d9cad0,960945e1a9535cbc0cd6ddd35fbe7ae8,2018-05-11 18:50:09,40.60,15.23
b6f0a8d06c025c6aed95229f1bb0421f,1,4fe644d766c7566dbc46fb851363cb3b,c31eff8334d6b3047ed34bebd4d62c36,2018-06-20 22:19:17,99.90,12.43
b6f41799a58be93e516fb6992e0d4b47,1,cbe952607a2215211502095c631ea179,b9c0ffa92f3ff9a5a3d45ef7213c0842,2017-09-21 06:55:06,110.00,34.57
b70fb0265f4059cdf874d341878a64f4,1,19e17f268ccea61dbea86367763aec38,8648b1e89e9b349e32d3741b30ec737e,2017-11-16 13:15:31,84.00,15.34
b74d9d05094d192b78eec20610faec65,1,8ffdc77604396b5f0483e372aafe83f0,cd68562d3f44870c08922d380acae552,2018-03-06 23:35:49,289.00,17.78
b769eb33d511dc1b52b8c6d45522a101,1,c5b6cb0ce3279d64025831b972bf5dee,3d871de0142ce09b7081e2b9d1733cb1,2018-01-16 21:29:06,89.00,38.17
b7a70c5355ba0e41915b2ae56209a2bb,1,0b2c18d8e73e17348a011241525cb089,6560211a19b47992c3666cc44a7e94c0,2018-01-03 22:55:21,199.00,8.65
b7bad41b595c73cedf79fe679bf246d9,1,8747974bad06af6fbf0f2acf33a55ddc,612170e34b97004b3ba37eae81836b4c,2018-07-24 17:43:59,84.90,19.50
b7e56bc4544b2d0098a4571a45eea22c,1,b92a7304ebad1ca5b393b53b2de5c70a,7c67e1448b00f6e969d365cea6b010ab,2018-07-27 15:25:13,149.98,19.22
b82ba1f1f32eec47bc90651a5bb6dbbe,1,b146d66b6ce3b149187e9f3349bfad68,4c2b230173bb36f9b240f2b8ac11786e,2017-08-03 02:31:21,19.99,7.78
b83c1be0cbe93a1aea7c3a77e4ae37ee,1,0721efe2bcae3223969332d77f0182bc,f262cbc1c910c83959f849465454ddd3,2017-12-08 12:49:15,39.99,8.72
b83c1be0cbe93a1aea7c3a77e4ae37ee,2,0721efe2bcae3223969332d77f0182bc,f262cbc1c910c83959f849465454ddd3,2017-12-08 12:49:15,39.99,8.72
b84153f6ef50c6f07d2919e984c1f761,1,9b2db9ec16a8a51549f32462bf973523,c8b3445d737de6befde0c88ede534a5e,2018-02-08 16:00:37,119.99,13.39
b87f290b049eb668936a0f94149a1e2f,1,9bc7d25a36d620cf449cfdebe3de132f,01fdefa7697d26ad920e9e0346d4bd1b,2017-05-29 04:15:27,57.99,15.16
b887a2e34410f9ca015c231938fc3842,1,49d2e2460386273b195e7e59b43587c3,1caf283236cd69af44cbc09a0a1e7d32,2018-06-20 19:30:58,26.90,19.32
b89f21041d3c9c9b84a3c6b65b7ffcdb,1,f9df82b6115c453e5ae8e7706576eef5,8d956fec2e4337affcb520f56fd8cbfd,2018-03-06 09:15:38,32.99,15.10
b8b6fc684620d7c82ae7a4435e8d6a90,1,b9ac7314894a193a11fd3150f8c69307,04308b1ee57b6625f47df1d56f00eedf,2018-03-15 11:55:33,529.90,63.77
b8c6d75388bad0d20626aa31f173d5fb,1,dfeb7c8b7bede7a7bab2d4eefdebd5ac,0432ead42b6c8a0bdf68154add917fdf,2017-06-20 12:42:46,89.90,14.38
b8cddbe53f3a227da27064bc722cffa3,1,2a2d22ae30e026f1893083c8405ca522,1a3df491d1c4f1589fc2b934ada68bf2,2017-09-12 11:45:33,159.00,23.98
b8f7f9df1e5bf679e78dbf66146a39e3,1,9351b1e4334769dc0abe871ee3c7abc3,abcd2cb37d46c2c8fb1bf071c859fc5b,2017-12-14 02:54:12,78.90,21.35
b938ac4d34d8d6e6cb9f8dbfa2042cc6,1,1750753e77dc38c4afe6fc90f02c39bc,f8db351d8c4c4c22c6835c19a46f01b0,2017-05-02 08:02:48,36.90,14.52
b93e694316954c82db60cf84faf9c694,1,e1ed9c25b42fc1afbc7459cc821a9d44,05d2173d43ea568aa0540eba70d2ca76,2017-12-19 14:31:35,49.00,15.10
b978ea305468570d5f639292c011b2bf,1,42a2c92a0979a949ca4ea89ec5c7b934,813348c996469b40f2e028d5429d3495,2017-11-24 15:50:29,58.90,14.13
b989c3785c2432d0617d9e494703c478,1,bb3c156467b262f4c99996ded3351eee,e62b2d6ac10570a035a30bafcf01d263,2018-08-06 13:35:19,49.90,23.15
b9942ad6dac0292bceb320c89a3c9736,1,f7bb503725fb4d7bb55301d5bceba728,55a5b51f93f2b70ea513f5a047b0262a,2017-08-15 02:55:44,99.70,17.14
b9a9e9876a24264089b78553266b219f,1,54d9ac713e253fa1fae9c8003b011c2a,955fee9216a65b617aa5c0531780ce60,2018-01-23 14:52:31,29.50,13.08
b9caafcfce2316e8aa42f6cf6327ff02,1,37f4d0bf85fbf875c920d460766d6a5c,955fee9216a65b617aa5c0531780ce60,2018-01-29 03:37:22,44.99,11.73
b9e0c2dfab4b400170fc1bdc4765a35e,1,08574b074924071f4e201e151b152b4e,001cca7ae9ae17fb1caed9dfb1094831,2017-10-05 18:28:18,99.00,33.08
b9e191cae053d808e4c2573a0a241dab,1,bec79420ffee0e0e76e3b4cce2c4b1a9,11bfa66332777660bd0640ee84d47006,2017-12-19 00:17:23,32.99,17.60
b9e59da979fffff5191bcc3345de9127,1,fdbf9f9491572857107621c9e0c5d59c,a49928bcdf77c55c6d6e05e09a9b4ca5,2018-01-10 23:28:21,19.00,7.78
b9f31e3a32f182587fd629c681118d79,1,4ece875799f8eacb00dc13e93d0a2fd0,522620dcb18a6b31cd7bdf73665113a9,2018-01-17 11:28:36,499.00,18.24
b9f985da9b5605e8f6b1fb0558b8c88a,1,db5efde3ad0cc579b130d71c4b2db522,4869f7a5dfa277a7dca6462dcf3b52b2,2017-11-22 22:26:10,190.90,12.84
ba242a1dd9c9df31f97af85c25e0e1bf,1,b80921007ed3f68cf6e536e6daf08610,ea8482cd71df3c1969d7b9473ff13abc,2018-01-03 04:12:12,29.99,7.78
ba353ad7c7f218cd458bde871ae720c5,1,15d8ac236009f0d5e74a5033a53ba460,710e3548e02bc1d2831dfc4f1b5b14d4,2018-06-20 10:30:42,309.99,26.11
ba3f16abde04a2864215c98e536e2a46,1,ee406bf28024d97771c4b1e8b7e8e219,7a67c85e85bb2ce8582c35f2203ad736,2018-02-08 20:50:50,144.99,29.41
ba67f9aa9f6aaa7645b40abdf9f980c5,1,4ae634441e444ca4bc85903cafe98d73,92eb0f42c21942b6552362b9b114707d,2017-06-30 14:03:25,11.99,7.78
babf3827fed8e4f27b7d8a680af07e43,1,b5e13c9a353102f79c6206ff5cb61a50,a49928bcdf77c55c6d6e05e09a9b4ca5,2017-11-03 12:55:22,89.90,17.88
bb23ee96defc419b4137ae66d0c0e44e,1,da97969972a524bca894f97ea6bcff90,d2374cbcbb3ca4ab1086534108cc3ab7,2017-09-13 17:00:13,29.90,16.11
bb45d77c66b6a32f77813252457545a5,1,f89d2b130b571d24532514dca6fee2a8,8b321bb669392f5163d04c59e235e066,2018-03-21 14:30:45,13.65,7.39
bb464b973005de9d4a87e205925f5751,1,acc444eb5ad26f79d5a11baa6a03c439,1025f0e2d44d7041d6cf58b6550e0bfa,2018-04-16 20:15:13,120.00,23.16
bb9552306cf6879fde49f4ba3bd94299,1,cae8c962ad47ff05a508e6fec4146e1a,b4ffb71f0cb1b1c3d63fad021ecf93e1,2017-12-22 20:38:29,29.00,15.80
bb9552306cf6879fde49f4ba3bd94299,2,0011c512eb256aa0dbbb544d8dffcf6e,b4ffb71f0cb1b1c3d63fad021ecf93e1,2017-12-22 20:38:29,52.00,15.80
bb9552306cf6879fde49f4ba3bd94299,3,401717fdb76bea40aad511f64ab03c92,b4ffb71f0cb1b1c3d63fad021ecf93e1,2017-12-22 20:38:29,19.00,7.90
bb9552306cf6879fde49f4ba3bd94299,4,5a6849f9db912b68be72145d959d61d2,b4ffb71f0cb1b1c3d63fad021ecf93e1,2017-12-22 20:38:29,19.00,7.90
bbb1b6d02445bc2786f24be1f048612f,1,d902ca64b614964dc31d6b0372e800ac,391fc6631aebcf3004804e51b40bcf1e,2017-06-05 02:05:08,52.30,12.71
bbc13e09a09a77b4f6ea6a981a399473,1,70c9d38055bb316285aa937715c2e82d,d921b68bf747894be13a97ae52b0f386,2018-06-05 22:31:14,159.90,23.70
bbc23131aab4b505c48b17061d069db2,1,7fb04722aba7a2b632bac8f9819796f3,f3b80352b986ab4d1057a4b724be19d0,2017-11-30 20:51:53,69.00,19.72
bbec0e8ff27f20abbd5b2fc0ab8a82c6,1,020a80cb704bf65f38761fcedf2af192,ef2fbc2b607d8492bcffe657a4645434,2018-08-24 12:30:56,49.90,19.54
bbec914f0b66a98578b9d47f241ba92d,1,8e93bf2cbba0420f166afa0c797525b0,b499c00f28f4b7069ff6550af8c1348a,2018-07-11 12:30:46,44.99,8.83
bbf7ad105edc929937625364891dc8c6,1,dd47440cb56de3ab674f9208ff0edc3e,3bdff180c7e1f6551a643b99c265a120,2017-06-19 12:50:25,69.90,19.98
bc1719cc645341cf9ae61983e31f26bd,1,acde6bd0b5f91190e2a123df389b0b47,36a968b544695394e4e9d7572688598f,2017-06-01 23:30:10,24.90,8.27
bc2ca758b82d10e0d335c8eb12349128,1,5bbebc281f50fcd65e31a103730bb64e,d91fb3b7d041e83b64a00a3edfb37e4f,2017-06-29 01:10:16,23.00,15.10
bc34d5b185152cb88b9f5db391dcd1cb,1,e891d4a9622cae3b9fc2ec558bda155b,e603cf3fec55f8697c9059638d6c8eb5,2017-04-11 18:05:17,27.00,16.05
bc382cd676f08eb90614a59793568c19,1,931a7f2e9c4ebeadd0891fcda934652a,c35affa65afd250151285c5917fc1c8a,2018-06-28 01:30:38,799.99,62.08
bc6d2ee01d1daa8441fc48b586bcd985,1,223d34a3d9334039f5ff9511dc044bbb,53243585a1d6dc2643021fd1853d8905,2017-11-30 10:31:02,246.62,28.27
bc7378e3329da5c228531efaaabb18ae,1,f3d7339839e02f580fe8fca5755e0e25,d673a59aac7a70d8b01e6902bf090a11,2018-05-17 10:31:14,36.75,18.99
bc7378e3329da5c228531efaaabb18ae,2,cac9e5692471a0700418aa3400b9b2b1,7ea5bfa6c340f58f8e71fc1f0412b0d6,2018-05-16 10:31:14,99.49,18.98
bc7401d98fe2814849de2404e3ebd9ad,1,c8d415e06ebd7a37c7a5b4a18641ca11,cbd996ad3c1b7dc71fd0e5f5df9087e2,2017-04-10 13:25:11,43.48,14.52
bc7401d98fe2814849de2404e3ebd9ad,2,c8d415e06ebd7a37c7a5b4a18641ca11,cbd996ad3c1b7dc71fd0e5f5df9087e2,2017-04-10 13:25:11,43.48,14.52
bca2c019b40c204248a56707eabb2a2c,1,0cf573090c66bb30ac5e53c82bdb0403,99eaacc9e6046db1c82b163c5f84869f,2017-04-05 10:22:37,59.00,14.58
bca6e11cbc47e5f4b3f8bd46a39dce3c,1,7ce94ab189134e2d3c05f496d635419c,8b321bb669392f5163d04c59e235e066,2018-02-21 03:07:25,13.65,34.15
bcbead00f0c2dfabaf82fa4af5611f71,1,bea978771d1c453faf756fa71f3bdd70,46dc3b2cc0980fb8ec44634e21d2718e,2017-12-07 17:19:05,299.99,17.86
bcc354647b3aa17143479db9c57f1ce9,1,db5efde3ad0cc579b130d71c4b2db522,4869f7a5dfa277a7dca6462dcf3b52b2,2017-11-17 19:30:24,190.90,16.09
bcf2e0138ecf66a8688ab369b802d57a,1,36c2fb4fa746273709c373f6d6ec6796,00ee68308b45bc5e2660cd833c3f81cc,2017-09-25 01:10:20,80.00,11.77
bd0ece9767b9088d339d9f68ed6a4738,1,cf88e5bfdc37eafcb2130a618e815438,bba74270a87732727b5a3b4fd9ac1c39,2017-10-16 20:49:59,499.99,22.74
bd2909853756962cac320dd9c00dc8b1,1,74939659dbb10592e383bebf2f78272c,1835b56ce799e6a4dc4eddc053f04066,2018-01-03 23:59:20,29.99,16.11
bd311764a2c2a541c99f90f076923b34,1,c1dfd7dc17df380ed269d0fc905f6e22,4830e40640734fc1c52cd21127c341d4,2018-05-18 09:16:33,49.99,17.06
bd72f84bd892f4e829d7fa262004487d,1,e297db380aba505a729f00cd61b149d9,5d3bb11474a06bdc23fb9e89f1164ee0,2018-03-08 13:09:29,99.80,16.46
bd78f91afbb1ecbc6124974c5e813043,1,3beef4346c92eb0b4ad0b7d025dfe15b,b29d3380981c51df13fc6fbe87e1763d,2018-07-04 21:51:05,46.90,13.91
bda15d43b16684fa4eff328a7db33d8b,1,9ba0a80d7ee6698a4ff8af48e37ddcbb,4e922959ae960d389249c378d1c939f5,2018-09-03 20:04:13,119.99,9.00
bdd388b78e095998453503c63b83e280,1,cdd37c09b1f47401bdce0f38d3a7f485,1900267e848ceeba8fa32d80c1a5f5a8,2017-11-29 22:28:28,43.99,12.69
bde485bef13be8b3bd38071e027e954f,1,59acb82068f537c60568a06ca341397f,96493fab2fbb13a14d0c0e8772eef5c3,2017-05-17 11:42:35,349.00,28.98
bdf2706f341d19f5943d9a5c7355d045,1,afeeea6271148ee1bb15173b8187c431,53243585a1d6dc2643021fd1853d8905,2017-09-08 00:06:06,174.00,9.78
bdfe267d7e21481ae5368d063e313f6a,1,aa280035c50ba62c746480a59045eec4,fa40cc5b934574b62717c68f3d678b6d,2018-03-20 23:50:20,30.50,15.23
be0d2b44b80b01ebe58d57028bc5bcd6,1,ccaa7b6a66901b63116131e619520822,dc4a0fc896dc34b0d5bfec8438291c80,2017-04-27 13:30:10,119.90,15.95
be315a78a8989c669993c22b50f3920c,1,19c91ef95d509ea33eda93495c4d3481,06a2c3af7b3aee5d69171b0e14f0ee87,2018-07-03 18:35:12,122.99,53.21
be604de4ce5e2e8658c03895db0621a9,1,253d579d3a543d50016d25936dc1be2e,768a86e36ad6aae3d03ee3c6433d61df,2018-08-22 14:55:33,36.82,7.52
bea9b92d7a14b236b96eb9fc71c28e02,1,060c17562f97e5bb60bc0dfa4dd5b3f2,9f505651f4a6abe901a56cdc21508025,2018-05-02 22:15:18,24.99,15.23
bec49fb7d032cc8a815d4135551a98e5,1,c19d5ba108c34b8255cf9a524da92bc4,4e922959ae960d389249c378d1c939f5,2017-06-28 22:30:16,75.00,50.03
bed92d04d48ce1e3411d7db5c984d57f,1,19c91ef95d509ea33eda93495c4d3481,06a2c3af7b3aee5d69171b0e14f0ee87,2018-08-28 15:55:23,122.99,63.11
bef79681fbe33b2789095e966c159563,1,d3f466b2502b985d472e7f0fb60eb678,4a3ca9315b744ce9f8e9374361493884,2018-02-09 10:50:06,58.00,12.75
bf375386af3b1f89486a565f182219a8,1,29d405763934f77ce87d3cdad21b7805,e5a38146df062edaf55c38afa99e42dc,2017-04-24 14:15:18,129.90,29.37
bf3a60e4735ec22f0cb309856fedfdf1,1,c8181e8e724bc31ef26d58c63f9898f7,c0098efcf800861dcae589affca31408,2018-02-06 16:15:22,69.40,17.74
bf5a44a0843a026ecf32a63d882550f5,1,94950d6ddd0b24c0d15f7f09d61a8148,cfb1a033743668a192316f3c6d1d2671,2017-03-10 09:25:10,157.00,21.18
bf5d8018171eeb0788be7f1c871eb981,1,af4e4eefc358246062956d3d2930e6f8,46dc3b2cc0980fb8ec44634e21d2718e,2017-08-01 00:45:10,229.99,18.86
bf912d30c6bc748c24a568e024cf1ec4,1,2e513e110e3f95926fa3d1ac44444ff4,8b321bb669392f5163d04c59e235e066,2018-07-20 10:45:11,24.99,7.44
bf9550703d5af230399ad5d1080d6683,1,e93a471ae7f8acd97e41203e59a434e6,6edacfd9f9074789dad6d62ba7950b9c,2018-02-20 11:47:13,107.90,13.78
bfa7102f2f9eb8afc761f1eedb37c744,1,59707268b54920d0814697573f63c818,7c67e1448b00f6e969d365cea6b010ab,2017-03-29 11:15:22,176.99,53.79
bfad36ec8c862bac39b68d9490a76052,1,62f9a2fb6e52ef49cef0254cecab4ba7,8ae520247981aa06bc94abddf5f46d34,2018-02-13 13:55:39,146.00,15.77
c02f449466eb42e245b4ec9287aeb987,1,a45af86c4a7948f5fabbb5b0132475cd,e63e8bfa530fb16910dd6956e592bb81,2017-09-21 02:55:32,28.90,25.63
c0364ee18a0b18e6da5e7754cf4f4e8a,1,e53e557d5a159f5aa2c5e995dfdf244b,88460e8ebdecbfecb5f9601833981930,2018-02-19 11:47:05,74.90,12.65
c039d465e2d9486915f6356a2660e66f,1,4182ad8f6fd91b6064f2d1097d8a4291,b56906f7fd1696e043f1bcce164c487b,2017-11-03 03:10:29,34.99,20.84
c0585e6e7446a97905280a732d27ac4a,1,2136c70bbe723d338fab53da3c03e6dc,6560211a19b47992c3666cc44a7e94c0,2017-11-10 14:46:50,29.00,7.78
c05e92bb9bfed43c6e5b6d3723fbcc2f,1,6a1234a3847f4ef3090a02a8b07fa42f,f0b47fbbc6dee9aafe415a6e33051b3f,2018-06-21 19:58:18,28.99,15.30
c0c079ac0cf555703f5980f134cf762f,1,ca804be785914dd234a6dd0177c2c577,2c9e548be18521d1c43cde1c582c6de8,2017-12-26 13:32:47,149.00,20.53
c105dc345a895fe1dc4c94717b232046,1,c32b1155b886162db8e1ec114699a799,1835b56ce799e6a4dc4eddc053f04066,2018-02-01 03:16:50,56.99,12.74
c11daae957ee4447f2aa894fcdf28cac,1,7ce94ab189134e2d3c05f496d635419c,8b321bb669392f5163d04c59e235e066,2017-12-14 10:59:31,13.65,15.10
c157dbddbf8cf9a086acf9ef8eb8cf92,1,6803077179d24889430188e03fafd31a,128639473a139ac0f3e5f5ade55873a5,2017-10-09 12:28:19,19.90,16.79
c1b556dfb56a3302a7d965e0da3d5e11,1,53b36df67ebb7c41585e8d54d6772e08,7d13fca15225358621be4086e1eb0964,2018-05-09 21:31:12,110.00,0.00
c1dc9326b9f99f2db29af061a59cbe8d,1,c6dd917a0be2a704582055949915ab32,7a67c85e85bb2ce8582c35f2203ad736,2018-04-11 02:10:11,89.80,18.21
c24d2f7d4ac8f5e961e730da59972c7d,1,6d3d8ade6b793a08b041b6bc653c08ca,5343d0649eca2a983820bfe93fc4d17e,2018-05-16 20:31:03,42.00,17.93
c277dea251cfd74bf121060769a7135a,1,826f5b971a308b08c7596b03ae80246f,6b243f80ed07b10f0e8aa0f21a205f3c,2018-08-14 00:10:24,49.90,17.28
c2859f3c830b3fab51d945c1c0ef45fc,1,537f8133bb109ca8ae9c6f48370af9ec,955fee9216a65b617aa5c0531780ce60,2018-08-24 11:05:23,60.00,19.61
c28cc812db8e9acb713843bb0470b7cf,1,9794fba8c8aa64ab4fece2d3cbe731e9,715bbd5ba4e6b74cb0d2f29eb45058b0,2017-09-14 00:50:11,39.90,13.37
c2a6e9e49e5282ea4882c738f6137303,1,1b90a8c5fe7ad2ec9351f03282b30075,dfa0c4c6229ab200a4a1336b4d7128ff,2018-06-14 02:56:02,29.90,18.23
c2ddb96ac5a19ac184bc09cbd3c95522,1,e2b02dadb01104e3f9f588311b3f2612,3bb548e3cb7f70f28e3f11ee9dce0e59,2018-01-18 19:09:18,109.90,12.90
c2e2f15f541c1823bc6d1e558f9323db,1,44291e25afe160dfe5f844da1b0f8b15,3c7c4a49ec3c6550809089c6a2ca9370,2018-02-26 07:06:48,13.99,7.78
c2ef540e16617cb62d8c9d0bb874a498,1,ac8d637154b9a2717786c0f933d4c7da,c9c7905cffc4ef9ff9f113554423e671,2018-06-13 20:52:23,79.99,20.61
c327bf79ca9f0099dd58157ec2b71839,1,35537536ed2b4c561b4018bf3abf54e0,955fee9216a65b617aa5c0531780ce60,2018-06-17 21:20:37,390.00,15.03
c37b3f544d3cfdc84bc506669555f19e,1,04f8b8f9921310178d65bcba23fbe639,af4a0e4cfe1d9c26b6712b1be25a72e5,2018-01-18 20:25:28,304.91,19.38
c387679d4cea1d6f624cec1542b9d359,1,44afebe5ba695261a126f43a4b29d814,520b493b57809f446cb0a233bb3e25c7,2017-06-01 03:02:42,92.50,13.67
c3aaf1005cc94a2f5efdf91212caa0b0,1,321a78ad1321fa42286dacdd0e9825eb,1025f0e2d44d7041d6cf58b6550e0bfa,2018-04-26 08:30:44,150.00,34.59
c3ac4b19799a35a01102113da6feb6bc,1,b0517edd4454b9c2537f65826f500a2f,f0b47fbbc6dee9aafe415a6e33051b3f,2017-07-31 11:10:07,49.78,11.85
c3cbb5032bfc949af6b3f17024de1c8f,1,0b94c4b0f19b2fa4eaaa3dd2cbee42bc,186cdd1b2df32caa72cfb410bba768d3,2018-05-17 11:30:44,109.90,18.65
c3d36e1799e432857de125edbd428c0b,1,9af9da5cd0200f1ebd194aead2184c66,17e34d8224d27a541263c4c64b11a56b,2017-06-20 01:10:20,45.36,15.98
c4b6ce991d0e0bc8c0538001ee46366f,1,aef8207c2e91f4fcdbc0824737abf358,5c243662ce92d84573bfaff24c3e3700,2017-04-25 19:35:39,339.99,17.59
c4dd811604d334a79810fd0387740e09,1,257575a3818a480916c5c2efa5cf981c,751bdc4d83a466c7206cd42e8f426b03,2018-01-18 17:39:23,89.99,8.82
c50e269f3f05dc460ee457106f787b7f,1,2028bf1b01cafb2d2b1901fca4083222,cc419e0650a3c5ba77189a1882b7556a,2017-12-20 16:30:32,56.99,15.15
c50e269f3f05dc460ee457106f787b7f,2,2028bf1b01cafb2d2b1901fca4083222,cc419e0650a3c5ba77189a1882b7556a,2017-12-20 16:30:32,56.99,15.15
c50e269f3f05dc460ee457106f787b7f,3,2028bf1b01cafb2d2b1901fca4083222,cc419e0650a3c5ba77189a1882b7556a,2017-12-20 16:30:32,56.99,15.15
c56ae3a36b8942fb185a2c02c46fba20,1,4c1e109ecdf58453de365d217cefa64c,4e922959ae960d389249c378d1c939f5,2017-05-23 22:22:35,120.00,16.60
c57d4208bbf0984e623a7f5dc58b99ef,1,e0cf79767c5b016251fe139915c59a26,da8622b14eb17ae2831f4ac5b9dab84a,2018-04-24 14:35:13,29.90,7.71
c5c9e31d0a32df5f612ca8f9b04f8574,1,750d887c4fb151156b3c0dec3041549c,d51e0a403fe2e689ece6c73359d96e12,2018-08-06 02:24:23,495.00,59.94
c5ea69eb816127590a14c3d848e1679c,1,39aa98469aa7460a9764311b3f8efb12,391fc6631aebcf3004804e51b40bcf1e,2017-05-23 06:10:06,45.95,15.10
c5f1d29b8bc4a975508962be343e62a7,1,2028bf1b01cafb2d2b1901fca4083222,cc419e0650a3c5ba77189a1882b7556a,2018-02-02 15:15:37,56.99,16.84
c5f2970caae1ee84ffc4c7eeca287fbf,1,28bc7d95951d962dd5cdda791e07b56f,17ca9b9e9b9ef8fdb529001b49ebb50f,2018-08-15 23:35:14,39.97,22.21
c604ad5f1e0d0bcf9977cf46d1d72303,1,63151b33c46a1f0619697a4e7ca198c3,7d76b645482be4a332374e8223836592,2017-08-16 11:30:20,16.90,14.10
c60a42174ebe36481da792fbb7da904f,1,7c0a2a31bc479e366fe9fee1f5bc62b3,5c243662ce92d84573bfaff24c3e3700,2017-04-27 23:50:17,136.90,21.04
c60a42174ebe36481da792fbb7da904f,2,7c0a2a31bc479e366fe9fee1f5bc62b3,5c243662ce92d84573bfaff24c3e3700,2017-04-27 23:50:17,136.90,21.04
c621519092fd9754777ee79a0680a2ac,1,bd84287687cd6471cc78eee8ed6a6a8e,709e16e2b25c7474d980076c6bfc4806,2018-06-18 23:21:15,43.90,12.97
c626db29ab3699e67c95a88bb63aa471,1,183c95ad186f48c320bbac4643829d3f,cab85505710c7cb9b720bceb52b01cee,2017-08-24 09:45:15,49.90,7.78
c679d7c1b3724f6bafd104526934a932,1,990d135e28e075648cb7d83198fdccf4,d9bd94811c3338dceb4181f3dbc0c73e,2018-08-08 21:05:09,88.83,8.78
c67eb6f352d61cbfeec214480d5c6baf,1,181097c3de536f867a3c1dcfb06970de,d0d70d21e2234dd7cd3cf63fe414148a,2018-07-04 21:15:09,39.90,23.08
c6af04c6a72b5d587a620ad29c41dcad,1,5c478d826b60d0f057579a180fae4b05,f08a5b9dd6767129688d001acafc21e5,2017-11-07 03:50:20,551.00,20.34
c6af04c6a72b5d587a620ad29c41dcad,2,5c478d826b60d0f057579a180fae4b05,f08a5b9dd6767129688d001acafc21e5,2017-11-07 03:50:20,551.00,20.34
c6af04c6a72b5d587a620ad29c41dcad,3,5c478d826b60d0f057579a180fae4b05,f08a5b9dd6767129688d001acafc21e5,2017-11-07 03:50:20,551.00,20.34
c6e183c4386da59878bbec724d046491,1,fc7a99a9bea1e3544a0712c0649595ec,4f0d637c1197fd65405ebd755ac9f86b,2018-06-26 20:58:01,109.90,13.07
c6f6cbb3c845593222d5c594bb69c5fd,1,f9c972fb058194f8e948a46e6c611ee1,851773c885feb5e2da3b4f82bc2b17ce,2018-08-28 13:45:17,89.90,23.43
c6f9707802d8df093005d7b1e9e8f9ec,1,c7b3cf9de7be95b3e09e7a63315685eb,5dceca129747e92ff8ef7a997dc4f8ca,2018-04-16 00:49:49,99.00,27.13
c7037ea6603ae90fc227e950bfc047ef,1,a50acd33ba7a8da8e9db65094fa990a4,8581055ce74af1daba164fdbd55a40de,2017-04-20 16:50:17,117.30,20.64
c7037ea6603ae90fc227e950bfc047ef,2,dfb97c88e066dc22165f31648efe1312,8581055ce74af1daba164fdbd55a40de,2017-04-20 16:50:17,139.00,25.61
c768b1d3a1541f992ff2a94488a364d7,1,108952e9e1c5cbd3f2b29ec2893c33da,391fc6631aebcf3004804e51b40bcf1e,2017-10-10 02:56:25,39.99,17.92
c7d894c7be2eb461fb04d81e82f0814d,1,b5aebb467d9a92162173cbd234e00d99,d9e8c084b68fe958861d8f2c21202e6b,2018-03-06 20:20:48,35.00,15.11
c7d894c7be2eb461fb04d81e82f0814d,2,b5aebb467d9a92162173cbd234e00d99,d9e8c084b68fe958861d8f2c21202e6b,2018-03-06 20:20:48,35.00,15.11
c7f036825b3a87b42323205cee8a693c,1,db31be5c40fe938b572af3b01c2e4d20,4b9750c8ad28220fe6702d4ecb7c898f,2018-07-10 11:31:12,48.90,38.61
c820d5fbb72e2b0a48074c0f7f08a295,1,76914818a87f9b6b320e136e17e6ae06,1554a68530182680ad5c8b042c3ab563,2017-05-12 08:22:16,329.90,71.02
c82ee47a0c061997cf82b995f702fa1e,1,38ee4d10d9cc06446c5e830df039532e,66dc1b1632bd6a3e508510c5b3492107,2018-01-21 23:10:44,59.90,11.92
c844ef91766997bb8837db54617f605c,1,97a0fca3502276570a22f65e739f3dcd,e333046ce6517bd8bb510291d44f0130,2018-03-27 02:56:08,39.00,19.32
c8c0e74f5426e74b812efe05eaab11a6,1,ffc9caf33e2d1e9f44e3e06da19085f7,b18dc380845b24038cfc48006478f099,2018-06-06 12:50:26,199.89,16.28
c8c0e74f5426e74b812efe05eaab11a6,2,ffc9caf33e2d1e9f44e3e06da19085f7,b18dc380845b24038cfc48006478f099,2018-06-06 12:50:26,199.89,16.28
c8c474f20a667ba003a1f6e929fc3a44,1,a336b0ac7335c30f4117c4b824332a7e,9674754b5a0cb32b638cec001178f799,2017-10-11 10:35:27,46.90,18.89
c8cb7b0f298cd146d61e1ce533494bca,1,9437358367868e28d75ce47e393eef99,c3cfdc648177fdbbbb35635a37472c53,2017-04-11 16:50:17,110.00,20.26
c8fb73e3313c12aa7978cd59adbd0a6a,1,8719507b451f0290b7a707f076458264,dd5450b022b2d00a2145a66331e1aef6,2018-07-05 12:31:20,59.00,22.34
c92a9fd680f588dcff7ff22fce0abbcc,1,052516c377ebbc53a39f053af1db08b4,c0563dd588b775f2e37747ef6ad6c92c,2017-03-15 13:23:19,139.90,12.37
c9739ce4c2bbfdbb76e36956cd43dd46,1,51f876eb62be778c757503cf7f8a3b74,f84a00e60c73a49e7e851c9bdca3a5bb,2018-05-15 21:31:20,9.80,15.23
c9802358e22624de37bfa2d8cee30297,1,189f163ac190749c553a4835c22aa3a8,33a6f4b1e7cdc205511e76ba1b6e0186,2018-06-21 13:17:18,63.99,19.64
c9850ddef84ecbf5cbe2c3f4aef7ab6b,1,dfec64aac9b864b2807a7be33222b75f,1e8b33f18b4f7598d87f5cbee2282cc2,2018-01-16 17:11:50,84.90,22.91
c9abb9f3b4b71b87bfbc5645a02cf8cc,1,89b121bee266dcd25688a1ba72eefb61,2eb70248d66e0e3ef83659f71b244378,2018-04-20 18:30:28,79.90,13.00
c9abb9f3b4b71b87bfbc5645a02cf8cc,2,89b121bee266dcd25688a1ba72eefb61,2eb70248d66e0e3ef83659f71b244378,2018-04-20 18:30:28,79.90,13.00
c9caebb870a1f07175f8c7d130ddc24c,1,3daf57226c18abcc95e0172756fc82d8,643214e62b870443ccbe55ab29a4dccf,2018-02-28 00:09:06,19.90,7.78
c9cf1b341e0a14fb94022101fa6c4604,1,fb5dcf669bb92534be46c2fef1131651,f27e33c6d29b5138fa9967bcd445b6d5,2018-05-21 11:15:29,129.00,18.48
c9d46caad10d4c85f1eded254193e2a5,1,8c292ca193d326152e335d77176746f0,7e1fb0a3ebfb01ffb3a7dae98bf3238d,2017-12-18 17:31:00,150.00,17.49
c9d46caad10d4c85f1eded254193e2a5,2,8c292ca193d326152e335d77176746f0,7e1fb0a3ebfb01ffb3a7dae98bf3238d,2017-12-18 17:31:00,150.00,17.49
c9f8b15e667ca2f541bf3e608b5c1192,1,283dc451ad3918badb976d56ff887289,da8622b14eb17ae2831f4ac5b9dab84a,2018-01-18 07:27:34,89.90,17.88
ca03bab92d64981b404602a7450b784c,1,9cfb95272c4cd1e98619d3bdea888a7c,7a67c85e85bb2ce8582c35f2203ad736,2017-08-17 16:43:51,199.99,18.65
ca376f8f4042e61688af8cfd32d4e80e,1,ee3d532c8a438679776d222e997606b3,f457c46070d02cadd8a68551231220dd,2018-03-08 16:50:31,99.90,17.14
ca376f8f4042e61688af8cfd32d4e80e,2,ee3d532c8a438679776d222e997606b3,f457c46070d02cadd8a68551231220dd,2018-03-08 16:50:31,99.90,17.14
ca4c4373c93ec75ed15c1dbd97278ddb,1,4fcb3d9a5f4871e8362dfedbdb02b064,8581055ce74af1daba164fdbd55a40de,2018-02-26 01:46:59,143.80,16.71
ca4eb4e29e846ee17d6d1b96b28acabc,1,0d87a475cd933bc600f92e0b346e9c0c,7722b1df1b0e383e000397b2c11e3e19,2018-03-06 18:48:26,35.90,9.34
ca66063282c2aeb92c8cf8bb9b3dbf28,1,54f45413afc0d5480c59f5dfeed2d19f,5ab05b6d86d417796c69ffd6774ec832,2018-03-15 17:28:52,149.90,17.96
ca674a7cd949c98c9e02bc4c5922836d,1,d6783a6e939059f756562de164efc447,e6a69c4a27dfdd98ffe5aa757ad744bc,2017-02-13 20:19:47,6.57,14.52
cac28bfe44e2fc9411c4f61b768d0081,1,b3e40ff639c185b9d726b4b19c17e6cd,7a67c85e85bb2ce8582c35f2203ad736,2018-03-14 16:55:58,229.99,32.26
cad0978e6d52213f4c78b26626fc40c0,1,ce3e4366349f6a16dd3732471e3c2697,0b18d63d0cd1d723567903fd34a07df2,2018-01-25 20:20:13,85.99,8.80
cad0978e6d52213f4c78b26626fc40c0,2,ce3e4366349f6a16dd3732471e3c2697,0b18d63d0cd1d723567903fd34a07df2,2018-01-25 20:20:13,85.99,8.80
cadb75b4ce8646d41b77eff5faa5d300,1,ec96b7b4e1401281edb9465d0d689cae,5011f0d93373a4c5753adf58ca77af8d,2018-05-21 03:35:11,39.99,22.93
cb2471f3b559b61183698ec6eb8694ba,1,e9def91e99c8ecb7c5cef5e31506a056,850f4f8af5ea87287ac68de36e29107f,2017-12-29 13:19:29,69.99,15.25
cb34150c7912c6a848be6a756d4e97b3,1,7fa79f73326e6b9b13b79f60a435d4a5,750303a20e9c56b2a6bc45cdce0b897d,2018-03-19 12:08:19,209.00,20.99
cb459c6af32347f6dd511553117bd080,1,da549e6a420b6f352a9d7d9b50d7b575,25e6ffe976bd75618accfe16cefcbd0d,2017-03-07 10:05:20,78.75,17.39
cb5664b27c8e72cd9197d6cd259a0946,1,e85d91619b497e98754390b6198a9818,4b9750c8ad28220fe6702d4ecb7c898f,2018-03-29 12:50:29,134.90,14.30
cb5945f4563c333d6e2c23de7b26af14,1,9bc39c44d241610638729a32026eb37a,cfb1a033743668a192316f3c6d1d2671,2017-12-07 01:14:24,192.20,30.94
cb7c837f8c5240816176dc115c21a746,1,5d6bea33648f018dbb563f3a2fab09f3,1025f0e2d44d7041d6cf58b6550e0bfa,2018-07-02 04:58:46,150.00,88.56
cbb72509db819f7369c9f19d15b8c64c,1,ddebc97ddf43a9787d1ee7012e394ccc,05ff92fedb5be47920fea08e501238b9,2017-07-05 21:15:08,598.40,63.36
cc0c2816e800ee2d10ad0d51f37ab289,1,ba3fea9ec13fb882dda6c9e4295d9130,2eb70248d66e0e3ef83659f71b244378,2018-07-27 15:45:29,1084.90,25.69
cc46818e210f019a0a7c59b03fc43c8e,1,1945afae0c93166dce1f186d00125695,5b8154610ebb21fb90eb587365e673df,2018-06-15 17:39:08,499.90,47.30
cc4687e4e102c1c8c606a5a0a8e475db,1,a5215a7a9f46c4185b12f38e9ddf2abc,53243585a1d6dc2643021fd1853d8905,2017-11-08 20:25:18,1340.00,51.79
ccab2293e0214590eace61fec5947f04,1,b532349fe46b38fbc7bb3914c1bdae07,1025f0e2d44d7041d6cf58b6550e0bfa,2017-10-23 12:39:28,38.40,15.11
ccab2293e0214590eace61fec5947f04,2,b532349fe46b38fbc7bb3914c1bdae07,1025f0e2d44d7041d6cf58b6550e0bfa,2017-10-23 12:39:28,38.40,15.11
ccab2293e0214590eace61fec5947f04,3,b532349fe46b38fbc7bb3914c1bdae07,1025f0e2d44d7041d6cf58b6550e0bfa,2017-10-23 12:39:28,38.40,15.11
ccab2293e0214590eace61fec5947f04,4,b532349fe46b38fbc7bb3914c1bdae07,1025f0e2d44d7041d6cf58b6550e0bfa,2017-10-23 12:39:28,38.40,15.11
ccafddb54a91c4cebc1ab1ba6fa5f68d,1,79c0ace2ccf0da036e787875a49151a4,b32be1695eb7ec5f10f72d9610a12527,2018-03-08 02:10:51,379.00,192.48
ccb152dea072048521b3a778267481ba,1,dc09323879d5cfb7db6c25f6a439d5fd,77530e9772f57a62c906e1c21538ab82,2017-08-15 15:43:51,119.00,19.07
ccb152dea072048521b3a778267481ba,2,dc09323879d5cfb7db6c25f6a439d5fd,77530e9772f57a62c906e1c21538ab82,2017-08-15 15:43:51,119.00,19.07
cccb62677b6ed93ec68f4428a0ad81ee,1,a8e6cef13c111ed8fffb4205d20fe8c6,c8b3445d737de6befde0c88ede534a5e,2018-07-03 10:31:05,64.99,16.73
ccfc366f9a65ee1750a938bd18aa489f,1,2f70195374f6c3d3c6542edf5bd17c8c,6560211a19b47992c3666cc44a7e94c0,2018-06-10 21:52:30,39.00,7.39
cd073a09b3f9f8f60fe4b7aa998f2ca0,1,0f39dd7b84f0532254c167aa5ad6bbca,698f5fa55a5f73d0740e9d9a773e8093,2018-06-26 09:20:29,60.00,15.52
cd317fc34a4ea25ea8d1743f003712ac,1,473795a355d29305c3ea6b156833adf5,620c87c171fb2a6dd6e8bb4dec959fc6,2018-03-12 11:55:36,55.90,18.27
cd4b3eb02a077e4c51607df950c8237b,1,261dc97192b478e60fd1318cd0650618,8a432f4e5b471f8da497d7dc517666e2,2018-08-23 04:29:37,39.00,23.07
cd8676507ccbfc96f9e0908910b9e0bb,1,eb8c629f70275fd1c4f809116cce1efc,1025f0e2d44d7041d6cf58b6550e0bfa,2017-12-08 04:39:21,38.40,16.11
cd8676507ccbfc96f9e0908910b9e0bb,2,eb8c629f70275fd1c4f809116cce1efc,1025f0e2d44d7041d6cf58b6550e0bfa,2017-12-08 04:39:21,38.40,16.11
cd8676507ccbfc96f9e0908910b9e0bb,3,eb8c629f70275fd1c4f809116cce1efc,1025f0e2d44d7041d6cf58b6550e0bfa,2017-12-08 04:39:21,38.40,16.11
cd919470d4038db47af0ae7904777f68,1,8fdbacf2ec7e78916268d1d11d544038,9140bd1d9de28b197dce077bdd687438,2018-07-11 16:32:31,299.99,81.33
cda991534f8532948f833dcfb0f3ad42,1,2acce4db469045e8f9a863028abce19d,92eb0f42c21942b6552362b9b114707d,2017-10-23 22:49:51,17.99,9.34
cdc80ab03580d7d907ecd33ae7818caa,1,99a4788cb24856965c36a24e339b6058,4a3ca9315b744ce9f8e9374361493884,2017-07-10 04:50:27,89.90,12.13
cdd9601c7f7685708434a68d814fb53f,1,b5b5a82ce5f1987b7e670f37629be51b,8b28d096634035667e8263d57ba3368c,2017-06-01 09:30:19,59.90,11.92
cdf1adfa9a3cf815978e278a6f1cd705,1,d6b21712ba181dea6664f1b3e09d650e,0ef83d7d83ed97cd2a0049ac8be5f88a,2018-02-07 17:31:33,52.17,15.13
ce4dab31cebede7c9e9e105a56277fa3,1,7ce94ab189134e2d3c05f496d635419c,8b321bb669392f5163d04c59e235e066,2017-12-01 20:17:25,13.65,21.15
ce9ab4cfbb50936abf90ef14408b41c7,1,888c70e66e6ead36f2269484a6813212,98dac6635aee4995d501a3972e047414,2017-05-05 13:25:11,23.00,8.72
ceba7b9f1fa81a563a3e31ee64fdfb16,1,466d263ce8b7bd275003ee2104428127,ef506c96320abeedfb894c34db06f478,2017-06-29 07:25:08,25.99,11.85
cec31771f7be596e463066dab5db839f,1,af0a99476d96dcc1a1baa7c0d9ff6b9d,04308b1ee57b6625f47df1d56f00eedf,2018-08-21 01:05:09,527.90,17.18
cec61a2f94f55b2b392379dfc9a402ee,1,01a5038835acf17f141c7247956b72d6,da8622b14eb17ae2831f4ac5b9dab84a,2018-02-05 20:50:05,99.90,12.40
cefeab80d083e2aa4a0a526027bec9a6,1,8c292ca193d326152e335d77176746f0,7e1fb0a3ebfb01ffb3a7dae98bf3238d,2018-04-23 05:50:47,152.00,12.55
cf1b24b9c3eb7257436b2e7b176444a8,1,b0895d32e26dbb099a86c2ce278783f3,7139dc5186aa238b006e066d8fbab2e4,2018-04-10 09:35:20,78.00,23.13
cf7cd0f395801ff5971596509470129c,1,0d69c82f1bc2991a5ec6fff3d803876b,d2e753bb80b7d4faa77483ed00edc8ca,2018-04-30 07:31:12,98.00,16.90
cf7cd0f395801ff5971596509470129c,2,3a95236711511b32855804d3a6287595,6560211a19b47992c3666cc44a7e94c0,2018-04-30 07:31:12,19.00,56.35
cf90a0857f3c111d3fcc73aea40c7d11,1,c0bb0aa12494ff55f377008900ee04b5,9e6229250fedbe05838fef417b74e7fb,2018-05-21 12:55:34,149.90,17.96
d015219f23681e41543e3db6504a4865,1,2a5806f10d0f00e5ad032dd2e3c8806e,7c67e1448b00f6e969d365cea6b010ab,2018-07-11 03:32:47,169.99,89.86
d0848e46e16c282e0590623021ba6940,1,dd9b00fa5df89d6f25ccdb11d98b0f51,dbec9a0a7efeff029d4d9dce7dc4cc95,2018-06-25 18:04:19,380.00,35.14
d08c7396fb82ad39db681f6692a7e112,1,3931aaf38ba4cc928100541ff51b82ff,9f505651f4a6abe901a56cdc21508025,2018-07-04 14:50:35,129.00,23.62
d0bec96aad189992b278688279ba1511,1,53b36df67ebb7c41585e8d54d6772e08,7d13fca15225358621be4086e1eb0964,2018-05-14 21:15:28,99.90,0.00
d0c925dd85481e3b99bbc725dc56e1a9,1,ee2a647f1a4639468bc1f9fa3de2263e,855668e0971d4dfd7bef1b6a4133b41b,2017-09-25 00:10:18,75.00,17.78
d0ddded2fb44f032154b6149cce5e2e6,1,fb7a100ec8c7b34f60cec22b1a9a10e0,d98eec89afa3380e14463da2aabaea72,2018-03-21 19:20:40,49.99,22.85
d10471750e335e783fff1bc755988a86,1,e4e5cbc0077aa2c7aacbe435166df909,6560211a19b47992c3666cc44a7e94c0,2018-07-25 16:24:40,49.00,7.60
d129a390b12dad8097fca575b31aba6c,1,bae8ac5e125a98fe445bc17714104709,655220df33262c7e0c4949a147366f94,2018-02-12 12:30:23,139.00,59.14
d140e3b2c8717b000f1ea33c496480e8,1,fc6b299cf83fa76632dd1b0a2c611f33,1835b56ce799e6a4dc4eddc053f04066,2018-01-30 10:57:11,23.99,11.85
d142e450e61b3eabff86c13e6a89a720,1,e1901d5d99ca951543717ea5d1940a36,f00e21b1e91a79653163b7fd8f293ff1,2017-09-19 17:04:22,99.90,12.83
d199e989bbb5f7b410c1a717d589499e,1,8994980b6420059104bb47e2cb680e0a,6bb62a4912377c7bfe7cb17b406bc7e6,2018-08-02 15:44:53,16.89,11.84
d199e989bbb5f7b410c1a717d589499e,2,555062e73d3fbad985916bb59d62067c,cea729054f157f5870bdd321a958d994,2018-08-01 15:44:53,55.90,3.20
d1a9489720f6071530979a98e14b2772,1,499152ec860819480e1b2d5598d1e29f,34056b8b55c1775a22af2331670a799c,2018-05-18 03:15:03,58.90,22.99
d1ce1812e480013ad383372f2326fbb3,1,12fc9ab82dd45f3824881d94f79edb38,116ccb1a1604bc88e4d234a8c23f33de,2017-11-23 02:29:13,12.50,14.10
d1f60863289ae7cd6e47fd70eae9bec4,1,bc79853c871c6db8e48e4b0d47df7e70,7178f9f4dd81dcef02f62acdf8151e01,2017-08-24 16:24:37,274.00,16.67
d214b4670d22fbbbce0677ce7e2645ed,1,3ae28b124972bb81eddcb644cd284be9,46dc3b2cc0980fb8ec44634e21d2718e,2017-11-09 12:55:51,99.99,15.46
d243808e23f60f3895c6a696df710642,1,05f9d035b92494874148f32f940b0f4f,eb9cd5b35d95206585e2185318cb5c61,2018-07-20 11:15:18,170.00,18.99
d264cc09df2d6232397d0a9db018d01a,1,ca38c039b717207dec906f4fa9a21db7,59fb871bf6f4522a87ba567b42dafecf,2017-09-04 04:31:03,189.99,15.08
d2ae2653b9dbc7b50f11bf3e4001ec8e,1,95ec3f7e237a87df9935a570ab6ef266,457fe919b032a3f7dadba6fb92cf7855,2018-05-08 18:58:11,164.90,11.98
d2ae2653b9dbc7b50f11bf3e4001ec8e,2,95ec3f7e237a87df9935a570ab6ef266,457fe919b032a3f7dadba6fb92cf7855,2018-05-08 18:58:11,164.90,11.98
d2ce2764e877473355ddb49af8eb3bc5,1,04008f5a086abe248a3c76bc2fa4f4e1,33a6f4b1e7cdc205511e76ba1b6e0186,2018-08-30 14:45:17,103.00,17.93
d2e1e475eb8219af9fae283307d88860,1,fc44aa56f6950438772a08ec23552fd9,9674754b5a0cb32b638cec001178f799,2018-07-25 22:24:12,26.90,12.85
d2f4bbcf8e2d36f9e13fba6a75c7269a,1,030f129f7f4681d3996e2531840057af,1dfe5347016252a7884b694d4f10f5c4,2018-03-15 20:31:16,60.00,13.78
d3244b7027fc12dbc070c6994d29ad50,1,1a2d00b771a438bee7055bbd0086e003,da8622b14eb17ae2831f4ac5b9dab84a,2017-07-13 17:10:20,79.90,12.90
d342d7bad292d68d41d58ffb594cf431,1,16cc7a098d176187b6d8e9519fa81585,5656537e588803a555b8eb41f07a944b,2018-04-30 04:31:05,64.89,17.16
d35588da5ba45ef8d7b51fa96db86059,1,2136c70bbe723d338fab53da3c03e6dc,6560211a19b47992c3666cc44a7e94c0,2017-10-13 08:49:18,29.00,16.79
d35588da5ba45ef8d7b51fa96db86059,2,7dac8901a50cf3317d5372cbd3186ecd,6560211a19b47992c3666cc44a7e94c0,2017-10-13 08:49:18,29.00,16.79
d37b53698d3839a94cb33273bb8c0241,1,3e87e743e56d7fbf4bb9b67399b99a9d,750303a20e9c56b2a6bc45cdce0b897d,2018-02-28 10:15:42,40.00,15.10
d3d00f8dbea1b9d5ef529fbf674c9a58,1,861f715fc920b62d0bbd75b605a9827d,9d4db00d65d7760644ac0c14edb5fd86,2018-05-07 03:15:44,88.90,13.98
d447462f58938dfc50467353f88655cb,1,7340a3839a1de1e99d149b8cf052a2ec,4a3ca9315b744ce9f8e9374361493884,2017-05-09 14:25:41,69.90,26.75
d48af423b2e9d7e208f37ba365eebc1a,1,8e2e504e3be9cc0ed518daa0e271acf5,44073f8b7e41514de3b7815dd0237f4f,2017-07-24 09:25:20,80.00,17.13
d4bec1a24c97bd17be18d77297a0f6a0,1,a39cc58c1b5926b6f9f378daa89f1315,1025f0e2d44d7041d6cf58b6550e0bfa,2018-08-16 11:45:11,150.00,60.37
d4bec1a24c97bd17be18d77297a0f6a0,2,09b0d15a8cc9a84e7af7e0225f67dc45,1025f0e2d44d7041d6cf58b6550e0bfa,2018-08-16 11:45:11,67.00,60.37
d4bec1a24c97bd17be18d77297a0f6a0,3,368c6c730842d78016ad823897a372db,1f50f920176fa81dab994f9023523100,2018-08-14 11:45:11,49.90,48.29
d4d140e1cbc20856440a8343432848c4,1,2a5806f10d0f00e5ad032dd2e3c8806e,7c67e1448b00f6e969d365cea6b010ab,2017-12-17 23:56:44,169.99,45.65
d4f0a2e6724782ffec52257b637dc928,1,b206760d97dbc76527bb07029a6179cb,85d9eb9ddc5d00ca9336a2219c97bb13,2017-05-09 11:30:23,34.90,8.72
d53c5f1bf34ccafbdf3606104e7c1c8b,1,56b9f57262f84d21a4bd11c4c3536016,c794dab4928dd97beb41d05514441e86,2018-01-26 13:53:10,249.70,19.03
d56bf2b8f9b6cdae985b4a4904d98a07,1,3b0f7951038b105522c2d566b54421f7,562fc2f2c2863ab7e79a9e4388a58a14,2018-03-28 22:15:24,28.99,7.39
d56e037617638a36e0f7c40837bbca86,1,22bd45d50bed841763d6f7f58cb7b6ac,3c7c4a49ec3c6550809089c6a2ca9370,2018-05-08 22:30:28,13.99,7.39
d599833347cf704c11f7abd88b0f5194,1,44dc6124432da8482da2977dbfa88f59,8b2492b7ff4468839593fafeed55bad9,2018-08-02 09:31:12,190.23,16.43
d5b46fd2be0ba3bf45e214644d17a97e,1,61d01171a3784bab50137290350e5332,4992e76a42cb3aad7a7047e0d3d7e729,2018-03-26 03:28:38,29.90,8.88
d62cc2763a30054a5d55992b3c88d3d4,1,a6f97b352687ce4c26c75e81b5f2773b,f4db9b37944bcb8873e6b456ee190bbf,2017-07-19 00:50:13,169.99,13.74
d643210fc3ba60faf761d5a9c9e3f8b8,1,9bfc55df037ce3ac01bfd84781adf7e5,b33e7c55446eabf8fe1a42d037ac7d6d,2018-02-01 18:50:23,598.99,15.69
d67fdefdd78c824692a1f0cab56e71c5,1,389d119b48cf3043d311335e499d9c6b,1f50f920176fa81dab994f9023523100,2018-04-23 12:30:12,53.90,21.35
d691a7cd6c98cdda10a6861436c2f000,1,8ea2105f9dac119565ef0138ad05f6fb,2bf6a2c1e71bbd29a4ad64e6d3c3629f,2018-08-13 14:30:18,1199.90,60.75
d6b11927bdeea5f5786a486aa301d183,1,ae52eeb8383b94455f0a08b1f88ad002,f457c46070d02cadd8a68551231220dd,2018-03-08 16:48:37,72.00,16.94
d6e170b889c3bb4770d46aaa63e498eb,1,ced87016b816472a7e668e311d127ae0,8ab42aa58097fd4668d60cc648225d5f,2018-06-28 15:20:58,175.00,58.00
d7273b44707722d534c868f279e235cb,1,53ea9da485f6aed8a6f03a85831fe021,fa1c13f2614d7b5c4749cbc52fecda94,2017-11-14 12:27:47,319.00,19.51
d7299ed1ce267fef299fca83511a0e17,1,c450c2e066134b9a836264ba72586ff6,8b321bb669392f5163d04c59e235e066,2018-03-13 14:29:51,14.99,19.04
d75796c30863b988b36022bb5f1b8e16,1,51f876eb62be778c757503cf7f8a3b74,f84a00e60c73a49e7e851c9bdca3a5bb,2018-03-22 11:50:43,9.80,17.06
d7646ffe8fdd9e7d9557f9f7cbf04530,1,afb4b687981fad8723f84510c57c84bb,2a84855fd20af891be03bc5924d2b453,2018-05-10 15:10:22,69.90,8.64
d77c90347fa4a918af7227743da9ecff,1,2b2d98d1e9b6f68a472c5ace64d704fa,897060da8b9a21f655304d50fd935913,2017-09-21 02:55:55,21.90,12.69
d7d3b787cc498b66c8bdbade64d9fa98,1,371fa349d92646bbeea5873df0bcdc5a,4830e40640734fc1c52cd21127c341d4,2018-03-09 02:50:50,39.00,9.34
d7ed6c0330486c8239f4fd349450d270,1,c6dd917a0be2a704582055949915ab32,7a67c85e85bb2ce8582c35f2203ad736,2017-11-30 09:33:45,99.99,16.95
d7f99a9d27a65a88e4aba096e5ba4a47,1,500870614ddcf5bd84f7d26861026c8a,ef506c96320abeedfb894c34db06f478,2017-11-14 03:25:42,29.99,11.85
d819490edd3b5a3d69b114bb1eed977e,1,c8cfa622661e047ea2499f8bce4731a5,4b9750c8ad28220fe6702d4ecb7c898f,2018-06-05 14:10:49,134.90,19.91
d86e65a13d3e7a90d876cb6b9064f1ac,1,45dcebc4f3d844e116f01e3f191711dc,f7496d659ca9fdaf323c0aae84176632,2018-08-14 16:04:46,189.90,17.60
d885635e019669c17658a0f898cf7dd6,1,14b4ba1b43773a92e0abe6dc500fe18b,41b39e28db005d9731d9d485a83b4c38,2017-11-22 23:50:44,59.90,11.73
d8a72b506828f3aed76e36c3f4fd47bc,1,422879e10f46682990de24d770e7f83d,1f50f920176fa81dab994f9023523100,2017-09-27 14:10:18,59.90,19.66
d8a7be3bdd16ebaf4601bc8252f54a08,1,489885ef5a88dcef73d4c22e2f500ae3,c8b0e2b0a7095e5d8219575d5e7e1181,2018-08-16 01:25:13,119.99,8.10
d8f135a040950408cd059c27a623bd97,1,ae8791241ec7e06bf34c6f00cf9e0501,b2ba3715d723d245138f291a6fe42594,2018-03-08 11:20:35,163.90,13.49
d9334f59be2037102baca42368082bfb,1,bd4b8ef786f95b66ded2f483293318ea,4a3ca9315b744ce9f8e9374361493884,2017-07-24 06:30:38,159.00,2.38
d9334f59be2037102baca42368082bfb,2,95f76a3205f55d54b001e730486c6737,cca3071e3e9bb7d12640c9fbe2301306,2017-07-24 06:30:38,235.73,63.07
d94353ea4014f1fc7b6eaadcc9c90fe7,1,6f58431a7150fa91bac9f28f5454a8e8,5656537e588803a555b8eb41f07a944b,2018-02-05 15:31:52,25.89,15.10
d9644b981a4d023c5392dd06bfc8cdc0,1,de26d4014234181730a1143f75dad0e7,36a968b544695394e4e9d7572688598f,2017-06-14 04:30:27,12.90,42.38
d97cacbc87a70c0a938044518f7c31c2,1,ba4a91633739ceceb2b73b627e2cfbc3,7c67e1448b00f6e969d365cea6b010ab,2017-03-27 19:30:51,136.97,36.51
d982abd090f18bcf182f0a41284696c1,1,8e3bddc14b0d34937325162c2ce3939e,ef0ace09169ac090589d85746e3e036f,2018-08-22 15:44:00,29.90,15.13
d99158c3b20bff0ca58c2aaf4fa027ba,1,5ac4f7986643a944501c66a2257bdd73,3df020b72d3d44b3af9d110fa3940b65,2018-04-19 19:30:38,49.90,12.75
d9d133e8194b34d22ce9157f4f2ab959,1,154e7e31ebfa092203795c972e5804a6,cc419e0650a3c5ba77189a1882b7556a,2017-07-28 15:55:14,19.99,7.78
d9fee3504f55226ed8e155bdc0a36a06,1,94edefbf96e14b332fdb1f57f5935734,7f2617c58d5d06806987308b45654351,2017-07-16 22:55:17,179.90,17.70
dac8bbf73624993402c1e7481bb37ee5,1,98a8c2fa16d7239c606640f5555768e4,001cca7ae9ae17fb1caed9dfb1094831,2017-06-12 23:22:37,99.00,38.53
dacd9ea86285f197d0b7495e8af14781,1,fa87bc5ccdd8ea6e54117916e485cb48,1900267e848ceeba8fa32d80c1a5f5a8,2018-04-24 21:11:15,44.99,19.32
dae72058c85d67deae51d329e5b5938d,1,e449c89deefdb41bb888e3cc5f59ef46,8e6cc767478edae941d9bd9eb778d77a,2017-08-09 09:30:15,7.30,17.60
daec7c006304b60ca87044f26409ef2e,1,c7c99e372ec2f873701c20e3a00ff29c,7d76b645482be4a332374e8223836592,2017-08-23 13:30:13,16.90,11.85
daf610999defe00407d9c3178f42b819,1,e7f85e7f0203b7b95cc1b4c21b4b070c,ceaec5548eefc6e23e6607c5435102e7,2018-02-13 18:31:03,269.00,17.59
daf610999defe00407d9c3178f42b819,2,e7f85e7f0203b7b95cc1b4c21b4b070c,ceaec5548eefc6e23e6607c5435102e7,2018-02-13 18:31:03,269.00,17.59
db145d39d51668d2934a47dbae8e5e66,1,bd378eb2fc8d592ac989db18fb35bbf2,8f54d64f28a993550aa7943f12572959,2018-03-26 03:48:59,269.90,23.60
db2bd06455f798cb0da8e649c3aa06f9,1,f03db1ea02e265f0f1a5ae2a5e0984a7,54965bbe3e4f07ae045b90b0b8541f52,2017-10-31 02:28:35,80.00,17.81
db37a79f21c59753d1ba93cc44d6cc4a,1,1f0fa82e30437fd4a2596a4ad75d8ee0,2a84855fd20af891be03bc5924d2b453,2018-05-11 10:56:19,18.90,15.23
db582aca3fc2d44e76fa63eb576032c5,1,23365beed316535b4105bd800c46670e,92eb0f42c21942b6552362b9b114707d,2017-05-10 13:42:29,17.89,8.72
db5e341b9a765a33fd41da0b3f0944dc,1,1cbe6092926b24ecacfdeb748bc34105,5d0363b33554b373851fc1622e4d5f3c,2018-02-08 11:55:33,78.00,35.07
db7db7cb0958ac50a74b93178394e6a3,1,f7ed5567fe5b3e1c257886976714043d,119c7f1a00ef43fad0e57604e76a747c,2017-10-19 03:05:44,149.90,9.24
db88396cf9aab6635eb909ed423d6662,1,8f40f0b0018b8f6fd449c4c0713e3118,9de4643a8dbde634fe55621059d92273,2017-06-01 14:50:14,538.90,24.26
db9a0f1b8fd85bdad5394dbdf0179aa2,1,82e4ad16521ca131d95e198d507db370,128639473a139ac0f3e5f5ade55873a5,2018-04-19 15:55:18,18.90,13.47
dbb320039cf47fdcb45445cfb453689d,1,3eef0cb94ba82de806bb30ab743c7655,7c67e1448b00f6e969d365cea6b010ab,2017-12-20 00:31:15,79.99,22.88
dbb320039cf47fdcb45445cfb453689d,2,3eef0cb94ba82de806bb30ab743c7655,7c67e1448b00f6e969d365cea6b010ab,2017-12-20 00:31:15,79.99,22.88
dbb786f88b6d4e52fe3cb5d771b979d6,1,39a1a3b9314738724fce4b2907ae6686,da8622b14eb17ae2831f4ac5b9dab84a,2018-09-04 22:10:12,149.90,12.07
dbd51aaa65a18413d5c1a97a0bc41bf4,1,73caf722f1a3ff0dddd0b0aa162da0f9,4a3ca9315b744ce9f8e9374361493884,2018-07-26 10:20:41,88.00,23.42
dbe5b409519c5dfb85b5b0955913e5af,1,64cc3c7698b70c71f7f1ce671c112ad0,ececbfcff9804a2d6b40f589df8eef2b,2018-04-23 06:11:47,68.49,37.17
dc17a6461db14f3625728b10493ef332,1,1cab19d5be9a1286428e85aaebf82906,dfa0c4c6229ab200a4a1336b4d7128ff,2018-07-19 23:24:02,83.00,9.89
dc8302e63ff9b2dc67dd51edbd8b537d,1,db71a8783ee43c3bb7ac7fe8f0cf9e6b,d23019c84ffae2d5ef2270367b8605fc,2018-06-20 18:30:48,629.90,87.33
dca9c66e66baef1acdb9d05297bf59e3,1,b1631003bdbc3b1e876f83a7d851d74a,cc419e0650a3c5ba77189a1882b7556a,2017-07-27 19:43:14,56.99,15.15
dcb29bfbbef4b1df25a15c4e182e8dd4,1,c195c665e137c09bc7dbffdaeaedb67b,b9ca8e8baa5d4aa038394a700f63e69f,2018-07-23 09:30:20,117.99,44.63
dcbca116084725bc77c3e8b6480c4d82,1,055019def765ce08da9fac0585e927c3,013900e863eace745d3ec7614cab5b1a,2017-08-28 17:30:08,54.00,15.82
dcbca116084725bc77c3e8b6480c4d82,2,9cb854ba582f5a6b7832b86553c0b8ab,013900e863eace745d3ec7614cab5b1a,2017-08-28 17:30:08,54.00,15.82
dcbca116084725bc77c3e8b6480c4d82,3,302a19dacdbb5ed2f74f9dee8126ef79,013900e863eace745d3ec7614cab5b1a,2017-08-28 17:30:08,54.00,15.82
dce5adb99dbd09afb1a7b9a402df9f98,1,d63c1011f49d98b976c352955b1c4bea,cc419e0650a3c5ba77189a1882b7556a,2018-03-30 02:10:53,59.99,18.35
dd1130c58ae85a282c4cd0cddaccd0ef,1,8317b177579dd27ff068b83205e2169b,4869f7a5dfa277a7dca6462dcf3b52b2,2017-12-15 09:10:44,195.90,12.87
dd8c2ff157394afacbcc50a161e1af4e,1,75b4372e69a42f8ae1d908c076f547b2,40d54b51e962dbe09cabbcfd33298dee,2017-07-20 09:35:11,253.00,19.02
dd8d541616639212eb325bc7d015350b,1,3dd2a17168ec895c781a9191c1e95ad7,de722cd6dad950a92b7d4f82673f8833,2018-05-18 13:19:23,149.90,11.18
ddc6de714ab6793dd55ef3b191352906,1,11fb16e86df4d50cd2c289ede0b70f42,1eade46fba20122dc4aefb379f8c636b,2017-08-09 17:10:15,14.99,7.78
ddc6de714ab6793dd55ef3b191352906,2,11fb16e86df4d50cd2c289ede0b70f42,1eade46fba20122dc4aefb379f8c636b,2017-08-09 17:10:15,14.99,7.78
dde21840bf52f7327e815543b86afacc,1,4b2772e2e34787603725226af352e466,916c9de0b5ad957346eeeb12f332687e,2018-01-31 02:57:31,167.00,13.30
ddfbaf4d75ab8f1a0db775cb0dad0e6e,1,eed813e00d01572cb589f87199d081ad,66fd84ee7528c0c0de85d0f44a73d5ab,2017-04-03 15:35:20,39.50,20.80
de001e88a16cecc089b911816d0cc818,1,8983a3b149303c013fceabef902e835a,9f505651f4a6abe901a56cdc21508025,2018-06-26 20:30:37,99.00,23.41
de11314f84cd5578a36ab8312ab5b5df,1,e7cc48a9daff5436f63d3aad9426f28b,53243585a1d6dc2643021fd1853d8905,2018-08-08 22:30:14,170.00,10.32
de28971a284d4d1aef005e7f16b36a52,1,4cb922d064b9a86b25b900350108771e,3078096983cf766a32a06257648502d1,2018-02-07 15:10:22,89.99,13.65
de3bee1ce2ff36750efc09a389ea029e,1,d1c427060a0f73f6b889a5c7c61f2ac4,a1043bafd471dff536d0c462352beb48,2018-04-24 15:11:07,119.00,17.60
de4b205a30d85c902a79bf99f8c77c21,1,aba86c093ccdbac75b09111d57e50004,7c67e1448b00f6e969d365cea6b010ab,2017-04-13 14:02:43,129.60,21.36
de890ca80410c861b4fc9d398bd4676c,1,d017a2151d543a9885604dc62a3d9dcc,6560211a19b47992c3666cc44a7e94c0,2018-06-15 02:18:34,49.00,18.23
decd1adc7d738abad2902c966c3ef697,1,f82d1ebd3649e6b83c2d0f611cb5c540,7ad32824caee82087b3e2e5f33b1bf32,2018-04-25 15:49:01,199.00,19.27
ded320f8039d7a35a324cf22f83fdf67,1,262e7c8eaed86e7aca83dcdaadc5a115,73a63f72308aa20a46f4b1632018f196,2018-02-07 11:50:41,189.95,32.85
ded320f8039d7a35a324cf22f83fdf67,2,262e7c8eaed86e7aca83dcdaadc5a115,73a63f72308aa20a46f4b1632018f196,2018-02-07 11:50:41,189.95,32.85
defa53bfb8de9da3857ed69277b54d10,1,29427de7f8a9ee983d9dbc51cec569b4,7a67c85e85bb2ce8582c35f2203ad736,2018-02-09 18:30:04,99.99,11.90
df54015966b3fa00a42222b5a0e21348,1,c329abd2a10fad4a2f83377956328c67,adbe70ab2c97442046d393988c8d1d27,2017-09-15 17:45:21,59.90,15.18
df7094f1423b702c59aaf0e978752650,1,b819ed236b82096e16417593eda54f26,6989574bd97d9773f10d232b6c07da59,2017-12-05 19:57:18,409.90,22.36
df91fb38017b42722551a94382cb829a,1,9ada4c8f4e072df42ff63b30520b6975,1025f0e2d44d7041d6cf58b6550e0bfa,2018-05-02 16:53:36,150.00,22.13
dfa89510eb5c9e15b363ec8395e702c1,1,79366d6a24de9351b7ca6e3cf75a68ec,cc3d14116804f7209f3884f6367f1152,2018-01-19 02:19:23,193.00,15.08
dfaca8a85d5a1ef947b32f44dc3817bd,1,a5f6ba3fe91a2e73f10b612131cb2404,4e922959ae960d389249c378d1c939f5,2017-11-14 16:30:31,49.00,25.63
dfc7b2719aac6a68477031f7c6d5a44f,1,9592cd0b739cc57871c3aecffe15436a,f8db351d8c4c4c22c6835c19a46f01b0,2017-06-20 15:05:18,49.90,11.85
dfe489c4a4bbe366cd2217b8503d206b,1,da6f9d8ce4950ad572b7b4fe7d7e6c90,94144541854e298c2d976cb893b81343,2017-12-05 11:59:31,89.90,14.38
e008eec42c3cdeca3e9b47a91fbc848a,1,422879e10f46682990de24d770e7f83d,1f50f920176fa81dab994f9023523100,2017-10-11 03:04:07,59.90,17.67
e008eec42c3cdeca3e9b47a91fbc848a,2,422879e10f46682990de24d770e7f83d,1f50f920176fa81dab994f9023523100,2017-10-11 03:04:07,59.90,17.67
e01fc3338c40dc94ef890089c8deeffc,1,ba80c9f47a84d1e08465f72e22930c83,70c27847eca8195c983ed7e798c56743,2018-04-16 18:15:25,119.99,15.72
e01fc3338c40dc94ef890089c8deeffc,2,ba80c9f47a84d1e08465f72e22930c83,70c27847eca8195c983ed7e798c56743,2018-04-16 18:15:25,119.99,15.72
e01fc3338c40dc94ef890089c8deeffc,3,ba80c9f47a84d1e08465f72e22930c83,70c27847eca8195c983ed7e798c56743,2018-04-16 18:15:25,119.99,15.72
e02dc68ec812b53123f583c142466f0f,1,84003eefe52bb4112252409a24ae3a73,17e34d8224d27a541263c4c64b11a56b,2017-06-22 20:15:10,150.49,18.62
e080fb7aef4b2d5905e95cfbd4ddc138,1,437c05a395e9e47f9762e677a7068ce7,f84fa566034f5e8e880a07ec624c56af,2018-03-28 21:47:18,47.65,7.39
e0a392ae82bc219375ace26ec32a6301,1,18f6ea7e8cff29f8053baac6762449f9,f80edd2c5aaa505cc4b0a3b219abf4b8,2018-06-14 02:54:00,54.90,11.15
e0aa66d7588bc46f68bf32d34ab6562d,1,3fae92f8d0ebb3317991934a6d717c47,1900267e848ceeba8fa32d80c1a5f5a8,2018-05-04 03:55:20,69.00,18.95
e0aa66d7588bc46f68bf32d34ab6562d,2,fe6f03cedd96bcbc5c8726c5963fd35c,1900267e848ceeba8fa32d80c1a5f5a8,2018-05-04 03:55:20,54.99,27.07
e0e95960e8abbd803bbd543d2225c328,1,c63ea4621680c1b0fca8864c0564bd78,de722cd6dad950a92b7d4f82673f8833,2018-05-03 04:10:45,179.90,25.39
e0f3cd25b704e2b54b5837d443087ba2,1,497aaad8194759cfad63465c1b810286,7aa538dd6e114e503a2e6154ea352253,2018-04-30 18:31:34,379.99,26.52
e0fb4639f54bdaa580ed4511c8d7b778,1,5fd9aed6ebc6311283c04f5b234f5ce4,4e922959ae960d389249c378d1c939f5,2018-04-23 19:11:26,61.00,7.87
e1b4ee0e390fbac1dec439d72b45a115,1,11875b30b49585209e608f40e8082e65,669ae81880e08f269a64487cfb287169,2017-07-28 19:45:12,65.00,12.70
e1c58cc2bf1f241d4ab2e557f7ab52a6,1,d0d9ae9cac6217cb49b4f19ce50b8e22,3078096983cf766a32a06257648502d1,2017-09-20 02:43:53,82.59,13.60
e1df06d2e0fcfed2ec12f002d54da4f0,1,7d761cef314675473eda87ecc3b7e751,54965bbe3e4f07ae045b90b0b8541f52,2018-06-14 03:11:02,77.90,23.13
e210480a7951a7968ea2a32e38c6dd70,1,d285360f29ac7fd97640bf0baef03de0,2eb70248d66e0e3ef83659f71b244378,2018-07-25 17:23:46,155.97,23.02
e22988df4a8a5e701f32adc32b5d5fb4,1,132069c6f99d20d9e0ea2b5b1143ec66,0be8ff43f22e456b4e0371b2245e4d01,2017-12-08 15:51:45,59.90,15.17
e248283e6b8ba09b05efea1000d9478b,1,e976121c90262b3c9d173aaf4e03096a,821fb029fc6e495ca4f08a35d51e53a5,2018-03-08 19:30:45,129.90,13.46
e2a875ab76ae9c68c532baa517d90363,1,3e5201fe0d1ba474d9b90152c83c706c,8160255418d5aaa7dbdc9f4c64ebda44,2018-03-22 10:24:54,122.90,14.22
e309561688d0e53d29a039914f51190a,1,fb7a100ec8c7b34f60cec22b1a9a10e0,d98eec89afa3380e14463da2aabaea72,2017-11-07 08:46:19,49.99,14.10
e31ea4183de6b416446423888f5dc3d8,1,437c05a395e9e47f9762e677a7068ce7,f84fa566034f5e8e880a07ec624c56af,2018-05-11 15:54:33,53.90,12.82
e3406c9214774d66295ee5aa96724ef6,1,f9b4f8ef12259efd919fbaf21f8f66a4,7ad32824caee82087b3e2e5f33b1bf32,2018-08-01 17:10:17,199.00,36.74
e3410c1b2ebfc0e23849d9fd01056878,1,47e7d651866159ed3a5fe00d3dbe813d,1da3aeb70d7989d1e6d9b0e887f97c23,2018-05-09 14:14:33,7.99,7.39
e35cd7f16895b57bcfa47358049adb16,1,776ef0ee36e20757c513e64903f1fa8a,70a12e78e608ac31179aea7f8422044b,2017-09-13 10:37:29,98.00,17.94
e36d390b90de532ec095695e0fab74e5,1,7c1bd920dbdf22470b68bde975dd3ccf,cc419e0650a3c5ba77189a1882b7556a,2017-09-08 02:44:54,58.99,11.73
e372925efa5e2bebc75122fe5ecf11ab,1,7c1bd920dbdf22470b68bde975dd3ccf,cc419e0650a3c5ba77189a1882b7556a,2017-11-22 14:15:24,58.99,11.73
e37462f737a59fcd8f12079e0e927205,1,a35a9f46dcee0a67c8c7ad8493eb4135,85d9eb9ddc5d00ca9336a2219c97bb13,2017-09-15 04:30:23,31.90,15.79
e37cbc5ed765e289a3bcb33581cac511,1,f9a508234fed38c95437c5a16b847774,522620dcb18a6b31cd7bdf73665113a9,2017-03-02 13:30:15,59.00,14.58
e37e8b2274cafef8334e4f7f8e2eda80,1,53ea9da485f6aed8a6f03a85831fe021,7e93a43ef30c4f03f38b393420bc753a,2017-10-26 18:28:12,249.99,19.00
e3852ebb9e79c3422a17692da2c89ee5,1,d87815e398ce1204e5981c427c03291f,10076e5788b8ee532724bcd460baf762,2017-05-17 17:25:27,51.20,15.11
e38994925b350c88bd9b885f0b726439,1,5072bfb5e5e1ce79d108a610b6b22642,b17b679f4f5ce2e03ce6968c62648246,2017-11-27 04:08:32,38.40,16.11
e38fb0d87dea5ab1a9c8e257fa716b80,1,210a8305d79b2f5719cbafb2c026797f,f8db351d8c4c4c22c6835c19a46f01b0,2017-09-20 09:25:41,36.90,9.94
e3ad77f2683cf57ced740ece64eea3b7,1,52b3af7304d611855714d9b3d1724ea7,4a3ca9315b744ce9f8e9374361493884,2017-08-02 22:25:10,48.90,11.85
e3be8e7970afa286e942ea4273061bae,1,b24d74b0c697ec38e9e6da20fa7b80d6,2646baaf662d4d92ac48f047e35db92d,2018-07-13 04:31:27,59.00,23.21
e3f593928ae2e5fc7463fe3603dd3e85,1,22c5ddc22ea8cae84fc9917def682dc6,cc419e0650a3c5ba77189a1882b7556a,2017-06-02 13:05:38,56.99,15.15
e406f3cf4b3e23077d22eb4346d6471c,1,6c3c95f656ad4d31b662c75b31c09f1e,da6a60cc8cc724fe51be021ff8be779c,2018-08-16 03:15:08,65.90,18.56
e4318982ed51e84596216f47f154d767,1,561cea7963070b5a99b20b962862a0e1,4830e40640734fc1c52cd21127c341d4,2017-10-26 01:26:28,19.00,9.34
e465c5ff84ef7091d582b275cb0dd7de,1,617186c3d97ea56c9c683a8a3974e8c1,cc419e0650a3c5ba77189a1882b7556a,2017-10-04 12:04:20,84.99,8.79
e488cc26536e9d4857ff7e4605f3220d,1,7f7b2d6dd176f1687e88f04590fe149e,cca3071e3e9bb7d12640c9fbe2301306,2017-02-12 22:48:50,69.90,16.19
e49d0607832db7c3b1343764225d8df6,1,bb50f2e236e5eea0100680137654686c,f7ba60f8c3f99e7ee4042fdef03b70c4,2018-05-17 12:30:59,330.00,10.07
e4b054cad5be6beb018f30ae256b1672,1,e7db7c40ea6647c808d48581f1308d88,1d8dbc4f32378d715c717c1c1fc57bae,2018-01-18 19:31:07,109.90,20.01
e4d96e6ad34780ade40c4b6dc2745a04,1,a4fa3b8fa5953b0bd18bf4e0b4de499d,da8622b14eb17ae2831f4ac5b9dab84a,2018-02-05 13:15:35,109.90,12.47
e4d96e6ad34780ade40c4b6dc2745a04,2,8a443635fdf9759915c9be5be2e3b862,da8622b14eb17ae2831f4ac5b9dab84a,2018-02-05 13:15:35,109.90,12.47
e528f5fb562c9053119f71d32acb91ba,1,cfc665b462ccc3a43b1a1283e678b1a0,5c6d4016c2a288f074fa0848a2b653d2,2017-10-26 07:05:14,59.00,20.90
e53a8a6728d3ba5c3662929455d7a6d3,1,8f7ba3a21866ed0cf0233dd71fa0da72,0b90b6df587eb83608a64ea8b390cf07,2018-08-28 02:50:29,58.00,18.51
e5467d4750f397c79149b122be02fb1e,1,7a82832901d5f4cd314a4e102c47bd2b,9de4643a8dbde634fe55621059d92273,2017-06-21 19:35:34,37.99,16.79
e55981b5cea8072097093592652571ca,1,6cdd53843498f92890544667809f1595,ccc4bbb5f32a6ab2b7066a4130f114e3,2017-11-28 20:30:37,349.90,18.70
e5700a52207ef266413e9f43a7b0d5f6,1,72ba1b1e37ca92467fe787728625c76a,df91910b6a03bb2e3358fa6a35e32f6f,2018-08-19 21:31:52,218.90,25.88
e58f710ed41fb682576f68826c0589b9,1,55aa465efc1629771ef1f96d3b9784ab,8f2b51a30523cdecddc2f179f351c7d6,2017-06-04 21:05:20,69.90,14.24
e5ac19b38666500c28341ce6d9bb889e,1,55782cb82e0efe052da0a3da237da3b2,c003204e1ab016dfa150abc119207b24,2018-08-20 14:15:26,166.90,13.47
e5af575637557e5be53b2df8b32a5452,1,d581c7d5e149f946aa7e05b8e13e6efb,26785a546900236d66f2e4197c211158,2017-11-28 19:30:25,99.90,15.45
e5dfa353d229de8b9a6e25cda9b03130,1,7b1f2b12d9bcca133f8df7a53b55db6e,f46490624488d3ff7ce78613913a7711,2018-07-02 20:07:49,197.90,22.69
e5ec17b950e2ca6379aaee6905115d3a,1,4a52073965ad17f345f579bdbdbabd74,0c7533c71df861ec58ad7ff999ed0e8d,2017-12-26 15:54:30,35.40,12.23
e64772f0c75da6c3c6622cb989961c9e,1,6d811b6e8cada9a8f7f38bb315620e1b,80e6699fe29150b372a0c8a1ebf7dcc8,2017-03-05 21:45:08,129.00,22.51
e680246ff33f65fe221f0e11128a4778,1,28e410092e56a080e14595c053d0bbe8,516e7738bd8f735ac19a010ee5450d8d,2018-07-26 13:24:50,9.90,15.23
e680246ff33f65fe221f0e11128a4778,2,28e410092e56a080e14595c053d0bbe8,516e7738bd8f735ac19a010ee5450d8d,2018-07-26 13:24:50,9.90,15.23
e6f1079796c9aa6e372d9c759310b5c2,1,10717ff440b2320081989126e858b220,00ee68308b45bc5e2660cd833c3f81cc,2017-10-09 17:56:21,165.00,16.91
e70079a333e4ddca8787daf05873a6dc,1,630e1e89b84dc36567deec47c7e373b1,dc8798cbf453b7e0f98745e396cc5616,2017-08-17 11:23:56,64.90,7.78
e72598a24e84f85f6b47b99c7fcb32fb,1,487ff90293c6b5484d060de3fe409557,4e922959ae960d389249c378d1c939f5,2017-12-28 11:50:00,36.00,9.27
e7336e1648bf13ca6664c8568363dbb3,1,165f86fe8b799a708a20ee4ba125c289,7ddcbb64b5bc1ef36ca8c151f6ec77df,2018-02-22 14:35:34,176.99,23.56
e752e06086626026b152f99c6f51fb65,1,d2f5484cbffe4ca766301b21ab9246dd,36a968b544695394e4e9d7572688598f,2018-07-02 20:30:31,12.88,7.39
e77e25ad4185ce8fba142eafcd1442da,1,750d887c4fb151156b3c0dec3041549c,d51e0a403fe2e689ece6c73359d96e12,2017-12-19 19:10:10,495.00,28.31
e78cde66f03731202b0f5e082b0b0cff,1,b60856ce32d90658dbf99b9485327c25,8b321bb669392f5163d04c59e235e066,2018-03-15 19:31:40,9.00,15.23
e7938bd84b6b7a281bce96a5bc2340f8,1,7c1bd920dbdf22470b68bde975dd3ccf,cc419e0650a3c5ba77189a1882b7556a,2018-04-29 23:31:08,58.99,19.00
e7938bd84b6b7a281bce96a5bc2340f8,2,7c1bd920dbdf22470b68bde975dd3ccf,cc419e0650a3c5ba77189a1882b7556a,2018-04-29 23:31:08,58.99,19.00
e7c984c7684388a750178a7187b29cc4,1,fa39c60599eb6573020f07a1b4dd38cf,0bae85eb84b9fb3bd773911e89288d54,2017-07-31 17:42:50,79.08,17.80
e7ca0b469d23817d3564174fafcf56c7,1,ca3d8213acc967dd4e7c85c05406f71f,289cdb325fb7e7f891c38608bf9e0962,2018-03-15 12:35:53,89.80,18.51
e7e818ad5eb0eddc4d7fb9bdade265dd,1,a94ba3ccb95b8e55a03e0c8842d1ff8a,381c83fdca332ea6afd896da20bf6e4a,2018-06-14 14:31:36,114.90,51.30
e8aae0a8c069453ead56360bfdf31d76,1,fad824f446c61e0e6e1e8644c17a9f59,53e4c6e0f4312d4d2107a8c9cddf45cd,2018-03-01 10:35:50,19.36,15.11
e8ab363cd45a4e68e65455199d62b45a,1,ad938d3b79856582ace5b311ab864826,1554a68530182680ad5c8b042c3ab563,2017-12-29 13:50:39,69.90,16.25
e8ab4523e5661e8945b938ccc4d89553,1,ae52eeb8383b94455f0a08b1f88ad002,f457c46070d02cadd8a68551231220dd,2018-07-02 11:35:15,74.90,13.86
e8d058928dd8b2837ef82db983c5f1d7,1,c354569eefd558bf201d0aedf35608ed,822166ed1e47908f7cfb49946d03c726,2017-06-05 14:43:30,49.90,13.23
e8f4435c1db6d7bf9e191fd9bd6a6682,1,38f2d4b26820d63dc2675d6fbfafe1bb,4c1c7281388a33dd06daac44f9fadbd1,2018-06-26 19:58:06,32.89,12.89
e9097b40952a79c27bb515bbfd4d488f,1,b45e1c65cd9f63e06b57f502caf50b78,b2ba3715d723d245138f291a6fe42594,2017-10-13 18:35:23,479.90,22.24
e935ce70219fca7400f41fa9b59aad56,1,93c902b021a9e594f658ab1b0351602a,2e90cb1677d35cfe24eef47d441b7c87,2018-02-06 22:09:44,97.90,13.71
e94049a4979c0cca812d339264c0792e,1,b01d34f6d2545269d348181768eca049,6560211a19b47992c3666cc44a7e94c0,2018-02-06 21:09:43,55.00,14.14
e94753fb36e53fd8e0ed80fd513faa16,1,56a474f5d7d6cfaa8500cddd0aa35bba,daf565f087a52def0fd5c5825b3661bc,2018-08-27 12:55:30,144.50,34.77
e95c17e37b96427efd69412b0cc4a881,1,fb20d37a2c78452667f7a347e756727c,e26901d5ab434ce92fd9b5c256820a4e,2017-05-03 08:15:29,34.90,10.96
e96343d353d85658fdfef8ba65b57ea9,1,1d1183a8de24782a216dc5066d7421bf,c6218512d16fcac0af02fe92691cf274,2017-06-08 14:45:16,135.00,43.36
e989ba2c566a8bba506c12084cf211f1,1,2e06288cce0a0fdfeb537263dd3b3f3f,42bde9fef835393bb8a8849cb6b7f245,2017-09-29 17:10:21,544.00,22.05
e9977cc6d0f97447ef0f4fcc2e082fc8,1,d4fe034cde911805af12724d73fde7e0,dd2bdf855a9172734fbc3744021ae9b9,2017-02-11 10:26:05,69.90,15.25
e9b3258a406a55c86715a28bf26c98a0,1,99e71b776debf2f01a69dce207e3e4f8,c54679b132454625907c773d273d4126,2018-04-02 14:30:20,69.00,7.87
e9df4254faf2fe70bfbff4c0abe4fb7c,1,1c2862e8f831c73dd953c24b3fd5b9e2,df560393f3a51e74553ab94004ba5c87,2017-01-25 14:22:49,31.50,14.52
ea1210816b91efb1908d9ba1bbcdbbba,1,a0951eca8e874597dc3abaefc1940679,1835b56ce799e6a4dc4eddc053f04066,2018-06-13 03:35:15,182.00,19.15
ea418b9e7145f9d09282bcd0f281b2c5,1,9aa9caee155847cddb376a05b9a39791,ea8482cd71df3c1969d7b9473ff13abc,2018-01-18 21:15:28,37.99,17.63
ea55102263a7f58c4b3090b655c2bc00,1,0e40b1ed4cfd3da1962ec91913e54ba8,8b321bb669392f5163d04c59e235e066,2018-03-30 17:47:45,13.65,7.39
ea5a4621227b0158f41da12e948e6267,1,d272d0921188b0bd91542d704b21404e,8b321bb669392f5163d04c59e235e066,2018-01-17 19:31:07,11.55,7.78
ea5b8ab951ac72f344bebd303152f748,1,c30302f36e15f43c1b85c9cb002028d5,08d2d642cf72b622b14dde1d2f5eb2f5,2017-12-15 08:51:44,30.00,11.85
ea838dd2eadc7dfdb6fff969d14ed4f2,1,f6ce2f79a280fa3c1ddc114d34ab273d,4e7c18b98d84e05cbae3ff0ff03846c2,2017-05-03 18:10:09,64.00,13.03
ea9fa4f97dba6807fd178a433ed17032,1,35ebf08a93899d44e756809e11b14754,128639473a139ac0f3e5f5ade55873a5,2017-06-01 23:35:15,12.90,16.79
eb0fec00c8cee7edcc91a031d939ac1a,1,61787f92f08a18258c0267e53cb9c1cb,42fb44130ac3134cde8e35cf8ec7df25,2017-03-29 16:30:18,18.90,10.96
eb1d71600650b42be71f555e11a2a470,1,f55cd6a68f96c3041176998ce1850ff3,8648b1e89e9b349e32d3741b30ec737e,2018-02-15 21:50:21,63.00,8.27
eb2e026bae01f340ff4c0cc9aad6aecd,1,491cc3d85596f60cdc9fac9d202c9fb8,cca3071e3e9bb7d12640c9fbe2301306,2017-07-13 03:25:50,124.67,16.63
eb3042b24ee09562fc9367cd1c24947c,1,29427de7f8a9ee983d9dbc51cec569b4,7a67c85e85bb2ce8582c35f2203ad736,2018-02-13 15:30:09,99.99,19.94
ebaa42a79f2add158467770ca61a11e0,1,e2372fa4eec7531e44bb43844876e25b,db2956745b3a8e9f3785c99f34b5d25e,2018-06-19 09:16:21,189.00,13.98
ec902ac3921edfeace159efd4f973840,1,f3720bc68555b1bff49b9ffd41b017ac,4b5f66b7adcf57f1ecc0d3c07dd6b177,2017-10-19 17:30:46,175.50,16.99
ec902ac3921edfeace159efd4f973840,2,f3720bc68555b1bff49b9ffd41b017ac,4b5f66b7adcf57f1ecc0d3c07dd6b177,2017-10-19 17:30:46,175.50,16.99
ec902ac3921edfeace159efd4f973840,3,f3720bc68555b1bff49b9ffd41b017ac,4b5f66b7adcf57f1ecc0d3c07dd6b177,2017-10-19 17:30:46,175.50,16.99
ec902ac3921edfeace159efd4f973840,4,f3720bc68555b1bff49b9ffd41b017ac,4b5f66b7adcf57f1ecc0d3c07dd6b177,2017-10-19 17:30:46,175.50,16.99
eca79ed411acb63a03e097fa18411797,1,86f8507285c074360ac0969d4a664895,0ea22c1cfbdc755f86b9b54b39c16043,2017-08-22 03:10:22,39.90,14.10
ecacbdf9dd9ba3bb85ace7edb81d157c,1,d04bbac48960ecb7ea311b00ca6e1cb7,0dd184061fb0eaa7ca37932c68ab91c5,2018-03-29 16:08:27,104.00,13.05
ecacbdf9dd9ba3bb85ace7edb81d157c,2,88e84a987b4681434dedc0bc9e00826b,0dd184061fb0eaa7ca37932c68ab91c5,2018-03-29 16:08:27,110.00,13.05
ecb4d57a1f4dabdb34dcc3ddba82bc51,1,d696750e550fd0f733979dd7e5dff921,9de4643a8dbde634fe55621059d92273,2017-05-05 18:22:58,169.99,18.03
ecb4d57a1f4dabdb34dcc3ddba82bc51,2,d696750e550fd0f733979dd7e5dff921,9de4643a8dbde634fe55621059d92273,2017-05-05 18:22:58,169.99,18.03
ed04a2b3c21cbcd90c2071a22a8cbda2,1,7745fa765a4fbc559058c4ad0e5485aa,e5a3438891c0bfdb9394643f95273d8e,2018-04-13 20:29:56,34.30,18.23
ed35c6ec36a7b59c5e1f902280143fcd,1,b76364870c38ddd7dcc9dd9ab5abeeb4,2a6fbeaa7ab9e5d59a35841a8da71ce4,2018-02-08 22:35:37,48.90,37.90
ed4d57b2d881e813cf0b801ab17987a0,1,e672fbe634ad07cce9d85f412becb2c0,7a67c85e85bb2ce8582c35f2203ad736,2017-03-09 02:15:46,129.99,11.52
ed6104a0027e6a269ce0269f21c67f0c,1,35afc973633aaeb6b877ff57b2793310,4a3ca9315b744ce9f8e9374361493884,2017-07-20 01:45:11,89.90,25.91
ed7550f3266dfb079a3460745ff50ebb,1,d04e48982547095af81c231c3d581cb6,4869f7a5dfa277a7dca6462dcf3b52b2,2018-04-05 13:47:18,237.00,14.10
ed82d3384df9ca70bcd946e63d8d172b,1,cae79e3b5c787c231543fa415a20b5cc,56642bcb79900e777d68e91915cb4267,2018-03-22 02:35:33,28.00,7.39
ed9c888e1be39c7492c5810bcf8a0227,1,7094ed51ce16d5ba737ef483df555c6f,ea8482cd71df3c1969d7b9473ff13abc,2018-03-21 21:48:49,24.99,12.79
ed9ddf13b205161d8ca32de15a50a5c7,1,6f33a4a09ae1180a0ee1ff4682b2d21f,725c32fa80c2faacc4fc88450d27314e,2017-12-11 04:17:40,139.99,15.74
ee4400c5937463920eed95003b8fd459,1,d285360f29ac7fd97640bf0baef03de0,fa1c13f2614d7b5c4749cbc52fecda94,2017-12-08 16:37:03,348.80,16.19
ee972a8714e62c729101427fc247d37e,1,4fe644d766c7566dbc46fb851363cb3b,c31eff8334d6b3047ed34bebd4d62c36,2018-01-24 14:33:01,139.99,14.37
eea3254200d621b24b7741950693e956,1,dd231637766e756fd1cf2fd80501fce1,101a3a003516bc11253298b2fad3cb65,2018-08-02 02:45:09,45.00,9.07
eecde1205c668fec3e2b7643c4f805cc,1,ac43429cfe2a3933709b85dc2acacca8,744dac408745240a2c2528fb1b6028f3,2017-05-10 21:30:14,298.00,14.52
eee612addb28b4837f3a8d9ce54e31f8,1,bee2e070c39f3dd2f6883a17a5f0da45,4e922959ae960d389249c378d1c939f5,2018-04-30 19:10:57,180.00,9.56
eef276c7d2a8add364316e714f060623,1,d696ead711c63f9d5d1af6fcfbc3fca2,a416b6a846a11724393025641d4edd5e,2018-02-01 15:31:15,102.28,13.27
ef02b499ada182fc2a48dd525cb062c0,1,f20a14d45e85b05ef554d10d7283f7da,2138ccb85b11a4ec1e37afbd1c8eda1f,2018-07-23 21:30:20,39.99,18.38
ef14069256aa13ccc53f945fd0aa70ff,1,054515fd15bc1a2029f10de97ffa9120,e9779976487b77c6d4ac45f75ec7afe9,2018-08-16 13:50:23,43.00,12.96
ef18f5dcc7b8a44cbdb1a14de4164bd1,1,4535b0e1091c278dfd193e5a1d63b39f,ba143b05f0110f0dc71ad71b4466ce92,2018-07-10 11:31:24,53.99,9.13
ef524a601004635e7bd1ec43937e961f,1,f788dd44fc883f0664693a6dea50437f,3d871de0142ce09b7081e2b9d1733cb1,2017-10-24 18:36:44,39.00,12.69
efb0cacb1ed48693e7edc6e10d9d1790,1,242edc6b84c00f0d48c664a020a92c52,6cd68b3ed6d59aaa9fece558ad360c0a,2017-07-24 06:23:39,54.90,8.74
efb0cacb1ed48693e7edc6e10d9d1790,2,5411e9269501a870cabf632f05655131,3d871de0142ce09b7081e2b9d1733cb1,2017-07-24 06:23:39,99.00,9.20
efd2e87c44bebee6e88c8677e9e94448,1,8d7d29e5fb9ff5333009326c87fc04e9,7c67e1448b00f6e969d365cea6b010ab,2018-04-27 12:15:13,119.94,23.52
efdd2a16264f8e4d18564f8e7deb071c,1,6a0713a63e990052795623e76cc2995e,d2374cbcbb3ca4ab1086534108cc3ab7,2017-05-12 11:21:51,72.90,14.68
efe5bb701ff507ffa4736a7c07be50d2,1,a069fc741ff92fd8af8270a66f35fcbd,1554a68530182680ad5c8b042c3ab563,2017-03-28 12:27:15,179.99,32.29
efed8668846db8134d128f21368fd2ca,1,87a71ae93900ab55fcf685c8040769b3,8b321bb669392f5163d04c59e235e066,2018-04-04 03:09:06,12.90,15.23
eff6d1823541bd02a75eb960685b0230,1,ff28477a5bcb2fc34bb86a6c2eea1566,ebd2d60905fb58271facef5596b620d3,2017-06-28 13:05:17,239.90,22.17
efff0f02714bda94c05b552d6603f6f9,1,5a0783457f0264ade6beeac64ba145f4,52f9db5cfb423382a2fa5c9e39303202,2018-02-12 07:10:24,59.99,11.92
f01ca5a374b654889d516741b4a39dcf,1,f890ca4c2a406d04b85f3e33c425213d,7299e27ed73d2ad986de7f7c77d919fa,2017-11-30 01:50:43,659.99,16.75
f020059db04fd86b983524f59247d091,1,06edb72f1e0c64b14c5b79353f7abea3,391fc6631aebcf3004804e51b40bcf1e,2018-03-29 20:56:05,39.99,11.89
f02487424b729284accf169173a4c240,1,c20a3f598c16d77249da67e81caa8317,955fee9216a65b617aa5c0531780ce60,2018-07-29 22:24:32,32.00,19.41
f040040c63fb4164125917af2fa6d4b4,1,9d0a2db5144d569d5ce5375bb0f4de36,f049a72cf58fd31b11f8919cade515e7,2018-08-08 19:04:31,12.25,12.79
f05c4e37bf7ce04b9cfe8e310d08eaf7,1,3b7929cc079c14493fb6fb3373dbc1e1,4e922959ae960d389249c378d1c939f5,2017-05-23 09:10:14,98.00,19.93
f0670859ef34f8878debeb534fdcd855,1,6c4d1dce076249f2314ac8f3fc3cc7d1,6560211a19b47992c3666cc44a7e94c0,2017-05-25 11:42:44,85.00,25.87
f071b368fba027eb94d3880678104d50,1,39678bc6ddb608fa59c306b78f51efe8,8b321bb669392f5163d04c59e235e066,2018-03-06 16:31:21,12.90,15.10
f07ffa8133ca1dcbc015a9c0ee98c872,1,c8cfa622661e047ea2499f8bce4731a5,4b9750c8ad28220fe6702d4ecb7c898f,2018-02-19 09:32:09,134.90,18.51
f09d0203a51785e9ba9279607c38958c,1,a0fe1efb855f3e786f0650268cd77f44,ef506c96320abeedfb894c34db06f478,2017-02-17 13:00:36,21.99,16.05
f0a3681de8bc46b204500087357b2a89,1,8c81ff84f8301d0db2fbfde90da0f5a5,3d871de0142ce09b7081e2b9d1733cb1,2018-02-19 16:32:31,59.00,11.91
f0cd3d160659eabeeb6afba44c0c04f7,1,272f828875d25e7c0a395cb6ce703bf3,f63d8f293af3a6454377546bd9dd19ff,2017-08-24 02:25:38,29.99,34.15
f0f60334ebc0d94a89bfdf1d401308a0,1,59f45392c714ab32c9902fd909411e3e,1dc2de47ee26a0a5b12dc14fd6dc0dea,2018-05-07 11:17:19,55.90,17.30
f1227685cb32bc990c13a7c5df91005b,1,53b36df67ebb7c41585e8d54d6772e08,7d13fca15225358621be4086e1eb0964,2018-05-04 03:30:26,99.90,0.00
f1450c491bd196d4089076234a1b5cae,1,f1fe595ee7ef768b41bd9b246d13432d,81a1104df0f08b59c68aa5b03cfe398e,2017-10-23 10:28:04,99.90,30.23
f15a9d9b458aa040e6c47b6bb2311fb4,1,cf1d8e226162a1d0ad61f29b7ed72d82,7d456afc660226829370f3173d14520c,2017-05-22 22:05:13,26.00,5.52
f15a9d9b458aa040e6c47b6bb2311fb4,2,1d1183a8de24782a216dc5066d7421bf,c6218512d16fcac0af02fe92691cf274,2017-05-22 22:05:13,135.00,37.61
f15a9d9b458aa040e6c47b6bb2311fb4,3,cf1d8e226162a1d0ad61f29b7ed72d82,7d456afc660226829370f3173d14520c,2017-05-22 22:05:13,26.00,5.52
f161d2927f0847f8fd74ebeb8a7b3a80,1,9fe5201316c8185058e8a4056e53cc78,cd68562d3f44870c08922d380acae552,2017-07-10 04:10:17,65.00,35.77
f162b64870a8b725213ab6ad3007bc6f,1,e5da60b217874889dd4becf29412d793,2138ccb85b11a4ec1e37afbd1c8eda1f,2017-06-15 01:22:36,29.99,15.10
f174b7bb70b31bea3dbfdf7cf9719ce5,1,590d6cb76092faa04d717fe406c66f88,4049512728d969bec69f84088b012416,2018-02-15 22:52:21,104.49,12.44
f1b1a53088d15140959d9ed6d98c7107,1,42a2c92a0979a949ca4ea89ec5c7b934,813348c996469b40f2e028d5429d3495,2017-07-04 17:30:29,59.90,25.26
f1b64d15b1fe4c26aeffdaa46fa1004b,1,f67ad6b3366ae186b8d29087e6d5ebd0,16090f2ca825584b5a147ab24aa30c86,2018-03-21 21:48:41,28.00,18.23
f1fd5b5e0656641dadc6c541b14e565a,1,9759a740aa84f55b71c0c8c306a80737,c9aafcd0621b2207c10e32c649cada4d,2018-07-24 03:01:44,17.00,15.23
f20750eceab3ceac5ce19312fd1a12e7,1,fa381a4a9af65ea5fc8f3829214045f9,70eea00b476a314817cefde4aad4f89a,2018-04-24 09:11:32,269.90,15.36
f237e8ddc05a21386ec9441d40f8e09e,1,9348cf658c9f20576186a9f3b82c58c3,7dc8c42cc750eeafea6c85712ffee9bf,2017-02-13 23:19:27,89.00,13.20
f244841f5a461472de8de82f023b1371,1,68fd321167f27536e8c0b182d358f854,41b39e28db005d9731d9d485a83b4c38,2017-07-20 22:30:15,94.90,21.15
f24b2cd1d57f9c6405a1840ba856f421,1,337a76815f8f765a51535e787101c8fa,391fc6631aebcf3004804e51b40bcf1e,2018-05-23 13:55:00,149.90,18.93
f2614c602a0621707ca12e9a6cf3b112,1,5a2473372f18cead9ae7a84a593a0842,c013e57c075a06e5b5c48ee03c525719,2018-06-19 17:26:10,39.99,18.38
f2793cd4b64bd3a177d4a367a3cf40bd,1,5cb27eb7202ae6c53809618eb8549007,bacb1f0ed56ad24198f5810d2b3fe9a5,2017-07-03 04:23:11,113.90,18.05
f28d2797b047549663f2e82b4afbdc1e,1,ca26080d8f0fa848c329fe732f5e34e8,3faf68a3b0af94b10bac70d86077be49,2017-05-05 18:55:12,188.99,15.09
f298d9cc0b7aea1a3bdf95d298c3cfc3,1,d73bae3f64cd2c7851bc796e2684f871,f8db351d8c4c4c22c6835c19a46f01b0,2017-02-26 19:44:11,52.90,16.07
f29ddf8225b83634a61798046455ce8a,1,cedf309ce95b4a69d153dd219dd1cef8,3bdff180c7e1f6551a643b99c265a120,2017-03-16 15:09:40,49.90,18.63
f2a150c813c1eb96fd1883c1ed8fd9e5,1,95e25af33821b9d231e06f1e7cd34d4e,bd4889b5e9133b35b66e42a8665cea5c,2018-06-25 10:31:42,151.98,31.93
f2a6e4114bb3100fe47a10d807079082,1,b92ac6d6776fda2be95ee60ab90611ab,95f83f51203c626648c875dd41874c7f,2018-05-07 20:16:06,56.90,19.46
f2af7540e2b81731609d138b17191794,1,15964f2421f68d33a3f74b037ebf8822,eb72802c83dc7547529c9546d1a9b8ef,2018-07-10 08:31:41,44.99,9.01
f2dd5f15184c73c0d45c02941c7c23d1,1,b931645cdc2d9868f01544e8db63f5ab,b14db04aa7881970e83ffa9426897925,2017-01-09 22:52:33,65.00,26.92
f2fc3e958c7943badc989a1f5db932b4,1,6ab9d49c399f239bc88ea28c7568213f,5c853bb56f70f4d14218944bae111d7a,2018-08-30 21:35:16,12.99,7.39
f2fd4e0fc194bc29e11d7d3f83151996,1,0be79cf589781c512bd91976eadeeff0,fc906263ca5083d09dce42fe02247800,2017-12-29 18:29:08,19.90,15.79
f309544e0fa881330c466bff31564da2,1,aef8207c2e91f4fcdbc0824737abf358,5c243662ce92d84573bfaff24c3e3700,2017-03-20 13:53:27,339.99,17.59
f3239f4f6c8cdfc9043534b20c0b6179,1,3a21e6f5a154a5b03b6edb8fc6b24c5d,bf3c6d2a28b2b5501e6c15448982dcc9,2017-08-14 04:23:53,49.90,14.10
f3290f4b0c78e37eff2ade0174b0c307,1,cc5c55b85ec65541272bea4b9895add4,32fdd5d44ecb43dfd6a24b9369eca144,2017-05-04 18:10:23,59.90,17.26
f34349c1787f5a47ace7555af961a47b,1,672e757f331900b9deea127a2a7b79fd,e59aa562b9f8076dd550fcddf0e73491,2018-01-15 07:26:26,410.00,55.23
f38176af08190044aef2fe48eb38365b,1,ed042312ea8ad0a470e9891ac4e7201e,fa1c13f2614d7b5c4749cbc52fecda94,2017-03-09 17:02:25,299.00,16.26
f384f4edb05c390598d9010ea97f7f4e,1,5d0a7cb413c5b59233c57177fe2f20b0,fa40cc5b934574b62717c68f3d678b6d,2018-04-26 15:31:28,49.90,10.08
f384f4edb05c390598d9010ea97f7f4e,2,9a4b403e612ff2c3b4867b318bb65d56,95e03ca3d4146e4011985981aeb959b9,2018-04-26 15:31:28,28.99,22.02
f38a6dc0f541c9dff3f0c72009f2976d,1,020a80cb704bf65f38761fcedf2af192,ef2fbc2b607d8492bcffe657a4645434,2018-08-22 00:29:09,49.90,9.28
f393b5ab60dfcc6d8c8000240a1a230f,1,40cb7bb3d30559b9b6c4fb62bc837962,cca3071e3e9bb7d12640c9fbe2301306,2017-12-21 01:56:18,52.64,24.74
f393b5ab60dfcc6d8c8000240a1a230f,2,b74d57e3377dd78aace6d070fc48cc88,4a3ca9315b744ce9f8e9374361493884,2017-12-21 01:56:18,65.90,6.60
f3ace35a38b59892c97c14e9eadbc923,1,c6336fa91fbd87c359e44f5dca5a90ed,4c2b230173bb36f9b240f2b8ac11786e,2018-02-08 02:56:00,45.90,17.63
f3c7f31502a61f206c30c674a4ada401,1,aa5a88580b8e6e569915aa42f1526dfc,8931a84a914b3fe9b1ddaa4d704947ca,2017-06-01 01:05:14,69.90,7.78
f3c7f31502a61f206c30c674a4ada401,2,aa5a88580b8e6e569915aa42f1526dfc,8931a84a914b3fe9b1ddaa4d704947ca,2017-06-01 01:05:14,69.90,7.78
f3c7f31502a61f206c30c674a4ada401,3,aa5a88580b8e6e569915aa42f1526dfc,8931a84a914b3fe9b1ddaa4d704947ca,2017-06-01 01:05:14,69.90,7.78
f3cd6fd2bd9ec528bdd3a45d423636b9,1,7d854ab97c64ef9df2bbfaf332765786,aac29b1b99776be73c3049939652091d,2017-03-09 19:45:16,59.90,19.01
f4021afbf70a873e407181a0a76e64e3,1,b80fc6d567fe3d99eb5ce3fbe46f7010,4a3ca9315b744ce9f8e9374361493884,2018-04-17 05:50:19,100.00,19.67
f4021afbf70a873e407181a0a76e64e3,2,b80fc6d567fe3d99eb5ce3fbe46f7010,4a3ca9315b744ce9f8e9374361493884,2018-04-17 05:50:19,100.00,19.67
f42f2fb14ae6dc794ca8024222f22539,1,964093075b6885bfcc6520dd216e4d8f,4830e40640734fc1c52cd21127c341d4,2017-12-21 15:32:19,25.00,7.78
f45fbe1612ac86ee79745d5cdd1ae56f,1,927019d88409196f97d1fd56daaeecc1,5c243662ce92d84573bfaff24c3e3700,2017-09-04 04:44:39,48.00,7.78
f4660b7c97cbe88dc80816c67548c5ee,1,eab1309765ca0c3ba5c2ae2b85b28b00,c3cfdc648177fdbbbb35635a37472c53,2017-09-27 16:55:18,199.99,17.88
f4660b7c97cbe88dc80816c67548c5ee,2,eab1309765ca0c3ba5c2ae2b85b28b00,c3cfdc648177fdbbbb35635a37472c53,2017-09-27 16:55:18,199.99,17.88
f46d498479ef20f7cbe0d471d9ca0bcd,1,cec09725da5ed01471d9a505e7389d37,4d6d651bd7684af3fffabd5f08d12e5a,2017-07-13 12:55:20,69.90,20.98
f46d498479ef20f7cbe0d471d9ca0bcd,2,cec09725da5ed01471d9a505e7389d37,4d6d651bd7684af3fffabd5f08d12e5a,2017-07-13 12:55:20,69.90,20.98
f46d498479ef20f7cbe0d471d9ca0bcd,3,cec09725da5ed01471d9a505e7389d37,4d6d651bd7684af3fffabd5f08d12e5a,2017-07-13 12:55:20,69.90,20.98
f4b85a796ab70afd964c35ac15b29fa4,1,73932133f40320ca7c542cba422a6461,e5c84227854980f1db19a58958c551d9,2018-08-16 04:35:15,25.06,18.28
f52952f4c900a5c0295a392769f7538e,1,25d5e7a4f8052c1843acdb8bf8969fc6,a416b6a846a11724393025641d4edd5e,2018-06-19 23:32:29,99.00,13.99
f5af61697fe43fe2063f350ab4e80fa5,1,32b8ee42e46363609baa9d10ce94d460,c3cfdc648177fdbbbb35635a37472c53,2017-07-19 16:04:51,89.90,19.17
f5b1cfba9fe979f87dcfefc578010e8a,1,321fd48981c751663bc43487274e7609,1430239a858e7682bbc43b20758af153,2017-09-21 16:25:12,12.90,21.15
f5f3d42a187a504d4c574ba759ef3dbd,1,4a300735bc293723103db0d0c1bc1585,6f892e20a171e98efe17fdb971ff319b,2017-10-16 03:49:21,70.90,15.25
f5f3d42a187a504d4c574ba759ef3dbd,2,4a300735bc293723103db0d0c1bc1585,6f892e20a171e98efe17fdb971ff319b,2017-10-16 03:49:21,70.90,15.25
f5f3d42a187a504d4c574ba759ef3dbd,3,4a300735bc293723103db0d0c1bc1585,6f892e20a171e98efe17fdb971ff319b,2017-10-16 03:49:21,70.90,15.25
f62c1d95a213688bbeebb149afd3ad14,1,ae7d8348fbef50928a680454fffbca00,a3a38f4affed601eb87a97788c949667,2018-04-19 02:11:18,69.90,22.20
f630b65d93478030e826b3a84804eb44,1,e3fb4e9e85e0806fa95811fef10fb00f,1025f0e2d44d7041d6cf58b6550e0bfa,2018-04-23 05:55:21,49.90,22.84
f65a0c0fc75a9ddad01b101ed5ae2e38,1,f8714e3b95aadcbfb57568c5e09df884,1da3aeb70d7989d1e6d9b0e887f97c23,2018-04-29 21:31:23,26.99,18.23
f679d90195e7c1e11563250d98edffb6,1,7b0837837bc77c47aff31afc04286281,955fee9216a65b617aa5c0531780ce60,2018-03-07 02:50:41,500.00,18.95
f6b803d15fa58d6e0409ce0cda40121b,1,bb42f37fc3d9130e4a4339d24a47dd7c,da8622b14eb17ae2831f4ac5b9dab84a,2018-01-18 11:29:23,44.90,9.09
f6cf20d8d6692cf6d99a4db211c2f891,1,ce582a7aa032280b20a5f169195202e7,d98eec89afa3380e14463da2aabaea72,2018-01-29 03:52:51,39.99,14.10
f6e97f91d62582f47862f629306f4311,1,288dbc06591742c5d7fe90fbfb08943e,9add47bf45ce8e8c7db6b9cf670b1e09,2017-09-20 11:24:57,110.80,25.62
f6ec769c796ea963843da58718ada694,1,f196248e8b5d060cca414a664ea9a76f,91f0eec23d4a61d7d7caeefa3f0ad1ca,2018-04-24 13:10:33,199.00,27.47
f72af8df59fdbc3f45aeb2df4e1e9ca1,1,725cbfcaff95a4d43742fdf13cf43c75,3504c0cb71d7fa48d967e0e4c94d59d9,2017-08-24 09:24:56,48.90,11.73
f765267bcbede7982c8ecdbe594fa249,1,4f3192a28c9da057319996e1502dc216,850f4f8af5ea87287ac68de36e29107f,2017-06-19 11:35:48,499.90,19.75
f78bc33515cdbf29e0e8c8d86ae6f219,1,1ac09f60f3c3bc2021c637ef23fa3248,46dc3b2cc0980fb8ec44634e21d2718e,2017-12-13 23:50:29,99.99,16.46
f82746601c1969d00d63e14a786f322d,1,2f5895fbda5cbf713513c5b641383a97,51e4e89242cbb846c2deff3dc015650e,2018-08-22 17:30:24,27.90,22.13
f8d1bd3e890e8a6792efb7acfc9a4853,1,d76c049f36a5b4975aa3cf095a6fa499,3bb548e3cb7f70f28e3f11ee9dce0e59,2018-07-10 08:31:41,124.89,22.80
f9021afbb4a99d23f8e0adc2c702ad95,1,e178e8610a35f4d6c9b0934fb5e20e85,b18dc380845b24038cfc48006478f099,2018-04-20 19:31:40,179.99,9.02
f9114a9615fd4c8a09fa0768afb4a8f6,1,b188dcf56044f0301917cd129630fd14,1f9ab4708f3056ede07124aad39a2554,2018-03-06 09:31:02,169.90,46.78
f94a0462cf50552772e515493550bc4e,1,437c05a395e9e47f9762e677a7068ce7,bf84056e679dbe9c69929847a40e338f,2018-02-23 13:26:38,44.98,8.72
f94e0e7c18de77db38fbde857fa75be1,1,d1c427060a0f73f6b889a5c7c61f2ac4,a1043bafd471dff536d0c462352beb48,2018-02-15 20:28:08,149.00,23.84
f9621d2a09f94ab31f27e78a400642ec,1,edcda2e50aadade37544f55a8da52207,ea8482cd71df3c1969d7b9473ff13abc,2018-06-19 12:01:17,24.99,15.28
f96ae3b7b3fa4a0b2644a183d6cb620d,1,4fcb3d9a5f4871e8362dfedbdb02b064,8581055ce74af1daba164fdbd55a40de,2017-02-11 17:12:52,143.80,40.52
f96b5c312ad850920b6aed06ee8881ad,1,2002fc3ec2d8a30a7588628fe7aff958,e9d99831abad74458942f21e16f33f92,2017-12-19 21:35:32,30.00,15.10
f979267a9c0c47a8c7ad427ba7cf3407,1,e0d64dcfaa3b6db5c54ca298ae101d05,4869f7a5dfa277a7dca6462dcf3b52b2,2017-08-10 17:15:16,179.90,12.76
f97b2bdfbaca9c2f04722d8cbc8cc8a5,1,054515fd15bc1a2029f10de97ffa9120,e9779976487b77c6d4ac45f75ec7afe9,2018-08-13 18:45:20,43.00,18.40
f97b2bdfbaca9c2f04722d8cbc8cc8a5,2,054515fd15bc1a2029f10de97ffa9120,e9779976487b77c6d4ac45f75ec7afe9,2018-08-13 18:45:20,43.00,18.40
f97b2bdfbaca9c2f04722d8cbc8cc8a5,3,054515fd15bc1a2029f10de97ffa9120,e9779976487b77c6d4ac45f75ec7afe9,2018-08-13 18:45:20,43.00,18.40
f97b2bdfbaca9c2f04722d8cbc8cc8a5,4,054515fd15bc1a2029f10de97ffa9120,e9779976487b77c6d4ac45f75ec7afe9,2018-08-13 18:45:20,43.00,18.40
fa26763c58fa3379d19525e7381fbdff,1,aca2eb7d00ea1a7b8ebd4e68314663af,955fee9216a65b617aa5c0531780ce60,2018-01-15 23:47:32,69.90,19.98
fa26763c58fa3379d19525e7381fbdff,2,aca2eb7d00ea1a7b8ebd4e68314663af,955fee9216a65b617aa5c0531780ce60,2018-01-15 23:47:32,69.90,19.98
fa2f3e66fa5ba473c46b0329d4e5773f,1,75d6b6963340c6063f7f4cfcccfe6a30,cc419e0650a3c5ba77189a1882b7556a,2017-10-06 02:24:46,56.99,11.90
fa42a34be61fe1ded5df8a8079ce8a52,1,72dd1eeff415bc31b58e99cca0a83e23,50c9975695009e5e6473912e83a6d1da,2017-05-11 10:42:29,61.25,21.82
fa584838f0f64e25b892b5e883b2c606,1,03e931f387c2dd5b006aecdb12515b2e,1900267e848ceeba8fa32d80c1a5f5a8,2017-12-08 02:53:22,53.00,16.13
fa6d0c0ef7a7849ab7847303d458df3c,1,4ef0124968bdc099c9a992a37bcb4155,4c8b8048e33af2bf94f2eb547746a916,2018-02-19 13:48:31,24.60,16.11
fa6d3eb110ceb1c2b98c7d158c6d1671,1,880a54b4d8c28e6f7f519ae8caaa09db,004c9cd9d87a3c30c522c48c4fc07416,2017-02-13 14:56:42,109.99,13.35
fa6e00b909d5805dc02b5456fa40778b,1,38ef617a023fc4398829dd8c2b9e8be6,1900267e848ceeba8fa32d80c1a5f5a8,2018-05-22 03:35:24,53.00,12.81
fa77b4aa91c0a9f2bc533e0dc380d9c2,1,a92930c327948861c015c919a0bcb4a8,6560211a19b47992c3666cc44a7e94c0,2018-08-07 00:45:12,78.00,15.65
fa79b2c18a8bd1dd7fe6c20ea3986434,1,a5eb994011cc41631b483ed58190bc61,1dcfa3835714681d4ba4a93bc1e0fd41,2017-08-09 04:35:26,79.90,15.31
faef665b7a0746076cdba7746c217cb0,1,d5e448e00fb7c59b31e0f3e43c2de0d7,850f4f8af5ea87287ac68de36e29107f,2018-04-17 11:50:21,129.00,25.53
faef9c1b3a8fe2bf0d41d30834c3c7db,1,e942040a23d73eb3598f59fccaba7df8,3d871de0142ce09b7081e2b9d1733cb1,2018-02-07 02:56:48,79.00,19.79
faf132fb35b3b3b533a67efbd6e7c02d,1,99a4788cb24856965c36a24e339b6058,4a3ca9315b744ce9f8e9374361493884,2017-04-28 20:41:37,89.90,25.12
fb0c01b2efee313f5231a89c4a55e498,1,53b36df67ebb7c41585e8d54d6772e08,4869f7a5dfa277a7dca6462dcf3b52b2,2017-12-07 10:57:09,149.00,21.53
fb1d06cccaa9f157355d83d52634c957,1,54d9ac713e253fa1fae9c8003b011c2a,955fee9216a65b617aa5c0531780ce60,2018-03-28 15:31:20,35.00,12.43
fb30f702a40235635b55552094ce6f88,1,9bc56dc1c13a3dd110faa962cabf1531,2528513dd95219a6013d4d05176e391a,2017-05-15 09:25:16,179.00,20.49
fb746a5589147f8645b6c4adec4fdbdc,1,79c0ace2ccf0da036e787875a49151a4,b32be1695eb7ec5f10f72d9610a12527,2018-02-26 07:46:11,379.00,71.53
fb7a3213facd63106674c2d4fe0813ae,1,3d388ad844800bc833bd3e880740917f,bbf9ad41dca6603e614efcdad7aab8c4,2018-05-10 04:31:50,599.00,104.81
fb85c019b52b1481af6b89a96b84be4f,1,418d480693f2f01e9cf4568db0346d28,12b9676b00f60f3b700e83af21824c0e,2017-12-07 01:33:20,199.00,17.64
fbc32bc4a800352a5c9d8a57828b4727,1,d285360f29ac7fd97640bf0baef03de0,2eb70248d66e0e3ef83659f71b244378,2018-07-24 00:46:07,199.90,24.12
fbdda663869065b1521bf7be56191f6f,1,1df9ea4c24394047de1837c6f00673b3,897060da8b9a21f655304d50fd935913,2018-02-08 13:50:05,39.90,11.85
fbe14dbea1cdcc16f5709ee80b0fab7a,1,4bb4fb9c85785b75ab4f6559900c7ca1,ef506c96320abeedfb894c34db06f478,2017-03-16 00:50:38,37.99,14.11
fc0b3be9d66d6db8d306c15407ece0d7,1,933f4f76eae38d2a97ecfb7c6355f0bc,edb1ef5e36e0c8cd84eb3c9b003e486d,2018-06-20 09:13:51,1299.65,59.82
fc0cf3fd5d9e2c6647933462acbb3f6f,1,6eb6c5cb7df0f863538b61a47fcce962,fe2032dab1a61af8794248c8196565c9,2017-05-29 13:10:26,139.90,12.48
fc1d4a8adb62b480c591455600955b2f,1,66fc767a58575873dad11a4c717727dc,0bae85eb84b9fb3bd773911e89288d54,2018-05-04 13:31:13,63.72,26.53
fc8cfb0445794a015aae85ee6bdcf12b,1,08574b074924071f4e201e151b152b4e,001cca7ae9ae17fb1caed9dfb1094831,2017-07-20 13:25:19,89.00,41.01
fca69dd3e60777ea363bd9d95a9bc86b,1,db51982bc43b26164c29605b8ed140d6,2138ccb85b11a4ec1e37afbd1c8eda1f,2017-07-12 20:03:32,32.99,15.10
fcc0c3371e0af4947b6b4c013ecc6e35,1,0751d46ff778c72973f67da627093303,fa1c13f2614d7b5c4749cbc52fecda94,2018-01-18 00:58:33,179.89,16.01
fccbac503695b663355702609c925bdc,1,b192be433004cc1f10b467c0e9ea309b,de722cd6dad950a92b7d4f82673f8833,2018-06-22 10:21:32,197.50,53.73
fcf3478bc90a1b2e214d529d0455dc1e,1,92c1eb75a887a500d9689fbad65e27e3,7c67e1448b00f6e969d365cea6b010ab,2017-02-17 00:35:08,199.98,61.47
fd6490ff0d0a47338582b893c79863fe,1,bc4c74766d34e4f4f9b803e75d1e689d,4869f7a5dfa277a7dca6462dcf3b52b2,2018-07-09 21:31:36,108.00,18.86
fd8ae066cb36d75d6a3679bb30370c39,1,7148a8f67a1564b5a6c5944398357e18,c9c7905cffc4ef9ff9f113554423e671,2018-08-09 22:05:20,45.00,19.51
fd9a39b683e84eb96a5c8a4f999f22ea,1,2ffdf10e724b958c0f7ea69e97d32f64,4869f7a5dfa277a7dca6462dcf3b52b2,2017-11-17 16:46:23,179.00,16.00
fdb3ef83ea6f7bef7d13bdd9b38da661,1,cb17b798ba889575385281b7ec2fc22b,ffff564a4f9085cd26170f4732393726,2017-01-27 21:09:40,109.20,13.34
fdc0ec1ee168b2b7c9d3a501b0d1d69d,1,0c7e301c5eecc0fe996dd86bc9c290fa,3492e68f37fd1df87f4f2f2ea247f445,2018-08-08 13:10:12,60.99,18.53
fde43c8d10a125abbbc0b5e8e1c9d779,1,77cc62dc80ebe12a0452d1ce0565acdc,218d46b86c1881d022bce9c68a7d4b15,2018-02-12 15:50:38,113.00,43.20
fde43c8d10a125abbbc0b5e8e1c9d779,2,77cc62dc80ebe12a0452d1ce0565acdc,218d46b86c1881d022bce9c68a7d4b15,2018-02-12 15:50:38,113.00,43.20
fdee205e2e0cc6ac53cbd0b6df510d6d,1,d017a2151d543a9885604dc62a3d9dcc,6560211a19b47992c3666cc44a7e94c0,2018-01-24 18:16:19,49.00,15.10
fe4ee6f5250415b2264eac9693949e2f,1,827c4a77226a3e7ef259d61eaa775df9,b14db04aa7881970e83ffa9426897925,2018-02-12 03:51:36,39.90,12.48
fe7b642fb30e2a103d1dc36f861b44cd,1,2b4609f8948be18874494203496bc318,cc419e0650a3c5ba77189a1882b7556a,2017-07-28 16:25:18,89.99,7.88
fe89b0d8ed4855fadd959956eaf4cbda,1,db6677c6f890ba1730c0b75bd8132579,cc419e0650a3c5ba77189a1882b7556a,2017-08-04 19:55:11,49.99,17.63
fea563d194760a0737be8bff36ca8c40,1,34a4076cd057a823247a5a44e84872d8,520b493b57809f446cb0a233bb3e25c7,2017-06-15 18:35:09,59.90,17.67
fee5a1127dde04aca98c3dd84e96d471,1,dc2cab354de46ca82b8cf4cb24e16614,7c67e1448b00f6e969d365cea6b010ab,2017-10-11 11:14:21,119.99,18.55
fee5a1127dde04aca98c3dd84e96d471,2,dc2cab354de46ca82b8cf4cb24e16614,7c67e1448b00f6e969d365cea6b010ab,2017-10-11 11:14:21,119.99,18.55
feebdd36c3e19b95f31008e3e62dc32e,1,03fed41c5e9067007d852ff83d602753,cfa5ab0e4d3fc212fd0b3410e7081c62,2018-04-23 13:31:02,139.99,60.89
fef88a82df9affd47bdc67a4c8bbe4b2,1,dbb67791e405873b259e4656bf971246,00fc707aaaad2d31347cf883cd2dfe10,2018-02-25 21:32:05,79.00,15.30
ff027db47fd74b1bcf2dd6c24f0b809e,1,697b581688dd771021a47554cbff8f94,8581055ce74af1daba164fdbd55a40de,2017-08-24 22:25:21,98.00,21.53
ff20ee702706d9e407a34de9fe2ff768,1,7b1f55eb9b85b0aa6b1d4c16108eac61,1e8b33f18b4f7598d87f5cbee2282cc2,2018-04-03 12:27:54,159.90,22.20
ff29c7cdeea12d00d7b40d4879cce688,1,6a96ef77fb9fd6a8de17df8d3b5a3087,066a6914e1ebf3ea95a216c73a986b91,2018-04-29 22:30:34,281.00,28.05
ff410c670cb5018a763d815c1368f405,1,93c902b021a9e594f658ab1b0351602a,2e90cb1677d35cfe24eef47d441b7c87,2018-02-12 16:51:49,97.90,13.71
ff543157c2f72dec558dfc734cfd46f7,1,33bd1a075f35400643129b5f3d936845,634964b17796e64304cadf1ad3050fb7,2018-04-06 15:35:26,130.00,39.83
ffb18bf111fa70edf316eb0390427986,1,599dc392f7a23273471b068d72408224,a08692680c77d30a0b4280da5df01c5a,2017-12-01 13:39:22,235.00,19.30
ffb18bf111fa70edf316eb0390427986,2,e86b81dcac341ea01df0260077cdf082,a08692680c77d30a0b4280da5df01c5a,2017-12-01 13:39:22,99.00,9.65
ffb18bf111fa70edf316eb0390427986,3,599dc392f7a23273471b068d72408224,a08692680c77d30a0b4280da5df01c5a,2017-12-01 13:39:22,235.00,19.30
