order_id,payment_sequential,payment_type,payment_installments,payment_value
e1b4ee0e390fbac1dec439d72b45a115,1,credit_card,3,77.70
723e462ce1ee50e024887c0b403130f3,1,credit_card,1,13.80
c604ad5f1e0d0bcf9977cf46d1d72303,1,credit_card,1,31.00
f244841f5a461472de8de82f023b1371,1,credit_card,10,116.05
9d8065ae4c6f5725ee052d02ab00f64e,1,boleto,1,82.06
27a7ac440630f9de788e4d66e72c6424,1,credit_card,1,186.39
8e6df87600aae0285919b5529f7f0bfd,1,boleto,1,126.48
16b6123f7077419424bf89af74e2d054,1,credit_card,10,642.02
45da19cff07c4148ba32b1a6bb8d87c1,1,boleto,1,126.68
81c2a9cc7a5d970fa1cb04443002088b,1,boleto,1,73.03
cccb62677b6ed93ec68f4428a0ad81ee,1,credit_card,7,81.72
33c011fdacf02b14181fcd81f4b5ece0,1,credit_card,2,162.10
0cc14454cb400b7b154e0a45ffd5c2f9,1,credit_card,1,57.11
474c0bedc28c30c7568c589c047b75bb,1,credit_card,1,102.53
ca376f8f4042e61688af8cfd32d4e80e,1,credit_card,3,234.08
9b6a1b8bf017b64d6ff4d7fe7cd88f1f,1,credit_card,1,94.82
291036f4304c5fb0dc3965044f4a4605,1,credit_card,4,128.77
6eea8cd99d26a8bbdf39d5289e4e7601,1,credit_card,10,590.72
20b44662cba0e4e87a3d794343c1076c,1,credit_card,4,45.12
8bf6956999b0861c3191773f28806f40,1,boleto,1,99.90
264e91053cd726b067922356be6fd618,1,credit_card,2,1327.54
3cab5c70f370e7fa810658c551f8e2ce,1,credit_card,6,153.80
50aee6309ac7a0d4fd5c78ac0d4e5404,1,boleto,1,277.48
8a37cae0305cc1e69d6f5d0629719e9a,1,credit_card,2,73.27
a27e7bc82ceed97d792b678d7ca3e888,1,credit_card,1,58.59
518556dca9ef8c42a63ae02ced2a479b,1,credit_card,2,971.10
0a03b50bb658dc86547261ba8cd5676e,1,credit_card,2,197.72
0d5e27935dad336ff3d5962a73b30f2d,1,credit_card,5,56.94
3f24b1ee5184d84b2d4fe634755ab3f9,1,debit_card,1,39.56
4f1948db278b553e701c7930ee85cb8a,1,credit_card,2,105.52
b5b143bb15757cfbb8c5f447e4586940,1,credit_card,1,16.89
49db7943d60b6805c3a41f5474772a09,1,credit_card,3,125.94
cdc80ab03580d7d907ecd33ae7818caa,1,boleto,1,102.03
2187a89df025d844e72cfc51e29dcd6c,1,boleto,1,31.13
3fa59277573f0fe06ece044ebec2eb02,1,boleto,1,91.05
81d715926d69a15e7220e3e7092f6c4d,1,credit_card,8,315.89
973e2efa6a19ac5083691b9deb4c0a51,1,boleto,1,37.77
509952a95c250007c345b4b929663dc6,1,credit_card,6,136.91
3f70fa55743ebe05b4b94594c082dfc4,1,boleto,1,25.50
491a1961ff53513a57fa193570a11311,2,voucher,1,50.00
2fac55edfd9754d1a0e7ecc67d48d08d,3,voucher,1,80.47
4f9b8c1bedc66f4bd34725cfdee6833b,1,credit_card,1,151.58
dd1130c58ae85a282c4cd0cddaccd0ef,1,credit_card,4,208.77
2f5124f516a7f5e4095ef4325d67c511,1,boleto,1,135.46
4dfe2ddcd2de2e45fd88e8c6bae55901,1,credit_card,3,111.62
a45fc977eae1ef0ed4504f346d31a0fb,1,credit_card,3,34.78
88d8024d811be666f66e7199e27a830b,1,credit_card,4,48.81
9f9337d4e1debd68a43a89ee594a732c,1,credit_card,1,32.72
a622a08f7c22608bf1f2c546a830de74,1,credit_card,1,105.28
469872bf23abc5c0ce6db24fd6fec382,1,credit_card,2,99.90
eb0fec00c8cee7edcc91a031d939ac1a,1,voucher,1,29.86
7889e9a569a5488a0c9d93381a13d5ba,1,credit_card,8,196.41
9a92634d7c186b507d82bd00823929a2,1,voucher,1,67.29
d62cc2763a30054a5d55992b3c88d3d4,1,credit_card,6,183.73
5c7ec55f4ff082a66c4ed58a2634af16,1,boleto,1,42.33
2f6c001bbacba3575b0852b17b0c3dd1,1,credit_card,10,379.67
6bfb5b857e326522e7ad3d163ebeca12,1,credit_card,10,218.27
068d0d74dbf3b124a2b65bb2aad2387a,1,boleto,1,171.44
f2af7540e2b81731609d138b17191794,1,boleto,1,54.00
0c02a4cb5207e682d63a1343cbddd13b,1,credit_card,1,99.34
be315a78a8989c669993c22b50f3920c,1,credit_card,8,176.20
1ada38b97a26793e53c1205050892669,1,boleto,1,98.37
8440ebc9a2a4aaa712d4064c35e52995,1,credit_card,1,32.09
a8011c5b1b6536063a53c05cabf56bb0,1,credit_card,1,31.77
4baf4e226efff68fe5996f63da09745f,1,boleto,1,58.48
54b4da510fed5dc3cf3e7a8e50a5f224,1,credit_card,3,317.64
7535955a5fee70328e9fe079653e03f1,1,credit_card,1,209.67
a0fbae87b2c4f96a56e39ea7df0c1fd1,1,credit_card,6,173.82
feebdd36c3e19b95f31008e3e62dc32e,1,credit_card,4,200.88
219170fb08f8e9140c121645abb11cd0,2,voucher,1,26.36
912806f58b85a8b3b9a57757227c9a36,1,credit_card,1,258.90
684eb867dfdc67690e5160c9e1bca789,1,credit_card,4,92.50
5a872b37ac143343156a0dc43f1a19fc,1,boleto,1,89.63
92b16e4bf4524a212222c92e9114f55c,1,credit_card,1,49.00
c272bcd21c287498b4883c7512019702,1,credit_card,1,97.68
588c0e3b460d83b9cd8a270edc0f4da0,1,boleto,1,204.20
57abb1f66732171fe6a0c44a796f747e,1,credit_card,3,138.68
7f00712c268844b83fbb7db60193e5eb,1,boleto,1,156.40
63a529c7538a58649327440872ef8b2d,1,credit_card,10,158.13
96ed110f6c91b349ff7ab376c8fa9400,1,credit_card,1,7.09
b392178525db3323c13bd67d9dee38ff,1,credit_card,5,76.57
f3c7f31502a61f206c30c674a4ada401,1,credit_card,2,233.04
7b73889e40574f23f35f71c026fb141c,1,credit_card,2,189.56
fb30f702a40235635b55552094ce6f88,1,boleto,1,199.49
290d464dc4d780ddcd120552cf21c640,1,credit_card,1,33.68
0b1ebd05e50ebf9d1fc97b8b1ed874b7,1,credit_card,1,68.95
c0c079ac0cf555703f5980f134cf762f,1,credit_card,1,169.53
95c5d1b9ef8c0cfe5851a7e8130b66db,1,credit_card,3,322.89
aba3d283b846a03d398d549db17b649a,1,boleto,1,26.78
797fd27a25a9103f01971d21853a0b11,1,boleto,1,192.69
9d32e14ab99f206e6f8f2b6ad13baabf,1,credit_card,1,434.24
e78cde66f03731202b0f5e082b0b0cff,1,credit_card,1,24.23
1c19fe562ab8176385b8e5fb6566aea2,1,credit_card,1,135.66
81928f41f8a362d614d4e4073d24de07,1,credit_card,3,804.72
ed4d57b2d881e813cf0b801ab17987a0,1,boleto,1,141.51
8507049ba787aece6fadc233efdbb0b3,1,boleto,1,66.06
ab588e77cdbcc3d63e479ba2862256a5,1,credit_card,1,183.89
be604de4ce5e2e8658c03895db0621a9,1,credit_card,2,44.34
e8ab4523e5661e8945b938ccc4d89553,1,credit_card,1,88.76
800e1eb8758f73d800f1a4c6fbad186b,1,credit_card,4,199.90
b82ba1f1f32eec47bc90651a5bb6dbbe,1,credit_card,1,27.77
15443e6c36bee0191bba44f93f55c1fe,1,credit_card,10,807.47
41498083868bfdab3ed24190348d1929,1,credit_card,2,192.50
e3410c1b2ebfc0e23849d9fd01056878,1,credit_card,1,15.38
aabde6ea676d05113f63f0de161b761f,1,boleto,1,38.01
ce4dab31cebede7c9e9e105a56277fa3,1,credit_card,1,34.80
75b05e38b715aadaa9c0d7bc41e2765d,1,credit_card,4,41.75
4db5da9151e0364d293923ca4a48d976,1,credit_card,8,164.79
ba353ad7c7f218cd458bde871ae720c5,1,credit_card,6,336.10
084d2c70d33f8b9a1e21393471844591,1,credit_card,4,55.59
3e153abd068ad6638364a06df17cdc5d,1,credit_card,8,204.46
030106c028266ae3345eb9bf6dd790c1,1,credit_card,1,73.65
02b8c16664d3c254052472397ae6d244,1,boleto,1,121.10
8728d50cf8a703b24a9f7d755d9e40d9,1,credit_card,3,70.04
723e462ce1ee50e024887c0b403130f3,2,voucher,1,100.00
83fb83d45702e06d5d5ddbcfd0b8d2a0,1,credit_card,1,163.38
a10025dad19bcbddfb29902513f39ca3,1,boleto,1,114.90
107dc783817b4509bdbe7e66998f5a24,1,credit_card,4,42.27
a0224d0bc0030c9226e9613d6561a7aa,1,credit_card,1,73.96
4af8a8384c4092c4cf301aaecfdb5007,1,credit_card,3,101.26
ecb4d57a1f4dabdb34dcc3ddba82bc51,1,credit_card,10,376.04
de3bee1ce2ff36750efc09a389ea029e,1,credit_card,10,136.60
db37a79f21c59753d1ba93cc44d6cc4a,1,credit_card,1,34.13
a30f5af56b85e9f22df0e5686c66a627,1,boleto,1,305.13
d8f135a040950408cd059c27a623bd97,1,credit_card,3,177.39
1f18d6138f5af59adb5a379ea575d555,1,boleto,1,69.22
9cd721f408e8bf94b981ebe34f7007c4,1,credit_card,9,93.19
e6f1079796c9aa6e372d9c759310b5c2,1,credit_card,9,181.91
44e38bed584d8533aecfd6018f420f82,1,boleto,1,259.56
34688497162fbb53b24e10738f912fa4,1,credit_card,3,153.55
762f77c76e347a456797effdee512496,1,credit_card,1,85.14
de11314f84cd5578a36ab8312ab5b5df,1,credit_card,1,180.32
1dc23ddb9b0da103fa2b711855d60c76,1,boleto,1,157.70
b11be1ce9a1f9812763eba8c91fc84bd,1,credit_card,2,159.96
bbec914f0b66a98578b9d47f241ba92d,1,credit_card,1,53.82
9ce40c402845819d3d1c88eb10a41e4a,2,voucher,1,10.84
835132b61f09eb393ea7fb85c61bd572,1,credit_card,2,73.38
b8cddbe53f3a227da27064bc722cffa3,1,debit_card,1,182.98
9ce40c402845819d3d1c88eb10a41e4a,5,voucher,1,10.81
51b0dccc8596ce37a930dff2d63a10a2,1,credit_card,6,117.68
67b464eee8fa44d78ac019e09dcc25ee,1,boleto,1,129.82
0b47f5e9432bd433f8c5cf64e60e6e5f,6,voucher,1,20.00
56c93a3f93a1e7eb24ed51a6931dc488,1,boleto,1,933.70
8d48de810012d2cb59c59d5c4e0442a3,1,credit_card,2,89.68
732016d12d4c4281c465b63da4e2ca8b,1,credit_card,1,91.23
5ec0629d25d2736b943c5607137c5182,1,credit_card,6,137.63
38ceb430670a97a62dda6e748ec94f69,2,voucher,1,139.99
497dd86000dbe348d33b6fa239f2521b,2,debit_card,1,37.26
4cbf4f8f95033da28ecc48d007d1b49f,1,credit_card,10,151.05
aafa42c99c04de8208303c4dcf9a4e4b,1,boleto,1,118.48
38e300c6758b36eb5bb0234a3ac1fe53,1,credit_card,5,278.24
2cb80b6bb30641c14665e1bb8a910872,1,boleto,1,30.53
e680246ff33f65fe221f0e11128a4778,1,credit_card,2,50.26
f162b64870a8b725213ab6ad3007bc6f,1,credit_card,4,45.09
ca4c4373c93ec75ed15c1dbd97278ddb,1,credit_card,3,160.51
34fd3e758f03c7fe6169308d0fa11582,1,credit_card,6,180.62
aaf7224fd4c85294460d9c42a803a7a5,1,boleto,1,85.38
658677c97b385a9be170737859d3511b,1,credit_card,1,222.84
5e5fed142a552be6d6f1e04a800446d6,1,boleto,1,85.14
fb746a5589147f8645b6c4adec4fdbdc,1,credit_card,4,450.53
24b54d866e249786f29f8ffba3f0d003,1,credit_card,4,113.11
4e2b00bfdaa0253f5d2836299868634a,1,credit_card,1,105.29
0b87d9e59c7c19b041fe36e77aa33a42,1,credit_card,2,64.62
4f53648717b48854fb9db283e2cf5d27,4,voucher,1,10.69
830f12a85d0bd0678bb5cbfe58b68cf2,1,credit_card,1,84.49
612d5630822f4796875619b3a6a7b481,1,credit_card,6,124.41
2ae6e5a2da4078c84661d1289e22742b,1,boleto,1,45.86
f393b5ab60dfcc6d8c8000240a1a230f,1,credit_card,10,149.88
0597a201736db0915eac0e92b5e0f6d9,1,boleto,1,111.89
0a9c633395c19d5fa38b9e5313db37a6,1,credit_card,10,1025.48
883915e4c377d6f9192fad3ae5d4374c,1,credit_card,3,180.86
a67bbe8654df3531b7c870495843dfb4,1,credit_card,10,152.11
ca4eb4e29e846ee17d6d1b96b28acabc,2,voucher,1,34.04
e309561688d0e53d29a039914f51190a,1,credit_card,1,64.09
d0bec96aad189992b278688279ba1511,1,credit_card,4,99.90
962f38a7552486ed03fe72fb4ddcfaee,1,boleto,1,47.50
09bcbc199f0fa4268cc0122304696ea4,1,credit_card,9,96.22
1ba067e676f52a18b8b2fdba56eecae7,1,credit_card,5,284.90
fa584838f0f64e25b892b5e883b2c606,1,credit_card,1,69.13
b643582fcd5b151f498b5383a0195f33,1,boleto,1,80.87
29e51ca4b5b37a60b607bde44f24d37e,1,credit_card,3,192.98
3860987243c481275152ad76e491c663,1,credit_card,8,173.82
574f906eedf477adaf3507222887d81f,1,boleto,1,154.53
04d49c33fa60bbc46ab8514d0811d0e3,1,credit_card,1,46.56
64d142a53c93d55b6809d20d06dcd951,1,credit_card,3,113.97
2d78939bfc4d766dcab37fe477841c1a,1,credit_card,1,138.06
e935ce70219fca7400f41fa9b59aad56,1,credit_card,1,111.61
b0459878e11dcfafd042b81083011548,1,credit_card,3,187.73
4146a8b684caef22542409dd06db0d32,1,credit_card,3,165.70
bdd388b78e095998453503c63b83e280,1,credit_card,3,56.68
f5af61697fe43fe2063f350ab4e80fa5,1,credit_card,2,109.07
112e22ce5f700d2155befd89a15b4a5b,1,credit_card,1,46.76
4b5893f13b0e06d63d6a27fd04544deb,1,credit_card,3,139.97
6cee580f42792d77f81c03cf6aa73423,1,boleto,1,217.61
e53a8a6728d3ba5c3662929455d7a6d3,1,boleto,1,76.51
4316640980023505d9d103d3040a85a5,1,credit_card,6,64.86
2305ed31728716b03cd76aef3ace0377,1,credit_card,1,131.62
38d267f455de107fb8f352cf99d2042e,1,boleto,1,112.30
6e089ddde2c178b6b61fcdda22c9e84e,1,credit_card,10,188.20
bcc354647b3aa17143479db9c57f1ce9,1,credit_card,6,206.99
5a00ef28abf9645038a7d37c1639d2c2,1,credit_card,5,200.23
3c49ac24936ce58ff09050d9878c2130,1,credit_card,2,111.78
aecd12eef9fabbbde3ee307934546868,1,credit_card,10,148.79
bdfe267d7e21481ae5368d063e313f6a,1,credit_card,4,45.73
00d85bfe0e28c91b69d0fe1f29255a31,1,boleto,1,203.67
82b78c893274e1819b2b91866ec11014,1,voucher,1,88.49
897fab0704eda65c69520010b02a3fee,1,credit_card,1,52.05
6553bc307b0ce8eded2609f0008ae2bd,2,credit_card,1,13.90
0dfa86a9022c9929b3d7311150151f68,1,credit_card,1,87.39
4e797467960184f4812ea77710c08b05,1,credit_card,1,45.09
3c3578cbe37cf7af07897091fa676eb4,1,credit_card,10,2009.62
6c187850c87a918e0ac628d5ffd4d75a,1,credit_card,6,157.72
ad36f179defc59af185b045c6e700ada,1,credit_card,10,153.39
b4ef4b05fef13db5a94b0ccd497c521c,1,credit_card,1,119.18
d129a390b12dad8097fca575b31aba6c,1,credit_card,6,198.14
d5b46fd2be0ba3bf45e214644d17a97e,1,boleto,1,38.78
ae15bf1ddb1e3e96132e81c6c7fbf7fe,1,credit_card,2,94.58
a49146f414b54879adb68c422428a68e,1,voucher,1,5.01
3e6c77a5839517805ed2f8f80e7d9054,1,voucher,1,21.38
3a50c763032329859ffb4b2812960c7d,1,boleto,1,55.09
75acfc4ebfc9ddb503a29002b31d8d80,1,credit_card,2,181.03
8fdc42676c9c6c74c4f8f062b53ebafa,1,credit_card,2,142.14
097dcfb34c6a0d697daa747d943dc1e8,1,credit_card,3,188.20
c844ef91766997bb8837db54617f605c,1,boleto,1,58.32
bf3a60e4735ec22f0cb309856fedfdf1,1,boleto,1,87.14
dae72058c85d67deae51d329e5b5938d,1,voucher,1,24.90
741653b1b2d0d37c62f1a1f90e93f02d,1,voucher,1,727.88
701ba4e30193470253a5e099210a2054,1,boleto,1,151.84
f94e0e7c18de77db38fbde857fa75be1,1,credit_card,2,172.84
9ce40c402845819d3d1c88eb10a41e4a,3,voucher,1,10.81
3b48b36a80274ce463ba3def46d6f998,1,credit_card,2,155.73
60f2ddc8d4430b5d01a1b3aa873d2d03,1,credit_card,3,65.54
f1b1a53088d15140959d9ed6d98c7107,1,debit_card,1,85.16
2c6d44f01372a531867c811ec5417ef2,1,credit_card,4,46.96
6a41b5634ac2837b5b88bf9796f9021e,1,credit_card,6,169.61
95886fbb27fa9240539af22614117003,1,voucher,1,207.57
0cf3d6e83dcc1117999a235fd6dae842,1,boleto,1,112.62
b211184b294bc46861ba034d76f2bf79,1,credit_card,3,52.69
f2a150c813c1eb96fd1883c1ed8fd9e5,1,credit_card,4,183.91
7eed6f14f2c4d4696bae38c70dd523b2,1,boleto,1,94.39
20ea67720234d8e46c6dc89f8b1dc16a,1,credit_card,1,35.81
343d749914bab05f8c752813a075ef36,1,credit_card,2,141.23
03181fddac1b424c893821ec539b2abf,1,credit_card,1,15.77
3a3f6aa80241caf165b717419017abc2,1,credit_card,1,45.00
f6cf20d8d6692cf6d99a4db211c2f891,1,boleto,1,54.09
0f12cbc174814d0b137bb00d87bea3ee,1,credit_card,1,58.90
e3852ebb9e79c3422a17692da2c89ee5,1,credit_card,1,66.31
e37e8b2274cafef8334e4f7f8e2eda80,1,credit_card,5,268.99
63acd83008c876f81771b79ecaf7e27e,1,credit_card,4,186.62
60550020e1d493392c427942b5ddb37d,1,credit_card,8,103.39
457ad46174cf848b645e2ebe12038917,1,credit_card,1,107.28
4f45b64cff81907c56fcca5991321f97,1,credit_card,3,111.84
14b28f4fb9a1df2b37343827f4ee5a33,1,credit_card,1,39.78
ae7dc97e75f7b915af6ef838d96df18a,1,credit_card,1,435.79
6bdd3d39bb6fb16ef69ef3141a3b13f6,1,credit_card,1,34.78
6b9d30f0b006a467142d46f2280c7fe7,1,credit_card,1,41.42
d447462f58938dfc50467353f88655cb,1,credit_card,1,96.65
2cace2864447738573effeabd83eaa32,1,credit_card,6,568.48
d599833347cf704c11f7abd88b0f5194,1,credit_card,1,206.66
b072d6d510b1444975b212db037ab429,1,credit_card,3,80.20
65377f2460bd19606a6279134627ca05,1,credit_card,1,46.04
55cb20782f4a6b0174ea7afdb736265c,1,credit_card,8,246.80
b89f21041d3c9c9b84a3c6b65b7ffcdb,1,boleto,1,48.09
ebaa42a79f2add158467770ca61a11e0,1,credit_card,5,202.98
a887a98a44fd41090859072971661ece,1,credit_card,8,235.83
106d8484bb6bb4ff239daff27fc4feb6,1,credit_card,1,28.00
55b360b9aeaf1fcec58a18a82b21b957,1,credit_card,8,211.01
55826c853b7245fee48da8b2539b6944,1,credit_card,4,321.57
5ec17d5853c4bad3b18adb6778b3ac0d,1,credit_card,3,236.70
b93e694316954c82db60cf84faf9c694,1,credit_card,1,64.10
b4a90f27b4f23868d8fc84e9dceb125b,1,boleto,1,202.91
79e2f7d45aa63a71363003bd1e16f081,1,credit_card,2,85.24
d7d3b787cc498b66c8bdbade64d9fa98,1,boleto,1,48.34
2d9ae61d3fc718533956b7efca0d632c,1,credit_card,3,189.35
7254b66719addb416bd46b5f01fbfa67,1,credit_card,9,98.23
e95c17e37b96427efd69412b0cc4a881,1,boleto,1,45.86
5d1466f38183f13f22491a21c09982a1,1,credit_card,1,72.56
cd073a09b3f9f8f60fe4b7aa998f2ca0,1,credit_card,1,75.52
a62bfc6bc99b59ccb234aa5366297fcb,1,credit_card,2,207.73
51f35f39bf5cf70713cb1354b2616e07,1,credit_card,6,864.84
1710114c1a278545964b28b49d85a2a4,1,boleto,1,62.41
0ae08ad3fa90d3854fb8e22472d9b1a0,1,credit_card,1,76.36
e3406c9214774d66295ee5aa96724ef6,1,credit_card,8,235.74
b3a5244e63837c138b11bad69f104bd2,1,boleto,1,177.43
bc1719cc645341cf9ae61983e31f26bd,1,credit_card,1,33.17
1d28af766063913e28a09606c0ee6fee,1,credit_card,5,161.54
9462e7a4367175b2b6f56caf761c6df0,1,credit_card,2,40.09
7064a07883ee3b4bb82d7252c3519546,1,credit_card,1,19.33
4b3c7f8318b056586e0407857f44a136,1,boleto,1,63.78
c6e183c4386da59878bbec724d046491,1,credit_card,4,122.97
b9e59da979fffff5191bcc3345de9127,1,credit_card,2,26.78
0c71a69769943ff74326682f85d34be9,1,credit_card,1,102.37
54536bfd6c2b325ae1b6c94e14aef912,1,boleto,1,91.31
45ca85d3a9ce8406d3291753acce966d,1,credit_card,1,78.64
e7938bd84b6b7a281bce96a5bc2340f8,1,credit_card,5,155.98
34c419515123f11b048d07c0f8e4cf4c,1,boleto,1,248.86
ac57a5e116e95f1b04e07e0b57a5f6f5,1,credit_card,5,250.70
768af91be1cb476b3377ca5adf097203,1,credit_card,1,104.59
d885635e019669c17658a0f898cf7dd6,2,voucher,1,55.05
9b868eea4222da7b3b56036ba3412cdc,1,credit_card,10,265.73
d4f0a2e6724782ffec52257b637dc928,1,credit_card,1,43.62
cec31771f7be596e463066dab5db839f,1,credit_card,5,545.08
095e9e0811476409362d72fa70d73a6c,1,credit_card,2,99.01
e9977cc6d0f97447ef0f4fcc2e082fc8,1,credit_card,1,85.15
676e8e8f2f7d4d644019e9aac8b76ef7,1,credit_card,2,173.88
fca69dd3e60777ea363bd9d95a9bc86b,1,credit_card,4,48.09
e5ac19b38666500c28341ce6d9bb889e,1,credit_card,4,180.37
a5a854651cfe0d8da9f1669266fd4063,1,credit_card,3,101.18
a9b40a5190a294e3d8f733c1caf32934,1,credit_card,5,97.51
581b53cbadd804220b785d243c6b0ccd,1,credit_card,1,180.30
46bbd69cb8d68f6c34fc754e569b4630,1,boleto,1,53.35
a312bb85adfdd8a06eff1dbd25f527b7,1,credit_card,10,511.02
fa26763c58fa3379d19525e7381fbdff,1,credit_card,2,179.76
f15a9d9b458aa040e6c47b6bb2311fb4,1,credit_card,10,235.64
f0a3681de8bc46b204500087357b2a89,1,credit_card,1,10.92
8712dadcec00a4826a72ac3431a3ced1,1,boleto,1,182.98
f45fbe1612ac86ee79745d5cdd1ae56f,1,boleto,1,55.78
64e0ed97e04ee5c08429934ecab18de9,1,credit_card,1,71.53
0877034e4780ed6345f93f2c0e0d48ec,1,credit_card,1,109.38
de28971a284d4d1aef005e7f16b36a52,1,credit_card,2,103.64
086cb9cd0cf7067d77fe09f31620a52b,3,voucher,1,50.53
2ea830e178fb91c939722e9cb085383b,1,credit_card,2,152.28
2e3258f81be08e497abb202cef0c0303,1,credit_card,8,317.57
00471463a6106056c1a2a809f70de640,1,credit_card,5,265.96
5a00b4d35edffc56b825c3646a99ba9d,1,credit_card,1,157.13
cb34150c7912c6a848be6a756d4e97b3,1,credit_card,4,229.99
771596702a2e0245fb67b093182acb03,2,credit_card,1,11.11
204e562a760b68ad78d5032698bf6840,1,credit_card,1,230.40
7c1874537dafaf7092ff655e2d8f3ef7,1,credit_card,2,183.98
cf1b24b9c3eb7257436b2e7b176444a8,1,credit_card,10,101.13
07c33a9470d0df2a30cc8a8ebd0288d1,1,boleto,1,95.20
6b46cdd08224cbb894ae376f13c7062b,1,credit_card,4,94.39
586acfc7e057938293e006ece947648c,1,boleto,1,67.36
e72598a24e84f85f6b47b99c7fcb32fb,1,credit_card,2,45.27
a82c960297e876b31d23af8b437f54bb,1,boleto,1,136.61
9c5b6f458d5e5f8e372c112f8b658af6,1,credit_card,1,84.48
84b493c33c9917471d9c6322d3c2c4f3,1,boleto,1,181.33
7bfe238bd2ede94073ec8c6c64509b90,1,credit_card,1,137.57
e49d0607832db7c3b1343764225d8df6,2,voucher,1,42.50
584c738e16c8bf7f525160ad449e103a,1,credit_card,1,76.66
71a378f8b8ef5f17a1518d5bf92f57c4,1,boleto,1,134.74
fb0c01b2efee313f5231a89c4a55e498,1,credit_card,3,170.53
eea3254200d621b24b7741950693e956,1,boleto,1,54.07
e8df0b08b2d6162f2a109f931d0774b6,1,credit_card,8,236.03
71ff7ff9c86023f13d546d2e953d531b,1,credit_card,3,226.22
c621519092fd9754777ee79a0680a2ac,1,credit_card,1,56.87
1095806f851129963474b5f20d6520fd,1,credit_card,5,97.17
eff6d1823541bd02a75eb960685b0230,1,credit_card,2,262.07
33b8a7eafa31cf95e33395293a78808c,1,credit_card,3,107.87
bf912d30c6bc748c24a568e024cf1ec4,1,credit_card,1,32.43
6ad7cdd50237385fec54699a2834eda3,1,credit_card,1,100.68
a185e5cd569eb1436c80f83bae2d91bb,1,credit_card,3,285.68
3a096d99346df2d6c043165967ff011d,2,credit_card,1,36.59
40001f4b6e1a35f0b99fc4f44078ab27,1,credit_card,3,216.26
77df84f9195be22a4e9cb72ca9e8b4c2,1,credit_card,8,209.57
994a9a6b0c7666ed14dd7790ce98bd39,1,credit_card,3,97.65
319ccdc182a8c5d60b228310a6432460,1,credit_card,10,709.93
d99158c3b20bff0ca58c2aaf4fa027ba,1,credit_card,3,62.65
b9e0c2dfab4b400170fc1bdc4765a35e,1,credit_card,1,132.08
cf90a0857f3c111d3fcc73aea40c7d11,1,credit_card,3,167.86
07fc346abda30b632be799f5b4be2bd8,1,credit_card,6,231.67
0e3e9ace0a88a5472a5fa59b8909a8e4,1,credit_card,8,106.97
c6f6cbb3c845593222d5c594bb69c5fd,1,credit_card,4,104.34
ad430bc59db52b1f7522b6f19e669bc6,1,credit_card,3,206.44
02624f7cd7272b3e027320023dbdc99b,1,boleto,1,48.69
ce9ab4cfbb50936abf90ef14408b41c7,1,credit_card,1,31.72
f4660b7c97cbe88dc80816c67548c5ee,1,credit_card,1,435.74
f161d2927f0847f8fd74ebeb8a7b3a80,1,boleto,1,100.77
c0585e6e7446a97905280a732d27ac4a,1,credit_card,3,36.78
4ff26dfe35ac427c553216fc1441218e,1,credit_card,1,192.58
7312e901d22a5fa199104da9e0996c2d,1,credit_card,1,70.07
9021cf1919f615a121410790dcce848f,1,boleto,1,233.87
2f1d5b7529ef8603fe34724e65a9f03e,1,boleto,1,279.98
f4021afbf70a873e407181a0a76e64e3,1,boleto,1,239.34
9eda5cd4fa8caf92f0886bcc15b98577,1,credit_card,3,111.78
b74d9d05094d192b78eec20610faec65,1,credit_card,4,306.78
4534e0f076366321574b9b39f3c3ff52,1,boleto,1,86.14
e3be8e7970afa286e942ea4273061bae,1,boleto,1,82.21
407b45a96cb1a7bdc352d2a499647b84,1,boleto,1,136.75
477d714fae5a61fe245f9d4c7cebc2d5,1,credit_card,2,98.06
2c87632da2d3149c3812ca5da44418e6,1,credit_card,5,136.38
4d5cefeb0501de96acd522c3742d3d04,1,credit_card,1,141.78
6b8d21bbe1e219c7b5039f232ca30e46,1,boleto,1,71.64
9435ca9f9a67ac50e1fef5dbd0c29518,1,credit_card,1,82.03
0f884853f408247bc673050f33f2c5e5,1,credit_card,3,522.28
0f4100ceeb7e6c856edfbb660c06757d,1,credit_card,10,117.55
14b1311682489866d9a6b5c6dbc0372f,1,credit_card,1,163.78
4f53648717b48854fb9db283e2cf5d27,2,voucher,1,16.04
2ee7854c6d1ee4b64e27764b46dc99ca,1,credit_card,2,101.83
f96b5c312ad850920b6aed06ee8881ad,1,credit_card,1,45.10
04a0e5cbdfc606ebca72c5b78caf81fe,1,boleto,1,65.96
a7c17d3f5f5c9612a2bc81be1aadcdeb,1,credit_card,1,63.27
c67eb6f352d61cbfeec214480d5c6baf,1,credit_card,6,62.98
516b0fe870022210bab4e170fbf10ec1,2,voucher,1,17.84
bf5a44a0843a026ecf32a63d882550f5,1,credit_card,2,178.18
fd8ae066cb36d75d6a3679bb30370c39,1,credit_card,1,64.51
b0226a31a2297b13e23df75400c28d81,1,boleto,1,721.14
1e00c916d9813c0f523a32d1af47f5d8,1,credit_card,8,88.72
decd1adc7d738abad2902c966c3ef697,1,credit_card,4,218.27
1c308eca3f339414a92e518e2a2e5ee9,1,credit_card,6,66.74
67b2796561ac2c941f6daf9881b510ae,1,boleto,1,62.37
17186e8730668b50ac4582f8b54c815c,1,credit_card,2,151.05
4b19c2fe3690d7e4aa8cbcf946ea6ce4,1,boleto,1,222.00
962b2008b2f1e396e0d30b76caa96832,1,boleto,1,23.72
efff0f02714bda94c05b552d6603f6f9,1,credit_card,1,71.91
dac8bbf73624993402c1e7481bb37ee5,1,credit_card,2,137.53
0b47f5e9432bd433f8c5cf64e60e6e5f,1,credit_card,3,103.54
4f53648717b48854fb9db283e2cf5d27,1,voucher,1,8.90
70a4b21bf18001a99d94bf894697b8c1,1,boleto,1,229.78
4cc22fa6b7267027aac4151271636112,1,credit_card,4,101.73
ceba7b9f1fa81a563a3e31ee64fdfb16,1,credit_card,3,37.84
9941c14602ccbe66611b6a4b8fe01d99,1,boleto,1,172.72
f5f3d42a187a504d4c574ba759ef3dbd,1,boleto,1,258.45
5bb20a1f6eecf52b15642965e33b6dde,1,boleto,1,125.99
289d1ce30c672184ba3722d783df7628,1,credit_card,1,83.41
777fcaf946b6f903bc6549785d3b3c2d,1,credit_card,5,75.29
d264cc09df2d6232397d0a9db018d01a,1,boleto,1,205.07
e752e06086626026b152f99c6f51fb65,1,credit_card,1,20.27
099acf2a98eba9bab889af025be407b7,1,boleto,1,113.40
c768b1d3a1541f992ff2a94488a364d7,1,boleto,1,57.91
7741a0c0ccbb42c74fb27c570c7e5354,1,credit_card,2,108.32
a3d314d074a652024b6b7ce9cf5e9275,1,voucher,1,158.37
465c2e1bee4561cb39e0db8c5993aafc,8,voucher,1,41.03
fa42a34be61fe1ded5df8a8079ce8a52,1,credit_card,7,83.07
dcbca116084725bc77c3e8b6480c4d82,1,credit_card,1,209.46
b5796047f40aa1f6a7b80f8a8e35fcbf,1,credit_card,10,1043.32
d75796c30863b988b36022bb5f1b8e16,1,credit_card,2,26.86
92e2984724b33a8e95f8754bfee44f38,1,credit_card,1,42.27
d2ce2764e877473355ddb49af8eb3bc5,1,credit_card,5,120.93
3908d6bd42f21f56dd7cabf2797b5b0d,1,credit_card,2,72.32
a65e0938a2f3dc167ee856d4feb33290,1,credit_card,1,214.63
ea55102263a7f58c4b3090b655c2bc00,1,credit_card,1,21.04
c1b556dfb56a3302a7d965e0da3d5e11,1,credit_card,4,110.00
a736c2ffae5f36d767e81dfc44146911,1,boleto,1,55.00
b1a000260e2f3760e5ec18566db7d592,1,credit_card,5,112.95
a1c87156ca249199bbcd96fbfcd0296d,1,boleto,1,28.79
82d62e8dbebf85af5c2873e07fe0721e,1,credit_card,3,297.64
3983bde7a4181560b9558aedf15d49fd,1,credit_card,1,89.27
48fe5083b6d757cea683f2f5f35e6703,1,boleto,1,18.77
3eaaa0491f840f400dcfe9469dd5e205,1,credit_card,1,85.85
f29ddf8225b83634a61798046455ce8a,1,credit_card,2,68.53
3d062cd73698941c34fd1917e8f39482,1,credit_card,8,81.36
d7f99a9d27a65a88e4aba096e5ba4a47,1,boleto,1,41.84
4316640980023505d9d103d3040a85a5,2,voucher,1,50.00
a82dcbafd23833baa1a6f5328cedf5a2,1,credit_card,3,162.04
00137e170939bba5a3134e2386413108,1,boleto,1,421.65
4ce4fb772277f3a13a61a93b7f19d62e,1,credit_card,1,171.01
a10b5cf95e016d8abd403c05970234a0,1,boleto,1,590.36
6582cf66806f42b2efd341d44fb384f4,1,credit_card,10,180.19
1f6e38ed623eb80e0fa388787c9ae848,1,credit_card,4,76.66
b70fb0265f4059cdf874d341878a64f4,1,credit_card,2,99.34
01d96f415da1ffc3807bc85852dea189,1,boleto,1,173.53
cd4b3eb02a077e4c51607df950c8237b,1,boleto,1,62.07
2da3f67af1db377e56dc9a07b969c9aa,1,boleto,1,29.34
61e21e4b85fafad4710e3431429af0eb,1,boleto,1,83.13
5930304c1503cbf5928b7e38bc52e248,1,credit_card,4,87.35
6bf23bc0b1c629639c42e76d525ea1a0,1,voucher,1,47.81
333e8c69214e02d9be6bc5b7a3e4202b,1,boleto,1,22.29
cdd9601c7f7685708434a68d814fb53f,2,voucher,1,50.00
0e1756f57187e203c6151ebe990fa670,1,credit_card,3,36.73
557a4667291301e8bf807fca57f21d3e,1,credit_card,1,60.10
fb1d06cccaa9f157355d83d52634c957,1,credit_card,2,47.43
48d230e6c8bd3de6e2c702e6869fea67,1,credit_card,1,213.56
f6ec769c796ea963843da58718ada694,1,credit_card,4,226.47
75d4b0b71e66d09b6070bd54c61e20fd,1,credit_card,1,29.24
4d52cfe3ad25169d39fe5e6f99d17e2c,1,credit_card,4,171.87
a48b334c5fecb11f072a3a98ae5d200f,1,credit_card,3,159.66
ac5222f836286b33e7240030ad79d7c9,1,credit_card,3,156.68
b55b34e107238df26137bc117f892827,1,credit_card,2,138.66
defa53bfb8de9da3857ed69277b54d10,1,credit_card,1,111.89
a0d3b62390e72dcfd8fc6b29c1af0061,1,credit_card,5,312.11
9cc025093e16276c24f5b98f3dc158a2,1,credit_card,2,136.21
93b74681985a4a11ca3b48be35576434,1,credit_card,2,120.68
963258c35a8f30e4ab41bb49c4e493c7,1,boleto,1,21.43
14fbf76a52909427d03caa0680a5d763,1,credit_card,1,49.34
de890ca80410c861b4fc9d398bd4676c,1,boleto,1,67.23
3ae6f437745a33a4fe67a0e350dadf7b,1,credit_card,3,83.06
935be32550a2544a4fba77fca77c8dd2,1,credit_card,4,204.06
ff543157c2f72dec558dfc734cfd46f7,1,credit_card,1,169.83
b54fae7a3880a8421f9f38a8aba5e745,1,credit_card,2,147.70
7bcfb6639ba008fcba63f5ffc157caa0,1,credit_card,2,137.53
43e16679b4c9df0ae3d5fefa59a34ff4,1,credit_card,10,431.06
ccfc366f9a65ee1750a938bd18aa489f,1,credit_card,4,46.39
b1cc3e65937e4d01bff18495b5577f57,1,boleto,1,84.12
39a2adce13ad153c1153a05130f65727,1,credit_card,3,33.09
8118e88205b0cd1342e85368ed6c0bcf,1,credit_card,3,188.41
156d8a00b4b8bb9ef74ca1e450035eb8,1,credit_card,1,78.73
bd72f84bd892f4e829d7fa262004487d,1,credit_card,4,116.26
f97b2bdfbaca9c2f04722d8cbc8cc8a5,1,credit_card,3,245.60
28e7148abde825a20fa617db02f92c99,1,credit_card,1,22.19
787590b924b0ef0a1da6164beb46a05d,1,credit_card,3,173.78
9dcd4c42eb5a67201aaeb894461bab83,1,credit_card,2,130.56
fdb3ef83ea6f7bef7d13bdd9b38da661,1,credit_card,2,122.54
231e08dd8d9fc8f16332da72a3375893,1,credit_card,2,102.51
5b8983a14e57e83fee3e9c9b6de5dc04,1,credit_card,1,36.35
ac6e61336e852cdc45fe59ada3763a66,1,credit_card,10,278.79
2bd2198690a2c150fe5fdc4e064ba521,1,credit_card,4,109.92
496b982d1f2a1315fcbf81ae2fed02a4,1,credit_card,3,156.09
9a79820753183f9ae199a37da007e914,2,voucher,1,30.73
7dbbb0cf6abae430040bc4914055c036,1,credit_card,1,84.56
eb2e026bae01f340ff4c0cc9aad6aecd,1,boleto,1,141.30
35c66e9b12fe72dbb0b8d34af424c3cf,1,credit_card,3,83.68
f82746601c1969d00d63e14a786f322d,1,credit_card,1,50.03
43f5b8a8303562c644185a6bfd2cf3dd,1,credit_card,3,160.77
d3d00f8dbea1b9d5ef529fbf674c9a58,1,credit_card,1,102.88
ed04a2b3c21cbcd90c2071a22a8cbda2,1,credit_card,1,52.53
9c90fbe071e26ccef32878449010af00,1,credit_card,2,177.80
cadb75b4ce8646d41b77eff5faa5d300,1,boleto,1,62.92
ab76f54a321a0431ef243b3b6865078b,1,credit_card,1,189.07
72c3f657842e35f5d5279cc0fd06826b,2,voucher,1,12.14
58e8270bb23a598a7a351d4fc3a211a4,1,credit_card,2,221.67
ff20ee702706d9e407a34de9fe2ff768,2,voucher,1,50.00
e0e95960e8abbd803bbd543d2225c328,1,boleto,1,205.29
f09d0203a51785e9ba9279607c38958c,1,boleto,1,38.04
f01ca5a374b654889d516741b4a39dcf,1,credit_card,8,676.74
fe7b642fb30e2a103d1dc36f861b44cd,1,credit_card,9,97.87
65f4f976c2281eb3c5f69547ca21893d,1,debit_card,1,49.46
a1992473cf823780a4ce2235249ada82,1,credit_card,3,116.34
1f87ac3f856bae9e742538bc551bdf5b,1,credit_card,10,425.51
d37b53698d3839a94cb33273bb8c0241,1,credit_card,1,55.10
4027aaf151a408af313fee7a5af64c5a,1,credit_card,1,50.00
77123692722eeb90408b713bf016651f,1,boleto,1,65.21
762e4a2e910d175a0fdabd749ae55d5a,1,credit_card,5,52.23
b6da9829ce73e764c8023c98aec4c11b,1,credit_card,1,55.83
0853e0536bc0b71240beedd97501bd7b,1,credit_card,10,498.28
7ca00d9cf45a4e8501cdc625899d7633,1,credit_card,1,144.82
1b882405b224816e178cb5b5cfef9519,1,credit_card,2,43.10
73ba8619ddfc6efed5a3e4331c791f0d,1,credit_card,2,29.43
855302e009dbafa86035003b00a49cd2,1,credit_card,3,64.34
f1227685cb32bc990c13a7c5df91005b,1,boleto,1,99.90
9fce3cd33d8928808f389d86ea7556e6,1,credit_card,1,91.23
b11277967c91e971b81a787a51849320,1,boleto,1,280.44
d142e450e61b3eabff86c13e6a89a720,1,boleto,1,112.73
e0fb4639f54bdaa580ed4511c8d7b778,1,credit_card,1,68.87
4c074254980764fecff977c97ce88c4d,1,credit_card,1,41.84
ddfbaf4d75ab8f1a0db775cb0dad0e6e,1,credit_card,6,60.30
e248283e6b8ba09b05efea1000d9478b,1,credit_card,8,143.36
ea418b9e7145f9d09282bcd0f281b2c5,1,credit_card,1,55.62
4881a6238632d9b0ffa3d48763aa2b7d,1,credit_card,1,61.75
c679d7c1b3724f6bafd104526934a932,1,credit_card,7,97.61
0ae449254770bfec75a99b8d804e5b10,1,boleto,1,173.84
410d704bdcbe2893fd5ad73fe8166f43,1,credit_card,3,213.91
b2355e2ae81244cdf571c90d5eb890a1,1,credit_card,3,68.66
01fa35042136b75da24ce2a391b30eb9,1,credit_card,1,45.00
ef524a601004635e7bd1ec43937e961f,1,credit_card,1,51.69
42aba87a5d74e497fc853cde910d4e32,1,credit_card,1,27.77
16de740155e4e909578bd90826a632c1,1,credit_card,10,114.77
e7c984c7684388a750178a7187b29cc4,1,credit_card,4,96.88
a49146f414b54879adb68c422428a68e,2,voucher,1,57.50
55b2e390d5d80ada31ad1b795ebeb087,1,credit_card,6,131.40
a9e41421a906ed1a2e2c882a0cfecf48,1,boleto,1,94.50
69fd81b0cd556f5da5000c1ed874ed19,1,credit_card,3,59.58
2e24930adf68f4ce65ad35e0f23f08ee,1,credit_card,3,186.19
359dfdef7cf4ed1003c2a0463eb431ba,1,credit_card,1,61.12
80d83b7a6c9a79612f4957850ec91be4,1,credit_card,3,464.34
465c2e1bee4561cb39e0db8c5993aafc,4,voucher,1,59.40
15261e1a4e2be405c49fb08d7e07773c,1,credit_card,3,36.70
90f3963bbaa0e66ce36c4f9be2ed2914,1,credit_card,5,50.73
2464182f4be303c6741cab9bad3a9f55,1,credit_card,1,37.22
47eb4e8c8baad88de8c4eec4c107c698,1,credit_card,3,211.11
cc46818e210f019a0a7c59b03fc43c8e,1,credit_card,5,547.20
2fac55edfd9754d1a0e7ecc67d48d08d,4,voucher,1,15.57
6d1e24636558186d996520563f53df00,1,credit_card,1,52.07
3600dce59c2a50ed7c67e0d818b1e5bd,1,credit_card,3,162.34
08c3c0d49b3cb66764234e0fa980e850,1,credit_card,4,225.71
15040f094b4f4a45a4d885dd036842af,1,credit_card,3,61.63
7f9cfd88530c3c6d0ce6084b27ef46ff,1,credit_card,1,1341.26
89bbe8cb725ec2806d48d291eda86d93,1,credit_card,3,37.38
e0a392ae82bc219375ace26ec32a6301,1,boleto,1,66.05
bca2c019b40c204248a56707eabb2a2c,1,credit_card,6,73.58
5fab73b31e4fd43344a3f2fa650807ce,1,credit_card,1,103.37
abdc23d84a4a4a01070f271f0c2917c0,1,credit_card,2,21.24
10bedcbb416f0f53e5791b3f61807625,1,credit_card,8,102.03
bf375386af3b1f89486a565f182219a8,1,credit_card,10,159.27
cbb72509db819f7369c9f19d15b8c64c,1,credit_card,10,661.76
07ba523a0c48b0ae0920551684e13ab9,1,credit_card,1,130.16
640ca05ba049e9ed749671747bf9de74,1,credit_card,1,215.82
dacd9ea86285f197d0b7495e8af14781,5,voucher,1,12.34
e7e818ad5eb0eddc4d7fb9bdade265dd,1,credit_card,3,166.20
07528311766b5aa54d193747c66663df,1,credit_card,4,190.98
901b7d3834c0b94a93d48cba6f2e3ce4,1,debit_card,1,134.93
e70079a333e4ddca8787daf05873a6dc,1,credit_card,7,72.68
4d7cba9ac539bd48f7fdde25ccbf3eb2,1,boleto,1,165.70
8d92a85b0ecdf7d7b3807474390ee2be,1,boleto,1,102.03
40c4ddc2d5c871c28df2d3f804f02340,1,credit_card,6,137.31
db2bd06455f798cb0da8e649c3aa06f9,1,boleto,1,97.81
793a1da0431a53a517bf77cc596a9d7b,1,credit_card,8,213.54
346b96107cfff3b894f76c7e9224bb1e,1,credit_card,1,36.69
3f9da547c613941c5743b7e033c6ad31,1,credit_card,6,185.13
486fed80178943ecdec90413036af979,1,credit_card,1,24.84
f040040c63fb4164125917af2fa6d4b4,1,credit_card,1,25.04
d48af423b2e9d7e208f37ba365eebc1a,1,credit_card,9,97.13
a57bebffbfa4ce3c72a856f94e1c589f,1,credit_card,3,55.09
6045586df3b03485018e77a6a16bf689,1,credit_card,3,207.54
e77e25ad4185ce8fba142eafcd1442da,1,credit_card,10,523.31
69b0633a7da27b8044d4d706a557f472,1,credit_card,1,84.23
acfe3b4611df7e7efbd402bb5b5be2a3,1,credit_card,1,66.37
d4d140e1cbc20856440a8343432848c4,1,credit_card,4,215.64
24a562b69731cbec7439c1752c500f82,1,credit_card,3,135.59
8bb61c38933e53a46312713c209dee29,1,credit_card,2,42.78
a944939844cbf212ca7f7a3eb4a8d5ed,1,credit_card,1,44.24
582fcbf6c15d85c705d101b4a3b6c25f,1,credit_card,1,67.50
9ba0521c38be94b8c0028f57a8ec1625,1,boleto,1,84.23
1eeb6d55147169da97608b38ece2b761,1,boleto,1,343.50
de4b205a30d85c902a79bf99f8c77c21,1,credit_card,1,150.96
2fe10d4ed06c8a5a632ed06bb5f33dc0,1,credit_card,2,254.77
9e4732bc7d87af92e840a4427c41a5d9,1,credit_card,3,128.65
dbb320039cf47fdcb45445cfb453689d,1,credit_card,4,205.74
d9fee3504f55226ed8e155bdc0a36a06,1,credit_card,5,197.60
4e9326cf30a794635ef805fca2801aaf,1,credit_card,6,356.88
ef14069256aa13ccc53f945fd0aa70ff,1,credit_card,1,55.96
849c91eae9d79b010c5dbba0d30e42fe,1,credit_card,10,154.72
c3ac4b19799a35a01102113da6feb6bc,1,credit_card,3,61.63
264838181624ad76b573c373a9862598,1,credit_card,3,243.33
1be21009011f8032ec2932d23966bbd2,1,credit_card,1,48.23
0c2cbbfae44e4f2bd7c747a2c2b05bbe,1,credit_card,1,37.37
e372925efa5e2bebc75122fe5ecf11ab,1,credit_card,1,70.72
a24c341da692fe0a57ba6140bf33e1a5,1,credit_card,1,115.45
47e8f8fc6c6d0bdeb784394a599459a3,1,credit_card,1,53.00
db7db7cb0958ac50a74b93178394e6a3,1,credit_card,2,159.14
ee972a8714e62c729101427fc247d37e,1,credit_card,3,154.36
9a79820753183f9ae199a37da007e914,1,credit_card,2,91.15
dd8c2ff157394afacbcc50a161e1af4e,1,credit_card,10,272.02
74ef6fad7ff108e20c28937b7e1b7c3c,1,boleto,1,120.73
2e22dc2fce65e5b9d73a11d717f41724,1,credit_card,3,81.63
23628e1dadb5e31443d876fdd2e2893c,1,credit_card,5,136.37
c8c0e74f5426e74b812efe05eaab11a6,1,credit_card,4,432.34
3d2c6a6debb7264f52777cc9912a3b7c,1,credit_card,2,152.16
3ec5435a1c3bff282e994441ee5ee69d,1,credit_card,4,159.68
9725871b2a067d972355980be11e7d1d,1,credit_card,2,132.03
0745201fea5d6f4aabd42e92a7d3b3b6,1,credit_card,4,197.50
b05922c45fc699ae9049a2c5add3e02a,1,credit_card,7,73.48
fe4ee6f5250415b2264eac9693949e2f,1,boleto,1,52.38
1ffb9dc91fdfd3d86671c5dc2a94dab1,1,credit_card,9,198.47
f6b803d15fa58d6e0409ce0cda40121b,1,credit_card,2,53.99
61224c4690fa8613b56e0469cea9415c,1,credit_card,1,42.56
15812af232ebe0d344d123c18fde51eb,1,boleto,1,27.49
3f41fd6ddaad5817115c0d99360ad3e6,1,boleto,1,193.99
c7f036825b3a87b42323205cee8a693c,1,credit_card,3,87.51
5af817dcc7682f13101dbdef134be4e0,1,credit_card,1,11.58
c7037ea6603ae90fc227e950bfc047ef,1,credit_card,2,302.55
f9114a9615fd4c8a09fa0768afb4a8f6,1,boleto,1,216.68
16f391bc8fc37407de41720cd92f6266,1,credit_card,1,59.12
bfad36ec8c862bac39b68d9490a76052,1,credit_card,1,161.77
9a910d6ba29d7c6a50b791a7819ad3bf,1,credit_card,10,226.79
b65162879a74ce2aeca593f3ca44cc82,1,credit_card,1,24.67
42df71f66e653cbe9e87913834e59873,1,boleto,1,50.27
76a34d13a444dc9e514d59482291ba07,1,credit_card,10,1530.50
e4d96e6ad34780ade40c4b6dc2745a04,1,credit_card,2,244.74
df91fb38017b42722551a94382cb829a,1,credit_card,1,172.13
7540eaa703ba0f9ab8cfb6ce7291a83b,1,voucher,1,194.42
f78bc33515cdbf29e0e8c8d86ae6f219,1,credit_card,1,116.45
502b66ddeae1875100eae9074f5d189a,1,credit_card,1,190.67
324a951e8ca7c94fc8aef5cde703441a,1,credit_card,1,46.78
3ea85b54f4c54ccc998b38bebf6c2c15,1,credit_card,10,421.37
b560c6ec87e95f7414ff53cb57b58a12,1,credit_card,2,156.16
b365b927da19a3d58a252e1c5695c86c,1,credit_card,1,101.73
dcb29bfbbef4b1df25a15c4e182e8dd4,1,credit_card,10,162.62
486189e06030d36779e10e55b6220d87,1,credit_card,3,150.29
9900cb70a170fc8270433a79b6cca56e,1,credit_card,4,196.72
11b2c36a481a4272681684f4b09ffabe,1,boleto,1,78.73
8c96e8114dc36ac1a6e1524a8ad514de,1,boleto,1,28.75
ca03bab92d64981b404602a7450b784c,2,credit_card,1,48.64
56dc7f1b8195b7fbdd6479f055a203bb,1,credit_card,3,38.22
08d862895d238cb8405dffe9b981df25,1,credit_card,3,128.31
47f353bb28503360d9e3c39a7004a12e,1,credit_card,3,43.22
29d99fdabd0cb6b4e9d82f2f38c04a5a,1,credit_card,3,113.86
245edde3bd6cdd0590cdfba00d88234f,1,credit_card,1,72.66
68442190a6c60659698fde46bcaf0e9e,1,credit_card,1,77.57
d140e3b2c8717b000f1ea33c496480e8,1,credit_card,1,35.84
7598147ec12a15c62a1350443e7ad42f,1,boleto,1,76.58
dacd9ea86285f197d0b7495e8af14781,3,voucher,1,12.34
87362ced3e155e82485e17f95f7f79c6,1,boleto,1,106.76
dbb786f88b6d4e52fe3cb5d771b979d6,1,credit_card,8,161.97
c8c474f20a667ba003a1f6e929fc3a44,1,credit_card,1,65.79
257a853e3afe9bee83a67f4798e6db79,1,credit_card,2,128.64
305521e597cd32f946da81d3649d31b9,1,boleto,1,45.38
514b4450547a198b2000fe570c522277,1,credit_card,6,229.66
c9850ddef84ecbf5cbe2c3f4aef7ab6b,1,credit_card,1,107.81
d643210fc3ba60faf761d5a9c9e3f8b8,1,credit_card,10,614.68
9f80c79b3c2260ac4352d49fea965897,1,credit_card,3,148.02
d94353ea4014f1fc7b6eaadcc9c90fe7,1,credit_card,1,40.99
2b20baf94a095e002981091891209751,1,voucher,1,26.87
f38a6dc0f541c9dff3f0c72009f2976d,1,credit_card,2,59.18
771596702a2e0245fb67b093182acb03,1,credit_card,10,243.07
225563d7314189cce48116ae11188371,1,boleto,1,51.09
3951193545025398d0fa18b7e2f836be,3,voucher,1,29.73
dbd51aaa65a18413d5c1a97a0bc41bf4,1,credit_card,5,111.42
02058d1c3b825765a4ec45968b8a1c97,1,boleto,1,1826.34
70e51d3f5d7998b5e5dc66bf35d31425,1,credit_card,6,78.44
78135b03c6d7a39f10996624b9baf92a,1,credit_card,15,165.90
9f7b07e872a431807e81c38d6328502a,1,boleto,1,232.07
7f922477f06db4ab69f6f173f439088e,1,credit_card,1,43.28
6dc5cd36ae0ca772e70e387e25f032e9,1,credit_card,7,146.00
a81ac812819d3c3e98ff62b3a8e4e75d,1,credit_card,2,416.69
c5f2970caae1ee84ffc4c7eeca287fbf,1,credit_card,1,62.18
cb459c6af32347f6dd511553117bd080,1,credit_card,7,96.14
10cba0be7bc27288b512d87a719b97e5,1,credit_card,1,0.22
ed6104a0027e6a269ce0269f21c67f0c,1,credit_card,4,115.81
38ead2ac61ab32ce96209301f9d365f6,1,credit_card,1,41.20
1dae4ac9e374d9eba3736f7f8616266b,1,credit_card,2,112.61
ea838dd2eadc7dfdb6fff969d14ed4f2,1,credit_card,3,77.03
47c65e2da8bf586e8d74fd1f0cfe7a68,1,credit_card,2,55.40
40d9b709b3b6a77fcd309165705f58d7,1,credit_card,1,142.27
4d65b53f48c951380c38eb2aadc99138,1,credit_card,1,93.72
5af817dcc7682f13101dbdef134be4e0,2,voucher,1,33.84
42769a5163a34297f4458dbccf206b36,1,credit_card,8,125.53
0b47f5e9432bd433f8c5cf64e60e6e5f,2,voucher,1,20.00
96b313e094ee31cef7c8a4ffd3b36395,1,credit_card,1,97.38
ed7550f3266dfb079a3460745ff50ebb,1,credit_card,4,251.10
1b7d6a3703a98513b60768df8d6c30b7,1,boleto,1,166.16
e528f5fb562c9053119f71d32acb91ba,1,credit_card,7,79.90
1aa06061f2abdc063d3ab58ff9e86cde,1,credit_card,1,48.84
1d0ec3f28fc4f0dfe429d70f0f2acf7f,1,boleto,1,95.65
974fd219891927f0d01b357f4400a622,1,credit_card,8,219.18
64c233aafb76618a84c4a3af54e79bb9,1,boleto,1,237.54
4c1274c724f3a08787a97b452004ff86,1,credit_card,1,75.25
92e569b96881cdc062cc199bc7465002,1,credit_card,1,116.96
70af5c624ad6c3daf236b9acb1ada8d0,1,boleto,1,73.15
75cc0defdf90cda65066ce0ac171e2ab,1,credit_card,2,186.95
18e91442199add8db6ce7be9b2c51760,1,credit_card,4,137.60
3c40fc70c7a1287e9616fb5dce615df1,1,credit_card,5,116.94
e5dfa353d229de8b9a6e25cda9b03130,1,credit_card,2,220.59
458d8f9336efffc85b1efa5dd18aa86f,1,credit_card,1,95.02
3a23294a91e71ba11196b90c9e51d44d,1,credit_card,3,60.50
b1498d9178bbadef1684ec3c4413cd31,1,credit_card,6,69.52
123b4246f6a16b1f17b9807bb7d42fd5,1,credit_card,4,117.85
a35cd49972d7afbd0822f2da96d94d62,1,credit_card,1,133.25
1e098529b9705a78dba4c6b24ee2ef35,1,credit_card,1,76.78
d56e037617638a36e0f7c40837bbca86,1,credit_card,1,21.38
c92a9fd680f588dcff7ff22fce0abbcc,1,credit_card,4,152.27
3e6f2b32accad480bf1508660cc2e609,1,credit_card,8,425.62
35168c4d0ad93a212d42d3fea68932e2,1,credit_card,2,217.27
d3244b7027fc12dbc070c6994d29ad50,1,credit_card,1,92.80
5e7ac1d3afa3583411b284bebd5dcdcb,1,credit_card,4,173.85
8ec29b681fd22a8225b16acff79330a0,1,boleto,1,193.09
6593a7ca55b089cc240f79d582e3300a,1,boleto,1,53.90
f46d498479ef20f7cbe0d471d9ca0bcd,1,credit_card,5,272.64
b37fc42b9b16ca9e092edcf0c06bd1f5,1,credit_card,4,180.53
8bee87d19d77da4782190d630e85e980,1,credit_card,10,377.03
ea5a4621227b0158f41da12e948e6267,1,credit_card,1,19.33
349021a1c38809e4b11418c2f8586c97,1,credit_card,10,132.57
d1a9489720f6071530979a98e14b2772,1,boleto,1,81.89
0573f0fe44a09808d06e716ae1a478ed,1,credit_card,1,137.52
915e2d730ef38d45a41bad2a89f88950,1,credit_card,1,6.16
7daacf43d9593e9a2959cc753578ce09,1,credit_card,3,67.03
b837d07aca063bfa379766bb6740fdf9,1,credit_card,2,105.08
390e5f12e01c2af04027580e4cdde515,1,credit_card,7,209.01
70a25f8b804c7e220927839f1b869626,1,credit_card,2,150.36
11ff2af78a9ec50c26f9cbbc62a10d38,1,boleto,1,247.04
ca674a7cd949c98c9e02bc4c5922836d,1,credit_card,2,21.09
8780697430377d453d0cf3f29848a515,1,credit_card,4,120.15
7fa5b1b5da2ccccc6d0543b07d0c70b9,1,credit_card,1,68.17
7d6dd21206d2e43674aa0c6b6e573cf6,1,credit_card,6,153.96
3d7a0606016fe5d209e5224ffe77f7cc,1,credit_card,1,46.75
2143393cca994a4b8235bc1d67ded772,1,credit_card,1,97.78
1d4fef737d9b6c214e13e92ae014018f,1,credit_card,2,314.66
b01e3ee0b1aa883fb12d7161e3d979fc,1,boleto,1,46.00
91ce1f474cc41b0c5317e79388fe50d5,1,boleto,1,41.29
72add4bd00723dddd208bfd31cdfe97b,1,credit_card,4,72.77
a0e03cdf46a28b86f2d93ccecaeca421,1,credit_card,2,103.14
bf5d8018171eeb0788be7f1c871eb981,1,credit_card,10,248.85
2bd6a9cea9df97f5f2d0717bb6307f32,1,credit_card,1,53.90
4f39a9f31c5a7d46ecfc92571700a6f9,1,credit_card,4,196.35
6371383f8c6f8a72ff10050cf92adab6,1,credit_card,1,122.41
5c1cabc415efcc828343f3b4b284b026,1,credit_card,4,92.57
0cfb8d2b2200481e6ce460c76ffa262d,1,credit_card,3,59.42
d8a72b506828f3aed76e36c3f4fd47bc,1,credit_card,6,79.56
122804b6e70597eca700595473d8297b,1,credit_card,3,70.03
b52c2a6044367f51b1e6f7d5bb8bca7e,1,boleto,1,129.64
b41cd75853511ce5fa49b43cca5449f5,1,credit_card,2,107.76
3e5a5f26a57dc7918c951081887b0e88,1,credit_card,1,39.41
f2614c602a0621707ca12e9a6cf3b112,1,credit_card,1,58.37
1e8c81805b92ff169971231458670460,1,credit_card,8,257.94
60e3a3852eb45dfe8e9cce6c97c1a1b1,1,credit_card,2,217.02
8335800095520f0d31f7e19c08c135b3,1,credit_card,3,160.51
bb9552306cf6879fde49f4ba3bd94299,1,credit_card,5,166.40
365fb819701436011708b1be4a1d4810,1,credit_card,1,29.56
123eb6c42fb774382bf82e6a332af592,1,credit_card,1,37.27
5d84669999cbca120d2d557e6995ee80,1,credit_card,4,74.30
2f722ee8f3d3db0d19cee8ebea6fa69e,1,credit_card,10,124.35
91573a4598aedfc413fcb39e43d68768,1,voucher,1,94.84
78b5b205705f30bb989c4a6c7f8822e4,1,credit_card,2,96.88
60f444f47da9e98ceae8864e4a67fb0b,1,boleto,1,34.29
c3d36e1799e432857de125edbd428c0b,1,credit_card,2,61.34
f34349c1787f5a47ace7555af961a47b,1,boleto,1,465.23
f1450c491bd196d4089076234a1b5cae,1,credit_card,2,130.13
cc4687e4e102c1c8c606a5a0a8e475db,1,credit_card,8,1391.79
f2793cd4b64bd3a177d4a367a3cf40bd,1,boleto,1,131.95
793fe057b09c8c2bebdd48451e985432,1,credit_card,1,91.01
42859f65ccaf46af651014e239a1a71f,1,credit_card,5,243.57
a29361cea3ac5ecb55cfc2c64b6c339a,1,credit_card,1,329.58
486fed80178943ecdec90413036af979,2,voucher,1,13.05
eca79ed411acb63a03e097fa18411797,1,boleto,1,54.00
efe5bb701ff507ffa4736a7c07be50d2,1,credit_card,10,212.28
91df6f3cf26d70ab6a918d29d0a0b906,1,boleto,1,31.96
85c4170fce54fdeff14d1bdfbc01ccb5,1,credit_card,1,33.75
434f7a628e876492870a0849b88e007a,1,boleto,1,324.82
0e44e7b0102a1f19aa9d7643e45dbbdb,1,credit_card,1,171.72
c9802358e22624de37bfa2d8cee30297,1,credit_card,2,83.63
df7094f1423b702c59aaf0e978752650,1,credit_card,8,432.26
aea0db338150b526dde24f6fd953a5ed,1,credit_card,2,113.34
219170fb08f8e9140c121645abb11cd0,1,credit_card,1,15.39
5d70582531ed37f284797ba1354e0c50,1,credit_card,2,101.13
79398f97f77a8ba43fdb4e00b1d44cc0,1,credit_card,1,42.01
0f934deb4f74bf5bb7a58232d12040dd,1,credit_card,1,123.52
738c536e3bfc3c99dddffed112e89349,1,credit_card,3,279.08
2e266d1d2bf4cdf6d74ee51b92bab016,1,boleto,1,173.88
b0f1788449620cd7f71d55b336967c24,1,boleto,1,236.92
773d4900b39c0f2c4987028481b98b34,1,boleto,1,188.68
0e9a725e04f3fbc13f28d8f17c861013,1,credit_card,1,74.64
19c69edb627a5967124863535d497453,1,credit_card,1,151.49
2303956d13919bf90f2a4818bab96a71,1,credit_card,1,70.26
0b47f5e9432bd433f8c5cf64e60e6e5f,5,voucher,1,20.00
b467baaa7d5fb3f77eed1cda6438100e,1,credit_card,1,49.75
970f01d4d6e42b5dbaaf975d2d45f913,1,credit_card,1,47.38
3785ffb02b0b201a23df7daf357c271d,1,credit_card,1,54.93
838eddbec488679c7db905429c5163f7,1,credit_card,2,122.27
f237e8ddc05a21386ec9441d40f8e09e,2,voucher,1,30.32
ea5b8ab951ac72f344bebd303152f748,1,credit_card,1,41.85
ab2bdf1229c8b790d6ebf0f703023f01,1,credit_card,1,40.23
b12e5d725658a4566286153c51727af2,1,voucher,1,20.75
73d7d0526bf2242f422fb6c85751dce4,1,boleto,1,90.17
f2dd5f15184c73c0d45c02941c7c23d1,1,credit_card,1,91.92
3bad88adde3b0947e92cdeca75800f58,1,credit_card,1,123.49
99835a9f07d63f83120175303229a57e,1,boleto,1,62.02
48ac627a65c15df7cebf426bda6e6077,1,credit_card,6,295.38
d7646ffe8fdd9e7d9557f9f7cbf04530,1,credit_card,3,78.54
22a4e269c7e62e9aab7536d9f1180d09,1,credit_card,2,454.76
6e3c8fe2572e4a01c43ef9970e59fef2,1,voucher,1,141.72
35123d3f1c7606f81eb9b60272f907df,1,boleto,1,40.52
6036d4eca40644c890443b856040cb18,1,boleto,1,64.50
906aae501a08de5072a4db9471da01a9,1,credit_card,3,38.09
67df019d84e04f3b626f8ede2dce4517,1,boleto,1,148.71
2121cb62043eb2269ab8bc218100c2e4,1,boleto,1,61.93
62bc181a6d897eba7057bb531ea5f094,1,credit_card,7,105.37
f4b85a796ab70afd964c35ac15b29fa4,1,boleto,1,43.34
81dbb577a47365babeaa44fe4f9a5666,1,credit_card,4,64.00
f3ace35a38b59892c97c14e9eadbc923,1,credit_card,3,63.53
8899770c263136aaa6768f75189d996a,1,credit_card,1,201.94
2ed3eaf0bd65da1480c9017f211fa315,1,credit_card,1,46.39
335a2e98058fdc2ff97c02856d53a76e,1,credit_card,3,84.54
4370467d3d9de99a4f75e1d8abf9090a,1,credit_card,5,107.50
0bb5af1f3b46e6ec23dd85506fa8175f,1,credit_card,5,157.54
98672e143f0ddcd385c344ae98132a8c,1,boleto,1,53.79
b5c4db08aa2596516e8e23acee055374,1,credit_card,4,45.78
6db73c4db61f029be8214914360f51e1,1,credit_card,1,37.61
3a2012438f0919dc24e43b9e8b21c4f1,1,credit_card,2,181.51
129c58b77c85a73933e98de57c705559,1,credit_card,1,131.04
50c148a26a1b15414632c64a2942374a,1,credit_card,1,59.78
1721eb90ee8c1fb7d6c2f81e8acd2a22,1,credit_card,4,130.42
f62c1d95a213688bbeebb149afd3ad14,1,boleto,1,92.10
e8d058928dd8b2837ef82db983c5f1d7,1,credit_card,2,63.13
19247443a7dfd6e4475b0e9b3fae86de,1,credit_card,10,102.31
fea563d194760a0737be8bff36ca8c40,1,credit_card,7,77.57
4082a09e70f0dcced54c17ec25ac2a50,1,credit_card,8,161.86
9476149aec45b9b1774a161abcce8631,1,boleto,1,188.28
50be9eb370672ac7e49a1c1741cef069,1,credit_card,4,228.62
f630b65d93478030e826b3a84804eb44,1,boleto,1,72.74
2a3f9da1b73d48af85d04f8550b3d156,1,credit_card,3,181.51
9b881df263e0c26b3fb8584bc0da7317,1,credit_card,1,53.27
b6162f47d6adbaf673e92b13e9358d89,1,boleto,1,137.16
5c973d2b4652e1dec15353b59339f3b4,1,credit_card,10,363.51
47526268d1ca9101d88afed0fb430ed3,1,credit_card,5,59.00
a36ab298e151e229a2d1cb6bb0e5839a,1,credit_card,1,112.36
0d387b5d8e636190398548a221d4185d,1,credit_card,2,204.17
89b97127e91562d3568842d10a400161,1,credit_card,4,95.76
7965b290cc7fe4790d45eaeded895967,1,credit_card,8,178.59
c1dc9326b9f99f2db29af061a59cbe8d,1,boleto,1,108.01
62899f7b8e4122204fc3d26d8d2c3737,1,credit_card,10,148.86
f1fd5b5e0656641dadc6c541b14e565a,1,boleto,1,32.23
93ecdca779367b3806aaae30a8b19021,1,credit_card,1,111.31
f384f4edb05c390598d9010ea97f7f4e,1,credit_card,2,110.99
49e548b7ec1f515816b62230c96e8f74,1,credit_card,6,87.64
babf3827fed8e4f27b7d8a680af07e43,1,credit_card,2,107.78
3ea82ad47a5a11ed6d1cb5e1e8343b9a,1,credit_card,5,51.05
41db55b77650928f1720b63029141585,1,credit_card,1,275.20
c2859f3c830b3fab51d945c1c0ef45fc,1,credit_card,2,79.61
0865bf48f1aecd458a5a2ff3211dee8c,1,credit_card,11,117.92
5b5b301c2306435fbdcd698f1c3a5ab0,1,credit_card,4,81.31
d08c7396fb82ad39db681f6692a7e112,1,boleto,1,152.62
b6acc7697ffc9caac96d5d86d80ea71d,1,credit_card,10,119.80
aac88c8074f903c76fc8616b924ab3e4,1,credit_card,2,164.49
49e4c4907bdae7153ea492e2827fe5ab,1,credit_card,1,44.17
bef79681fbe33b2789095e966c159563,2,voucher,1,62.30
c02f449466eb42e245b4ec9287aeb987,1,boleto,1,54.53
f309544e0fa881330c466bff31564da2,1,credit_card,7,357.58
8d2ca1078f464825b9e902aaa37e0683,1,credit_card,2,119.32
b769eb33d511dc1b52b8c6d45522a101,1,credit_card,1,127.17
6233c53ce8bfd732fc643c0443741c5b,1,credit_card,2,32.37
854d6cba56286c80ffabfa9883d35006,1,credit_card,1,277.44
ac78dbdaa55c30dbfb7eea9beaf31b81,1,credit_card,6,121.79
c277dea251cfd74bf121060769a7135a,1,credit_card,2,67.18
c6af04c6a72b5d587a620ad29c41dcad,1,boleto,1,1714.02
ff20ee702706d9e407a34de9fe2ff768,1,credit_card,6,132.10
120142f868b25baf05430c42ed963a99,1,boleto,1,51.96
1b2998ac4c3495c47a6f8cb5c2d65f35,1,boleto,1,55.07
c5ea69eb816127590a14c3d848e1679c,1,credit_card,6,61.05
a11e916995a120fce0b1528d2555151b,1,boleto,1,51.96
3ffa9e029879039a01783bc81c868df1,1,credit_card,2,97.13
a5c2bce79ee362cbd630af6c3ab8f841,1,credit_card,1,35.25
4a7187a003cd08090bc8effb19765333,1,credit_card,7,329.10
5eee79207209ec0e102581f289e2a6db,1,credit_card,2,73.15
89e02379eee525e09813dc8e5ba99213,1,boleto,1,43.59
4ed72b48d55c5cb2ad3a63f2b96dca12,1,credit_card,1,186.60
6553bc307b0ce8eded2609f0008ae2bd,1,credit_card,2,108.00
d7273b44707722d534c868f279e235cb,1,credit_card,6,338.51
1f448aec779fffc0060134f9c1c19370,1,credit_card,1,62.44
f24b2cd1d57f9c6405a1840ba856f421,1,credit_card,10,168.83
14f71e03c472d2b37384b55708ac8354,1,boleto,1,119.66
fcf3478bc90a1b2e214d529d0455dc1e,1,credit_card,3,261.45
163dbb9a9e122705518ab2735e1c6008,1,credit_card,1,58.74
915e2d730ef38d45a41bad2a89f88950,2,voucher,1,164.52
1636a9053d37c67f6463b90121fa81cc,1,credit_card,1,44.76
b081a26ca9566254713995a623e0941e,1,credit_card,10,224.82
6895b2b445ba6fc95b205ec5d0d5f25f,1,credit_card,2,121.72
e58f710ed41fb682576f68826c0589b9,1,credit_card,3,84.14
8c1538f82eb9eab8cad2da706a90df93,1,boleto,1,30.75
8115c56b23b02cb96cdfce13531a5a7d,1,boleto,1,114.06
a103ca0d5926c0afb6a2892545f93a7c,1,credit_card,6,70.11
3a096d99346df2d6c043165967ff011d,1,credit_card,10,800.00
7aaa96d3d1295c540305278952da9e7b,1,credit_card,2,107.00
7daacf43d9593e9a2959cc753578ce09,2,voucher,1,50.00
69aeb590d8f4455ab0bb6b95154c2742,1,voucher,1,38.37
82cefc0ed05913e6d19b9d6283dbf9cf,1,credit_card,1,89.96
0322e0a7d6d283584e3dc181c67b1d12,1,credit_card,1,88.32
3efebcb1a80d41e5a7865605155b8c09,1,credit_card,3,156.09
de001e88a16cecc089b911816d0cc818,1,credit_card,12,122.41
db9a0f1b8fd85bdad5394dbdf0179aa2,1,credit_card,1,32.37
01490a4bdacbafe6de009b317a0c8bf6,1,credit_card,5,151.14
8f6d779c78b777b6e9c03cd848b87acd,1,credit_card,1,94.63
fc0cf3fd5d9e2c6647933462acbb3f6f,1,credit_card,5,152.38
c039d465e2d9486915f6356a2660e66f,1,boleto,1,55.83
69be748e051308f0d341a9e6d30c7b40,1,credit_card,1,47.29
ed9c888e1be39c7492c5810bcf8a0227,1,voucher,1,37.78
21235c5a99a117c776a72a4de3276027,1,credit_card,3,109.42
2a940654991b7eaeb541171e5e1d497f,1,boleto,1,624.68
78902e5dd1f843cd182f10992137777b,1,boleto,1,41.43
b5e8d13478ad66ec57d480c9e00abb39,1,credit_card,12,1228.73
24257d104a3908bfd7b8bc9f6e1a2039,1,boleto,1,33.69
c2ef540e16617cb62d8c9d0bb874a498,1,credit_card,1,100.60
56ba02ddcb5947d6fe4d7816e623e054,1,credit_card,2,296.61
07684a430f124ffa76c3415f04fb2ed5,1,boleto,1,72.45
41601ce3031e924168afb94d2758f80a,1,credit_card,2,106.87
3deeaa4d253d9612fe55428163839325,1,credit_card,1,54.62
d243808e23f60f3895c6a696df710642,1,credit_card,1,188.99
6d9a301ad93b5c24c6cff8e4f9cbe276,1,boleto,1,55.85
d77c90347fa4a918af7227743da9ecff,1,boleto,1,34.59
cdd9601c7f7685708434a68d814fb53f,1,credit_card,1,21.82
7ff1a09b20dab40c3d68630eb3b56a22,1,credit_card,4,96.24
9b5f1d8f674dbded691812e5fe07db5c,1,credit_card,10,382.14
64930a85c555750a1f71af3d49b0c54b,1,credit_card,1,68.27
bca6e11cbc47e5f4b3f8bd46a39dce3c,1,boleto,1,47.80
bbc13e09a09a77b4f6ea6a981a399473,1,credit_card,8,183.60
66f2c4c74ef2402a34e32b0156a627bf,1,credit_card,1,76.50
bd2909853756962cac320dd9c00dc8b1,1,credit_card,4,46.10
351c9272da4d3af9d74d3b30ee84cdde,1,credit_card,4,106.38
b07680c80c64e1f1ca41d4337b5e773a,1,credit_card,6,136.37
05c7aa3928dd1b25667ba59cdc277505,1,boleto,1,236.48
66c0ba5488a397208076ece07748d0fa,1,boleto,1,295.61
6368f15cde8b7283ce52067367693a98,1,boleto,1,176.16
a1e92d086f682e6d8a328e19e14e0621,1,credit_card,1,63.27
7a92d4bffc8f086e16f610875cee431b,1,boleto,1,52.84
72221bc9de65dc6a45b9156909d2b6c9,1,boleto,1,50.00
e7336e1648bf13ca6664c8568363dbb3,1,credit_card,4,200.55
a0c98bdda8405aeaa4b87bdcdd25da22,1,credit_card,2,68.15
36f03c686bcee7c593f6227fb80b7109,1,credit_card,3,107.05
0b47f5e9432bd433f8c5cf64e60e6e5f,3,voucher,1,20.00
2542fe494d4b37b79ed85377e12c53a6,1,credit_card,7,169.05
c6f9707802d8df093005d7b1e9e8f9ec,1,credit_card,6,126.13
889508c3700be6eebc597a173a99c250,1,credit_card,3,34.10
bcf2e0138ecf66a8688ab369b802d57a,1,credit_card,3,91.77
2a5d9a5a8aeecf75120e38f1249a32f3,1,boleto,1,38.11
48f38d47fa3e594216cbf679a60dc4fc,1,credit_card,1,78.26
5c673b6f0d8e4e50fabaf4428fd2f944,1,boleto,1,96.81
a5a315fbb356c78710a6c0c4129525d0,1,credit_card,1,85.14
53e4afb03a9d1fd1346cb3536d79d326,1,credit_card,2,329.98
dacd9ea86285f197d0b7495e8af14781,2,voucher,1,12.34
9706023383737a509d67fdd3eaf88e54,2,voucher,1,100.00
aeb24c8a3ff615b3a6fe47e27996fb7c,1,credit_card,10,132.08
0b39d78b430d574a6eafefe82c11b4a3,1,credit_card,1,25.00
6e9a1a1213572dd3cde6887df64df77b,1,credit_card,6,296.64
c9d46caad10d4c85f1eded254193e2a5,1,credit_card,1,334.98
1bec7861a092429c4f37133660e501fb,1,boleto,1,36.95
abe1510142dfb06af1ac26425e538cf0,1,credit_card,2,56.78
2177c383835d2102aaffabf80638aa19,1,boleto,1,120.99
ed35c6ec36a7b59c5e1f902280143fcd,1,credit_card,4,86.80
fde43c8d10a125abbbc0b5e8e1c9d779,1,credit_card,3,312.40
9e844ac3fb9440b1393bf80ab5b59860,1,credit_card,1,77.57
67773c483666d5120da1ff6188d8a00a,1,credit_card,4,44.00
a49146f414b54879adb68c422428a68e,3,voucher,1,20.85
73e47be0498a4d9f19d88a0113af23fd,1,credit_card,4,63.82
cac28bfe44e2fc9411c4f61b768d0081,1,credit_card,4,262.25
f52952f4c900a5c0295a392769f7538e,1,credit_card,1,112.99
b7a70c5355ba0e41915b2ae56209a2bb,1,credit_card,8,207.65
ac2403ebd2706b3bd5399ac7ef4ea9e7,1,credit_card,8,106.72
f3290f4b0c78e37eff2ade0174b0c307,1,credit_card,1,77.16
f65a0c0fc75a9ddad01b101ed5ae2e38,1,credit_card,4,45.22
0de5dbc9f3226761687d84b54057efba,1,credit_card,1,73.89
19d4c970e6cc7d33e2669b256238e307,1,boleto,1,58.30
63ac66255bb4562cd506681eb19c5be4,1,credit_card,1,110.44
fa6d3eb110ceb1c2b98c7d158c6d1671,1,credit_card,1,123.34
10cba0be7bc27288b512d87a719b97e5,2,voucher,1,23.79
465c2e1bee4561cb39e0db8c5993aafc,2,voucher,1,26.18
2218e4b81089f8cf52139915bdc1e48d,1,credit_card,10,194.08
26e7606527e710486939428227c703cb,1,credit_card,10,657.00
d8a7be3bdd16ebaf4601bc8252f54a08,1,credit_card,4,128.09
72c3f657842e35f5d5279cc0fd06826b,1,credit_card,1,33.39
efd2e87c44bebee6e88c8677e9e94448,1,credit_card,1,143.46
fa79b2c18a8bd1dd7fe6c20ea3986434,1,boleto,1,95.21
9dc19c953a97c92383ff95f54cabe58a,1,credit_card,3,45.68
541ed556b294e1dc5e80fb34a44917d3,1,boleto,1,46.13
0c384d67524b5b92aa2fa6c8baa9a983,1,credit_card,1,102.03
0e0170b61d0a01970751c69f238a4dc2,1,debit_card,1,117.54
b599b60a3fa09e7a4003eb264aa99a07,1,credit_card,2,142.10
5f98eca70415773e1187c9309b38acda,1,credit_card,2,68.35
61f26d1fbc29fc8e6d6bc8ba373e81f6,1,credit_card,2,52.04
1a6d8f9122fec35f3e394f0b47abfdef,1,credit_card,2,143.45
70e4c52c261e4b62fa3d02aa61c45378,1,credit_card,5,315.11
ffb18bf111fa70edf316eb0390427986,1,credit_card,24,617.24
0068fb0e223115e911d362627e8b8800,1,boleto,1,91.79
81d4e3ab663ca6c51e659ad5b31457e7,1,boleto,1,97.80
0e748699edd544eb244d173a5658b7a8,1,boleto,1,133.24
8682a030870edcce6a8b8299b68aa4d6,1,boleto,1,48.93
08edff712f0cd04883215bdb5b0d7c7f,1,credit_card,1,82.08
9d302458a5c2070516051da353068870,1,credit_card,3,177.62
e38fb0d87dea5ab1a9c8e257fa716b80,1,credit_card,2,46.84
9286a7cc933d6e2099098e4ae057e5dc,1,boleto,1,34.69
2c7e89e493d79a803615950d27017f1f,1,debit_card,1,126.99
f2a6e4114bb3100fe47a10d807079082,1,credit_card,1,76.36
1205025dd1d1757c82bc1f437bcc39c5,1,credit_card,2,240.87
688e3c66bdfcae1321349fd70627b84c,1,boleto,1,25.00
a50baa42994364594f0a002918035aeb,1,boleto,1,146.33
1d748fa1652f04b064b6cf65739b04dc,1,boleto,1,61.01
0b47f5e9432bd433f8c5cf64e60e6e5f,7,voucher,1,20.00
bbec0e8ff27f20abbd5b2fc0ab8a82c6,1,credit_card,1,69.44
73b1defe09cb47bd521306b506af7d3a,1,boleto,1,664.76
f237e8ddc05a21386ec9441d40f8e09e,5,voucher,1,16.61
7dd324f942802dde96fb63557eb716bb,1,boleto,1,74.42
f765267bcbede7982c8ecdbe594fa249,1,credit_card,10,519.65
1b4255d9c878894e1d30af0d984c9c7f,1,voucher,1,447.34
6b5c69624b2e0a58948ec5cca5449ca0,1,credit_card,1,127.14
3ec05d74c91669694d41dcf4d7cdc764,1,credit_card,4,40.86
499f4d2d2bf250a1bb18ca1feab13262,1,boleto,1,64.86
75b01078ad5e499d81b6b0f33cfbbf66,1,credit_card,1,219.39
6e7c58476aeeb4f0a2313cdd43477570,1,credit_card,5,96.94
6e52fe67778a12f079296a3d416ebe86,1,credit_card,1,86.92
04730e3327a051a939ae815e14e482e1,1,credit_card,8,616.94
eef276c7d2a8add364316e714f060623,1,credit_card,2,115.55
0199edc5b01351df8e73a674aa473ee7,1,boleto,1,101.00
5784dd3f2dfc12119aa244a42ed18b9c,1,credit_card,3,83.14
0c01f50d13b63f9c7a1f073f51a45548,1,credit_card,3,169.09
60260cf275316912451558bb743bbfc7,1,credit_card,3,70.41
25f9ba70a00ea2a3907973a340834885,1,boleto,1,129.66
5e1452bdf1c8fcf2b69f810cf9374a8e,1,boleto,1,74.36
f071b368fba027eb94d3880678104d50,1,credit_card,1,28.00
b6f0a8d06c025c6aed95229f1bb0421f,1,credit_card,2,112.33
28a58d10c5ce66e99e4edf25548e1a0f,1,credit_card,3,135.26
3951193545025398d0fa18b7e2f836be,1,credit_card,1,2.97
cd317fc34a4ea25ea8d1743f003712ac,1,credit_card,4,74.17
71ae442d46d1764c665ba4c9e3073864,1,boleto,1,139.22
8f332ee6ffc2a01f7e78ae983f257379,1,credit_card,4,324.82
c50e269f3f05dc460ee457106f787b7f,1,credit_card,1,216.42
3e60f029bab712985ebe5bb542730b6e,1,credit_card,5,272.70
7b1e41f3fe006429cbf78032fcb218d7,1,boleto,1,108.55
af267dd4b62acc26802a30eef78e7afb,1,boleto,1,105.32
73bf036e9d518e060d6f766d816483cb,1,credit_card,1,28.87
415171a59b0a29988351b6d7652d993a,1,boleto,1,44.09
72683b144c2feca63881b49b5afd2bc4,1,credit_card,3,97.64
d35588da5ba45ef8d7b51fa96db86059,1,credit_card,3,91.58
1b55d5825b9f0ea76d9f105222eb6910,1,credit_card,1,29.68
4e15214b61d5e952ea58075636fc6e99,1,boleto,1,85.77
b83c1be0cbe93a1aea7c3a77e4ae37ee,1,boleto,1,97.42
24f2edef847fd6eeeddc6aa5dd82209b,1,credit_card,5,50.00
3decc053f76f6898aefed9c29e26e2b7,1,credit_card,8,549.70
9fe660037a9d47d9497e2b45f902d869,1,credit_card,4,63.10
69ecf8a73bd1de33c57b060448315a92,1,boleto,1,55.24
41b0c346ca595e5a94067d231e4106af,1,voucher,1,36.69
2ab55ce9d54cd19626cf1540d2e6cadb,1,credit_card,1,57.29
e4318982ed51e84596216f47f154d767,1,credit_card,2,28.34
c82ee47a0c061997cf82b995f702fa1e,1,credit_card,3,71.82
47e9777346f914fcce7e8d5a411ca60a,1,credit_card,2,96.43
2bf01051ff9e5195111fd7ffaf865240,1,boleto,1,85.49
497f1ff2bc62b9932e473fdd62ddde3d,1,boleto,1,128.42
96ed110f6c91b349ff7ab376c8fa9400,2,voucher,1,131.98
505bb60c12a248aa8c995503ec264554,1,credit_card,8,81.85
5a67391875062bbd3116a5c00524648c,1,credit_card,6,60.85
24f926887373bfb98b4f309ecabab893,1,boleto,1,173.36
8c17e98f67708928c1b03bb705c14b3e,1,credit_card,3,191.13
4134d857ea0e2009e02f6f90888fa583,1,credit_card,1,2.65
9989d0ec04100fce996f6e906ada0278,1,credit_card,2,22.84
03b2144a8822e91cc05da7907f21ea1f,1,credit_card,10,162.75
d10471750e335e783fff1bc755988a86,1,credit_card,1,56.60
d214b4670d22fbbbce0677ce7e2645ed,1,credit_card,2,115.45
e3ad77f2683cf57ced740ece64eea3b7,1,credit_card,6,60.75
bec49fb7d032cc8a815d4135551a98e5,1,credit_card,5,125.03
bb23ee96defc419b4137ae66d0c0e44e,1,credit_card,1,46.01
17b13ec883d7ff8ef2c2882644854aa5,1,credit_card,2,31.78
ccafddb54a91c4cebc1ab1ba6fa5f68d,1,boleto,1,571.48
b33c9bb2caa1d2b9f219b70f6dba7dce,1,boleto,1,110.33
77ce8174ece613ac99bd6506f3d679d8,1,credit_card,8,326.53
fdee205e2e0cc6ac53cbd0b6df510d6d,1,credit_card,2,64.10
6d7de866a140b19d09e825b2a4e944c7,1,credit_card,1,139.80
e9097b40952a79c27bb515bbfd4d488f,1,credit_card,8,502.14
5d146abaaa0996f8cabcb5a3fa96bad7,1,credit_card,1,75.07
40f8df5351ca042862168f31bd853103,1,credit_card,6,408.90
250587cf0cafce7892b56a47a1697833,1,credit_card,1,109.86
3860898db238028285b1e05b5ab31238,1,credit_card,1,68.52
b4b86df50ff2b7209ced1549d9ea4b2e,1,debit_card,1,76.24
71ebd46bcd6c3ff32ce6da77c9a6702a,1,boleto,1,83.41
dc17a6461db14f3625728b10493ef332,1,credit_card,8,92.89
e5ec17b950e2ca6379aaee6905115d3a,1,voucher,1,47.63
cefeab80d083e2aa4a0a526027bec9a6,1,boleto,1,164.55
e94049a4979c0cca812d339264c0792e,1,boleto,1,69.14
3ea85b54f4c54ccc998b38bebf6c2c15,2,voucher,1,100.00
d97cacbc87a70c0a938044518f7c31c2,1,boleto,1,173.48
0487007c18089d38f1492091945d7ba8,1,credit_card,15,377.07
96f4cc5fae35d1144e51ae9aec601f4b,1,credit_card,4,44.11
efb0cacb1ed48693e7edc6e10d9d1790,1,boleto,1,171.84
465c2e1bee4561cb39e0db8c5993aafc,3,voucher,1,35.59
178b5b0a92e0eb145266afde0c2fb50f,1,credit_card,2,183.75
60374093aa8d84de08b2c04a3eec89c4,1,boleto,1,282.80
fa2f3e66fa5ba473c46b0329d4e5773f,1,boleto,1,68.89
54b803c77b3baa82c6541268b252cc0a,1,credit_card,2,72.68
724074e91e873f7bba4b3548c59e5f92,1,credit_card,1,20.89
0c40894addb46fce19ca6ca1f11d9bff,1,boleto,1,132.05
bc6d2ee01d1daa8441fc48b586bcd985,1,credit_card,5,274.89
9512251cbae0778ea863f6242d3e5789,1,credit_card,4,49.34
6135f38f4bb6d100bd3b064ccaddf7b8,1,credit_card,4,82.73
04ac505fe152a153d8b6013eccb4086b,1,credit_card,4,47.29
6c2c28420cb6865ced69f6c260c27c24,1,debit_card,1,25.87
fb7a3213facd63106674c2d4fe0813ae,1,boleto,1,703.81
b540d328af5b078f6c8aebac46ae606b,1,boleto,1,43.10
8431c1024f6407ab4f4b5f45a60fbb4f,1,credit_card,1,92.83
c626db29ab3699e67c95a88bb63aa471,1,voucher,1,57.68
43c0147ac5c2cd461632f6b12eddf8f6,1,boleto,1,39.09
dc8302e63ff9b2dc67dd51edbd8b537d,1,credit_card,6,717.23
60402252b419752cfe565a2a99f9cb55,1,credit_card,1,33.45
89ddf23f8fe73ace16b54d219a527277,1,credit_card,6,380.12
03202c9906e9d1140a8ac3e15f4492e8,1,boleto,1,70.90
94140a08f88b5440f7fc0e4b0fcfc3bb,1,credit_card,1,54.95
fa6e00b909d5805dc02b5456fa40778b,1,credit_card,5,65.81
81d6162a00e7332a42e9f26375953d74,1,credit_card,3,105.28
b8f7f9df1e5bf679e78dbf66146a39e3,1,boleto,1,100.25
c60a42174ebe36481da792fbb7da904f,1,credit_card,4,315.88
2694d5d93827eee9e3b4c2d4287c605d,1,boleto,1,87.23
6f91e4738284a9312089fd89f0d61648,1,boleto,1,139.18
5bd9862e9eb167d733096279f6b353ed,1,credit_card,3,50.53
086cb9cd0cf7067d77fe09f31620a52b,2,voucher,1,50.81
07dcf38560b8c50e101b3281edda6112,1,boleto,1,57.75
2b20baf94a095e002981091891209751,2,voucher,1,34.71
6b092965cc5bcd955107ed81c1acd489,1,credit_card,3,226.26
774847476ad545e9bcb605a75dd40de6,1,credit_card,3,163.81
e7ca0b469d23817d3564174fafcf56c7,1,credit_card,2,108.31
43ac8d91a0749b176f9c311545881aa7,1,credit_card,3,142.92
943980abcbc522eb49346398ee2594b4,1,boleto,1,37.79
1b4130478aee169922ebb0b0a9ef919c,1,credit_card,5,149.14
5f9c456bbb57754ed7f95c12c8f759f5,1,credit_card,2,92.29
c4dd811604d334a79810fd0387740e09,1,credit_card,1,98.81
0c1fd2870ed16e1af74abd3df9833cfc,1,boleto,1,42.78
3609efe3e67d76fc425ba5fd19fd4bd5,1,credit_card,6,251.09
8faff12af96ce78eba0d5b1597d5baa9,1,credit_card,1,84.70
ab74c0e5d243c75a0289ac0ed8811a97,1,credit_card,3,37.82
827a916734ee2f155b25cd4ff2d8022f,1,credit_card,8,163.25
bde485bef13be8b3bd38071e027e954f,1,credit_card,1,39.11
f237e8ddc05a21386ec9441d40f8e09e,4,voucher,1,39.40
bbf7ad105edc929937625364891dc8c6,1,credit_card,3,89.88
438f8c9a0abdfdd3401b52e89084c612,1,credit_card,8,339.21
9feb31244fa82ce0a5fb912500881873,1,boleto,1,81.50
104a4ed42832085322a2ef0d1649b284,1,credit_card,10,194.19
c11daae957ee4447f2aa894fcdf28cac,1,credit_card,1,28.75
faf132fb35b3b3b533a67efbd6e7c02d,1,credit_card,10,130.01
d2ae2653b9dbc7b50f11bf3e4001ec8e,1,credit_card,3,353.76
72e57d0b326731ddd25d0d44212a42cb,1,credit_card,10,148.69
327c17fe3bf926f72f592503b52e3b5a,1,credit_card,5,278.43
374fd048ff590c1059eb5d4fe2d892b4,1,credit_card,5,171.09
4ef3c842b74a91b2524df4e621606c94,1,credit_card,2,40.75
05c12734a5d14a9b9528b3eb84f30e50,2,voucher,1,30.00
b323a1bf3949211f3d9fbc43772534e6,1,credit_card,3,102.13
e008eec42c3cdeca3e9b47a91fbc848a,1,boleto,1,155.14
0c83ae77e6509fbaec6d9ae8844ccef7,1,credit_card,1,35.00
465c2e1bee4561cb39e0db8c5993aafc,7,voucher,1,15.19
9d0dea2e11b3af0d11ba66eac116bc6c,1,credit_card,1,26.94
c8fb73e3313c12aa7978cd59adbd0a6a,1,credit_card,2,81.34
7b1900e11427a097af75a1ae0932b993,1,boleto,1,45.69
fc1d4a8adb62b480c591455600955b2f,1,credit_card,4,90.25
049ac54eda25ad838a76c65dcfd27c9a,1,credit_card,1,173.02
78ab727370e07aaf73b362897c8c6e3d,1,credit_card,3,157.75
801bda1bc87e8484430a1ad75f51f128,1,boleto,1,192.63
123e27a1a4d0b2481d8618ac3dff7d4e,1,credit_card,10,221.84
2de8870a0b861a9ff5ccb128784abf2e,1,credit_card,9,98.51
364ea3582bbe134bec58a6e192aa6390,1,boleto,1,53.24
62bffd187fdcb56c61d7980953e3ceb7,1,credit_card,1,169.73
d0ddded2fb44f032154b6149cce5e2e6,1,credit_card,1,72.84
dacd9ea86285f197d0b7495e8af14781,4,voucher,1,12.34
15a87de4d6c4996cbee619479ddfe71e,1,credit_card,2,108.41
5c8ce05c64397c5d1c67ab8ab448ed40,1,credit_card,5,50.12
f96ae3b7b3fa4a0b2644a183d6cb620d,1,credit_card,3,184.32
2191c4b8b5384ed556dfd154ce6e319c,1,credit_card,4,40.09
c7d894c7be2eb461fb04d81e82f0814d,1,credit_card,1,100.22
2b28c958aceae6cdb1ba4ad008963b78,1,credit_card,4,116.43
8cf765eeef8f04ca929a1cf64ffa2584,1,credit_card,1,232.11
8b2f6212e3a5681805601bad0a43905c,1,credit_card,2,35.01
4ff36f43b95e4fbebfa94b98f8f33847,1,credit_card,5,107.78
204d4d908a640f0b6f4f0d306dc97fab,1,credit_card,4,97.08
b3c22881ab836451fc66d6cbf6a2083e,1,credit_card,3,194.79
1424887ded6dd139513a60ca6d4b7d97,1,boleto,1,106.87
c327bf79ca9f0099dd58157ec2b71839,1,credit_card,5,405.03
b5e1bf00261a7bbaddb0c3a06e63f039,1,credit_card,7,219.27
aa62ed0f229f8631e59c8b849621124b,1,boleto,1,87.80
e64772f0c75da6c3c6622cb989961c9e,1,credit_card,1,151.51
fee5a1127dde04aca98c3dd84e96d471,1,credit_card,5,277.08
d53c5f1bf34ccafbdf3606104e7c1c8b,1,credit_card,10,268.73
d7299ed1ce267fef299fca83511a0e17,1,debit_card,1,34.03
640174dd3b1c33b00c0beab57f415612,1,credit_card,1,65.22
40c5e18f7d112b59b3e5113a59a905b3,1,credit_card,3,128.68
dacd9ea86285f197d0b7495e8af14781,6,voucher,1,12.33
1d39bdda52c4e5dfe96ea227fc5420f9,1,credit_card,2,172.38
386566ace975071b7888fe4ef940d582,1,credit_card,1,86.68
d6e170b889c3bb4770d46aaa63e498eb,1,credit_card,3,233.00
534e2b783c1e84bc830f3f372a31ba0b,1,credit_card,2,53.42
bc382cd676f08eb90614a59793568c19,1,credit_card,10,862.07
0cc4a0e7b03976348e97bf0721a96376,1,boleto,1,238.69
0a90490b9aa5527b4f3497a6f3c725ee,1,credit_card,7,69.97
cda991534f8532948f833dcfb0f3ad42,1,credit_card,1,27.33
79c0fac13b3965c6b73c3fa600059b36,1,credit_card,2,145.58
17e22ae34edbd170fcd2efe9e44f95bd,1,credit_card,10,405.31
156ba06ab4556cd19613dca1cefa9f7a,1,credit_card,10,101.22
51c68b0aedaa22a0b426f5635ac439b1,1,boleto,1,399.44
d7ed6c0330486c8239f4fd349450d270,1,credit_card,2,116.94
465c2e1bee4561cb39e0db8c5993aafc,5,voucher,1,48.97
9af92d2e86d9facb76127d7fdb850944,1,credit_card,1,99.74
05bb540accb9a3fc966280b894023c9c,1,boleto,1,34.09
f174b7bb70b31bea3dbfdf7cf9719ce5,1,credit_card,1,116.93
33d14124f0c894a2390998ae1015abf7,1,credit_card,2,192.28
7994bcffb9f5d5a702c9fc4f08cca8a9,1,credit_card,1,71.63
efdd2a16264f8e4d18564f8e7deb071c,2,voucher,1,24.67
d2f4bbcf8e2d36f9e13fba6a75c7269a,1,credit_card,1,73.78
6e43eea0e8d014e2f6256da2a78ff5e7,1,credit_card,2,67.48
601aeff176a15b40925c874c87b0cc16,1,credit_card,2,68.89
d56bf2b8f9b6cdae985b4a4904d98a07,1,credit_card,1,36.38
b5b143bb15757cfbb8c5f447e4586940,2,voucher,1,117.70
5a06ec99090e75d00d2b33b0efdce2f4,1,credit_card,2,125.53
f0a3681de8bc46b204500087357b2a89,2,voucher,1,59.99
0ceec07de9db57c3d2ba32e4fa1fd8ed,1,credit_card,1,69.13
65b8cbd6d0ad97befea844cc40817ccb,1,credit_card,3,79.19
92b2185ad7819322fe1488669fcb1f31,1,credit_card,1,48.68
f07ffa8133ca1dcbc015a9c0ee98c872,1,credit_card,1,153.41
d9334f59be2037102baca42368082bfb,1,credit_card,1,460.18
c157dbddbf8cf9a086acf9ef8eb8cf92,1,credit_card,1,36.69
d4bec1a24c97bd17be18d77297a0f6a0,1,credit_card,10,435.93
b002261c1b562472adb57d81cc90995d,1,boleto,1,158.52
e406f3cf4b3e23077d22eb4346d6471c,1,credit_card,1,84.46
5d67cca99e80d5f9cc0cda0ce73ca3a3,1,boleto,1,104.56
c387679d4cea1d6f624cec1542b9d359,1,boleto,1,106.17
a187f41f4cc3a98eaf1e82f8b79c6fb2,1,credit_card,2,52.91
e55981b5cea8072097093592652571ca,1,credit_card,1,368.60
465c2e1bee4561cb39e0db8c5993aafc,10,voucher,1,31.06
3deb7346dbaa00ea4431f0d97a6ce758,1,credit_card,3,35.34
810c5451b24e7565d14608ed85dd3624,2,voucher,1,50.00
94e43121a0232434f1ee7c1888f2cce5,1,credit_card,5,63.70
4ea3c6eaf3dc15ad857675322bfb6bd0,2,voucher,1,143.71
41b0c346ca595e5a94067d231e4106af,2,voucher,1,5.27
ada8c993c9ef5f3e6705c9ea4af1a1d9,1,credit_card,3,82.88
6ac314f1970b39cf3b7760803caf3c23,1,boleto,1,131.88
465c2e1bee4561cb39e0db8c5993aafc,11,voucher,1,24.48
c4b6ce991d0e0bc8c0538001ee46366f,1,credit_card,8,357.58
0e1756f57187e203c6151ebe990fa670,2,credit_card,3,36.61
d199e989bbb5f7b410c1a717d589499e,1,credit_card,1,87.83
575bfb61f87cbd5b35f76ca953e1edff,1,credit_card,10,137.51
7ec1c103b7dc4cf5213a0a3956b28a6d,1,credit_card,10,159.26
ba242a1dd9c9df31f97af85c25e0e1bf,1,boleto,1,37.77
9270e213f22a5c0c65322feea6979af1,1,credit_card,1,616.50
fd6490ff0d0a47338582b893c79863fe,1,credit_card,5,126.86
8a9c4879d3cde9fe810bdc06fb38b671,1,credit_card,7,77.57
0b83b48cff92afd5eb4360860cad0ff1,1,boleto,1,90.84
9f50c2639dfe5494951bc9d4d1a3ff87,1,credit_card,1,75.67
26a887fe1515ba3501b5154e443ca899,1,credit_card,1,24.04
b4501b36d5c7558b4364a961168f8bfd,1,boleto,1,114.74
7ab5966251309fe2519cc5810895b2f7,1,boleto,1,71.04
62b4063077164817444ed917010c5c16,1,credit_card,2,36.12
6d2f1e2a36b2d36d4e4c626750224b9b,1,boleto,1,71.42
b13a02b747c3ea81a898b68bdd345367,1,credit_card,3,86.25
1d9c50c894c0353c480222a9de8512a4,1,credit_card,1,5.27
b62fb8675350e9d26562d21d74f310bc,1,boleto,1,61.69
6a91f55a2fad58d1b580326cd07f5795,1,credit_card,2,35.00
b12dbb55013ad2916d26c65c8abbcd17,1,credit_card,10,226.58
ef02b499ada182fc2a48dd525cb062c0,1,credit_card,1,58.37
5864382447def49f38f45e63da084b3b,1,credit_card,5,174.82
516b0fe870022210bab4e170fbf10ec1,1,voucher,1,20.00
a25f8c8c17243276e72fca0857e94789,1,credit_card,1,88.20
03976e284ff273b3e5fda450030f32c1,1,credit_card,6,68.30
911e973fcd823c79ed2f924eef8b0874,1,credit_card,5,350.56
f020059db04fd86b983524f59247d091,1,credit_card,5,51.88
586c7a332a49228779ba40068cfeefb3,1,credit_card,6,88.87
24950e3fcd92f8ec85a91644c7252eb9,1,credit_card,3,86.05
b50700cbee924cf4a5f5f9f38c1d0a04,1,credit_card,8,145.68
a77c21d752d5b237bed9d74c9d94bb20,1,credit_card,1,23.29
61224c4690fa8613b56e0469cea9415c,2,voucher,1,119.68
700ed360aae6dff713da1178cdbdfec6,1,boleto,1,32.77
7e96374aee396bd5b72cf015c3e06448,1,credit_card,1,96.80
2cfc25c768542047dde9549da3f65fa8,1,credit_card,1,55.09
0b941db180b52d77ad40655b465e6632,1,credit_card,3,197.00
2690c84e60cbc597c732d126472db7cc,1,credit_card,2,72.83
2446d3b0814e1baa4253e67f59f9c509,1,credit_card,1,150.74
6cd4b1d2491c44f2fb48d9e55687321b,1,boleto,1,36.35
7c5c8b715064d5bf2ee6a1cef59f2853,1,credit_card,7,71.56
c56ae3a36b8942fb185a2c02c46fba20,1,credit_card,3,136.60
ac58bda50dfac642d4f72dbf95a1c179,1,credit_card,3,47.05
03ee28c413aaef04d718e00ed85eb678,1,credit_card,1,66.13
24dd6883219c3c70aa4d84d059d279a0,1,credit_card,3,571.73
4a0d049ee6c82b3348a21bb211c0a44d,1,credit_card,6,67.88
b5cded175dda03c8360eb5d652b931e1,1,boleto,1,83.33
fbc32bc4a800352a5c9d8a57828b4727,1,credit_card,10,183.22
30a12d3b9e19a16ac0298cc7bcb5a322,1,credit_card,1,96.71
7c7a7c7d1fa3b3c8f867224389d3d8bd,1,credit_card,2,129.64
7146211691a9d909e75c0b7458b1e125,1,credit_card,10,205.50
db88396cf9aab6635eb909ed423d6662,1,credit_card,5,563.16
1d9c50c894c0353c480222a9de8512a4,2,voucher,1,19.48
07e2a9d486a8394f2700230396e8d5f0,1,credit_card,1,271.83
0d33a1e4f7c4426e2adf540cb219baef,1,credit_card,10,267.54
a2ccfabd53f695441e4e9412ba9f8c63,1,credit_card,4,596.76
a23d281315a434afd0b7bf492ce6a579,1,credit_card,8,132.95
86f3eab0f6458fbf53389a14fc8ce71a,1,credit_card,2,518.25
9706023383737a509d67fdd3eaf88e54,1,credit_card,1,16.94
aa6f9a7c586c01fe6c9021341dfe1de7,1,credit_card,8,751.37
7139a3b215ea730e2db624cc99820578,1,boleto,1,75.65
b4587793077c17563480c33e3afa4786,1,credit_card,2,27.29
8187896518689722d7c05bfbaeed0933,1,boleto,1,44.00
ff410c670cb5018a763d815c1368f405,1,credit_card,1,111.61
d67fdefdd78c824692a1f0cab56e71c5,1,credit_card,1,75.25
36995f50cacc28693fffcdb6af6cfedc,1,credit_card,1,84.20
261e71d2349c713eafa9f3df5972b95d,1,credit_card,10,172.62
613d338b0c2fb3b1dd0a73d6f3bfbdcc,1,credit_card,1,68.70
85b8899fd1383f7177fe622d29f09272,1,credit_card,6,80.00
7c8582fc7ce51a091fe83cb5efa4e84e,1,credit_card,1,21.66
bb45d77c66b6a32f77813252457545a5,1,credit_card,1,21.04
fccbac503695b663355702609c925bdc,1,credit_card,3,251.23
f6e97f91d62582f47862f629306f4311,1,credit_card,5,136.42
41d9fff5e0bfa8712b28b761fa2f6bee,1,boleto,1,30.86
17a99f37c9e5cdf9e15df2b7d7e4df3a,1,credit_card,8,1755.21
29d71d9c45a5ba44a2c8c20292d77bc5,1,credit_card,5,153.22
9c31d604522ef4fd8e0bba68aa3214a1,1,boleto,1,58.22
75769af508ae5e105845b3b4813fa07a,1,credit_card,1,61.80
05ad157e8f606d82b474fd05703b7610,1,credit_card,3,238.09
e49d0607832db7c3b1343764225d8df6,1,credit_card,10,297.57
5568db9dd4584b73544e077f55db4d78,1,boleto,1,33.00
c105dc345a895fe1dc4c94717b232046,1,boleto,1,69.73
4ea3c6eaf3dc15ad857675322bfb6bd0,1,credit_card,1,13.63
e3f593928ae2e5fc7463fe3603dd3e85,1,credit_card,1,72.14
b7e56bc4544b2d0098a4571a45eea22c,1,credit_card,1,169.20
068bd285dca5547429e81de9e95ff9cf,1,credit_card,2,163.29
42f4c86bcf6208509573ee18d460b636,1,credit_card,2,35.13
8b4b66868641eb5fc2bc090dc4f702f7,1,boleto,1,39.41
650ca3873d0a09fb4604deef7817ef60,1,credit_card,1,32.07
9c370b3dbcadfb3a62c2b8466603fa1f,1,credit_card,6,124.97
bb464b973005de9d4a87e205925f5751,1,credit_card,1,143.16
04c5574dca3570ecdde1cf8527993017,1,credit_card,4,77.78
637789b606a0ef62ab4c16dbeac12324,1,credit_card,2,140.30
f42f2fb14ae6dc794ca8024222f22539,1,voucher,1,32.78
39c31edc53ca82584b62224bcbce3801,1,credit_card,2,437.18
660f07387a59952dda6a3ec2377eafee,1,credit_card,2,344.93
eecde1205c668fec3e2b7643c4f805cc,1,credit_card,1,312.52
5b0060ee75c02410928f7ca9e4632c5d,1,credit_card,1,92.02
2a8d11469aa193477a4c0c3e79f09d18,1,credit_card,5,134.82
7511a8e7c7e991e0e129c3fa111404c4,1,boleto,1,242.80
d2e1e475eb8219af9fae283307d88860,1,credit_card,1,39.75
0713f1dd3cdb0f62e71d9a1f01c2bc0b,1,boleto,1,365.37
8da93bf6304b1fbbb6ab15bb7644394e,1,credit_card,3,108.95
636d7ef8a9aae4fe13b16e9460951c39,1,debit_card,1,21.38
728d26031c8d87b8929e8cf76090d110,1,credit_card,1,26.09
995f4fdaa0eeb0d3c4ac475f47a8c271,1,boleto,1,254.01
4431c5cb9924f46deb9eccfb159cf340,1,credit_card,1,45.42
58fb05058cf15a3f9eaeb29497841a33,1,voucher,1,146.01
b5b45b75641df9adb6a1a1609bcb77f9,1,boleto,1,108.63
e31ea4183de6b416446423888f5dc3d8,1,credit_card,1,66.72
37297c70ff1867f5ad4b215cc27fbe81,1,credit_card,3,73.03
1b4255d9c878894e1d30af0d984c9c7f,2,voucher,1,119.66
699ff12900168a9020bb2487be684cc0,1,boleto,1,55.57
59754064fe4ffec6c0149904a6573d81,1,credit_card,3,126.71
5077d279a7a371e5e70eae983cb3bccf,1,credit_card,3,62.96
a112ffd9157da040b7951b8bb6bb2fba,1,boleto,1,165.21
4224d3207aa1acffc28e6b36c7c2c8af,1,voucher,1,50.43
0d06a5815afe53875fb7bf4b7437fe8b,1,credit_card,7,148.06
43d0e984f7e7256bce2b8f15fdfef0dc,1,credit_card,6,117.46
942bfba61040fe93e3038099eb60fe31,1,boleto,1,59.30
2189323f24aabddc8f324451eb75419b,1,credit_card,10,617.85
4649c5e95df94c2a37938bed23879e64,1,credit_card,1,92.93
4a1b2eddbc026752feeb5bdc37943b0d,1,credit_card,4,48.72
85b1e09d7a230790544ffb86902bf77b,1,credit_card,6,157.44
d342d7bad292d68d41d58ffb594cf431,1,boleto,1,82.05
be0d2b44b80b01ebe58d57028bc5bcd6,1,credit_card,5,135.85
57829c554e00894996ac7cdc85692e8f,1,credit_card,5,109.62
e9df4254faf2fe70bfbff4c0abe4fb7c,1,boleto,1,46.02
343249b827e700995c0f620f5b51c15c,1,boleto,1,65.87
7280e73216120ebb4358a41b3d947e5e,1,credit_card,6,96.05
b04860f9f7889ebd859a225e5fbaf743,1,boleto,1,365.82
db5e341b9a765a33fd41da0b3f0944dc,1,credit_card,6,113.07
f0f60334ebc0d94a89bfdf1d401308a0,1,credit_card,2,73.20
a4f4f63d38c826451e0f6482ed4b59d3,1,boleto,1,58.11
adb6dd7e1e17a776182bc02f1385252d,1,credit_card,6,60.50
a63677aa9aeae51c42728b18555df877,1,credit_card,3,75.16
2aaa173ecc917a0e748a8e8ad584534f,1,boleto,1,44.50
00b676b01c289cc661c6f7732492771a,1,credit_card,1,71.19
e01fc3338c40dc94ef890089c8deeffc,1,credit_card,2,407.13
93b82c635931ca55e5d20e0d095507ce,1,credit_card,1,101.78
3bb7e15f832b43684ecf3640069145d2,1,boleto,1,83.32
3e851df052741b8294183d372f0bf1a2,1,credit_card,5,147.27
c9caebb870a1f07175f8c7d130ddc24c,1,credit_card,1,27.68
982727416ef47cb3095b02dfccb621bf,1,boleto,1,76.58
6711d32f6b3652ef28afeb71bcf586f3,1,credit_card,7,70.49
934ef038209c91cc0ca47c0fb29e2f40,1,credit_card,3,128.25
4a5a1f0d3ea7bba1b88f2d68e80e4189,1,credit_card,2,60.44
b887a2e34410f9ca015c231938fc3842,1,credit_card,5,53.38
0c72cafc6d5d60d98d052051a2b028ad,1,credit_card,1,45.17
ca4eb4e29e846ee17d6d1b96b28acabc,1,voucher,1,11.20
8e0e3b77770b10f595b5c27e62efd4e4,1,credit_card,6,204.31
79736d8897b41dc2f3b2096def7a5f7e,1,credit_card,1,31.28
c28cc812db8e9acb713843bb0470b7cf,1,credit_card,1,53.27
c0364ee18a0b18e6da5e7754cf4f4e8a,1,credit_card,2,87.55
1263b5bd7d073c9196702d47117ee5fa,1,credit_card,3,167.52
4bb0dade496fdb8b82cd2fe250996451,1,credit_card,1,20.27
29b71dc3837a954158a1d1b30d0605bc,1,credit_card,8,228.03
cd919470d4038db47af0ae7904777f68,1,credit_card,5,381.32
79ba9ff956399f8ca9eaa802139851fd,1,boleto,1,115.44
cb5664b27c8e72cd9197d6cd259a0946,1,credit_card,1,149.20
51759d8321ae577fc2d577b976f8130f,1,credit_card,1,49.32
e1df06d2e0fcfed2ec12f002d54da4f0,1,boleto,1,101.03
116f5088fd9393bef556fc932533e3dc,1,credit_card,2,189.19
7ca7a07f7d966253bdf088730665e423,1,credit_card,1,81.36
dfa89510eb5c9e15b363ec8395e702c1,1,voucher,1,208.08
4989f3f8cec2a6f73b0d121c0e134624,1,credit_card,4,176.20
2c4b5d8af3d0c95e934891481c0a87fb,1,credit_card,2,369.76
cb2471f3b559b61183698ec6eb8694ba,1,credit_card,1,85.24
a749acbc328952e55d87733a869f2817,1,boleto,1,287.00
b6f41799a58be93e516fb6992e0d4b47,1,credit_card,10,144.57
8989ff6e6604e09ac1c199428637422b,1,credit_card,1,92.20
7f0b2d90543efaf906caac20ff4ed83f,1,credit_card,7,70.53
22021e0f490fa77f0ccb20d9e8b50f22,1,credit_card,10,107.90
cc0c2816e800ee2d10ad0d51f37ab289,1,credit_card,8,1110.59
224bd0a94ce4f3eeebe2ef447e596863,1,boleto,1,29.47
e94753fb36e53fd8e0ed80fd513faa16,1,credit_card,2,179.27
ada6146d9553232fb9b561d1e5105b11,1,boleto,1,25.78
5b265b1557d0d44a32df50b4fbf98c7b,1,boleto,1,1301.01
783fc14b5c2cdc4ba848ad7f129c5df4,1,boleto,1,45.61
ad263bc9111c1e0cbb780c4b7c1009e6,1,credit_card,1,59.28
9ccd75b5f3444a2dbf104b9cdc1183a1,1,credit_card,3,32.00
3cc744d9a46682c354778726d30e384f,1,credit_card,1,430.98
31426d292a5d34315a18ac11d6eef7eb,1,credit_card,2,92.57
bdf2706f341d19f5943d9a5c7355d045,1,credit_card,1,183.78
410cfb42b9a36728a695fe883df04ebf,1,boleto,1,464.98
b6ac9e1564a4ab43f7958280ebc3ea23,1,credit_card,8,238.64
5814c4efa071d212c5b84498d9ca5809,1,boleto,1,419.67
6d5c0b87109f123898fe2dde02cebe1f,1,credit_card,1,56.85
7ad7466bf5dc89ce001a735997506fcb,1,boleto,1,56.60
dce5adb99dbd09afb1a7b9a402df9f98,1,boleto,1,78.34
fa6d0c0ef7a7849ab7847303d458df3c,1,credit_card,1,40.71
e080fb7aef4b2d5905e95cfbd4ddc138,1,credit_card,2,55.04
bc34d5b185152cb88b9f5db391dcd1cb,1,credit_card,1,43.05
cb5945f4563c333d6e2c23de7b26af14,1,credit_card,3,223.14
6f3bcb56b24abe9303122deb9ab78295,1,credit_card,2,85.14
e0aa66d7588bc46f68bf32d34ab6562d,1,credit_card,6,170.01
8cac878a789b20ccf75238a5429195dc,1,credit_card,4,119.57
57d94aaa6b72ca15b3e4801c6d5c0959,1,boleto,1,210.29
7fbe250d2d22b8976024eee98fef9cef,1,credit_card,1,60.26
6175b1fa7ea822df4907c8e4b71fc192,1,credit_card,8,290.22
11b6318ec732b94b5593c66ef1f37863,1,credit_card,1,32.19
c820d5fbb72e2b0a48074c0f7f08a295,1,credit_card,1,400.92
4f6d5b0656f4701bba88a3351199cb14,1,credit_card,1,163.75
ff29c7cdeea12d00d7b40d4879cce688,1,credit_card,2,309.05
bc7401d98fe2814849de2404e3ebd9ad,1,credit_card,2,116.00
52c1dd5de2f994e2979bb421330763ad,1,credit_card,10,252.44
df54015966b3fa00a42222b5a0e21348,1,credit_card,1,75.08
dfc7b2719aac6a68477031f7c6d5a44f,1,credit_card,1,61.75
6513ea5bc339ea05486f92db1405a522,1,credit_card,2,96.43
f0670859ef34f8878debeb534fdcd855,1,credit_card,2,110.87
e96343d353d85658fdfef8ba65b57ea9,1,credit_card,10,178.36
b978ea305468570d5f639292c011b2bf,1,credit_card,2,73.03
31a9fc3107df7fca6d3e9d14f7b2da84,1,credit_card,2,51.05
0b8dbb26699a171be239666299d2174f,1,credit_card,5,68.70
332fbf902a0b37b6919c2d24fb9963c4,1,credit_card,5,153.92
64c8d713a96944349d954eb4bd62e6d5,1,boleto,1,42.00
a6a5d5673d42186a8b8b94ad29b59897,1,credit_card,8,1247.36
d819490edd3b5a3d69b114bb1eed977e,1,credit_card,2,154.81
4cb8cb3ecb5dbc9df36cb56451499a0f,1,credit_card,6,208.32
ba67f9aa9f6aaa7645b40abdf9f980c5,1,credit_card,1,19.77
c3cbb5032bfc949af6b3f17024de1c8f,1,voucher,1,128.55
308163f9666c3f335e92b0f0f61554ed,1,boleto,1,38.24
80341e701b91f4e9f068a3ec40fb0440,1,boleto,1,471.05
7ede340903c485e891cba5b1064ecf5c,1,credit_card,2,113.20
1e62cc7c75b9ab770d8ade06089fed44,1,credit_card,1,38.22
31f49b876b40d899bdb6c403b4d2b20b,1,boleto,1,57.68
a73de8635a0cb0aee3da3736197f76b2,1,credit_card,4,1635.64
3df9a0706897e062e91f253fa132b6dd,1,credit_card,3,246.42
ca66063282c2aeb92c8cf8bb9b3dbf28,1,credit_card,1,167.86
c3aaf1005cc94a2f5efdf91212caa0b0,1,credit_card,3,184.59
ccb152dea072048521b3a778267481ba,1,credit_card,10,276.14
0b47f5e9432bd433f8c5cf64e60e6e5f,4,voucher,1,20.00
05c12734a5d14a9b9528b3eb84f30e50,1,credit_card,1,24.69
529c56bdb881d790cc51c6eea4f7b004,1,credit_card,1,162.90
707f34ee0f8e9986054ee1c01868dc9e,1,credit_card,1,137.57
ccab2293e0214590eace61fec5947f04,1,credit_card,2,214.04
fbc32bc4a800352a5c9d8a57828b4727,2,voucher,1,40.80
08fa07327488ff39829511ce36ed3e32,1,credit_card,4,87.64
4134d857ea0e2009e02f6f90888fa583,2,voucher,1,43.36
fbdda663869065b1521bf7be56191f6f,1,credit_card,1,51.75
ae7f30650fe9c91685d2fb23a527df97,1,boleto,1,50.84
bbb1b6d02445bc2786f24be1f048612f,1,credit_card,3,65.01
7263db988c07c61845869e0708739119,1,voucher,1,63.01
e5700a52207ef266413e9f43a7b0d5f6,1,credit_card,8,244.78
fa77b4aa91c0a9f2bc533e0dc380d9c2,1,credit_card,4,93.65
833eedb56c32640feb0446e2e042b42a,1,boleto,1,44.57
675bf74092a382fe6821f84ecc8b41b1,1,credit_card,3,140.00
20a518e7fbb9f9dd62b7ff6016f28d10,1,boleto,1,73.15
29069b15adeec52fc98e512ac98acba2,1,credit_card,4,116.24
9680ba40609bc32c996a447ba7564621,1,boleto,1,164.79
3e92efabf5eaa46e4ab7f20a10864785,1,credit_card,10,189.61
a5d865e12e7e0f8952334691874959df,1,credit_card,7,441.50
0f38051157b7ad1d4e0b6c5d20de6ae7,1,boleto,1,142.65
d1ce1812e480013ad383372f2326fbb3,1,boleto,1,26.60
5ee65ec4982eb4667be9fba3b90fa184,1,credit_card,8,167.20
60fedd48f279e3f0ce27e48d6d7b895d,1,credit_card,5,122.31
25d0455ca29c6f58e491a90065954af0,1,boleto,1,194.55
dca9c66e66baef1acdb9d05297bf59e3,1,credit_card,3,72.14
dfaca8a85d5a1ef947b32f44dc3817bd,1,credit_card,1,74.63
db145d39d51668d2934a47dbae8e5e66,1,boleto,1,293.50
d6b11927bdeea5f5786a486aa301d183,1,debit_card,1,88.94
1ac18d97e1b6b6735f1c5ff4f4757380,1,credit_card,1,105.15
69aeb590d8f4455ab0bb6b95154c2742,2,voucher,1,58.17
bef79681fbe33b2789095e966c159563,1,credit_card,1,8.45
3b4ccaa47ae0c0d6966133bcdb0c8ad4,1,boleto,1,1082.66
f72af8df59fdbc3f45aeb2df4e1e9ca1,1,credit_card,3,60.63
dd8d541616639212eb325bc7d015350b,1,credit_card,2,161.08
913677abacbcdc2b2f18b3ec362a0cdd,1,boleto,1,134.25
086cb9cd0cf7067d77fe09f31620a52b,1,voucher,1,62.39
5fd9a69139ba87e71880fd5936171fe9,1,credit_card,2,168.51
80380dcab14d7ec024883b76a82f04b2,1,credit_card,4,54.09
44c4f29a13457f2c0e36f5520a215609,1,boleto,1,130.56
17a0d6c98b2dc14bfc378f1ebe19b11b,1,credit_card,1,37.61
535c025843acd3d8c280a3b32f77a1f9,1,boleto,1,75.78
387dbd8ab95a2cea602adfc5434f7258,1,boleto,1,389.01
d0848e46e16c282e0590623021ba6940,1,credit_card,3,415.14
6ebb33b8e0afab10328a6580a1c54be9,1,credit_card,4,217.26
2ee25e0dd8185c614dcad9949f0ad0f4,1,credit_card,3,68.18
000c3e6612759851cc3cbb4b83257986,1,boleto,1,112.71
862492c97a277f223e8cb4d665d80c0a,1,boleto,1,30.75
f8d1bd3e890e8a6792efb7acfc9a4853,1,boleto,1,147.69
952dfc4bcc1dce2062c0b0575ec23db7,1,credit_card,8,502.23
57f6d3bb73ed5867cdf53c4acff3f994,1,credit_card,1,148.71
310e89c32f0c576eb9e50723c1c23e19,1,credit_card,6,359.30
b647f540d673c123ae558b52796b5124,1,credit_card,5,416.04
8c2c2b26ae4677e7457b0daaea13a8d3,1,boleto,1,117.60
4fee0b89c704a8bb6a4431a63025b6da,1,credit_card,6,243.76
52586b1b9916f51d8bf0d76295da9f6a,1,credit_card,1,61.46
38ceb430670a97a62dda6e748ec94f69,1,credit_card,4,272.53
b9a9e9876a24264089b78553266b219f,1,credit_card,1,42.58
29867728eef5282c4181cbed99246268,1,boleto,1,231.26
458c3becc527a774b463c7beaa28b105,1,credit_card,4,216.09
84869e6e6b633fa602128f93f70e2c12,1,boleto,1,185.22
dacd9ea86285f197d0b7495e8af14781,1,credit_card,1,2.62
3481d4db89ea2b5d86728e8562da1317,1,boleto,1,73.96
ed82d3384df9ca70bcd946e63d8d172b,1,boleto,1,35.39
8cbb6ada60ae90f4d6f76d2a7bb5e085,1,credit_card,10,155.99
c37b3f544d3cfdc84bc506669555f19e,1,credit_card,2,324.29
87fd335973d9705b9c82ee68d314a8c5,1,credit_card,2,278.65
6522386fefd98cf9293642fb5dcf9342,1,credit_card,4,46.85
2ad2d3393253922f6f46941e23089bf0,1,credit_card,1,119.37
489e6c889dd29088ff5646a8c6d106ad,1,credit_card,2,106.77
e5467d4750f397c79149b122be02fb1e,1,credit_card,1,54.78
19d9d8655f9dc49d4a10954a7cee5bbc,1,credit_card,1,64.80
3c8fd86bafb15fa121edab25b6f8c096,1,credit_card,5,258.41
daec7c006304b60ca87044f26409ef2e,1,credit_card,2,28.75
fe89b0d8ed4855fadd959956eaf4cbda,1,credit_card,2,67.62
f9621d2a09f94ab31f27e78a400642ec,1,credit_card,1,40.27
9b0b732f53d928874444e095071631a9,1,credit_card,2,167.61
4d73a326dfc780a0a459f4ca37111749,1,boleto,1,72.66
4a9c9be798acfc1e1539c75f2477b9b3,1,credit_card,3,124.28
67c8cb7add4e205c9021501079bc5f66,1,credit_card,3,168.28
202ecd14054c7ca8c26634abe19ace58,1,credit_card,1,70.97
b8c6d75388bad0d20626aa31f173d5fb,1,credit_card,5,104.28
465c2e1bee4561cb39e0db8c5993aafc,1,credit_card,5,455.86
e02dc68ec812b53123f583c142466f0f,1,credit_card,4,169.11
6649d935be7a1df58b2dc3754fb17379,1,credit_card,1,37.75
9c30d1a4692fbd9418f2404ada176ccd,1,credit_card,2,144.01
ff027db47fd74b1bcf2dd6c24f0b809e,1,credit_card,1,29.89
7ae184e266d3d177c278f71f228b5ec6,1,credit_card,1,104.12
9217f2cdc9ff59c50fb2542e2b1f31a1,1,credit_card,6,247.75
80288d8ccb8b1899f5377f27feebb1f0,1,credit_card,5,192.68
4e801b3860564f02745ba49a886fbc0d,1,credit_card,6,270.65
d885635e019669c17658a0f898cf7dd6,1,credit_card,1,16.58
b65162879a74ce2aeca593f3ca44cc82,2,voucher,1,66.42
07e2767fa261c1d690924d6d3baa379f,1,credit_card,5,732.68
a4575978f0926901f0b481061a24d73e,1,credit_card,3,485.24
5506c622c9692ec1a2145b8b8f712eba,1,credit_card,4,213.19
5fdfdf9c7e10eb512c9ba20fdf28e632,1,credit_card,3,103.64
4be3435a18d709c7bec9b8d5651088b4,1,credit_card,8,201.05
169ea2de3034acb7ff710f2ed686841c,1,credit_card,8,267.88
f979267a9c0c47a8c7ad427ba7cf3407,1,credit_card,4,192.66
f05c4e37bf7ce04b9cfe8e310d08eaf7,1,credit_card,2,117.93
8c6eb35c6bb5e1a9dbf00531ab9404e3,1,boleto,1,31.34
4deb2316dadf42f0daa6b8965d384ba8,1,credit_card,5,157.80
2a81af36abe7c237e184b5f84e5b27bb,1,credit_card,4,79.24
086cb9cd0cf7067d77fe09f31620a52b,4,voucher,1,40.48
5fa285b6edf81b62a0b66dae40d38d0e,1,boleto,1,85.95
27be2d9a863635e6a3c6b616cd179798,1,credit_card,5,264.04
ca03bab92d64981b404602a7450b784c,1,credit_card,1,170.00
03310aa823a66056268a3bab36e827fb,1,voucher,1,3184.34
a07c319b821b5707ba0b018c7ad63aef,1,credit_card,6,61.80
3aae5f4d2c104f1d6f7620143be23d7f,1,credit_card,3,109.42
2d2084741ee31a371ffe0b838051d0dc,2,debit_card,1,66.60
3824a5d087901938c0b9f72f6008bd6c,1,credit_card,1,215.77
3c4bb13fb00d3bc789b3dca0789480a5,1,credit_card,5,51.82
782280edec0182ee4b1e2cff514fc712,1,credit_card,3,127.04
86f92f9e6f7eecaf30f643b1c6c3be84,1,boleto,1,138.74
802a16d8b5c3a74a38cf9216f429c469,2,voucher,1,14.29
bc2ca758b82d10e0d335c8eb12349128,1,credit_card,1,38.10
08c94cca559ddccd243fc551e088b856,1,credit_card,4,40.06
771f66be24ca215d4d3415b63bae9d97,1,credit_card,1,56.36
c2ddb96ac5a19ac184bc09cbd3c95522,1,credit_card,1,122.80
6305aec3fc288054e3c30457795f98a8,1,credit_card,1,54.14
f28d2797b047549663f2e82b4afbdc1e,1,credit_card,3,204.08
6b4a30b5616dfc8267ae9d39b34e3a26,1,credit_card,2,285.39
07dee0f0916a444098de4beea749c5e5,1,credit_card,6,151.77
40eccc6e24dab20604e730a4245b38fe,1,credit_card,3,35.00
b8b6fc684620d7c82ae7a4435e8d6a90,1,credit_card,8,593.67
103de323ece563a1012b4b6adf5a81b2,1,boleto,1,114.67
bea9b92d7a14b236b96eb9fc71c28e02,1,credit_card,1,40.22
6cf9278559172d523d1fbcf08988418c,1,credit_card,6,136.79
9f2c1798fe24e69bf3317bc7b319c96c,1,boleto,1,74.46
49e4b99628268d2b4f089f0662e13195,1,credit_card,1,60.26
5d5a92f1288cfea0501ef343c74591a9,1,credit_card,3,79.72
ef18f5dcc7b8a44cbdb1a14de4164bd1,1,credit_card,1,63.12
e1c58cc2bf1f241d4ab2e557f7ab52a6,1,boleto,1,96.19
035a721e5bfc1bc3f4e1ba0d7923cc84,1,boleto,1,108.17
7fd7278c76aae9bebdb986cfcd977150,1,credit_card,3,165.95
d015219f23681e41543e3db6504a4865,1,boleto,1,259.85
fbe14dbea1cdcc16f5709ee80b0fab7a,1,boleto,1,52.10
e38994925b350c88bd9b885f0b726439,1,boleto,1,54.51
2c6d7710827b473b87550d228500098d,1,credit_card,9,99.73
108db8c088de8e42c648bc520cec8c44,1,boleto,1,25.24
7cf050fc6dd31909cb224bd88eaacff1,1,credit_card,1,105.37
9ea31bc786d569fb961d6aca5b8ac618,1,credit_card,5,140.91
f0cd3d160659eabeeb6afba44c0c04f7,1,boleto,1,64.14
4f53648717b48854fb9db283e2cf5d27,5,voucher,1,10.69
2f10477788160831a76bb28cac8bbfb6,1,boleto,1,41.09
bbc23131aab4b505c48b17061d069db2,1,credit_card,1,88.72
b07bd6d2317297a22b80a9836b464d59,1,credit_card,1,474.99
8e36e939fc7a7d7c54d2dfec4e37190c,1,boleto,1,247.02
11c9715759819d9b4a3b7708111b3a74,1,boleto,1,103.93
60d98124c3228470422ecadff6550e3c,1,credit_card,5,59.93
daf610999defe00407d9c3178f42b819,1,credit_card,1,573.18
62ab60742c7a27d40b3791436f197bd4,1,credit_card,2,134.59
faef9c1b3a8fe2bf0d41d30834c3c7db,1,boleto,1,98.79
6054b24d6a5bbe0e90fd7ebb14d602e8,1,credit_card,3,107.82
4c342c53eed805e5712a130cccf665ee,1,boleto,1,158.38
a8f0774db1f2d93e5b48a0c370d423ed,1,boleto,1,102.03
ddc6de714ab6793dd55ef3b191352906,1,credit_card,1,45.54
eb1d71600650b42be71f555e11a2a470,1,credit_card,2,71.27
b1c3ca267130eac320fb60d3340f528a,1,boleto,1,181.55
3821374c4cfea859896f8a3d6f2b7a5a,1,credit_card,4,229.20
2f31ce5a220e0b97b2d1922c86bbbb66,1,credit_card,1,95.55
1b737f58cb00f95d1513899b6e637eba,1,credit_card,1,64.84
4b99a000045d86380d5b014642fbc499,1,credit_card,8,296.20
1d08b0ef8f21fe7710ecb1e433e25c0f,1,boleto,1,33.75
d691a7cd6c98cdda10a6861436c2f000,1,credit_card,8,1260.65
65fc7195f2f70e60bd81a12c69d7389d,1,credit_card,8,410.03
c2e2f15f541c1823bc6d1e558f9323db,1,debit_card,1,21.77
a2cc46310eb1cf60d0032c6c78443368,1,credit_card,5,54.09
c9f8b15e667ca2f541bf3e608b5c1192,1,boleto,1,107.78
6f0ac9b2069a1f5b1518938be44d87ee,1,boleto,1,91.92
f3cd6fd2bd9ec528bdd3a45d423636b9,1,credit_card,7,78.91
64b644100b812930de2286f0b999ece7,1,credit_card,2,107.80
6a561b1f3b2ed85c05e55494271c7061,1,boleto,1,82.73
16f391bc8fc37407de41720cd92f6266,2,voucher,1,250.00
59cbe1b4d431c65474bfcd53c3a3b227,1,credit_card,1,51.04
055e121a8cefa5494be46fea4bd4f3ab,1,credit_card,2,60.09
94c9f01794e2a40527d76e249ef9decd,1,credit_card,5,127.74
e22988df4a8a5e701f32adc32b5d5fb4,1,credit_card,1,75.07
d9644b981a4d023c5392dd06bfc8cdc0,1,boleto,1,55.28
3358a4c41e5feb5bb73829eb6cf42ba4,1,credit_card,1,43.78
e8aae0a8c069453ead56360bfdf31d76,1,credit_card,3,34.47
7282f35aaea3e151109787d09a275ec9,2,voucher,1,29.84
2583425d8fd6d2a22d92c8480c1b546d,1,credit_card,5,158.91
3dd70a36f5f41e56af19f4948fdc0745,1,credit_card,1,117.31
1e73093ee708ed2b782f359056925208,1,credit_card,1,35.82
e37cbc5ed765e289a3bcb33581cac511,1,credit_card,2,73.58
1c07c0999a3f88b8c1b95e9a07cf5564,1,debit_card,1,114.91
0a18d00cb652fc5698d4e3c3e01e7da0,1,credit_card,5,99.34
50ef6a06a587a4f97f8483946c692e70,1,credit_card,1,49.31
34e7cd696a9d01f8a95731b8d4508ef2,1,credit_card,1,237.05
c9739ce4c2bbfdbb76e36956cd43dd46,1,credit_card,1,25.03
9ab7e83865799ba29a85d51263a137cd,1,credit_card,6,78.81
a5bc76cff5020a123d1fdbbf26e06774,1,credit_card,4,193.84
4cc0192e89c70ee61b2c1cd8ae665a5f,1,credit_card,2,260.17
13badfaf0fa0a80d7dc85eee772ffc98,1,credit_card,8,88.27
f2fd4e0fc194bc29e11d7d3f83151996,1,credit_card,1,35.69
2fdca5b7401ab483f6f3ef78f46f32f2,1,boleto,1,81.47
8acc03c83b14de718a6f275727b3001d,1,credit_card,4,144.56
2e21f1cfb4d53ac6710fdd9956f35f54,1,boleto,1,176.33
094960a25bb327dca31de0e2b9a788f9,1,credit_card,4,181.68
3da8b1bbe6650411cf568285bb956f90,1,boleto,1,71.54
95234ae57878debe0afc15b3d5bcbc48,1,credit_card,1,319.11
bcbead00f0c2dfabaf82fa4af5611f71,1,boleto,1,317.85
a50f3e03765e8315c06a23e128aca380,1,credit_card,3,221.29
a0147b55f1d225bb21f981e58f735589,1,voucher,1,219.30
947f3467c45aa7dbbf64b2b6fc5dc3c6,1,credit_card,2,267.12
b16cec67cb3f5a4bb31abe8988b43d19,1,credit_card,2,141.67
e5af575637557e5be53b2df8b32a5452,1,credit_card,2,115.35
35f1c7a905180687002390a212d166be,1,boleto,1,79.72
065ac4b340bafd4f6bee041c63e10aef,1,credit_card,1,32.09
b87f290b049eb668936a0f94149a1e2f,1,boleto,1,73.15
ee4400c5937463920eed95003b8fd459,1,credit_card,3,364.99
97e080a21be085e3e36d5f7c0f8f0b43,1,credit_card,9,93.76
bd311764a2c2a541c99f90f076923b34,1,credit_card,1,67.05
87ab9ab3d80a94a8bf706297277c0f16,1,credit_card,5,178.27
83278a865f8f9c152f76597d22446aa2,1,credit_card,4,134.47
bda15d43b16684fa4eff328a7db33d8b,1,credit_card,2,128.99
50ec02cdd09a0a80fbb65a1505eed464,1,credit_card,6,138.62
fc0b3be9d66d6db8d306c15407ece0d7,1,credit_card,8,1359.47
333977327b5c548879a21a3b1fc87c48,1,credit_card,10,203.81
8634ecf96bfb8450dd73fd6596ec4f3c,1,credit_card,2,66.60
867318eda451a721d23a5e0fbc82fcc9,1,credit_card,1,116.91
62d2be1fdefb1437c1d94932ecd95545,1,credit_card,1,133.85
81447152169fce271e12a471d7a38269,1,boleto,1,125.52
3ceec142bbeb4de9939d371d6182d5d6,1,credit_card,4,168.13
e2a875ab76ae9c68c532baa517d90363,1,credit_card,6,137.12
e210480a7951a7968ea2a32e38c6dd70,1,credit_card,2,178.99
cdf1adfa9a3cf815978e278a6f1cd705,1,credit_card,3,67.30
4f53648717b48854fb9db283e2cf5d27,3,voucher,1,10.69
854f58d1737ef431b98a28f2149a7125,1,credit_card,1,74.84
b4d85d4356b0ece0e421f5c58d757107,1,boleto,1,116.94
d9d133e8194b34d22ce9157f4f2ab959,1,credit_card,1,27.77
2b4b69b119c4446626f617bd54ff3147,1,credit_card,1,38.05
577e6fdfae22d140e0167cc4a674c1a0,1,credit_card,3,170.41
1f1d433b45ff83d34a8fe8071126c80a,1,boleto,1,102.64
77e9941864fc840be8e4b1ba5347c0f7,1,credit_card,1,103.27
e0f3cd25b704e2b54b5837d443087ba2,1,credit_card,4,406.51
f2fc3e958c7943badc989a1f5db932b4,1,credit_card,1,20.38
c5f1d29b8bc4a975508962be343e62a7,1,credit_card,3,73.83
34e43b05d79a814bd90a43250ff10094,1,credit_card,4,40.75
e8ab363cd45a4e68e65455199d62b45a,1,credit_card,1,86.15
87cf2adfb8afa786cac2d49bab89d389,1,credit_card,1,87.55
34adfe85692f724087a52976282ea92f,1,boleto,1,263.28
73f9e828566dd0de47c067e6ec94c989,1,credit_card,6,64.86
a4ff93cafe11fd211ea627c3cd253480,1,credit_card,2,196.03
3b7ddbdc4ef4c59cee4047a5fc2e49fe,1,credit_card,4,171.44
334c65aeb7365a6d5acee2e43ab3b2d2,1,credit_card,1,192.26
2eeb0fca026f13a4065dc4d23542095d,1,credit_card,1,37.46
bed92d04d48ce1e3411d7db5c984d57f,1,credit_card,6,186.10
366446679f4ddbffb2d8934f1abef1f8,1,credit_card,1,267.38
f20750eceab3ceac5ce19312fd1a12e7,1,credit_card,4,285.26
75d87a7050b2959f4d5c51a28525e2d7,1,credit_card,1,115.05
a68f7b681559723c84a5a758d62be473,1,credit_card,3,39.54
456ed1919e7baeb18f95d9c1ab8d2cca,1,boleto,1,67.95
50cc103bda59bd29c59f33e00e19b4e7,1,credit_card,3,270.90
9461cf76c19c4a544a3e384ba1e4fef4,1,credit_card,1,88.92
f94a0462cf50552772e515493550bc4e,1,credit_card,1,53.70
128e2bcc764e1cf5e4952af2267acef2,1,boleto,1,86.54
e465c5ff84ef7091d582b275cb0dd7de,1,credit_card,2,93.78
72d242bd537df6df087634f6065d7f62,1,credit_card,4,42.36
17e8356af05cf890ac4604347b3c17a6,1,credit_card,10,1479.51
fb85c019b52b1481af6b89a96b84be4f,1,credit_card,10,216.64
af6cf105471a4c8fc88ae0af594fde44,1,credit_card,1,92.20
10b26ae59835a2a63aa53e2da4ebefa9,1,credit_card,10,121.50
f5b1cfba9fe979f87dcfefc578010e8a,1,credit_card,1,34.05
43776dfb549a4d0a2d069bfabfc4b134,1,boleto,1,111.19
1dc15f1603f062d0d4b587b55dea3006,1,credit_card,6,639.98
b6ad79d84c91bb9d11720468017c168e,1,boleto,1,85.49
770be1c6a043c4e99e830bee3f5eb024,1,credit_card,1,82.65
9870255ce4fd27e8b651ee15e606d903,1,credit_card,1,35.00
bfa7102f2f9eb8afc761f1eedb37c744,1,credit_card,1,230.78
203a651bc28694f332b40c3e61bf8e04,1,credit_card,1,442.26
bc7378e3329da5c228531efaaabb18ae,1,credit_card,10,174.21
5342b9531898bc55c9af92a2c49dbfba,1,credit_card,10,688.24
607e1a17f3e649f24abe13bb0dd25abe,1,credit_card,1,156.92
b12c008387c613526c4560e87f3f0dbf,1,credit_card,10,128.56
36750bfd3e70a5f8f95edf2e28f1d60e,1,credit_card,2,135.72
ded320f8039d7a35a324cf22f83fdf67,1,debit_card,1,445.60
25a41191628ff8e6be3cfb655337cd75,1,boleto,1,28.48
8f578fbe296dae4b9f11a4996da9c47d,1,credit_card,10,741.44
b9f985da9b5605e8f6b1fb0558b8c88a,1,credit_card,2,203.74
0c505e1ce394e4cd4ccaedf5fcdbc9b0,1,credit_card,1,38.23
cb7c837f8c5240816176dc115c21a746,1,boleto,1,238.56
89451210b2cc4272b890f6f79cd9f065,1,credit_card,2,146.66
57cb57d559e32eab26b8eeaec5514b3b,1,credit_card,10,162.57
c8cb7b0f298cd146d61e1ce533494bca,1,credit_card,1,130.26
23e7b127e0b192c6d4d455425d54d44e,1,credit_card,1,77.89
22cd5c06a19914a8094c39a506a7ac05,1,credit_card,8,162.55
8b9cc01337bcc7c9bf25da79353efb6a,1,credit_card,1,81.78
0607a1c003c16725855f65d6b738028a,1,credit_card,5,64.08
491a1961ff53513a57fa193570a11311,1,credit_card,2,40.28
aac103aa82ea3fbc312b34cbc349859f,1,credit_card,1,34.03
7053640a1ecbbfb050910ab2ea8b2183,1,credit_card,1,53.79
9ce40c402845819d3d1c88eb10a41e4a,4,voucher,1,10.81
ecacbdf9dd9ba3bb85ace7edb81d157c,1,credit_card,1,240.10
bf9550703d5af230399ad5d1080d6683,1,credit_card,3,121.68
b26d0e4b269b9370121538ab116bb04a,1,credit_card,2,47.59
86c6e56273d0ef4bd22ba9fdeac0a439,1,credit_card,2,45.48
8c695ffcf56400764176fd1789ec7fa2,1,credit_card,3,32.50
a5a1cabede9ba7b85cc04f0c65bddb88,1,credit_card,1,58.52
2ed35bba35070885f6e0ff68cefe670d,1,boleto,1,92.24
adb5229ba2403ffab5e2b7cd6e33459e,1,credit_card,2,27.77
e488cc26536e9d4857ff7e4605f3220d,1,credit_card,8,86.09
2025b5bad835a500f8422436e24bd78f,1,credit_card,8,351.48
3e209a35ca9fb429434e538d9a015df5,1,credit_card,1,114.42
0726665518da3a4e1b9efff4de0089fc,1,credit_card,1,52.28
4f11c536ca6b0a28ea1c7583d6a5df63,1,credit_card,3,208.36
b9942ad6dac0292bceb320c89a3c9736,1,boleto,1,116.84
6a233c2059af7138039e43722cde5874,1,debit_card,1,33.37
f9021afbb4a99d23f8e0adc2c702ad95,1,credit_card,1,189.01
3a5271b57335b6f18985d213924b3ca0,1,boleto,1,81.72
e9b3258a406a55c86715a28bf26c98a0,1,credit_card,2,76.87
efdd2a16264f8e4d18564f8e7deb071c,1,credit_card,6,62.91
19f4c2e829ebee01e0d2a9ea2168929d,1,boleto,1,105.37
bd78f91afbb1ecbc6124974c5e813043,1,credit_card,3,60.81
b84153f6ef50c6f07d2919e984c1f761,1,credit_card,1,133.38
a140c8837fe93faea735fdb258215911,1,credit_card,10,591.87
d0c925dd85481e3b99bbc725dc56e1a9,1,credit_card,1,92.78
db582aca3fc2d44e76fa63eb576032c5,1,credit_card,1,26.61
eee612addb28b4837f3a8d9ce54e31f8,1,credit_card,2,189.56
2fac55edfd9754d1a0e7ecc67d48d08d,1,voucher,1,10.46
802a16d8b5c3a74a38cf9216f429c469,1,voucher,1,13.40
1c748687e58d9c5b30aa8ffff5747fe2,1,credit_card,8,88.49
6b4063646aa51aca70fd0c745ded2155,1,credit_card,3,33.77
4190ab61a7fced69f3ee84d1da1120cc,1,boleto,1,211.26
ff027db47fd74b1bcf2dd6c24f0b809e,2,voucher,1,89.64
dbe5b409519c5dfb85b5b0955913e5af,1,credit_card,5,105.66
0f0786fde25cb2b2b4cfc59128ef8f83,1,boleto,1,75.24
e8f4435c1db6d7bf9e191fd9bd6a6682,1,credit_card,4,45.78
2529a7e429d36a4fb9ada1b677a5ed31,1,credit_card,3,71.79
8e1e1daffbcfac661558e71878b2780c,1,credit_card,5,153.90
1852019948d9a47a6c035457a6f71410,1,boleto,1,88.54
7029824369e12a2c4102565ad3f2bd50,1,credit_card,1,35.01
1bf38e3450f15beeafbebe6e0665d612,1,credit_card,8,250.32
dfe489c4a4bbe366cd2217b8503d206b,1,credit_card,2,104.28
016e4acfc34b9f2abc69795f47c92f0e,1,credit_card,1,52.78
9cd2736eb96c50673ad7bb77faacf085,1,credit_card,1,67.50
e35cd7f16895b57bcfa47358049adb16,1,boleto,1,115.94
b9caafcfce2316e8aa42f6cf6327ff02,1,boleto,1,56.72
416c076dfc39af8d2ac638a07641414a,1,credit_card,3,58.05
b5f13aa3a46ca3005d39389331866fe4,1,credit_card,3,299.70
3ef7c7b43ae449415675a6c34720b78e,1,boleto,1,403.32
39e9813f11fbc948f71cfaf189976662,1,boleto,1,38.42
104cba315a10ebccef0e851792083040,1,credit_card,3,99.67
986da3ca575a68c698729794ccd67dfc,1,credit_card,1,67.76
5d1ab3e75c76552ea4661a441fe24d78,1,credit_card,10,195.50
ed9ddf13b205161d8ca32de15a50a5c7,1,boleto,1,155.73
562076d60c251c77097429565cbec0de,1,voucher,1,66.50
6aad3bed746944c70143bcbcadb6c5ab,1,credit_card,4,119.64
af19069eeb42e10ffc3f2eadee886c49,1,credit_card,2,55.10
efed8668846db8134d128f21368fd2ca,1,boleto,1,28.13
03059ebda0b2ad61612b300fe34ed8e2,1,credit_card,1,58.94
376cc9a8f827d17966ea7c4b182f4426,1,credit_card,1,71.21
8c8527960c6b98fe66936cff2603d394,1,credit_card,2,58.78
432c5d90dae98b9496ac75c5108c530a,1,credit_card,5,57.50
b9e191cae053d808e4c2573a0a241dab,1,credit_card,2,50.59
7cba130d7fd9cbf1fa889eaaf7c89d29,1,credit_card,5,287.00
c05e92bb9bfed43c6e5b6d3723fbcc2f,1,credit_card,1,44.29
bd0ece9767b9088d339d9f68ed6a4738,1,credit_card,2,522.73
85fb2afed45145db40381a894fed8d1b,1,credit_card,10,269.08
95fd02c37f493e9525e3d3c1ed54653a,1,credit_card,1,98.62
a7b1a54a2b2cf96cfabf303fccafbc3e,1,credit_card,2,99.90
faef665b7a0746076cdba7746c217cb0,1,credit_card,1,154.53
5c94016e2e826e386554fe7e183161e0,1,boleto,1,47.82
1e077c24035d25ddca3736f56d3e19a8,1,credit_card,3,100.34
e989ba2c566a8bba506c12084cf211f1,1,credit_card,10,566.05
8aaa6469d7ef4134e807e6b4da146012,1,credit_card,6,60.17
413d21c694c928b464c2cc8d3904b2b1,1,credit_card,4,68.41
21e751f0d78afdfe36cb0e8fe45360d8,1,credit_card,3,206.11
a5c681209e1bcb90066e530c285ce2c5,1,credit_card,2,98.44
ea9fa4f97dba6807fd178a433ed17032,1,debit_card,1,29.69
1bab677b9e102b60c7e4886e44d57a98,1,credit_card,2,91.53
4a0217620e6f7eeca8f035dbbd03a174,1,credit_card,1,255.07
9436cfaa861428f70a41ac0a7e91d752,1,credit_card,2,47.87
25dbb5b0e8fffe7add495cf01a2893d0,1,credit_card,6,767.29
ea1210816b91efb1908d9ba1bbcdbbba,1,boleto,1,201.15
ab208b143122e9e71bd46dbe322baf85,1,credit_card,3,32.63
47f3a8b9c3d8dffb6f878768c73b0971,1,boleto,1,114.22
02ea547b6d2ee25305588fd50df58b46,1,credit_card,1,39.64
bde485bef13be8b3bd38071e027e954f,2,voucher,1,338.87
af0d9307a328df54ca2c27eb08cf62b2,1,boleto,1,247.48
c9cf1b341e0a14fb94022101fa6c4604,1,credit_card,3,147.48
3783fa21a4b027e3da0b6b3db6e1dc3f,1,credit_card,2,468.94
9e99a131a8798c3985381f4f7c96d56e,1,boleto,1,164.01
963ed653f00e0f3db85dc163baac579c,1,credit_card,1,115.25
0410df130bab1cdcd13e23044ef9d76a,1,credit_card,2,124.67
2fac55edfd9754d1a0e7ecc67d48d08d,2,voucher,1,11.60
50d00c9680bdca4f471658f02ca144c3,1,credit_card,1,326.78
7d51d88244e80164e317acbec4b7c643,1,boleto,1,57.96
1b5364692444d3fa21966ab73ae925ab,1,boleto,1,125.42
b1cc959223d3beff53d4aeb97b8b6a8a,1,credit_card,4,186.19
0583f502e04564cfe79eb0e4f5939729,1,credit_card,2,220.88
2e1b28b55908e9904e59370fa0ecbb8e,1,credit_card,2,129.46
2260cb2dc43ff44ab9b095424034c741,1,credit_card,1,27.79
93c7ec2b9638f73ddcaefac525f4d7b6,1,credit_card,1,70.52
171494d5a0a3d21f98268f2aa9314a18,1,credit_card,1,133.85
55f4f83d7685e3e84fe9ee9fdc7c953c,1,credit_card,2,94.04
2b25df22054b449145255218a1d25552,1,credit_card,1,77.24
7955751dd5fe4fe14b9e9a89fa14e917,1,debit_card,1,67.36
24a6cba94937d6908dec93e82249d67e,1,credit_card,10,427.54
66aac47537a2b6a195103fcd5690996d,1,credit_card,7,135.59
465c2e1bee4561cb39e0db8c5993aafc,9,voucher,1,74.81
5ba242824fe39eba234565e3f8c174be,1,credit_card,3,78.11
50cc103bda59bd29c59f33e00e19b4e7,2,voucher,1,50.00
3951193545025398d0fa18b7e2f836be,2,voucher,1,44.59
49f0ab1be4dd7914c9fd7f8b0e7bab69,1,voucher,1,118.35
7f3c194d0984c02806d2b6a3f62cbf59,1,credit_card,7,71.19
7dbe3b6d08b31967f83f9c26988bd7c7,1,credit_card,8,391.87
4325d8ef762f1699578d3cc516484f2f,1,credit_card,1,65.94
b938ac4d34d8d6e6cb9f8dbfa2042cc6,1,boleto,1,51.42
592791e8c354caec0617c0ac1a9fd2e8,1,credit_card,1,24.70
b5c4f14a0dee74d81b66f57da41ef77c,1,credit_card,1,26.45
a6c258c89be1621b6e7c2bd85b4c866d,1,credit_card,2,143.25
ec902ac3921edfeace159efd4f973840,1,credit_card,10,769.96
93f5bba371d2fc9de34cea400e4f05ec,1,boleto,1,112.89
aee0d5464f3b889a06716a820b1a60e3,1,credit_card,6,163.91
fdc0ec1ee168b2b7c9d3a501b0d1d69d,1,boleto,1,79.52
4d9c8dea9380270c4d8151980f6c579c,1,credit_card,2,72.53
f38176af08190044aef2fe48eb38365b,1,credit_card,3,315.26
50dcbb2a2604b38d231b84bde3f62227,1,credit_card,6,86.15
63427723caf2bf22cb154f3d26951677,1,credit_card,10,118.28
fc8cfb0445794a015aae85ee6bdcf12b,1,credit_card,1,130.01
21196c30747231d579091396af990f0e,1,credit_card,14,149.63
5445faac2614aebf5d7b9435b1d71185,1,credit_card,8,87.96
e36d390b90de532ec095695e0fab74e5,1,boleto,1,70.72
4e3439f5dfa664c3a1dd0154a524f7cb,1,voucher,1,47.23
fef88a82df9affd47bdc67a4c8bbe4b2,1,credit_card,1,94.30
38793c3d7ddaedf4e05f8fe9ce42ccf6,1,credit_card,7,250.91
1b3c6f127c67654015b4f2a7b882ec40,1,credit_card,10,670.77
79617f3124fcf7a760316d99421bd30f,1,boleto,1,52.95
2853618de7610a6cb28d21b99bbb4dfe,1,boleto,1,209.21
8773f85e9426581a87796b56cdd8eff5,1,credit_card,3,68.22
83ac7baaa477085adfafa311103efaf5,1,credit_card,4,108.51
3cb36784c17acb3eca55ded497da243d,1,boleto,1,19.78
4618b886260f174ba97bd9a7b81b01a5,1,boleto,1,52.69
cad0978e6d52213f4c78b26626fc40c0,1,credit_card,1,189.58
3a217ae7bba6a3b59b08a0bf08610b52,1,credit_card,1,137.35
fa5dc4c3b8326a0da88dc49b20e0ed27,1,credit_card,3,190.48
1fbb2db5f09b8f2fe37fb58c85d2e301,1,boleto,1,151.74
1f67d1f09d1858b5d12a7548b258fe95,1,credit_card,2,74.21
5586165a8c737d52401ee3eadb09f980,1,credit_card,2,125.43
2ba265d6ef87c9d7e11c3e3b142b3136,1,credit_card,1,109.67
5e3eb18fc8a18f4ce40f831b01532b4a,1,boleto,1,46.10
c57d4208bbf0984e623a7f5dc58b99ef,1,debit_card,1,37.61
960dbad4c14e64cd6b327fdccdb2d231,1,credit_card,2,181.24
7ec6638456231f1eec19f7de8723f269,1,credit_card,2,143.06
76931aa364051d5d57f6a23aa352956a,1,credit_card,1,341.00
5290c34bd38a8a095b885f13958db1e1,1,voucher,1,206.88
224a57164e7d58e7d551cdc70d6d902d,1,credit_card,2,50.65
810c5451b24e7565d14608ed85dd3624,1,credit_card,1,10.01
3ae04700e729d283cfd0b9d1f9fdfec6,1,credit_card,3,193.17
6620ebb2d24058461a5605a2aa2c6375,1,credit_card,5,315.94
f3239f4f6c8cdfc9043534b20c0b6179,1,boleto,1,64.00
213b90d88023016a64a20f6f19d2aac7,1,credit_card,10,175.82
a44bccae654f637781e1918da79f4fd2,1,credit_card,5,160.81
06ca213ef85421d96ee0fe529d0f5885,1,credit_card,3,61.11
8f150b9a5714c94537d31215f638db5d,1,credit_card,3,66.69
47c3ce4efeeff5eae692f5d31ef009e3,1,boleto,1,233.81
6dd0712b5d9d31ab2b006f7b510e8720,1,credit_card,1,41.86
c2a6e9e49e5282ea4882c738f6137303,1,boleto,1,48.13
491f5fabbd1c4d86ab4ae7a2024d7368,1,boleto,1,193.02
ad47c55e7dc71d935ccff9650ff1beb6,1,credit_card,3,99.70
6940e87346db7bae9c22f3b52ea437be,1,credit_card,1,34.85
8006b152280a7ed38378fc8eaa989a7c,1,credit_card,7,78.03
90540cf8cf4df7ed6e10425cdfd522c9,1,credit_card,5,164.44
ba3f16abde04a2864215c98e536e2a46,1,credit_card,10,174.40
e4b054cad5be6beb018f30ae256b1672,1,credit_card,2,129.91
077a6d2bd20a77531ca2dcf84f5c5d0e,1,credit_card,5,57.39
1e7e9d16382d754d9c40321ee0b78634,1,credit_card,1,49.27
71081f5935795063b2da072531dcd1ae,1,credit_card,10,112.87
611422343cc9f16ead16e75de8622dab,1,boleto,1,259.45
789bf50b7eafcaff398ea0b735b4787e,1,credit_card,1,153.10
7b3a63734004e1615b3f06417de1fe09,1,credit_card,5,90.44
f679d90195e7c1e11563250d98edffb6,1,boleto,1,518.95
294f94df7d2ec239123fdca1a458e0ff,1,credit_card,1,162.61
d1f60863289ae7cd6e47fd70eae9bec4,1,credit_card,8,290.67
7b6d60ef9f4bea8469da80168c894820,1,boleto,1,113.89
14763e794086449f6d5cb89097b2afd3,1,credit_card,1,166.39
8b62c0757b9c458179c29c2ea24c7886,1,credit_card,1,110.10
0f62234641212cb7b178923f7820d1e1,1,credit_card,10,470.95
8f6f263a5e96515d5534199b74cb7748,1,credit_card,6,1603.08
fd9a39b683e84eb96a5c8a4f999f22ea,1,credit_card,6,195.00
3e1088f1c96e2b55ef9a070866bd1f1e,1,boleto,1,205.09
0987ca7d6618e8d1a3bcc49207d6f713,1,credit_card,5,253.40
882dd62cfb645823fd2fe550592fd4fa,1,credit_card,4,101.75
ab377121ab607d829a167d9796781f67,1,credit_card,3,38.84
6636dd85ee82b4092b9214cc640adacc,1,credit_card,1,66.76
b031da90f1946edd12ee2587d53c667d,1,credit_card,1,192.75
049c844d7707d97ba1600196919474f4,1,credit_card,7,144.54
a8efe989c98ee6abeb71302e009de4e1,1,boleto,1,190.06
0c63a4c9a17deeff24d65bec51f3a5ec,1,credit_card,4,42.60
840a77e5812e6cb838f4957339f5aa2c,1,credit_card,1,81.78
514290e30cb76393d6623ca6d7d79ee0,1,credit_card,1,115.90
3fe0e2ede93f661b59fb83477ac2695b,1,credit_card,2,24.38
6255b494d1f33dd8dc68c7e80c4a7119,1,credit_card,2,201.82
7f2765cc6719de94716ce2c081b27f02,1,credit_card,5,195.00
f02487424b729284accf169173a4c240,1,credit_card,2,51.41
34e52c9f5c9ec68a599473a73c06a782,1,credit_card,1,95.10
4014ecd96ac1d06f8cca3ac729c389ff,1,boleto,1,53.62
2c55979729e848c9614426ba49826183,1,boleto,1,211.60
c5c9e31d0a32df5f612ca8f9b04f8574,1,boleto,1,554.94
b4c9f083bce61caf47fb38f9ba058bce,1,credit_card,6,125.12
8d5169ccfdb4902626694da89865ebd0,1,boleto,1,100.27
465c2e1bee4561cb39e0db8c5993aafc,12,voucher,1,53.47
aa45e41799067f67755e2e4e41925aa3,1,credit_card,10,171.44
089a371eeab2f86ebe76b23a4c99d3b1,1,credit_card,4,230.95
45a6db7c0c90c420e4659ae681f7e761,1,credit_card,3,232.94
0e717e310af82d130a1d253cd5fe8c7c,1,credit_card,1,47.43
9ce40c402845819d3d1c88eb10a41e4a,1,credit_card,1,18.90
7f93c9634dcd85e4d1384f583a74ea58,1,credit_card,14,145.14
3010db5aa9feaeb7bf56382abccca96f,1,credit_card,3,141.50
156282e58da82d36a58582a6a94211e5,1,credit_card,4,90.49
3683a05264a0926a8c06607f4623a0a3,1,credit_card,8,215.14
b033a34245ae159e80dd599b3c5cb92f,1,credit_card,1,188.00
f298d9cc0b7aea1a3bdf95d298c3cfc3,1,credit_card,1,68.97
d86e65a13d3e7a90d876cb6b9064f1ac,1,credit_card,1,207.50
175e7244409a1c34674cdd3407e25808,1,credit_card,6,214.32
84db939b1ab9686533e9a06a0354beb6,1,credit_card,6,142.14
b57278e94a17f53f5a91bb0aab49c397,1,boleto,1,56.86
2c6cd2338f9bbc7b19f8177e89e633fa,1,credit_card,1,21.43
95bdac6e96f88756554972d72c5d9591,1,boleto,1,55.41
01f48b2a27229e667db384b5b9d5dfa4,1,credit_card,3,68.19
b9f31e3a32f182587fd629c681118d79,1,credit_card,7,517.24
12589ddcbcb65fc7420d1f32a15d2169,1,credit_card,10,722.76
065f2124da64e6bddb1120142f2ad73a,1,credit_card,9,625.86
40ccb6520c6922d1712766b66922e72d,1,boleto,1,21.04
f1b64d15b1fe4c26aeffdaa46fa1004b,1,credit_card,1,46.23
85599745768805ce8a4885e5098d0d9e,1,boleto,1,48.30
dde21840bf52f7327e815543b86afacc,1,boleto,1,180.30
3339caccb4f94a45abaf8ed1990cfc36,1,boleto,1,16.78
8c2a179300bd39a4eb4ef85647f8a68d,1,credit_card,3,122.57
b7bad41b595c73cedf79fe679bf246d9,1,credit_card,1,104.40
20b44662cba0e4e87a3d794343c1076c,2,voucher,1,31.66
815b68de0bc7fa6c117e4bcf855734ef,1,credit_card,2,80.55
e37462f737a59fcd8f12079e0e927205,1,boleto,1,47.69
3811f683228f7e91c35b0fd2a705af27,1,credit_card,2,236.46
c9abb9f3b4b71b87bfbc5645a02cf8cc,1,credit_card,3,185.80
0724f5287d69b7a3fbcf9ab02054ca4a,1,credit_card,3,72.20
522b77c3143ab6fcea6d948bdf2029dc,1,credit_card,2,125.97
3b3c727f2f017c3efa05f74a729727d0,1,credit_card,6,120.08
8900d15492ac0e3b382fd3bd53c17e81,1,credit_card,3,141.74
cd8676507ccbfc96f9e0908910b9e0bb,1,boleto,1,163.53
40c42d9f9f9e938bae28e7716b4a748f,1,credit_card,1,62.01
683eec123803850e3e35c40fb6d5dbf4,1,debit_card,1,64.22
07da984520cb8c0de39f0b96b92c08f6,1,credit_card,3,66.31
1be5aa7ace982878dd1d68b4ed258127,1,credit_card,2,59.86
f237e8ddc05a21386ec9441d40f8e09e,1,credit_card,1,4.75
01a921eb5bf5df0c2990e62563ceca49,1,credit_card,1,158.70
819cee97d3d5daa9991a8ffda20fc62c,1,boleto,1,36.69
91c52e15672343c61768b4d10597eea8,1,credit_card,1,87.90
01311f2795d8463a11f9422173687696,1,boleto,1,128.46
cf7cd0f395801ff5971596509470129c,1,credit_card,3,190.25
12656ffa174ee7dd1434940b8e538f32,1,credit_card,1,32.38
2def71c3b4ee133da4476d4d0ca8baa0,1,credit_card,1,65.57
9a21763c2fabd9e832206b8020910d1e,1,credit_card,4,207.61
05457977f35122e71095989d738e4a37,1,boleto,1,243.07
cec61a2f94f55b2b392379dfc9a402ee,1,credit_card,10,112.30
b989c3785c2432d0617d9e494703c478,1,credit_card,3,73.05
2e4e2813ad5d8dd8582c22307207f800,1,voucher,1,135.59
2204bbb697844bd29a5e76a067ca97bc,1,boleto,1,49.34
72bd19ef4fa285334b95bda01a3718c7,1,credit_card,6,62.06
991a833f96a0e2a37ff3edab5969e44d,1,credit_card,4,48.13
7f3be76847c89f58b912a7adf2d77f3e,1,debit_card,1,37.83
d982abd090f18bcf182f0a41284696c1,1,credit_card,1,45.03
539dddb1ac06e5b2d492d27c95d05504,1,credit_card,2,125.23
7282f35aaea3e151109787d09a275ec9,1,credit_card,3,39.70
21b91053280b58b39247f63e52fc4c6b,1,credit_card,1,31.78
5e526b01963709e583bfc89cac4d9f2a,1,boleto,1,139.38
0e1ddbe485dfa358d24e22e5394d0484,1,credit_card,5,396.52
3dcb917fc27fe1beee3ddbea0fd4e9b0,1,credit_card,10,276.08
eb3042b24ee09562fc9367cd1c24947c,1,credit_card,2,119.93
09dda1ced4a7c14c742c7f2678c36641,1,boleto,1,145.24
753356c741c466246c76d087610811e9,1,credit_card,1,82.73
1aee3456393950993d316010ffc4088b,1,credit_card,2,169.49
77749ba00bdd3c6d19363c493a38bea5,1,boleto,1,130.73
9c4dfa7a4f01d5042e9363edd0c7c7b9,1,credit_card,2,128.88
52432d42fb818ca588e38c5067f73c3f,1,credit_card,3,86.02
fcc0c3371e0af4947b6b4c013ecc6e35,1,credit_card,8,195.90
05535f67cf6802000ad3107136cff4bf,1,credit_card,9,116.45
177777137ce0af9e9cd2cff572728cca,1,credit_card,8,261.46
f237e8ddc05a21386ec9441d40f8e09e,3,voucher,1,11.12
61d54e16685b5da6db2e220e6588c376,1,credit_card,4,203.23
0f30dd4c9af7aabbce81fc381ce2e807,1,credit_card,1,56.69
2fd30a0079e9100628c92bb583ff56ec,1,credit_card,1,47.62
4f53648717b48854fb9db283e2cf5d27,6,voucher,1,4.74
579332417ec95ade5b2e5ebe06de5d2d,1,boleto,1,116.27
465c2e1bee4561cb39e0db8c5993aafc,6,voucher,1,13.40
ab463224aae0075d819f1a6a7d99e9ab,1,credit_card,1,65.40
b7fa03eeccba341d5ab0dc86bfb1b08c,1,credit_card,1,103.05
c24d2f7d4ac8f5e961e730da59972c7d,1,credit_card,1,59.93
4dacdd4bc2de0f5f0aa9e11a735e8e33,1,credit_card,2,138.02
80b088ae48ba538f0d70f0eeb541ccfb,1,credit_card,4,88.36
8da21fa53a570d0624c7a5d0c14c617a,1,credit_card,10,252.68
3fa77b110b9ab22eac07c61566e1370f,1,credit_card,1,38.96
