product_id,product_category_name,product_name_lenght,product_description_lenght,product_photos_qty,product_weight_g,product_length_cm,product_height_cm,product_width_cm
f8f6fd145cc00519283cf3100477b2b3,esporte_lazer,47,956,1,1050,25,20,14
75b4372e69a42f8ae1d908c076f547b2,beleza_saude,22,1313,1,938,29,22,23
af16005fca813272caf59c432153949e,moveis_decoracao,55,1186,2,800,53,8,20
56139431d72cd51f19eb9f7dae4d1617,,,,,200,20,20,20
f9471562478eba8761bc985b968a0092,utilidades_domesticas,38,390,1,850,18,21,15
4473f3e5c65952b074ef987fa5c24662,telefonia,59,776,6,350,17,4,12
657491063e8a63247a108a4d9cedf020,brinquedos,25,274,1,3050,40,10,40
bbaef2eadf31fe3ea6702077398be06c,perfumaria,45,1003,2,400,18,11,11
0e40b1ed4cfd3da1962ec91913e54ba8,eletronicos,52,424,1,175,22,11,15
302a19dacdbb5ed2f74f9dee8126ef79,bebes,64,882,5,300,17,7,24
c6336fa91fbd87c359e44f5dca5a90ed,esporte_lazer,39,772,1,150,16,16,11
3da6f3c6c1ac8c36ff45b1a493a44e82,moveis_decoracao,58,1969,2,3000,69,11,11
c04b8195870068ff5c495f269a0bc993,livros_tecnicos,54,1162,1,1100,29,3,21
bc4a074ab7a7ff14e98fa64671a79dc0,beleza_saude,21,1000,1,1450,25,25,16
c354569eefd558bf201d0aedf35608ed,cama_mesa_banho,55,166,1,700,49,4,50
22776ebd2bfdf5f55499fd324862a673,automotivo,42,878,2,500,20,8,14
06efa56b8557e1efcb2c107f55d1a8dd,ferramentas_jardim,60,481,4,600,19,7,14
0bb7cb61f1957f79dac582ab66ccdc1f,utilidades_domesticas,45,561,2,553,18,9,15
288d91794eb2b14fed9ed5e469cb87c3,cama_mesa_banho,52,701,1,1100,16,10,16
4c505e52bedf9651c08793647c925e65,cama_mesa_banho,58,744,1,350,16,10,16
28e410092e56a080e14595c053d0bbe8,perfumaria,45,416,1,200,16,16,16
590d6cb76092faa04d717fe406c66f88,esporte_lazer,46,254,1,2653,53,15,36
9d0a2db5144d569d5ce5375bb0f4de36,cama_mesa_banho,39,347,1,75,17,12,17
05d7deab2f99410d5fa21a75deaa1fad,fashion_bolsas_e_acessorios,52,1383,4,750,36,18,36
3931aaf38ba4cc928100541ff51b82ff,informatica_acessorios,45,554,3,400,16,4,16
2b27cb23faa03f71607fcdd1539387f3,malas_acessorios,59,857,7,1100,35,14,29
270c3d76b5efb36480487920cec3e167,eletrodomesticos,57,335,1,1250,22,11,20
fc37e09bb4dadd1eef5e92e954b1c72e,bebes,51,1243,2,500,30,6,23
0011c512eb256aa0dbbb544d8dffcf6e,automotivo,58,177,1,100,16,15,16
914a1be6110e7ce3289dbf55ec0d9704,cool_stuff,58,989,1,2050,42,25,15
ba3fea9ec13fb882dda6c9e4295d9130,relogios_presentes,55,266,3,667,20,17,18
121b9686b9929855d823981fc655a6fe,utilidades_domesticas,55,747,1,6250,53,23,28
0a2fff0d95ef3bbb7dffc618f9542ba9,relogios_presentes,26,567,1,283,18,12,13
d0f5d2822e06a19526cb384022af2a9a,moveis_decoracao,55,743,1,2200,34,8,22
95f2828625576b34ab861ef4b029a7fd,fashion_roupa_masculina,33,939,2,950,40,6,35
ca26080d8f0fa848c329fe732f5e34e8,,,,,1800,25,25,25
bae8ac5e125a98fe445bc17714104709,malas_acessorios,57,455,3,10700,40,100,16
4b232d5c1ec0ae0d9cc9529b97d75984,instrumentos_musicais,56,349,3,200,16,12,20
53b36df67ebb7c41585e8d54d6772e08,relogios_presentes,33,523,3,584,16,11,13
1ac09f60f3c3bc2021c637ef23fa3248,brinquedos,31,735,3,600,20,20,20
036734b5a58d5d4f46b0616ddc047ced,telefonia,58,751,5,300,17,4,12
1860b96949f9ff0adcd5e2c340d32e12,automotivo,51,966,3,800,21,8,14
3ac52f93c2299daa201fbb7ff36546f7,informatica_acessorios,60,401,2,150,16,5,15
44dc6124432da8482da2977dbfa88f59,beleza_saude,59,1343,2,150,16,13,11
b15b38f8a24ce6254dfa5bc5a06f18c5,automotivo,50,214,4,1600,25,9,17
5a719c85a2cad2da6076ea511aa4023f,informatica_acessorios,60,1873,1,225,17,17,17
0751d46ff778c72973f67da627093303,relogios_presentes,57,623,2,317,18,13,14
9474f3c0da0c4fd0bdf88cf6ac1b5d04,moveis_decoracao,51,208,3,200,55,6,55
169837a0e2864f37482261c3d7a2dd80,beleza_saude,53,3826,2,350,20,20,20
ea44caac707f7f1325182a538007f838,bebes,59,809,5,6600,45,25,35
90f97298579cd20412fdcc9b7a2d4b6b,alimentos_bebidas,31,502,1,475,20,16,13
2ac7c9339ff85fff3e1aee3eaf7bb315,utilidades_domesticas,43,357,1,217,18,5,14
7dcc2e60786a27f4a3115fdf666b81fe,fashion_bolsas_e_acessorios,60,487,15,500,20,10,20
a4c27cf9767fe2b589251c764b891eda,perfumaria,58,1061,2,368,22,15,18
2012a57204f00f8fd57f8196130bee26,cama_mesa_banho,54,660,1,1050,35,3,30
c702ae743958a81cd230189d4e72674c,informatica_acessorios,41,344,2,183,23,14,14
7b85e3deef35afd6ebed5461ee8f0641,informatica_acessorios,56,617,1,1583,18,15,12
15d5088ad671c687e6ee89b9ba4e0766,eletroportateis,25,812,1,17325,35,40,40
edec8e73963826ce09b218ed8cafe3a6,utilidades_domesticas,41,171,1,4513,47,32,25
a9e0a3a894f4bf7844830c090853c3e1,telefonia,49,79,1,375,18,10,16
77e56e1e099429aab02aa75e36831eac,cool_stuff,47,1369,2,20600,53,45,53
d2f2c2b94c6ac44ece0bd0dd202c7939,moveis_decoracao,54,241,4,1050,32,12,32
b62c4aeee36fc51b2bd7fa2e5c3268b2,automotivo,54,1120,4,1350,25,10,20
b50c950aba0dcead2c48032a690ce817,esporte_lazer,58,2584,1,1800,16,16,16
83b92639fffd1d55c9e04c77c86d8d2c,informatica_acessorios,56,901,1,280,20,15,14
d696750e550fd0f733979dd7e5dff921,utilidades_domesticas,44,916,2,950,53,5,13
90d0b33a310abf581b6eb73e4f40d0df,utilidades_domesticas,30,718,3,100,17,28,11
d4f91ac96799dc3d9221293e29892e30,brinquedos,43,713,3,700,35,7,35
601a360bd2a916ecef0e88de72a6531a,cool_stuff,33,897,1,1600,42,25,15
e942040a23d73eb3598f59fccaba7df8,papelaria,45,319,2,1450,20,35,29
8e2e504e3be9cc0ed518daa0e271acf5,bebes,42,831,1,417,19,13,13
cf1d8e226162a1d0ad61f29b7ed72d82,market_place,53,1377,2,250,18,8,18
eba7488e1c67729f045ab43fac426f2e,perfumaria,43,259,1,610,22,14,16
042535091ac9e946489c2155a0392c47,utilidades_domesticas,23,162,1,300,20,4,19
5d1d8ec5b31c5c359f10c4b23b819170,moveis_decoracao,58,867,1,150,19,5,25
ae1fe986145cc9e80f0d7753d669989f,papelaria,49,181,2,10850,60,20,29
154e7e31ebfa092203795c972e5804a6,beleza_saude,48,575,1,100,20,15,15
4c8b28305f570899b6ded964ddd234a9,moveis_decoracao,51,767,4,550,34,6,23
c7e02747ef9366a4fb7f4ac4fd261c36,informatica_acessorios,59,2168,7,900,35,10,19
4f3192a28c9da057319996e1502dc216,cool_stuff,38,1499,1,4317,30,40,28
eed813e00d01572cb589f87199d081ad,informatica_acessorios,56,358,1,400,16,2,20
7384a19bf6df5d6139bc52286cd26c2e,alimentos_bebidas,46,553,2,9550,57,40,25
3a21e6f5a154a5b03b6edb8fc6b24c5d,bebes,58,585,2,220,23,9,17
19c91ef95d509ea33eda93495c4d3481,beleza_saude,50,1257,1,700,25,12,19
1cbe6092926b24ecacfdeb748bc34105,automotivo,52,666,1,4950,65,25,25
0d69c82f1bc2991a5ec6fff3d803876b,fashion_bolsas_e_acessorios,56,1666,7,150,17,5,19
9047a9fe0b7e4175af012bfa793890cd,automotivo,59,344,1,2050,25,25,25
bc048769f430e8e98c07bae3108a422c,relogios_presentes,44,546,1,475,19,13,20
0e35a413d832e63c5d46101b7c88de0f,moveis_decoracao,32,165,1,400,32,5,22
8747974bad06af6fbf0f2acf33a55ddc,eletronicos,59,1723,1,400,23,11,21
26782e17e3df2c4b6142ac9ddc0af5d4,moveis_sala,26,948,1,8225,55,73,18
40c9f84a8919516ca9b0d6a9f5ad27f4,fashion_bolsas_e_acessorios,45,802,1,100,16,5,16
ede062bcd13ef64b5cc87369e4edaf62,beleza_saude,58,391,1,250,16,5,15
a537bc52f4b925ec56cc9937a7601636,cama_mesa_banho,44,729,1,3450,20,30,30
783caabd539c4079ec08423e30719fba,construcao_ferramentas_iluminacao,56,1512,6,500,35,14,23
6803077179d24889430188e03fafd31a,eletronicos,48,287,1,100,23,8,18
d2f1cd931c7b76fefa93547cc1b4881b,moveis_decoracao,55,320,1,850,40,5,11
7f4e034245e45549110139d1de248f83,bebes,55,1629,1,600,20,13,13
1491a8ff192d4b5c369b0eaa2fe33ee5,cama_mesa_banho,46,162,5,4600,60,19,50
7b6669ccb9510397f7923a979c895733,beleza_saude,58,689,1,450,25,9,17
d05d4a7430d1293367ba2ffbedcdef05,esporte_lazer,44,907,1,300,16,7,11
1e618d311a1b7f88a9d96ec50aa85582,utilidades_domesticas,42,540,4,9950,31,61,31
9cfb95272c4cd1e98619d3bdea888a7c,cool_stuff,33,604,1,1700,42,25,15
e672fbe634ad07cce9d85f412becb2c0,cool_stuff,41,909,1,1400,42,25,15
158102fe543dbaeb84d87811bfe06d0d,moveis_decoracao,56,646,1,300,16,30,20
a0951eca8e874597dc3abaefc1940679,cama_mesa_banho,53,293,1,1250,16,10,16
d6693a8a60b625f2c5eff7f475b5ed22,cama_mesa_banho,59,277,1,5550,45,15,30
62ad9a8972411e333e16347051a98e2a,eletronicos,43,889,2,113,16,10,12
ec96b7b4e1401281edb9465d0d689cae,alimentos_bebidas,36,420,1,1200,16,23,13
16ed6a6e3fce23b741650437fe58d65b,utilidades_domesticas,49,1226,1,750,35,15,35
b756577e274d3a4793fc27209d7072db,beleza_saude,57,1502,1,200,16,4,16
55782cb82e0efe052da0a3da237da3b2,automotivo,60,1159,3,2450,30,30,30
00b4155166f994ba9da3cf001eb80505,utilidades_domesticas,53,786,4,1125,28,15,23
588ec31c89dea5de5dc87e15790df3f4,cama_mesa_banho,60,374,2,6650,20,40,50
a848f5d152bc4b1ed01d9d231f15cdca,relogios_presentes,58,784,4,300,16,2,11
f27aff266ad97e75d4a24c893b2c311e,eletrodomesticos_2,55,1345,6,8850,45,33,35
0ed9a84687fad2d921b09b0ebcc4cded,beleza_saude,53,423,1,30000,55,75,61
1c21c1ed398eae61184065889ca3d4b0,cama_mesa_banho,51,324,1,900,42,8,37
8fdbacf2ec7e78916268d1d11d544038,esporte_lazer,28,369,4,1050,74,30,25
6dde44b4172999f35f08654d06bad633,moveis_escritorio,55,1180,1,16167,64,62,25
dd99b3c94bf585d3a13a018e9eeed07f,instrumentos_musicais,52,818,3,573,23,11,17
9c1acc2ea8ce833bd5ef42aff75cfb24,relogios_presentes,48,546,1,600,16,2,11
f60e19fc3b0ee38735e6a6fefe937bdf,sinalizacao_e_seguranca,58,144,2,150,20,2,28
ed71a85647afea9562cd2a14b1ac8622,telefonia,46,156,1,200,20,5,12
01a2ad2b54cd734f78cb817da7752d8b,perfumaria,44,280,1,430,19,14,12
92c1eb75a887a500d9689fbad65e27e3,moveis_escritorio,41,1205,1,17150,58,61,24
f8714e3b95aadcbfb57568c5e09df884,fashion_bolsas_e_acessorios,60,188,1,150,16,15,15
35537536ed2b4c561b4018bf3abf54e0,esporte_lazer,59,1459,9,2100,36,9,14
eb1e85561435be5d1760939dac8c881c,agro_industria_e_comercio,41,472,4,400,30,20,11
f422d0d9f8b5f7c27289382b14b61248,brinquedos,63,361,3,1800,38,12,35
93c902b021a9e594f658ab1b0351602a,eletronicos,60,390,7,1250,26,10,18
5ed9eaf534f6936b51d0b6c5e4d5c2e9,cool_stuff,51,693,3,600,20,20,21
5c2bb11cf2149bd4d9fffcc1246458c3,papelaria,37,531,1,2283,27,35,35
656e0eca68dcecf6a31b8ececfabe3e8,informatica_acessorios,45,236,1,173,18,13,12
eee02ac99af9217137a2ef5eaad20376,cool_stuff,39,525,2,500,60,16,11
2a5806f10d0f00e5ad032dd2e3c8806e,moveis_escritorio,46,1350,1,11875,57,55,22
a96e543f9cfb2ecdb07c59321ff0018c,brinquedos,24,589,2,2700,51,35,26
487ff90293c6b5484d060de3fe409557,audio,43,676,3,325,22,22,22
0f96cb6fd0ba832f2d7a21d13b251526,informatica_acessorios,49,1245,1,2200,18,25,18
40c36dbe4fd510370d40e09ae7670a26,bebes,47,442,1,250,16,16,16
2028bf1b01cafb2d2b1901fca4083222,perfumaria,54,1536,2,250,20,8,21
5f0bdec2fb222061ed8fe52586a5957d,telefonia,42,660,1,113,18,4,11
43840498716c5a01802df8992c619267,moveis_decoracao,49,718,1,200,16,16,16
5929e483b6df44414c047cac38873fe6,esporte_lazer,22,300,2,650,60,10,20
8d7d29e5fb9ff5333009326c87fc04e9,moveis_escritorio,56,1070,1,7433,57,68,31
fa54ba82589db68838ebe0225c34f30a,eletronicos,34,212,1,16283,19,14,15
9c7a34846a13f5d0a066eb6af9ecbd87,beleza_saude,34,585,3,900,23,5,15
7c1bd920dbdf22470b68bde975dd3ccf,beleza_saude,59,492,2,200,22,10,18
8974fd022d2eca68246a2f754bd7de23,telefonia,26,345,1,200,27,5,20
4b2772e2e34787603725226af352e466,beleza_saude,30,150,1,200,16,9,14
e5eadf9be70a4a9fa514019542fc330a,eletrodomesticos,48,543,2,1200,35,20,30
7fa79f73326e6b9b13b79f60a435d4a5,esporte_lazer,45,570,2,725,19,14,15
cfe9e8e1f0400c8cc665d41722f34086,moveis_decoracao,44,696,4,1500,35,40,35
d6783a6e939059f756562de164efc447,moveis_decoracao,43,442,2,300,20,11,16
6c81db10f914c4d032b14fa93aa0a818,fashion_bolsas_e_acessorios,56,198,4,150,16,16,16
fb8e60e1a3c247d3a2e17f6986e71a40,moveis_decoracao,58,858,1,3250,31,43,21
9aa9caee155847cddb376a05b9a39791,telefonia,60,777,6,300,17,4,12
3d6ef61d81f0c2a0957ea6bb00ecfdb6,bebes,46,1658,3,10400,100,23,27
b3e40ff639c185b9d726b4b19c17e6cd,cool_stuff,55,934,1,2150,42,25,15
2604055d4992311bc72b115b6d5adda9,esporte_lazer,60,1971,3,1600,80,20,25
a7d5fa700644b265f69df9ee7ed60b70,esporte_lazer,59,716,6,2650,20,20,20
57f2bc497c1a3ebe41ba7a06d78ed159,relogios_presentes,55,336,4,250,16,2,20
181097c3de536f867a3c1dcfb06970de,cama_mesa_banho,38,365,1,1200,38,20,25
d6b21712ba181dea6664f1b3e09d650e,esporte_lazer,30,1826,1,360,18,14,16
c3f8ee7e05c01c61ab863e336b0f2e5e,informatica_acessorios,52,381,4,24050,60,40,60
82495477af19e76ed4b080e66298f2bc,brinquedos,56,645,2,900,19,33,46
0f9a07df17934769a978a9b2917ba8a3,automotivo,58,579,4,550,33,27,26
2f13d1dc8b4e1d9d8027be50339546a9,moveis_decoracao,48,895,1,2650,30,30,30
7855801875dac05bda454284be8be7db,utilidades_domesticas,58,1854,1,3500,36,30,32
e70d8bce868310111ec36d96f6d80a9c,papelaria,35,332,2,100,16,6,11
594e6c5d1c4a58f7936b5a7134f53c80,automotivo,55,1172,1,1400,105,7,25
ec2d43cc59763ec91694573b31f1c29a,cama_mesa_banho,38,735,5,800,20,20,20
ef305675b4b5113913f5998336fbd86a,utilidades_domesticas,53,2869,1,925,22,8,32
e9eebb8e8ba0fadb9020f8ba1c003b48,perfumaria,36,210,1,541,21,15,16
736f1b87428f9cfe5f5184c4ac0fbe05,cama_mesa_banho,46,684,1,1500,40,15,32
5a68d72870a735b2e7ec0277013f7aa6,beleza_saude,54,1298,1,150,16,11,11
bec79420ffee0e0e76e3b4cce2c4b1a9,beleza_saude,45,690,1,1200,18,14,14
2083a6feb4bbb31f6abc92fc24e468c0,telefonia,56,3135,2,150,19,15,15
15804bf9d24b0ff5a052ef9280ad6e63,moveis_decoracao,46,464,3,7300,66,12,45
679a3e5e1d2bb68982be5734c6e55e63,casa_construcao,57,565,4,800,38,38,22
d9bba71d1d1ad35925593d365a2ab43e,eletronicos,58,1473,1,1850,56,12,39
09b0d15a8cc9a84e7af7e0225f67dc45,moveis_decoracao,52,252,1,1400,20,20,20
c1ad8ac66c91ad301cefc322ba2adf31,relogios_presentes,44,371,2,757,19,14,15
1aa2ed670a95e9f475723707a7c3f386,cama_mesa_banho,50,234,1,1000,38,6,29
4724ffa427f315c485e39b02e21859b2,beleza_saude,52,1059,6,550,16,9,11
f2a286e75c6c6022c0e7242e12a39079,relogios_presentes,58,623,2,140,16,14,14
fa381a4a9af65ea5fc8f3829214045f9,esporte_lazer,60,1351,7,3050,62,10,22
b114bf337c0626166abe574eee9e3f32,moveis_escritorio,47,1398,1,13350,57,56,22
49c668b9d350a5836df4594378b09f0f,sinalizacao_e_seguranca,60,1144,1,150,23,8,16
79e42c4fa2bde6e0c828d23c4fb7df35,instrumentos_musicais,57,962,4,900,42,8,40
79938780eb7ffb7289f59a9a283bc06b,beleza_saude,54,1739,1,1300,20,20,20
9bc56dc1c13a3dd110faa962cabf1531,casa_conforto,58,217,3,950,30,20,30
a694f2632fae82ef419fd71587103dc9,esporte_lazer,44,461,1,5100,60,30,30
fca62108387e25005784da2f551466a1,moveis_decoracao,42,87,3,14600,84,8,84
1613b819ab5dae53aead2dbb4ebdb378,automotivo,60,982,2,50,17,10,15
0654d3c1e3efc7e7cd9dbde9cb743df2,ferramentas_jardim,52,368,2,700,20,18,19
4182ad8f6fd91b6064f2d1097d8a4291,beleza_saude,38,929,1,1097,18,18,16
2ace3826b9a1b13030adc77ae9ae7902,telefonia_fixa,58,438,2,750,30,10,20
9bc7d25a36d620cf449cfdebe3de132f,beleza_saude,45,287,4,500,20,7,20
39678bc6ddb608fa59c306b78f51efe8,eletronicos,46,442,1,150,25,7,16
18b0e642cbae7251e60a64aa07dd9eb9,informatica_acessorios,24,718,2,200,41,2,29
fed5c40c27e1c88560a9e92d82ee0825,eletronicos,53,109,1,150,24,12,18
bc4cd4da98dd128c39bf0b8c2674032f,pcs,55,3610,4,2650,16,31,39
4298b7e67dc399c200662b569563a2b2,informatica_acessorios,58,420,1,200,21,14,15
c8ab4e1fd53092c488c0a1777d522b41,brinquedos,50,591,2,6350,55,25,20
733ff3db55dc1476774dc5a3f0621fe3,papelaria,25,736,3,1100,42,20,31
5bbebc281f50fcd65e31a103730bb64e,eletrodomesticos,60,648,2,500,19,13,20
8f8cb7e4a7f16d339f87f8aa2711a003,brinquedos,36,529,2,650,28,13,15
84dacba9d49f304ee015bc094083df20,utilidades_domesticas,54,341,2,16300,80,23,33
ce582a7aa032280b20a5f169195202e7,bebes,30,309,1,150,16,5,16
8347d3b517ab185dea43991aebb46737,cama_mesa_banho,50,228,1,200,32,3,23
ca9b2caa4f7ec65aeda5825e09dcf99c,moveis_decoracao,57,2115,2,600,68,8,13
07691def223b4568e8ecb5a5b30574b1,telefonia,58,1568,1,150,18,6,20
7b35ccd93a2184646c03b70326626923,esporte_lazer,30,2162,1,1563,20,16,17
d070415dddac66bcbc0a2e4f253c0f81,automotivo,21,2566,1,20100,61,61,37
7a82832901d5f4cd314a4e102c47bd2b,ferramentas_jardim,38,437,1,1900,45,6,20
3d388ad844800bc833bd3e880740917f,beleza_saude,60,3504,4,9500,95,15,65
bb42f37fc3d9130e4a4339d24a47dd7c,cama_mesa_banho,59,81,1,400,20,2,15
f361fccba568fabe00db466f80626d1e,automotivo,20,908,1,75,17,8,13
de75785dc5be712c4d4ed4ec5b422ce1,relogios_presentes,47,340,3,550,20,16,17
95d7eeaab4bd14c7ea4b2b95e415d8e0,esporte_lazer,48,1102,1,1400,41,6,33
401717fdb76bea40aad511f64ab03c92,automotivo,58,237,1,100,16,8,16
3cfbc83ded5aa170816cc18cdb5d4188,relogios_presentes,56,633,1,400,20,13,13
7f8b42a3cbe617b6112e0623f0d32fa2,esporte_lazer,41,936,1,6300,101,16,25
8805dd9f1994bee68f2e1351c5e64f26,relogios_presentes,41,1680,1,500,20,14,18
575a896d07cd269eb0b2b8762e0be261,esporte_lazer,60,902,2,6150,20,20,20
e1ed9c25b42fc1afbc7459cc821a9d44,construcao_ferramentas_construcao,22,101,1,7700,50,20,50
738da8ddda2e593acfdc53c2d1520dfa,instrumentos_musicais,63,950,9,8350,105,12,45
9ba7a2e6df6dbaa83fe78f9b4ea0b3fa,moveis_decoracao,52,1878,3,2350,104,4,68
3eef0cb94ba82de806bb30ab743c7655,moveis_escritorio,26,1177,1,11880,50,60,27
55b04296824029ae20bbeb3b200e69d0,moveis_decoracao,54,785,6,1300,60,12,12
17efcba3c09566b89c945ef563f381d2,esporte_lazer,54,728,4,1150,46,10,15
9bc39c44d241610638729a32026eb37a,cama_mesa_banho,47,537,1,6300,58,20,46
6d3d8ade6b793a08b041b6bc653c08ca,moveis_decoracao,53,502,1,650,25,25,25
f7a17d2c51d9df89a4f1711c4ac17f33,utilidades_domesticas,56,1245,5,350,22,8,19
d902e8400cd0c58b64ea157af940e670,bebes,52,786,2,3800,44,23,43
1d7db62a21ffb4f220d3e8a05fa77e02,fashion_bolsas_e_acessorios,22,328,3,100,16,13,11
4cb922d064b9a86b25b900350108771e,brinquedos,44,327,1,11850,50,35,40
45dcebc4f3d844e116f01e3f191711dc,utilidades_domesticas,63,771,11,3000,47,25,32
a1ca62481619b02ad09535f2b418bb75,telefonia,56,867,3,350,20,16,20
4fcb3d9a5f4871e8362dfedbdb02b064,automotivo,53,603,1,5950,65,11,65
368c6c730842d78016ad823897a372db,ferramentas_jardim,57,366,2,1650,30,22,30
fedbf77eb491dfc9ac276b9ea9ee10c6,papelaria,55,228,1,350,30,15,15
8338cef8355d238f43711dcb9c0657b2,moveis_decoracao,59,473,1,700,30,3,20
e0a554e92afe71fd7f9380b7b135175b,fashion_bolsas_e_acessorios,48,357,5,150,16,9,11
508d5e8ce8e79bb506f9f0c096b295c4,moveis_escritorio,19,930,1,12775,37,65,36
9d8fa7002a036708c4cf8730214ad1b5,cama_mesa_banho,53,82,1,450,40,5,25
8c81ff84f8301d0db2fbfde90da0f5a5,papelaria,52,90,3,2050,20,30,20
f745d28cf673e9022060c31f7f11218e,eletrodomesticos_2,58,324,3,425,32,10,16
7a81751397c8813678761201a7114339,utilidades_domesticas,38,389,1,200,37,3,11
2d15b61e2962412ec20c326895c4603a,construcao_ferramentas_jardim,55,2039,5,200,16,3,12
c10a7001e8b49dfc03817444b5f2ed81,relogios_presentes,46,670,1,500,16,2,11
a8e69cb7ca2c04d5ba7f73b2385f2a76,esporte_lazer,53,2422,2,107,18,9,14
6d811b6e8cada9a8f7f38bb315620e1b,esporte_lazer,59,447,5,8700,25,60,40
261244fc4d0197d8772346872f5b0f5e,moveis_cozinha_area_de_servico_jantar_e_jardim,54,785,5,975,41,12,12
1e88eb1734651579b4928df098f4d86c,moveis_decoracao,60,702,2,600,26,8,17
8471182114c4e0e3b1586fef0ad240a9,automotivo,30,313,4,500,25,16,20
cd46a885543f0e169a49f1eb25c04e43,informatica_acessorios,58,1390,2,3475,54,13,48
bb77135946e78428a7a5634a46113a22,bebes,57,271,1,600,25,15,25
9592cd0b739cc57871c3aecffe15436a,cool_stuff,60,933,6,450,34,15,17
515ba7ccc6abbd1c0f5016704a0184e2,pet_shop,59,678,4,1400,40,20,30
def080e33b38a4c756347d4665b40a7f,musica,45,1465,5,1850,55,17,15
fcde1899043318107d8f0ae043f69bc3,,,,,400,35,7,12
28fe7bc9b73556b0cee83320fcd2600e,utilidades_domesticas,56,1200,2,3550,16,43,43
e251ebd2858be1aa7d9b2087a6992580,ferramentas_jardim,34,511,4,8875,40,14,43
4a85b07765a341b846c963da0381db96,beleza_saude,57,1687,1,4350,16,16,16
1945afae0c93166dce1f186d00125695,informatica_acessorios,58,1707,2,6500,30,30,20
3b7929cc079c14493fb6fb3373dbc1e1,audio,21,68,3,1075,40,20,30
052516c377ebbc53a39f053af1db08b4,cool_stuff,46,595,2,450,16,12,22
7cd29da0653abeb444703cc5a957f479,beleza_saude,23,565,1,1029,20,15,17
4555f012f9764d3e5cedbe66cd24513b,brinquedos,49,194,2,1100,30,30,30
a59fb60fddcc72a9878b7ed5cb69d8e4,audio,48,424,1,200,27,5,20
869c418f22e0c0ed9207ff691f279e46,utilidades_domesticas,27,282,2,300,20,10,15
37318ccebb2ced72bd1b548b55ab4e31,construcao_ferramentas_jardim,55,2039,6,200,16,3,12
491cc3d85596f60cdc9fac9d202c9fb8,cama_mesa_banho,58,626,2,900,50,7,38
7af6ddb00aacf6c4c8ae69fadb858b80,perfumaria,41,688,1,600,17,19,15
36ea81e90d1292dcdc3ad8abb09c20fe,bebes,59,921,4,350,42,27,42
426844dd9ed9ae105a5d4b3f1e18becc,ferramentas_jardim,47,590,4,133,18,8,12
73caf722f1a3ff0dddd0b0aa162da0f9,cama_mesa_banho,45,283,1,1164,41,18,37
20a64c9ab614812a2634ebbd69bb4a02,cool_stuff,50,1490,3,550,100,6,50
516ccdc0667fe7e260156d1998ef9546,moveis_escritorio,37,1069,1,7563,58,65,30
d3c044bd42d84a79e3b0c42662806a48,esporte_lazer,32,3831,1,150,16,16,11
71a62950e363cbba0816448a733a58e0,bebes,38,1531,2,750,30,40,50
aa280035c50ba62c746480a59045eec4,brinquedos,56,678,3,200,16,8,11
62fde58e97724f8b7519f3789eefa33f,,,,,600,35,35,15
3e442d09f9dfef002aadf31960869f65,informatica_acessorios,33,1084,2,200,41,2,29
622bad99b4296aade0783ebecdd3fa15,esporte_lazer,47,1249,1,400,27,6,25
72a26085dd4fbd27f7206188081008d9,utilidades_domesticas,47,587,3,1000,28,12,21
1e859a053a2210cb74b1134e0419b1dd,beleza_saude,35,795,1,450,30,30,30
d581c7d5e149f946aa7e05b8e13e6efb,consoles_games,27,268,3,200,16,20,15
e85d91619b497e98754390b6198a9818,bebes,56,624,2,700,24,14,18
2b4609f8948be18874494203496bc318,beleza_saude,59,492,3,250,22,10,18
2a3539131370b3ac020dd5f7a656a53d,eletronicos,60,442,2,1075,21,9,9
9666f6aaf24141e6d17f7d56921f364d,moveis_decoracao,55,646,1,300,16,30,20
2052b3c5e08893e567c2fb7778476c75,informatica_acessorios,46,227,1,810,16,10,12
22594ba8fd9a72ad95d352929c821560,moveis_escritorio,31,1076,1,8450,53,50,16
69455f41626a745aea9ee9164cb9eafd,relogios_presentes,41,408,2,501,18,13,14
c9087c6bffed15d6cd627121fb818386,automotivo,60,198,2,480,27,8,14
96fda9a1e131e4c4f2faecacbf9aaf50,ferramentas_jardim,59,2032,3,8650,40,30,20
cec09725da5ed01471d9a505e7389d37,esporte_lazer,52,1197,1,2500,20,11,11
1b474c650cb9407d32a1e066937b68fd,relogios_presentes,43,548,3,381,18,12,15
91894be08b341b3d6228779d2a80ab94,papelaria,38,251,1,50,16,6,11
f2e53dd1670f3c376518263b3f71424d,cama_mesa_banho,53,236,2,1975,41,13,31
21538f484ba135893f2b51c8b8750966,beleza_saude,50,3929,1,550,16,20,16
96c1f14a0754e0f2c40523478a4075df,beleza_saude,49,484,1,150,16,7,15
84fad62439091ff986a3885bfd6d299d,esporte_lazer,46,3985,1,150,19,7,16
963022ab2afed8b12ad312739a142b07,moveis_decoracao,51,1244,3,700,35,20,35
2e513e110e3f95926fa3d1ac44444ff4,eletronicos,56,320,1,150,24,8,16
8ffdc77604396b5f0483e372aafe83f0,esporte_lazer,58,958,3,600,16,7,12
4ca054c4db947395a9f82c897d14b9cc,construcao_ferramentas_seguranca,34,1094,2,882,18,19,14
e3fb4e9e85e0806fa95811fef10fb00f,moveis_decoracao,49,720,1,10050,40,45,40
4222fa433d71c969509acc408f343e89,esporte_lazer,60,220,2,300,20,5,20
1f0fa82e30437fd4a2596a4ad75d8ee0,utilidades_domesticas,53,462,1,530,17,17,19
43944a8f8f0b7ae86b6c3d3c2f257375,eletrodomesticos,52,1363,2,4920,65,11,33
ccaa7b6a66901b63116131e619520822,cama_mesa_banho,58,127,3,3300,44,18,34
c6dd917a0be2a704582055949915ab32,cool_stuff,54,1012,1,1200,42,25,15
f3720bc68555b1bff49b9ffd41b017ac,informatica_acessorios,60,274,1,867,34,15,15
a247560ddd8592a3eed82b43f60d9f27,papelaria,58,213,3,4200,25,55,37
f6ce2f79a280fa3c1ddc114d34ab273d,eletroportateis,52,1074,1,1150,16,16,16
40cb7bb3d30559b9b6c4fb62bc837962,cama_mesa_banho,54,617,2,350,47,4,35
b2fd74298e16eef2568d2f9dff6042c8,utilidades_domesticas,50,364,1,10450,61,28,28
59707268b54920d0814697573f63c818,moveis_decoracao,30,615,1,22625,66,43,66
aadff88486740e0b0ebe2be6c09476ae,beleza_saude,56,390,1,250,16,5,15
aba86c093ccdbac75b09111d57e50004,moveis_escritorio,41,154,1,2600,40,45,39
b5f7245e14a8a3d52f0a6e468971e6d9,livros_interesse_geral,37,546,1,450,28,6,19
b813c88d024da60c2cbdf7a531e4fa77,perfumaria,60,441,1,500,23,8,15
ca3d8213acc967dd4e7c85c05406f71f,perfumaria,47,159,1,390,22,11,16
5c6c4fa2f1b889828de998df18214af7,informatica_acessorios,52,791,2,510,18,17,13
be837f2e0152a208d4386f4126d5bd7c,eletrodomesticos,60,940,2,950,25,11,15
1fde73e6b6d28627ff16e222b0044b10,,,,,500,22,11,11
a5647c44af977b148e0a3a4751a09e2e,moveis_escritorio,48,1066,1,12160,56,51,28
d73bae3f64cd2c7851bc796e2684f871,esporte_lazer,60,1052,5,600,30,20,20
c0bb0aa12494ff55f377008900ee04b5,bebes,59,799,2,2250,36,31,19
2635c3e7db0ac6cb3e733cac61ce0ba5,utilidades_domesticas,45,466,1,628,21,31,18
ee2a647f1a4639468bc1f9fa3de2263e,cool_stuff,43,1000,1,2100,99,5,47
76914818a87f9b6b320e136e17e6ae06,moveis_sala,33,317,1,13800,59,17,58
4a300735bc293723103db0d0c1bc1585,telefonia,42,661,4,250,16,4,20
2ea0bf4cdb4057dd3a866ac93107cdac,automotivo,51,1624,3,850,20,9,15
1df9ea4c24394047de1837c6f00673b3,informatica_acessorios,32,604,1,150,16,15,13
9794fba8c8aa64ab4fece2d3cbe731e9,moveis_decoracao,25,383,3,1350,35,24,25
4c1e109ecdf58453de365d217cefa64c,pet_shop,37,1219,2,974,26,30,28
1f3365ddc6456d082f482309326f037c,esporte_lazer,60,1278,4,600,18,5,18
6bbe55cf8f85c87b6eebb775a53402f4,tablets_impressao_imagem,54,512,1,283,22,12,21
ca00f42e51fa8b6226d4c57ef6557967,relogios_presentes,56,640,2,350,19,13,13
4d272fe20c57c64dc74b3db191fc31ef,cama_mesa_banho,45,113,1,350,40,4,30
42a2efd39155b59e16bac90081495285,relogios_presentes,35,1073,1,348,18,11,15
95f76a3205f55d54b001e730486c6737,cama_mesa_banho,60,870,1,17800,58,40,50
e1559fbf98a69c9a54d3df4c359aa164,cama_mesa_banho,53,495,1,650,30,3,19
f3c2c2578c46d659b7940e784319413e,fashion_roupa_masculina,42,162,4,800,20,7,20
97a0fca3502276570a22f65e739f3dcd,utilidades_domesticas,46,492,1,835,29,43,21
71a7800a633691de8ecdd17463335e2e,construcao_ferramentas_jardim,49,1845,5,550,20,16,30
50412efecf5c67eead5f761db931771c,moveis_decoracao,58,2059,4,2500,69,11,11
d2f5484cbffe4ca766301b21ab9246dd,informatica_acessorios,51,448,1,180,16,9,16
a4fa3b8fa5953b0bd18bf4e0b4de499d,cama_mesa_banho,58,189,1,1350,46,2,36
5c478d826b60d0f057579a180fae4b05,informatica_acessorios,38,466,5,2133,26,24,22
81e32892fb8587aa24b175d42bb6bfcc,utilidades_domesticas,46,602,1,2075,47,26,21
5c973b4202aac5c372a483e712306f4f,cama_mesa_banho,38,182,2,350,25,9,19
173d5a1b6c4ea4f41aafca840646d240,informatica_acessorios,60,2442,4,100,16,16,16
51250f90d798d377a1928e8a4e2e9ae1,perfumaria,54,937,1,50,16,5,11
43423cdffde7fda63d0414ed38c11a73,relogios_presentes,41,1159,4,350,16,14,11
dd60cac04e6bcbc919cb1c7dcc473211,utilidades_domesticas,59,379,1,900,45,20,25
6b00cb3fe05c73d0acef3fd949a34c0f,brinquedos,34,254,1,200,16,10,11
f7d7b5c58704fb359a74580622800051,cama_mesa_banho,53,223,1,950,45,15,35
887c03038c774a15272a3e75ca7b4fa7,informatica_acessorios,58,548,1,150,16,14,11
060965aa6dfa817b80abda0c9413cc77,cama_mesa_banho,59,3863,5,22250,85,23,68
03fed41c5e9067007d852ff83d602753,brinquedos,46,1107,1,19650,75,76,22
dfeb7c8b7bede7a7bab2d4eefdebd5ac,brinquedos,31,1156,1,500,17,10,12
2ffdf10e724b958c0f7ea69e97d32f64,relogios_presentes,59,582,1,263,17,12,13
80e0f6715654455d56df24bd11480824,livros_interesse_geral,24,257,2,550,23,3,16
0bcc3eeca39e1064258aa1e932269894,ferramentas_jardim,57,339,2,1800,37,22,40
4b1217e5e770dfe05d07a95f5017a27a,automotivo,57,1453,1,300,16,18,15
4d0ec1e9b95fb62f9a1fbe21808bf3b1,cama_mesa_banho,60,259,1,1550,30,5,30
4ef0124968bdc099c9a992a37bcb4155,bebes,34,514,1,700,36,7,32
11a8af1af041fa2d890e7922566feadb,fashion_bolsas_e_acessorios,52,264,5,200,16,6,11
b8a0d73b2a06e7910d9864dccdb0cda2,beleza_saude,43,295,1,371,20,16,16
ff28477a5bcb2fc34bb86a6c2eea1566,beleza_saude,58,3408,1,1250,30,25,30
8f7ba3a21866ed0cf0233dd71fa0da72,informatica_acessorios,50,703,1,223,19,12,12
82e7ca24faa9dc9a072f94e0ac420c95,beleza_saude,39,226,1,400,22,19,21
0f39dd7b84f0532254c167aa5ad6bbca,beleza_saude,55,1125,1,333,21,9,21
e891d4a9622cae3b9fc2ec558bda155b,,,,,400,50,5,11
4c2394abfbac7ff59ec7a420918562fa,beleza_saude,49,1495,3,600,33,19,13
97759b2e2035fcd87986a43119b56c7d,casa_construcao,32,638,4,500,17,27,17
dd1247b741df1771259ee7beb0e4b8fc,relogios_presentes,52,716,4,200,16,2,11
11875b30b49585209e608f40e8082e65,esporte_lazer,26,1465,1,1032,17,15,16
09e40d66cfc38cddf812d8a495376722,cama_mesa_banho,58,137,3,500,24,10,27
ee99cd2d468819078af4687f923cf17b,moveis_escritorio,43,2230,1,15200,58,28,58
007c63ae4b346920756b5adcad8095de,utilidades_domesticas,48,808,1,2800,30,30,30
6b3c88110203820df52c762cd2d2e80f,brinquedos,57,1647,1,700,16,30,30
72dd1eeff415bc31b58e99cca0a83e23,esporte_lazer,35,581,1,8350,38,11,15
93b498aa80cf4062f0c6636c038141df,eletronicos,55,2583,4,719,21,12,24
055019def765ce08da9fac0585e927c3,bebes,63,884,5,300,17,7,24
137f49a66ce117db74acbaf30c047701,agro_industria_e_comercio,54,862,2,7050,99,5,80
b0528299d65ab35e3ed853f6a853b8b8,construcao_ferramentas_construcao,48,1200,1,3400,16,27,35
37f4d0bf85fbf875c920d460766d6a5c,construcao_ferramentas_iluminacao,51,1512,6,500,35,14,23
052413504e5295cd66ec4ced0b310062,relogios_presentes,55,570,1,165,16,10,12
e4e5cbc0077aa2c7aacbe435166df909,fashion_bolsas_e_acessorios,56,918,6,250,16,2,11
1957efa6b2babcb8552b5f3072108d41,cool_stuff,63,1383,4,15300,43,40,40
e297db380aba505a729f00cd61b149d9,utilidades_domesticas,54,1414,3,425,41,12,13
f8f93700c26007f74716eca57d217cfd,fashion_bolsas_e_acessorios,58,631,3,400,43,16,27
e2c329a4516937ef4828102690ae669a,esporte_lazer,56,854,1,1500,20,20,20
01e25be2c25019945382e057a8292e72,cama_mesa_banho,59,330,1,1575,41,6,31
cbe952607a2215211502095c631ea179,cool_stuff,42,268,3,700,47,8,30
eaa26a34984cbfedc19b1e45f09f3c9a,cool_stuff,49,214,2,422,18,12,15
a3b46e392953235f9337a0a56f933ffa,malas_acessorios,38,242,1,700,45,10,31
71040c7f50609abf6865f4429f8b1035,beleza_saude,56,3900,1,3450,30,30,16
17823ffd2de8234f0e885a71109613a4,,,,,3750,42,20,24
5a1a5bb0e9e3dbd18e6d8d3c326d3fed,cama_mesa_banho,55,249,1,850,38,10,38
bd378eb2fc8d592ac989db18fb35bbf2,beleza_saude,38,1242,1,5575,28,23,28
c230b471b7e21ff9060e68ee154afd70,,,,,200,16,5,11
b5e13c9a353102f79c6206ff5cb61a50,brinquedos,59,249,2,1500,40,25,20
93a12c289ca2b78e7069e469f5053ef2,informatica_acessorios,55,408,1,233,16,14,15
7059637593d1eda31cef9582eba6a170,informatica_acessorios,59,202,1,900,35,15,15
a0fe1efb855f3e786f0650268cd77f44,agro_industria_e_comercio,35,380,1,125,20,4,13
e2e426d1332240070b0a836a854d057b,cama_mesa_banho,57,701,2,1100,50,12,12
bde17838f4e4b0da69933dc1d8e07598,fashion_bolsas_e_acessorios,55,34,1,700,29,31,49
d1c427060a0f73f6b889a5c7c61f2ac4,informatica_acessorios,59,1893,1,6550,20,20,20
ef703385b2707af7f9af3e185679811c,cama_mesa_banho,54,324,1,1000,42,8,36
30d1842be9c62546d3fb853119602ac2,eletrodomesticos_2,50,914,3,11900,65,35,35
283dc451ad3918badb976d56ff887289,cama_mesa_banho,58,188,1,1650,44,2,35
ca38c039b717207dec906f4fa9a21db7,beleza_saude,53,3734,5,538,23,12,34
337a76815f8f765a51535e787101c8fa,cama_mesa_banho,53,596,4,1956,45,18,35
0bbb557651f08b3c732d9836de4d0bc3,market_place,41,626,1,5600,60,15,40
9759a740aa84f55b71c0c8c306a80737,beleza_saude,43,507,1,1875,23,23,23
dc879e9d6b20db101d5822d992f48415,cool_stuff,36,3228,3,850,22,22,22
c1f5307decb89342351bec53668cffd9,telefonia,60,777,4,300,17,4,12
b92a7304ebad1ca5b393b53b2de5c70a,moveis_escritorio,55,1292,1,9725,53,52,17
f9a508234fed38c95437c5a16b847774,consoles_games,37,1192,2,250,16,7,15
afeeea6271148ee1bb15173b8187c431,telefonia,52,1885,1,450,17,3,11
66f9d3c83a10e9ee98857bb89831ddc4,automotivo,53,977,2,2500,25,5,25
1e96e085361f3bf21a06c876982b64f2,consoles_games,49,2006,3,300,25,11,18
49ae25c5f82cd4bc8057d0b16d45af3a,construcao_ferramentas_construcao,35,384,1,1050,34,7,21
2ceff1056fe5bd4ee443433402962fa4,moveis_decoracao,57,646,1,300,16,30,20
1612209b0b37fbe80e1e8e1b7d19ca1d,informatica_acessorios,56,580,4,1600,20,15,20
3feecc22550e650b574f64a3e58b0f6b,brinquedos,29,549,1,550,30,16,16
afd34b33969fc993e14ae949c140d527,pet_shop,53,424,6,1350,40,20,30
43f88c8353708451babf9bcdd1fda92a,fashion_bolsas_e_acessorios,46,419,4,200,16,5,11
a4bca9d23228eeaf4e0169cb1a45aa62,informatica_acessorios,57,1452,3,100,16,4,16
f40876e0ef3cd5f9132b1f16b04b1346,beleza_saude,42,250,1,427,15,17,14
b5b5a82ce5f1987b7e670f37629be51b,beleza_saude,56,960,1,1000,16,2,11
aeaba104830f91586dae1bff90f54a8a,esporte_lazer,49,169,1,1250,41,24,11
bdfe450775bde583b7abb5698f1bd6e2,beleza_saude,59,971,2,1600,40,20,30
aa428a8e4d587520f90d37a08030a812,brinquedos,29,208,2,1700,50,40,16
f4be3cfe721d891dab8f4025132fe7c5,cama_mesa_banho,36,331,1,700,27,12,22
874662e6b58fb0dcde2888d40046c6e6,relogios_presentes,58,1353,5,350,16,11,12
22bd45d50bed841763d6f7f58cb7b6ac,perfumaria,54,956,1,50,16,5,11
ac6c3623068f30de03045865e4e10089,ferramentas_jardim,59,409,1,3750,35,40,30
f4f4debbcfcafe6858d1e37a1f6e436e,moveis_escritorio,33,1190,1,13867,101,8,57
0c30a560a3dea926f6ceaa1f36dcc213,papelaria,57,233,5,2350,31,7,22
cc2232dbef2c9fca23f4c7f6a19a42e3,eletroportateis,63,587,3,300,21,11,17
db49506c4a19ed884c7df231e08c564f,moveis_decoracao,50,172,1,20000,70,70,12
7d018f8e4f93213ba7ad276e25fe20b1,relogios_presentes,56,361,2,350,40,10,25
d4a9f03055ff0e12e1821a706f554322,esporte_lazer,32,3127,1,1200,30,30,30
30ac6df06dc59ad72cf2f158fc2d904c,utilidades_domesticas,53,1034,2,16550,22,65,40
a88cfe5c20413ddeff0a060c4202d278,bebes,58,344,5,15250,65,65,26
546acf50e60127aacaed5190d95bf52b,beleza_saude,52,3331,1,2400,45,30,30
289dfe89bc0d1eb6bea5a0a3bde85552,cama_mesa_banho,29,585,5,1700,50,10,40
9348cf658c9f20576186a9f3b82c58c3,beleza_saude,46,407,3,1175,53,18,18
5688e01178de72fdee95d7d456d387fd,informatica_acessorios,59,215,2,150,16,8,11
f196248e8b5d060cca414a664ea9a76f,automotivo,58,1167,1,1900,90,14,18
10335f29114548c89998eb43398f58e5,relogios_presentes,59,718,5,250,16,2,11
0cfc9fea40ee0f7006d150fbdf3fa808,livros_interesse_geral,22,1626,1,300,22,2,16
b80921007ed3f68cf6e536e6daf08610,telefonia,58,751,4,300,17,4,12
94950d6ddd0b24c0d15f7f09d61a8148,cama_mesa_banho,56,1070,2,2500,45,20,35
e0cf79767c5b016251fe139915c59a26,beleza_saude,55,388,1,250,16,5,15
e5f3a09149ee7db697907f61e7366267,livros_interesse_geral,60,606,1,300,30,2,25
bbf67b5098765762a18f2bb06b8b1b43,moveis_decoracao,60,2049,3,2950,69,11,11
15d8ac236009f0d5e74a5033a53ba460,pet_shop,60,2582,3,7150,35,35,35
b99e4f4fa3f421e0ffbd512d9f152dec,eletronicos,52,240,1,1050,22,9,12
e61c78a7343d82c0539d27df0f7dfc31,cama_mesa_banho,60,268,1,2700,41,8,36
cbd63fa909c967a6416090f22a76abd8,informatica_acessorios,45,860,3,825,31,6,12
1b43b0a6105ffaa6dae01356daec2657,beleza_saude,57,1534,1,1025,30,18,20
77cc62dc80ebe12a0452d1ce0565acdc,esporte_lazer,45,2950,1,1625,29,21,21
813329d52f377306fa1614ca9a962cd5,telefonia,53,428,1,225,18,3,12
1e4ab43607e527a9a558faa24a9e6e81,informatica_acessorios,55,653,1,226,23,17,18
63de579e88d8a9982d2e279eba56e753,alimentos_bebidas,49,835,1,800,31,15,26
76eb799b655cf6ad3354a092e11246dd,informatica_acessorios,33,170,2,238,17,9,15
57e089e3103f5cda6a4ce23b77399bdb,bebes,18,1194,4,650,20,8,14
01a5038835acf17f141c7247956b72d6,cama_mesa_banho,54,235,1,1350,34,7,32
feedec0f9090d3736d54758da8a1d05b,esporte_lazer,53,241,2,1950,60,15,15
0c7e301c5eecc0fe996dd86bc9c290fa,automotivo,42,1192,2,175,18,11,14
bd07b66896d6f1494f5b86251848ced7,moveis_escritorio,55,955,1,8267,52,52,17
ee57070aa3b24a06fdd0e02efd2d757d,informatica_acessorios,55,937,1,107,19,13,13
b2fbf8beb178c391c49d80fa8c4435b6,livros_interesse_geral,52,951,1,700,25,15,20
8443cb4cf7bf64bd0ff6e70cd9c2b246,cama_mesa_banho,53,352,2,400,50,11,11
efab00780753fd85d64e8c727c331a60,cama_mesa_banho,54,586,1,13650,50,50,50
7e79042d2bfd50df12f3a4bfff5c43b4,instrumentos_musicais,59,964,9,900,16,6,26
9db568ce8bf5e2e652d9f70edd5a0712,eletroportateis,47,759,2,13300,60,40,40
9344d66c54dbfbe44417c69d95d437bb,livros_interesse_geral,23,179,2,550,23,3,16
5ac4f7986643a944501c66a2257bdd73,moveis_decoracao,45,920,1,600,17,17,17
ad938d3b79856582ace5b311ab864826,moveis_decoracao,50,440,1,1500,42,10,32
5aeece828f56fe1d486e1c5e6a7cb61c,relogios_presentes,58,734,2,250,16,11,11
99a4788cb24856965c36a24e339b6058,cama_mesa_banho,54,245,1,1383,50,10,40
c8f17c4ceaa05acfb30a852b8ee2c0a9,informatica_acessorios,57,1111,3,150,18,16,13
d07c0177e489e871713b83a518446ac7,utilidades_domesticas,56,869,1,1750,30,30,30
af9c4277d06aa18aabbfebbe94ee9c79,esporte_lazer,39,369,2,2700,20,15,15
418d480693f2f01e9cf4568db0346d28,cool_stuff,48,330,1,1950,33,44,19
5a0c21ad6b82a1b61856e48ec959764d,perfumaria,57,1424,1,100,18,10,13
284264387dc92cbf305e75ece3852958,cama_mesa_banho,52,352,2,400,50,11,11
94938d42be4ea1064db3325c385ee6d6,esporte_lazer,45,374,2,827,52,19,21
9271d2541a43f8db13d164887228a189,brinquedos,53,341,2,2933,39,27,33
e1a5774894b0dcbed9a61bb82b96b3fd,papelaria,34,761,1,405,18,15,16
d435c3fa55cfd37fa04032168ed59cf8,eletrodomesticos_2,53,704,1,12000,80,15,58
6ebb5635bf6deefd63f997cd3e898766,pet_shop,39,63,2,300,28,17,21
ba1446377b3e8fb2c3ec8c7b59a0d9ba,moveis_decoracao,53,982,3,400,28,9,18
c62bc42d383a40b285eee3f95240c817,cama_mesa_banho,56,2536,2,1800,43,8,33
e1f3f6e6cd65169825945c5d696f568a,perfumaria,36,177,1,400,16,7,12
7721582bb750762d81850267d19881c1,cama_mesa_banho,63,837,1,1400,43,5,30
8dad29b3b6c42d0b966e5ea7b5498132,consoles_games,56,700,5,1325,26,8,14
33fb5f691f9219b5d60d856191aea6a4,bebes,52,653,4,3600,36,40,33
630e1e89b84dc36567deec47c7e373b1,fashion_roupa_feminina,36,754,2,600,16,2,20
cae79e3b5c787c231543fa415a20b5cc,ferramentas_jardim,36,2213,1,350,45,45,12
1c2862e8f831c73dd953c24b3fd5b9e2,moveis_decoracao,60,120,1,600,18,30,15
c63ea4621680c1b0fca8864c0564bd78,informatica_acessorios,57,918,1,625,25,8,23
dd231637766e756fd1cf2fd80501fce1,fashion_roupa_masculina,57,222,1,750,30,10,28
22633013199a5fbb2c0094a6e2802386,brinquedos,53,31,1,600,25,30,20
f2b264b1a4602b87d64eebefc899c1d0,ferramentas_jardim,42,790,2,1000,30,15,30
29d405763934f77ce87d3cdad21b7805,beleza_saude,58,2110,1,2000,33,25,33
e93a471ae7f8acd97e41203e59a434e6,moveis_decoracao,40,418,3,1525,39,15,15
9bfc55df037ce3ac01bfd84781adf7e5,audio,45,1654,3,530,19,14,15
3cb39171fd36c50097f2dedbbe0dfe6e,automotivo,60,3136,4,100,17,10,15
55403fdc84a027ae6565b360af50e1ee,perfumaria,59,1128,2,5446,21,14,18
76d1a1a9d21ab677a61c3ae34b1b352f,,,,,550,16,7,11
3d77287739b6bf1ac163ce2d77570ada,moveis_decoracao,29,233,2,30000,60,70,60
67cf741b2e7fa5801046eeb8b95b8aa8,telefonia,59,734,4,250,17,4,12
c5b6cb0ce3279d64025831b972bf5dee,papelaria,59,354,3,6050,38,30,28
e15cee02291017f6f12b4115ffb417e6,moveis_decoracao,56,297,2,700,100,5,20
ddebc97ddf43a9787d1ee7012e394ccc,cool_stuff,63,3976,3,2300,22,29,16
b1631003bdbc3b1e876f83a7d851d74a,perfumaria,48,1003,4,350,18,11,20
8ac47b3ab13c68f49f10dde899674149,dvds_blu_ray,46,957,4,2150,30,5,20
61c59ebbb2d9510287434ab66f6fc237,automotivo,60,695,6,6050,56,11,32
fe01b643060a6446e59f58e3021e66b3,perfumaria,40,659,2,1250,26,21,20
23d8439935522540cfd5bbb8b1208a2d,beleza_saude,63,3915,1,1450,16,16,15
fa87bc5ccdd8ea6e54117916e485cb48,cama_mesa_banho,54,634,1,1000,16,10,16
f109f04ad95889f2f041a91afe3d894e,beleza_saude,47,189,1,2033,22,12,17
f10163ef5dd01ee5f3622b750b64091c,fashion_roupa_masculina,55,1241,2,300,16,2,11
5328338cfaa16ba10561cd970c73ca11,cool_stuff,51,330,1,1950,33,44,19
3a7bc7a262077b18cf16fb5333a98b00,construcao_ferramentas_ferramentas,29,273,2,150,29,8,15
5637032095493f280eae8d9da00da6f1,malas_acessorios,54,507,1,750,81,6,11
d392a00a8d96150a649853d20d63e8ba,esporte_lazer,47,490,1,1500,22,27,22
52b5ed64c8cd6a9cd6c33f2a7033991a,perfumaria,40,209,2,600,16,2,11
1567eb3a02b49c99d7d07045e9ce94f5,automotivo,54,1081,6,1900,25,15,20
b1cbf530dc2a793ced8e0768ffcce501,telefonia,40,580,2,100,16,3,11
3b0f7951038b105522c2d566b54421f7,telefonia,56,341,1,175,17,6,13
473795a355d29305c3ea6b156833adf5,perfumaria,36,605,2,100,20,20,20
513721dadfd93bcbce9da4d3bd67c06d,casa_construcao,63,376,4,700,26,9,24
be1c4cf8a2d2aade623eb7a646d2a0bc,cama_mesa_banho,54,508,1,850,45,15,30
0a18ef4868095d4c83357e58020e3397,telefonia,53,612,4,175,22,4,12
a35a9f46dcee0a67c8c7ad8493eb4135,informatica_acessorios,33,1084,2,200,41,2,29
afb4b687981fad8723f84510c57c84bb,papelaria,58,649,2,450,25,15,28
38947803f4effe2c45539bd71b509529,brinquedos,51,774,2,2633,37,20,29
4b703444923b5e57bb73ba343f5ebab7,cama_mesa_banho,49,204,1,264,17,14,16
5f42d57952b7815098979a5c4fa6f82a,beleza_saude,60,919,1,150,22,3,15
3db75f31b76375c502f64d550dcd1166,informatica_acessorios,34,1078,2,200,41,2,29
d5991653e037ccb7af6ed7d94246b249,informatica_acessorios,42,363,1,922,30,15,17
82e4ad16521ca131d95e198d507db370,eletronicos,56,343,1,150,19,12,16
5edd96075ae7fa289da48ec3b80c0c2f,telefonia,53,849,6,283,19,5,15
08574b074924071f4e201e151b152b4e,ferramentas_jardim,36,450,1,9000,42,12,39
4e0d588f8e002f2bad9cbe0b8f66f6f6,,,,,200,25,5,15
dfb97c88e066dc22165f31648efe1312,automotivo,53,597,1,5417,47,44,44
cc5c55b85ec65541272bea4b9895add4,papelaria,56,1349,2,1100,27,10,20
c7c99e372ec2f873701c20e3a00ff29c,telefonia,53,1440,3,100,18,6,11
148f68f014d7729ff8193dd7fefd1c7c,informatica_acessorios,41,244,1,600,23,16,16
74ae869eb82594d9cbe6e934cf143e0c,telefonia,60,751,3,150,17,4,12
08462528607b71ea62cbc019d91b001e,beleza_saude,31,591,2,650,16,10,11
77e1d1347bf761294a7158e1b0b536d5,fashion_bolsas_e_acessorios,22,309,2,100,16,9,12
9af9da5cd0200f1ebd194aead2184c66,esporte_lazer,44,712,1,2950,32,24,22
a4e285285691cfbcc14df9e2d85bd337,market_place,56,1101,1,3500,17,28,24
6875b883a18364bf04f16698a335df55,papelaria,45,319,2,1500,18,35,29
46d6fa3170df63d5372aa59928ba33dd,esporte_lazer,56,244,2,1000,60,15,15
9680867d27bf4f20ac82adbe4dbae9ec,beleza_saude,60,1089,1,1100,16,19,15
4fe644d766c7566dbc46fb851363cb3b,artes,48,1232,1,1700,65,6,50
170e27ee183ac140aa68a86bacd2a6dc,relogios_presentes,54,483,2,1100,30,10,25
31e3a259123f3ba71c572f0bc08d9e5b,relogios_presentes,56,781,3,150,16,2,11
f56e93f8bec270456dd5ec3272bd42f3,moveis_decoracao,63,1700,1,700,60,11,20
3beef4346c92eb0b4ad0b7d025dfe15b,cama_mesa_banho,58,218,1,717,30,8,28
0a3d0e8c9d5c6e92b034ab390cda4a48,esporte_lazer,58,976,1,750,30,30,30
72456858d4955f13f90c494ceba52999,pet_shop,57,2497,4,1600,30,20,20
66fc767a58575873dad11a4c717727dc,utilidades_domesticas,47,476,5,1550,35,14,27
a336b0ac7335c30f4117c4b824332a7e,eletroportateis,55,104,1,650,19,23,20
38f2d4b26820d63dc2675d6fbfafe1bb,brinquedos,59,318,2,355,22,13,17
888c70e66e6ead36f2269484a6813212,utilidades_domesticas,49,963,1,1100,16,26,12
a6f97b352687ce4c26c75e81b5f2773b,fashion_bolsas_e_acessorios,60,849,2,3100,62,20,40
781afe929e3016a667f5f439afd55fce,esporte_lazer,42,590,1,400,18,18,18
2f3d6a007ef7d13bbfc3ac66894cf2e0,ferramentas_jardim,27,758,2,1000,25,9,27
7f7b2d6dd176f1687e88f04590fe149e,moveis_decoracao,60,461,2,433,47,4,35
cedf309ce95b4a69d153dd219dd1cef8,informatica_acessorios,58,955,3,1300,30,5,22
5d10b3779b68d58be0fcc46a1ee79689,automotivo,59,857,7,880,49,25,46
fb01a5fc09b9b9563c2ee41a22f07d54,consoles_games,33,912,2,1500,33,25,11
f727305c90ca9b9c36d4e84a817bc01d,fashion_bolsas_e_acessorios,46,622,6,200,16,9,11
fb5652834b0fb807ee5c4767e303e4eb,esporte_lazer,59,813,1,22850,19,16,19
8d05b2c8739a97a9b912b206eed6a0aa,papelaria,56,683,2,250,16,5,30
914c9e9af640dd56f48764a225b00f89,moveis_escritorio,47,1047,1,7463,56,64,35
03552ec45033c8658713c541f6af9f05,beleza_saude,52,1168,1,250,35,3,12
e0d64dcfaa3b6db5c54ca298ae101d05,relogios_presentes,35,514,2,4338,17,12,14
ef23a80c3e7f9c63e9956f6f54b1cf15,perfumaria,40,3863,1,150,16,8,20
3570caaeaa3f5a1ae76392bb2b4155f9,esporte_lazer,31,492,3,1550,62,18,15
aeb4d384616f8c5017174084bf6c0ac6,utilidades_domesticas,59,653,5,3900,20,15,30
8a1e1c6e48f0d275628e3c626d57257f,beleza_saude,34,480,2,400,30,6,12
750d887c4fb151156b3c0dec3041549c,construcao_ferramentas_jardim,57,1214,1,4550,53,36,15
530989bc6eff4420c49a84214ab1eb51,telefonia,58,423,2,600,23,7,15
ac44def10e24998cdee20a208d691127,cama_mesa_banho,55,1208,1,1175,45,7,35
7c0a2a31bc479e366fe9fee1f5bc62b3,beleza_saude,56,1388,1,2200,25,27,9
9fef57f37ae72292952e73ff9a7a3fee,moveis_cozinha_area_de_servico_jantar_e_jardim,59,634,5,27150,100,25,65
f626e57d2526d92edf8379a00670f11e,construcao_ferramentas_construcao,46,157,1,250,38,10,38
8aa6223e400af9c97b07c75993142721,bebes,54,830,4,5000,40,10,40
5f8d452952e14aea06671fcc55e9b3f2,cama_mesa_banho,34,278,1,6800,45,36,19
9cb854ba582f5a6b7832b86553c0b8ab,bebes,64,882,6,250,17,7,24
e45ba6ba3c6ee4fa2c62e6a6a587717e,brinquedos,45,780,2,2733,37,61,29
b0a12a9dc0ed09cc161a586c1e948890,bebes,55,174,4,400,30,11,23
65266b2da20d04dbe00c5c2d3bb7859e,papelaria,38,316,4,250,51,15,15
de26d4014234181730a1143f75dad0e7,beleza_saude,58,288,1,100,39,14,11
e0008615ba33119a5e115eb63bd3e29c,utilidades_domesticas,28,134,1,13900,40,40,40
86f8507285c074360ac0969d4a664895,fashion_bolsas_e_acessorios,59,409,3,150,16,9,20
999f8a403c25d68c828a6915e13e89d9,telefonia,40,393,3,100,19,3,11
04d70d184a7c12c93cecd9c0d8b5ad69,beleza_saude,60,918,1,150,22,3,15
a75142054d1e335a68625bb7f3c2f130,cama_mesa_banho,47,382,1,2900,47,21,41
b74d57e3377dd78aace6d070fc48cc88,cama_mesa_banho,55,556,1,675,40,18,35
c30302f36e15f43c1b85c9cb002028d5,,,,,300,18,15,14
2e7980421ad7946eab8a71b637955704,utilidades_domesticas,60,463,1,2300,59,9,42
ba03e6c239904dbc13631313f7ba9d07,esporte_lazer,55,891,1,16150,28,15,15
672e757f331900b9deea127a2a7b79fd,agro_industria_e_comercio,39,383,1,2650,30,30,20
5e7f8e7aeb1f57dd83aae171dec38a73,moveis_decoracao,48,1950,3,6900,95,4,55
47a3fbd41bb53db64dacc4562ba3aa52,cama_mesa_banho,40,702,1,1000,50,12,12
06f0e85c7892d5df893f332706340af1,papelaria,57,301,3,9850,30,19,60
044f05bc9de36e8a693a83e4bc79dd0d,telefonia,59,734,4,300,17,4,12
04433a8021475a2002663f94203c88da,construcao_ferramentas_ferramentas,59,1476,2,1111,29,10,14
50b671fa06a05828948cd518088eba27,bebes,39,542,2,200,33,10,32
c9dbe2eec19a8093cb5ac57486531c18,cama_mesa_banho,55,124,1,1375,30,6,22
bd2128c3d2188ccb151b12d129ee264a,utilidades_domesticas,55,1589,4,1700,35,15,29
a298a105818dce6878b787e4af6cff7d,bebes,55,1158,2,400,30,10,30
0c1d0960b623420908c75911c93d8615,papelaria,49,192,1,500,16,28,16
06edb72f1e0c64b14c5b79353f7abea3,cama_mesa_banho,39,161,2,350,25,8,19
9351b1e4334769dc0abe871ee3c7abc3,beleza_saude,56,329,2,350,19,17,15
bb4f8cfc76a66cb770208b2c1d2c6269,esporte_lazer,55,1987,1,1400,20,32,20
f05cd18872164e75d946139c27cc9844,cama_mesa_banho,50,956,2,675,33,7,30
b38b25d838ae0b8385e8cc68b9017644,beleza_saude,59,1153,4,200,18,3,20
3258acb04d37e2f91f76c9250f3b80a0,beleza_saude,60,919,1,200,22,3,15
e4782ca6e59722999a1b22f350c28ddb,esporte_lazer,30,815,1,1092,27,27,23
ced87016b816472a7e668e311d127ae0,cama_mesa_banho,58,1242,1,1800,28,10,24
7a5d0e89d069c89b2112e9da539343c2,utilidades_domesticas,60,1018,2,2250,22,22,22
80d702d8e2231e25bee9d145c2c86b6f,perfumaria,51,544,1,450,20,20,20
16cc7a098d176187b6d8e9519fa81585,informatica_acessorios,56,599,2,350,16,22,17
0437850bd55b9b2b9cf104b59a611666,papelaria,59,244,7,350,18,2,20
e449c89deefdb41bb888e3cc5f59ef46,utilidades_domesticas,48,374,1,600,20,23,18
083ffd30820b592e294de7ed668ff975,informatica_acessorios,49,944,3,300,23,8,19
332842d24e84234cd91299a225de76ab,relogios_presentes,58,1209,1,1750,50,6,19
15de022edf1005363381e66bed514528,moveis_decoracao,52,361,2,100,16,3,23
f03db1ea02e265f0f1a5ae2a5e0984a7,cama_mesa_banho,48,729,1,1200,20,30,30
6f66ef344e1db8560c3d036ee214f355,utilidades_domesticas,27,374,4,2100,50,4,35
5a6e53c3b4e8684b13388d6aa4afdf12,utilidades_domesticas,45,176,2,200,19,9,12
076e4ce53c8914382e7ff3732511b17e,beleza_saude,22,363,2,633,26,9,22
363218ba55c610b750224f90bdd34be1,cama_mesa_banho,46,279,1,1813,67,12,47
e049c7f13358a63cf7f6ceb45a067a81,ferramentas_jardim,54,385,1,1625,21,17,29
7dac8901a50cf3317d5372cbd3186ecd,relogios_presentes,60,167,2,300,16,2,11
81d879a43537a2803762ce12282ccbc9,eletroportateis,56,113,1,200,16,35,25
b01d34f6d2545269d348181768eca049,relogios_presentes,59,112,2,150,16,2,11
6341aca5b02d00d80b6f4dead6816435,portateis_casa_forno_e_cafe,43,373,1,400,60,20,20
383390bacab031887058eccc2e994879,papelaria,54,1763,1,400,30,16,20
b5aebb467d9a92162173cbd234e00d99,agro_industria_e_comercio,60,1843,3,550,16,16,16
59f45392c714ab32c9902fd909411e3e,cama_mesa_banho,51,684,1,1550,40,15,32
5aa94fb8e895c82912cf9b8bea8fdff5,cool_stuff,32,563,1,9500,31,80,54
715de93e3ca2fa3b11430ae2914d2203,pet_shop,49,1212,1,1125,25,15,18
ef66e63137bdd1b2e44aa968646fc1e3,moveis_decoracao,41,789,1,750,20,35,20
95e25af33821b9d231e06f1e7cd34d4e,moveis_decoracao,5,267,1,2600,18,40,13
79161ecc0839d5d58374918d289ee6c7,beleza_saude,36,551,1,125,17,7,12
34a4076cd057a823247a5a44e84872d8,,,,,1900,40,40,30
8dc068efed6312b226cb8f74127314c9,moveis_decoracao,45,275,1,500,23,9,23
e8c2065927de366ef9622dbee0bb7b63,informatica_acessorios,48,647,1,1280,35,14,19
fad824f446c61e0e6e1e8644c17a9f59,utilidades_domesticas,50,251,2,700,30,30,40
dc881ef926ca402063ea142afc83874c,cool_stuff,51,863,4,2100,23,40,16
d320834f42a07dcc3cf09805bc8c7001,utilidades_domesticas,50,196,1,7875,60,31,31
928e52a9ad53a294fdcc91bcf59d1751,utilidades_domesticas,34,1031,6,1600,20,60,20
c32b1155b886162db8e1ec114699a799,cama_mesa_banho,53,381,1,825,25,18,40
7686fe49c98ae1c537b5cc51992f5d20,bebes,38,798,1,600,22,18,19
11acb40fe03811a7bc40babe5d11c752,relogios_presentes,53,481,1,400,19,13,13
5570e58fb62fc2a83e5bda3974e35be5,cama_mesa_banho,55,273,1,1050,38,10,38
b70722d88b1dddd6ecbb159db90faf61,utilidades_domesticas,43,578,3,250,25,15,25
46444262c3cb20869d7f96985fc0b08a,esporte_lazer,60,1353,7,4750,102,10,22
f649a2fc406930962c1cd7b147497a79,ferramentas_jardim,50,905,4,400,35,10,26
861f715fc920b62d0bbd75b605a9827d,brinquedos,56,958,2,583,36,7,35
af8cad177ab4d05030a2c575aa8a36a2,telefonia,45,627,1,167,18,4,11
4b7690d7352318e41ae9594241ac4789,ferramentas_jardim,39,672,1,1000,20,12,21
9ac1378f05cd222b3fb34a3cccc626c7,beleza_saude,31,1406,1,1075,21,19,19
154696c4f8e96ed48f0c191eb09c0683,moveis_decoracao,53,890,1,150,19,5,25
bd4b8ef786f95b66ded2f483293318ea,cama_mesa_banho,52,269,1,2200,45,15,35
e178e8610a35f4d6c9b0934fb5e20e85,beleza_saude,33,577,1,929,24,16,20
95b5038cce133b8c926678c768012103,moveis_decoracao,56,2116,2,2550,69,11,11
c075b8e131353552218860f1c421e4ef,moveis_cozinha_area_de_servico_jantar_e_jardim,30,1565,4,1750,20,16,30
61d01171a3784bab50137290350e5332,utilidades_domesticas,24,49,4,500,25,15,15
8f3a1c2358138bedfb98645db449110c,relogios_presentes,50,584,2,297,18,11,18
f67ad6b3366ae186b8d29087e6d5ebd0,automotivo,55,998,2,100,17,4,17
5c3aca5c078a343b3b873362e7ac2fcc,relogios_presentes,33,307,1,600,16,2,11
80fb011fd54fa5e1911a2f80c0fc878d,brinquedos,45,1347,1,400,20,20,20
73932133f40320ca7c542cba422a6461,utilidades_domesticas,51,625,8,650,16,16,16
00ab8a8b9fe219511dc3f178c6d79698,,,,,2100,50,30,30
1d994f3116c393f22021e72f17ab5af5,alimentos_bebidas,58,798,1,200,31,15,26
f293514e0176006f3af40d473cf24a1e,informatica_acessorios,60,630,1,188,16,11,12
292339442aafc77526bf025a199db898,cama_mesa_banho,57,332,2,12100,56,21,59
aca2eb7d00ea1a7b8ebd4e68314663af,moveis_decoracao,44,903,6,2600,50,10,30
d272d0921188b0bd91542d704b21404e,eletronicos,36,420,1,150,25,7,16
a82a1fcaf427ceabe9df656409d7acdb,fashion_bolsas_e_acessorios,52,819,1,100,16,5,16
cb17b798ba889575385281b7ec2fc22b,automotivo,49,1208,4,1300,20,20,20
0be487faac01dd57fd7ed17cfbdf2dee,cama_mesa_banho,48,117,1,300,40,4,30
8994980b6420059104bb47e2cb680e0a,eletronicos,59,204,1,60,16,9,13
e282624d8c82e04983f125e167eb4521,telefonia,45,343,2,117,18,4,11
99d1e072c4cb670c31fb43d9a3753598,beleza_saude,52,1381,2,800,20,15,15
9bbe6c774ab3a4f9c5a0385e78c9641c,brinquedos,53,559,1,900,29,30,23
39aa98469aa7460a9764311b3f8efb12,cama_mesa_banho,47,161,2,350,25,8,19
2a2d22ae30e026f1893083c8405ca522,cama_mesa_banho,60,744,2,8350,50,27,38
b623b7cb05ee3248fbe4a6ecbeed79a4,brinquedos,41,673,1,3008,32,45,32
ea0342e49437a3633a3a35c326aa1e46,cama_mesa_banho,32,212,3,940,35,20,48
132069c6f99d20d9e0ea2b5b1143ec66,esporte_lazer,45,805,3,697,17,23,17
9c8d68903b5106018c797e0e862ae55d,eletronicos,34,453,1,200,25,7,25
d56781dd9e632e4460c10d95167e5840,esporte_lazer,60,633,1,1500,30,40,40
091af6c2d579fe0926b4fcb8db07f78e,esporte_lazer,58,920,2,2350,20,20,20
7b25acee1c4b91200a7e8e31bb977a06,utilidades_domesticas,50,1318,1,1675,35,16,35
9a7ee66bbed1b9fa5e3341882c6d74b3,brinquedos,44,755,3,1000,21,25,32
48640118918b5bd6454e3fee20ad637b,esporte_lazer,48,483,2,2800,104,5,80
c899857fb2b4a0cee39e479c1989ee3c,relogios_presentes,58,364,2,300,40,10,25
c706d50b57c9e83293c2586d01f32445,papelaria,60,310,3,600,25,7,24
073af5ae737ac55290eb733f67317242,automotivo,55,89,1,700,26,8,14
4a0938478787f49dc07af734b86be96c,relogios_presentes,60,508,7,250,16,2,11
1b9c9c11fdac157197ea45527ffabae2,esporte_lazer,47,878,1,1125,30,23,26
9578d6732c124f549834fbe8c02e51df,automotivo,57,703,6,4650,47,19,23
1ae200ea89b47dfa17d0ae0745a25492,beleza_saude,57,976,2,150,20,10,20
4cc5551420f5d33daee6924b914125cb,casa_construcao,63,379,4,700,16,20,38
165f86fe8b799a708a20ee4ba125c289,cool_stuff,40,1456,1,2425,29,30,19
50a507147f39a8d8ad52ee1982e20673,utilidades_domesticas,49,551,1,250,19,2,11
c7b3cf9de7be95b3e09e7a63315685eb,malas_acessorios,49,489,2,16250,18,53,39
18f6ea7e8cff29f8053baac6762449f9,moveis_cozinha_area_de_servico_jantar_e_jardim,44,1313,4,1850,45,15,35
4ae634441e444ca4bc85903cafe98d73,telefonia,54,285,2,275,18,4,12
ca152649b43c4c6081853d9421c59869,informatica_acessorios,35,1101,2,250,42,2,30
38ee4d10d9cc06446c5e830df039532e,relogios_presentes,54,380,5,200,16,16,16
4128a326a8aa3eb532eb2c120520663a,construcao_ferramentas_construcao,46,182,1,150,20,3,25
3fbc0ef745950c7932d5f2a446189725,beleza_saude,50,1257,1,350,19,12,13
08528915e9c75fe961048c13928b527f,moveis_decoracao,39,211,3,500,40,11,35
6c037f9ff2d13c4236a23910ca598f42,utilidades_domesticas,58,700,2,1350,40,25,22
69a6db5384c989b74cfe3f82ac932da7,esporte_lazer,51,1367,1,1700,25,25,25
422879e10f46682990de24d770e7f83d,ferramentas_jardim,56,348,2,1550,30,22,30
72f2ba8b34e02757c445970388158e46,relogios_presentes,59,362,4,800,26,6,26
ff6a816ae8a01312fe42dc48c7c8ead1,beleza_saude,56,605,1,417,25,6,16
5956cad5849f642bfdf5d50303952beb,esporte_lazer,55,2165,2,500,17,17,17
fe6f03cedd96bcbc5c8726c5963fd35c,cama_mesa_banho,48,639,1,1250,20,16,20
e1901d5d99ca951543717ea5d1940a36,cool_stuff,55,506,1,500,31,7,27
72172e982e8b92155069e4201c92c0bb,esporte_lazer,60,3847,5,200,28,10,13
10d13c18c631962fdc16cf4bbe67c730,esporte_lazer,32,1132,8,10200,105,18,28
6cfe89ec0814c1a570172b0916b102a8,telefonia,34,139,1,100,18,18,18
cb624905bc39979a816f8906c70bd6bb,brinquedos,60,586,2,400,20,20,21
db5efde3ad0cc579b130d71c4b2db522,audio,40,232,1,6663,17,11,13
6ba4d9e6b21481dcc4646250fa189ac1,eletronicos,41,790,5,477,18,16,14
8fa5bb1e4de7a63ee554487c2f2ee076,brinquedos,58,696,4,325,21,7,16
07f381c65e8e66460c07781b9b1b8834,moveis_escritorio,45,1156,2,17050,63,62,24
c65f71634a9d0de5b4a1d7dbb6d3ae01,utilidades_domesticas,42,588,3,500,35,15,20
371fa349d92646bbeea5873df0bcdc5a,utilidades_domesticas,49,342,1,490,20,18,16
db51982bc43b26164c29605b8ed140d6,telefonia_fixa,20,286,3,100,19,3,11
49b92145c5462c320ff0b22ea9e240f3,utilidades_domesticas,41,210,1,450,16,20,15
883e57b1f0fab96202d9e39efbe3b671,automotivo,54,709,1,5600,80,10,25
5cb27eb7202ae6c53809618eb8549007,brinquedos,57,245,4,1675,44,24,23
b6e352d888ba31d8999af279cd63aa24,utilidades_domesticas,42,337,2,1225,27,26,26
d4fe034cde911805af12724d73fde7e0,cama_mesa_banho,53,867,1,1100,20,16,20
05019bc35fc2ed878c0c0f55346b91c6,beleza_saude,40,344,1,2550,18,16,17
257575a3818a480916c5c2efa5cf981c,esporte_lazer,38,1767,1,400,20,20,20
617186c3d97ea56c9c683a8a3974e8c1,perfumaria,59,1071,1,550,21,12,20
9b2db9ec16a8a51549f32462bf973523,brinquedos,56,809,1,3110,33,24,43
a5f6ba3fe91a2e73f10b612131cb2404,eletronicos,45,1057,3,138,19,17,16
5cbd407f3315b628a89206fbc140f6c8,market_place,30,615,3,150,22,5,14
d63c1011f49d98b976c352955b1c4bea,beleza_saude,57,614,1,950,35,25,20
3f212fef0e1f11b343226b633f0426df,beleza_saude,54,875,1,1050,36,12,22
63151b33c46a1f0619697a4e7ca198c3,telefonia,52,1440,2,100,18,5,12
d04e48982547095af81c231c3d581cb6,relogios_presentes,56,528,2,292,18,10,15
7745fa765a4fbc559058c4ad0e5485aa,,,,,200,16,2,11
7a10781637204d8d10485c71a6108a2e,relogios_presentes,42,236,1,342,18,13,15
095cb863f2b04911455ad33f5177062e,livros_interesse_geral,48,1140,1,1000,16,24,16
2d000576ada7098440d09be3e8b6ff5d,informatica_acessorios,33,146,2,700,30,20,30
9a99bb9931fce41bda596488d0653c39,eletroportateis,60,2438,3,2050,29,22,24
fe6a9515d655fa7936b8a7c841039f34,cool_stuff,29,266,3,5650,73,73,20
7659404ade89460a4be1c11ac47d5f2c,esporte_lazer,55,405,1,200,36,5,26
98a8c2fa16d7239c606640f5555768e4,ferramentas_jardim,39,500,1,8325,43,14,33
08401f48b67a852d06105725c3013eff,brinquedos,58,739,5,350,28,10,12
e976121c90262b3c9d173aaf4e03096a,esporte_lazer,56,544,6,2750,63,56,16
04f8b8f9921310178d65bcba23fbe639,,,,,1800,21,13,36
78976d6eae26536628ef574944bc7b0f,utilidades_domesticas,39,228,1,24800,34,96,34
44afebe5ba695261a126f43a4b29d814,utilidades_domesticas,49,465,1,2963,45,33,32
964093075b6885bfcc6520dd216e4d8f,utilidades_domesticas,46,157,4,250,24,5,11
1285c1d5b4365dcc8b7b0c34bca67242,esporte_lazer,59,1733,1,10000,70,60,40
5a17789f1d9b487c6f42da9212059dcf,utilidades_domesticas,30,723,1,275,17,19,11
44a34214a57dc373dcd80f54c919d006,esporte_lazer,21,207,2,350,67,15,15
6e835aea84ae8eb68b8c14878dd43b30,esporte_lazer,48,831,1,2350,20,20,20
78b7b1ff2d3f06a589354ddf2f4f9db3,perfumaria,31,355,1,448,22,17,17
321a78ad1321fa42286dacdd0e9825eb,moveis_decoracao,55,622,1,5500,30,35,30
0a8b35c2fbc824f7e1015cf330e6cc3c,esporte_lazer,55,2656,1,250,16,2,11
0bf0f08192fdf749718e1225a5f89e26,ferramentas_jardim,48,1001,1,450,16,7,16
1750753e77dc38c4afe6fc90f02c39bc,brinquedos,48,633,4,600,22,12,12
3eb48f70bd1ffaba382679c71ad7040f,telefonia,55,1440,2,200,18,5,12
030f129f7f4681d3996e2531840057af,cama_mesa_banho,55,844,1,800,25,5,25
f1fe595ee7ef768b41bd9b246d13432d,ferramentas_jardim,52,1292,7,1900,17,13,31
cae8c962ad47ff05a508e6fec4146e1a,automotivo,59,162,1,50,16,15,16
31e085df58ad2bb752bfbabd1972197c,telefonia,58,816,6,300,17,4,12
6c4d1dce076249f2314ac8f3fc3cc7d1,esporte_lazer,56,2361,9,350,16,2,20
ebf969336461d98e41d31673d8af75ba,cama_mesa_banho,45,238,1,900,38,6,29
ac8d637154b9a2717786c0f933d4c7da,esporte_lazer,54,1375,3,650,18,8,15
17c4bd4269902c84acc14c497f282ddb,telefonia,51,422,5,300,23,7,15
c856eb93568d1abd93fbc39fc0a9704e,moveis_decoracao,53,982,3,400,28,9,18
2b2d98d1e9b6f68a472c5ace64d704fa,informatica_acessorios,35,671,1,2700,36,9,20
91442659f31ec0f0fc73215e77854fac,relogios_presentes,60,661,5,300,16,2,11
6a0713a63e990052795623e76cc2995e,cama_mesa_banho,31,151,1,900,40,4,30
108952e9e1c5cbd3f2b29ec2893c33da,moveis_decoracao,63,246,7,900,28,11,47
edfa4e50fd451a55d8c18fb7344d2c35,esporte_lazer,54,120,1,300,20,10,15
e3dd336775af78a83fc27ed85f0f15da,beleza_saude,47,1267,1,300,20,9,15
b0523598b83f87d4f722cc77faf17cf6,utilidades_domesticas,58,267,1,5950,33,40,33
321fd48981c751663bc43487274e7609,bebes,34,280,2,100,31,6,31
7ea3919d7abd2b09549543a2508e7b26,informatica_acessorios,59,1196,3,220,18,15,16
e5ae72c62ebfa708624f5029d609b160,informatica_acessorios,60,367,1,156,18,12,15
d04857e7b4b708ee8b8b9921163edba3,informatica_acessorios,33,1127,2,450,16,4,20
b532349fe46b38fbc7bb3914c1bdae07,moveis_decoracao,49,829,1,850,20,25,20
b9e88d457e276521ccb0b226f2f8f18f,fashion_bolsas_e_acessorios,27,206,4,150,18,9,11
caf1ca4c82e6ab734903a3407795f556,informatica_acessorios,56,732,3,225,16,13,11
c3b271f47e73d0c9ccf1b43b7606c705,moveis_decoracao,59,473,1,600,30,3,20
9805b37a2e4983fb5dbb5c8168590c44,industria_comercio_e_negocios,47,563,2,2138,77,26,18
fc1d8637c0268af3db482c14b7ef8e75,cama_mesa_banho,60,269,1,1700,34,7,32
ebad2408485504e930678ed1af88790f,dvds_blu_ray,42,672,1,200,20,2,14
bc0246e1fa0a21cfceaed952d3e9cd38,automotivo,56,247,6,850,30,5,20
dc09323879d5cfb7db6c25f6a439d5fd,moveis_decoracao,56,1892,7,3000,69,11,11
b2680b3b7e17d0d97f9f59a28b8fc54a,beleza_saude,40,1749,1,1650,17,28,19
03a20f79e4c056b48ce29b3e30beb0fb,moveis_decoracao,63,1700,1,700,60,11,20
b96665121d5d14f5da703d30f116a56c,informatica_acessorios,55,412,1,643,27,19,25
9df0e8a7eef2a38b74e6d5c0e224b11f,moveis_decoracao,31,635,1,28600,41,43,91
0db04bfc9ca0d0dc2c530e7f2d023160,moveis_sala,58,1116,2,3325,30,11,30
c413fa08b405af6edb9d49e85e241c08,telefonia,37,326,2,100,18,4,12
0cf573090c66bb30ac5e53c82bdb0403,telefonia,26,108,1,128,15,8,13
f70dd37d94cc7026ca198b9d7574c7bc,alimentos_bebidas,43,731,2,1350,28,15,20
aa8e397582b49721494b929b3216b41f,esporte_lazer,47,1199,3,200,30,5,16
827c4a77226a3e7ef259d61eaa775df9,moveis_decoracao,54,439,2,1300,30,25,25
5411e9269501a870cabf632f05655131,papelaria,57,396,3,6550,38,30,28
5809b7fd257b16bbd9bdf9507931673a,fashion_bolsas_e_acessorios,57,360,3,600,43,16,27
777d2e438a1b645f3aec9bd57e92672c,cama_mesa_banho,58,689,1,950,45,15,35
e7cc48a9daff5436f63d3aad9426f28b,telefonia,58,1500,4,700,32,15,21
5f0a49e6e539d4e186eeddfd69db9863,agro_industria_e_comercio,40,160,1,200,24,13,13
9007d9a8a0d332c61d9dd611fa341f4b,papelaria,50,366,4,200,51,15,15
9901b5cedc1eb8d69d16d4c3aa8c67d3,,,,,500,24,4,15
eb2d12bc991561d4ca5deff0e60854e4,beleza_saude,48,333,1,675,23,15,14
f6e6c65001237d8ad94691b224e17753,moveis_decoracao,41,1001,1,1300,17,27,17
d66a99b585f1db4d54930362c24882da,papelaria,44,231,1,700,46,10,33
183c95ad186f48c320bbac4643829d3f,fashion_bolsas_e_acessorios,36,412,5,150,16,5,20
79da264732f717f10ebf5d102aa6c32a,telefonia,59,675,5,150,17,8,14
9bb8ca338e5588c361e34eae02e8fad6,beleza_saude,37,314,1,431,19,17,15
82bf3b832fc83ce67cc295a7a8ab6783,bebes,30,935,2,300,22,10,17
55552e80f046fafe13e130e6a07745e2,esporte_lazer,29,1149,8,9950,105,15,25
bee2e070c39f3dd2f6883a17a5f0da45,informatica_acessorios,53,871,4,175,20,20,20
dd47440cb56de3ab674f9208ff0edc3e,informatica_acessorios,58,956,3,2550,30,10,22
bf477d995ee4444807afc574cfbcc1c1,brinquedos,46,1206,2,325,30,8,18
99dc7241bbddb1c9da9ee00ed8070f56,papelaria,57,199,1,400,25,15,11
a5f1e2bdbdb0cd9e44001c416fc3162e,brinquedos,37,413,1,1473,38,15,21
aef8207c2e91f4fcdbc0824737abf358,beleza_saude,41,915,2,1075,26,14,17
88f2c10f7a675e2f7e5a00ec528d973a,audio,33,346,1,1000,20,16,16
55aa465efc1629771ef1f96d3b9784ab,automotivo,42,265,1,900,30,15,15
4ef061c259138e88ac20204e453f201c,utilidades_domesticas,57,501,1,750,55,6,35
7a2428849e8c9e1cfac00494791ca876,cama_mesa_banho,50,234,1,900,38,6,29
88c20c5a22f2ca169af8cfc2df00a7a2,esporte_lazer,41,781,4,500,20,20,15
8ccaa3f8b171b199e37294ece30815a3,moveis_decoracao,58,871,1,150,19,5,25
d1847c3f994dc0bb4d1248520ecb81f3,informatica_acessorios,60,638,4,400,17,4,17
68a058d125ba1544e726898f0b8c0523,moveis_escritorio,54,1283,1,10475,52,51,17
79366d6a24de9351b7ca6e3cf75a68ec,eletroportateis,44,2558,1,1100,34,11,25
bb50f2e236e5eea0100680137654686c,beleza_saude,60,2644,6,400,34,4,22
8983a3b149303c013fceabef902e835a,informatica_acessorios,39,1193,3,450,16,3,15
e7ce29342574abe2fbf171df97fdb092,utilidades_domesticas,53,1524,1,1100,30,10,30
fa39c60599eb6573020f07a1b4dd38cf,utilidades_domesticas,52,806,1,1183,38,18,26
28f61ad35fb219e9debd750a73b63985,informatica_acessorios,55,191,2,100,40,2,24
69c2f05e34d543dc71cfe745bfac8499,,,,,650,30,3,30
aedb09a73deda537456636dad7696b64,cama_mesa_banho,55,1007,1,1150,16,30,40
ca11a4b920d7e64e5d2230d5373e0f76,relogios_presentes,57,1000,1,300,11,9,16
210a8305d79b2f5719cbafb2c026797f,esporte_lazer,60,521,1,650,24,10,20
5d0a7cb413c5b59233c57177fe2f20b0,brinquedos,43,695,3,200,16,7,11
6c8b2975a4a05d1f36948b20753b29ca,ferramentas_jardim,47,895,9,1500,45,10,35
5fb3ff04cc8ff9f140b028d867a6b0f4,musica,56,2745,3,5250,27,32,16
77fdeb8d4f7502f75b6779205f30a875,cama_mesa_banho,56,333,1,12250,62,27,47
f76b8eae9da79861cd75f86a1020879e,casa_conforto,46,313,1,1800,55,7,23
9ada4c8f4e072df42ff63b30520b6975,moveis_decoracao,58,662,1,4150,30,35,30
078faa63eb55a5055713e141f098624c,automotivo,57,597,2,1100,60,8,33
521a361808bedd9fffb32181e501e09b,utilidades_domesticas,40,220,3,1200,20,25,20
e6ca601b0b9189e6471ccf0667985c9b,beleza_saude,57,2685,2,800,30,15,16
94bb0da423501924c41368236d88e808,cama_mesa_banho,51,281,1,925,20,17,32
9324d11d98d73e980e13fbd30569e9e4,pet_shop,55,1501,2,875,26,19,23
3d7e90a312a036ed4ae2ecd2a459a629,alimentos,59,913,1,200,16,16,14
23365beed316535b4105bd800c46670e,telefonia,56,351,1,350,19,4,11
a94ba3ccb95b8e55a03e0c8842d1ff8a,relogios_presentes,39,434,1,300,18,15,19
a069fc741ff92fd8af8270a66f35fcbd,moveis_sala,31,325,3,4025,51,14,52
569ffd16f8032478cbeb9800f2e94ba0,moveis_decoracao,49,544,1,410,39,3,28
50fd2b788dc166edd20512370dac54df,eletronicos,46,2285,1,150,30,10,20
60bf1bc45f1207a9d08863c1f6d390c8,fashion_bolsas_e_acessorios,47,490,5,150,16,9,11
ba74c6b75d2ad7503175809688d5a03c,relogios_presentes,59,1088,2,292,17,8,12
c3f6113d5b61bc95468432072b27e23d,informatica_acessorios,64,676,1,300,36,9,11
1ffbbf003b5a076002ac9deac36b1c4c,moveis_decoracao,41,352,1,5150,25,25,20
0b2c18d8e73e17348a011241525cb089,relogios_presentes,60,1008,8,400,16,2,20
d9235fea02ba3f9fafcd78d898ac4355,construcao_ferramentas_iluminacao,54,929,5,1300,22,15,18
3b10cf7d1e08c598428ad6eb7c59d09c,cama_mesa_banho,59,775,1,1550,32,10,28
c448475cc4766baebabe30ee6d5f3fb7,papelaria,50,105,2,450,20,30,20
6e59a5107a6102148b438cb33d5a2529,malas_acessorios,49,826,1,800,21,50,33
eec68ed7d496bb2ee6aa0a69bb78acd2,papelaria,34,332,2,850,40,15,37
57c56b4871f4f353ac52c8015e9c5318,moveis_decoracao,15,407,1,800,23,27,23
98d4d94ea54992a98bbfefe75e7561d3,eletronicos,46,137,1,300,16,19,15
f55cd6a68f96c3041176998ce1850ff3,,,,,200,20,5,20
054515fd15bc1a2029f10de97ffa9120,esporte_lazer,50,799,1,150,18,18,18
776ef0ee36e20757c513e64903f1fa8a,beleza_saude,45,494,3,925,25,6,16
7b1f55eb9b85b0aa6b1d4c16108eac61,cama_mesa_banho,59,272,1,1850,46,12,43
7f064525eaaa1ce9d22c085f7ff5413a,relogios_presentes,50,578,3,250,16,2,20
e09b8cac0ce917d36559ef40c1d17a37,cama_mesa_banho,59,289,1,2900,35,9,34
43c78ce98fcf40ac29ce5912c85eee20,beleza_saude,44,1394,1,1150,30,12,16
ee3465de8b8ccf1b5e2f9f966cffcf04,beleza_saude,47,3102,1,150,24,5,11
3fae92f8d0ebb3317991934a6d717c47,cama_mesa_banho,60,306,1,1250,16,10,16
3c260c3a756ae318837fad7286073c77,moveis_decoracao,30,493,1,550,16,16,16
0a9bdadab17a9b0f258f64d11a0adf7b,moveis_decoracao,37,1090,1,7480,53,48,26
2ff995aead9c63a1f37a07b3664ead37,moveis_sala,45,353,1,7500,61,11,46
52b3af7304d611855714d9b3d1724ea7,moveis_decoracao,72,401,1,1150,45,15,35
f15d45335c602ddabad8579eb1d8e84f,telefonia,58,539,2,350,17,4,12
ce6ffea9f2a71228df7664c52f21450d,esporte_lazer,49,568,1,200,26,16,16
d22f287512fb5bda6efc5c8e6216c6db,beleza_saude,27,408,1,1450,41,40,13
db6796aa712a2626572bb3d0b9a039cf,cama_mesa_banho,53,561,3,1350,45,15,35
9f7fa43dfe21e43d37d65a6f2369c6ed,cool_stuff,47,647,2,400,21,16,16
a2d0bc51c6731d860c169cc9f18b2b7a,cool_stuff,55,399,2,1350,36,16,24
acf64dbad65e99f5bb490d85c59b2636,brinquedos,50,722,2,1168,34,23,27
537f8133bb109ca8ae9c6f48370af9ec,automotivo,59,983,5,600,20,20,20
db71a8783ee43c3bb7ac7fe8f0cf9e6b,instrumentos_musicais,48,1891,1,1350,35,25,35
fbd4031ddbc3d02b95834b62769d3ad0,utilidades_domesticas,55,375,2,10050,37,61,26
2136c70bbe723d338fab53da3c03e6dc,relogios_presentes,55,167,3,200,16,2,11
95ebf42730dea8baa19b9c8794da556b,construcao_ferramentas_jardim,21,598,5,2460,34,44,25
504f07e36481e5e72043def3d874b92a,esporte_lazer,53,847,2,600,33,5,16
499152ec860819480e1b2d5598d1e29f,automotivo,58,695,6,7075,56,11,32
ffc9caf33e2d1e9f44e3e06da19085f7,beleza_saude,22,279,1,2134,25,22,16
3a95236711511b32855804d3a6287595,fashion_bolsas_e_acessorios,57,92,3,150,16,2,11
39a1a3b9314738724fce4b2907ae6686,cama_mesa_banho,60,198,1,1550,34,7,32
2b7aa376a6e728560bddb5558cc48e89,moveis_escritorio,59,1296,1,13388,54,47,28
f0b3ceddcb44ad6d8fa4a3453686e693,relogios_presentes,50,426,1,500,20,16,20
9c5eb07abad39517f560d32066739b5d,bebes,55,1673,1,371,17,17,12
b11802a8f8d0f813ec6d3fa8967aab21,esporte_lazer,44,521,2,1550,42,6,40
272f828875d25e7c0a395cb6ce703bf3,ferramentas_jardim,45,463,2,800,20,10,25
e8e3b26a966bdd1260fe48e92972f670,informatica_acessorios,42,285,1,250,16,11,11
7b0837837bc77c47aff31afc04286281,ferramentas_jardim,56,1087,7,10700,41,23,40
ed77034b92386a1a8cfd3c648d715dde,telefonia,54,503,1,317,19,8,16
4b96786612ebe7463132fce2c4dca136,utilidades_domesticas,42,540,3,10750,31,61,31
c8181e8e724bc31ef26d58c63f9898f7,automotivo,57,255,1,1200,20,20,20
9c60b810e32e14c3a278742567720634,moveis_escritorio,47,559,1,17400,63,58,26
ea99388f66ccc3a78b6c2d7725184b12,esporte_lazer,57,373,3,1400,65,10,16
725cbfcaff95a4d43742fdf13cf43c75,cool_stuff,58,537,2,1850,34,5,34
ef8856db4e302ad33dc4d91e40f7593c,esporte_lazer,29,531,2,1350,41,10,35
86265224a1b25cd13f8b20ffeb6c8e5d,beleza_saude,41,596,1,1250,16,16,15
b931645cdc2d9868f01544e8db63f5ab,ferramentas_jardim,59,398,6,4200,50,28,28
44291e25afe160dfe5f844da1b0f8b15,perfumaria,54,964,1,50,16,5,11
9bda16ddb772f99c95a69cfd874de990,automotivo,56,347,1,2900,30,20,30
822ec6c9995d2e4747d0c33e98d61ec8,construcao_ferramentas_seguranca,52,1298,1,700,20,20,20
6acb159c74b0fa813fb68bf88655c7ab,ferramentas_jardim,53,1052,10,1300,40,10,15
66870cddd12bb52a4bc95468f0bc9fa8,automotivo,60,873,6,2150,30,25,30
fc44aa56f6950438772a08ec23552fd9,eletrodomesticos,49,150,2,750,22,35,25
ed2067a9c1f79553088a3c67b99a9f97,alimentos,52,919,1,750,16,12,15
b24d74b0c697ec38e9e6da20fa7b80d6,automotivo,35,117,1,900,38,7,12
b45e1c65cd9f63e06b57f502caf50b78,brinquedos,33,378,1,5000,72,34,20
f2399cabe080029634d12cec4f60dbf0,moveis_escritorio,50,1117,6,2100,16,26,26
f6e3aeb40c00aec24ade8333c2ac1b20,consoles_games,29,1094,3,150,24,5,24
a096400f2b6fbe9c868f7dd5f1333e5a,esporte_lazer,54,814,1,185,18,12,18
ca0019454bd5ddca0f4022fe89f6557a,casa_conforto,57,217,3,5700,40,20,40
94475071013412139f862c0bd7e3bb37,papelaria,46,708,3,317,22,14,22
6e86c76c9073070701739dc4fae68a6b,moveis_decoracao,46,642,1,12600,45,35,45
f71050e65776861c8c3ec7a2d2b0194c,utilidades_domesticas,49,506,1,3050,30,30,30
668b1e2b9471f837ba1797832e3f2012,telefonia,60,357,1,230,17,14,13
0b94c4b0f19b2fa4eaaa3dd2cbee42bc,utilidades_domesticas,57,274,1,550,25,4,18
0b814a3c8fa6dbb849df7c28c1bd6831,moveis_quarto,53,530,1,10700,93,63,11
68fd321167f27536e8c0b182d358f854,cama_mesa_banho,52,381,1,1800,47,21,41
12fc9ab82dd45f3824881d94f79edb38,automotivo,59,457,2,254,18,12,9
b6af4177bdc4b1acc9f8d9d52d614616,beleza_saude,55,485,1,1150,35,15,15
d2bcc21c60051598876d7c58318682c0,eletrodomesticos,56,362,1,150,18,8,13
7a6aebc4c1205818e64f9275475a73e9,moveis_decoracao,37,998,3,12850,36,56,56
6ab9d49c399f239bc88ea28c7568213f,,,,,250,22,2,32
d3f466b2502b985d472e7f0fb60eb678,cama_mesa_banho,39,254,1,1000,50,30,40
6c3c95f656ad4d31b662c75b31c09f1e,livros_interesse_geral,53,1025,6,475,14,16,15
53b7965906cf23c063da1ff89f50a257,cama_mesa_banho,55,562,1,600,16,10,16
acc444eb5ad26f79d5a11baa6a03c439,moveis_decoracao,53,626,1,9400,35,45,45
380b4664ba5bb18cc9db78ee6bac3558,relogios_presentes,44,322,4,250,16,2,11
ba4a91633739ceceb2b73b627e2cfbc3,moveis_escritorio,57,1296,1,8750,52,51,17
5d66715cc928aadd0074f61332698593,eletronicos,52,390,1,150,20,13,18
c1af5ce247fd5fd18c52ba645c3c87b6,utilidades_domesticas,57,956,3,350,17,16,17
2b0c892ab2b8e600a0b186db31f5947d,esporte_lazer,49,903,5,4325,40,25,33
ac43429cfe2a3933709b85dc2acacca8,relogios_presentes,56,1075,4,650,18,14,16
3a65f793b3e854ca1f31c6d7c636f117,informatica_acessorios,49,3940,8,900,20,15,20
19e17f268ccea61dbea86367763aec38,casa_construcao,47,510,1,300,16,11,11
d103a59e482517dd37f6865b1bf5499d,ferramentas_jardim,55,1209,3,1650,25,25,20
ba80c9f47a84d1e08465f72e22930c83,pet_shop,41,901,1,150,19,10,15
f7f59e6186e10983a061ac7bdb3494d6,utilidades_domesticas,59,459,1,3700,32,22,46
c20a3f598c16d77249da67e81caa8317,utilidades_domesticas,57,529,4,575,16,18,12
f4a38926843e01497a3f63a5d5740c72,eletronicos,38,375,1,150,22,13,17
ea70c7ac7beedf6663e1ddbde272384a,pet_shop,55,583,2,550,24,30,16
54f45413afc0d5480c59f5dfeed2d19f,beleza_saude,31,490,3,2450,20,12,28
19bdd86ca06c5bcaf94fe9e856bd6a3f,brinquedos,51,780,2,2450,55,21,30
9ecadb84c81da840dbf3564378b586e9,moveis_decoracao,41,789,1,950,20,35,20
2f5895fbda5cbf713513c5b641383a97,ferramentas_jardim,57,931,3,575,16,13,14
46d418ab71bf88eeaa978665d4b0f693,,,,,162,16,8,11
1055db476dfbed87313ac8481c2597c0,beleza_saude,58,826,3,1250,28,6,28
1a080577618e7fe4d9ddd8fb2b47a964,relogios_presentes,33,623,1,425,19,13,16
7f457254a89d62960399e075711b3deb,automotivo,60,558,6,300,17,4,12
3bad4452b9bf0554748e82f3a4a5673c,construcao_ferramentas_construcao,57,819,1,750,18,30,11
84003eefe52bb4112252409a24ae3a73,perfumaria,48,450,1,400,19,19,16
25da7af0ae86de644e6410fec1d599d1,automotivo,41,2716,1,26000,60,60,17
11fd9d7ba552e1d28872e008acf1e050,cool_stuff,31,1194,3,10225,19,11,11
5f6b99538b396c18e5e310c2c187dc8d,beleza_saude,28,662,1,1250,16,12,12
3bbacbe586e957acbf26c63b3ed532a3,pet_shop,53,1687,2,8750,50,8,45
7148a8f67a1564b5a6c5944398357e18,papelaria,60,688,3,800,23,7,16
50562cf6349c8e6b13a79d9dce87c4c7,fashion_underwear_e_moda_praia,63,469,3,375,19,9,27
6d0a373c460a041c86167a92a5d3383e,moveis_decoracao,60,2043,5,3000,69,11,11
82fd0e5d33b58ad696f75449679c1470,beleza_saude,51,745,4,1087,29,29,22
7e53a61dd91122cf3f80674ab5068403,beleza_saude,52,1219,1,950,20,10,40
931a7f2e9c4ebeadd0891fcda934652a,automotivo,40,1021,3,29600,56,15,36
c39e3869763358c110302e22df757450,alimentos_bebidas,49,3587,7,3400,30,15,26
33bd1a075f35400643129b5f3d936845,relogios_presentes,58,3145,3,1900,49,10,28
6cdd53843498f92890544667809f1595,beleza_saude,51,625,1,900,25,12,38
ffef256879dbadcab7e77950f4f4a195,artigos_de_natal,33,343,1,450,16,15,11
77ccda894b672fe1214b0101d108d7f7,beleza_saude,51,882,4,875,28,21,25
f2f6433af969cd131435a2b163d5af96,dvds_blu_ray,54,1219,1,200,20,2,14
642a40d4d73b4b2604968937de13634a,cama_mesa_banho,43,93,1,250,40,4,30
28a652ff04e43c1bc57937a9f8770f9b,papelaria,55,264,4,7700,28,55,37
4a52073965ad17f345f579bdbdbabd74,perfumaria,58,301,1,350,16,5,11
acde6bd0b5f91190e2a123df389b0b47,automotivo,52,545,4,358,16,6,17
c73628b1c3144b2e0c9c88072f21a213,automotivo,60,1892,2,850,20,9,14
c0315bd17c58be3dec2bd04dd4233b7e,perfumaria,59,827,2,500,20,13,20
29427de7f8a9ee983d9dbc51cec569b4,cool_stuff,54,995,1,4475,44,24,31
ee6e15447094b902e95fa175c5695cee,brinquedos,55,467,1,300,16,6,11
3bebad3cf2c8d1a8d3ce97174643e054,agro_industria_e_comercio,49,903,8,500,17,11,11
7fb04722aba7a2b632bac8f9819796f3,beleza_saude,48,594,1,1850,24,36,23
aa8d88eb4b9cb38894e33fa624c4287f,relogios_presentes,54,335,4,250,16,2,11
905a4d693124aa4be9299d68ee7ebd91,utilidades_domesticas,51,434,1,2550,58,43,25
1c928305f64aa4a643ca1c969c0abad7,automotivo,46,431,1,150,25,7,16
64fb265487de2238627ce43fe8a67efc,cama_mesa_banho,55,329,1,1825,44,14,34
6845447c5d4495dcddca6e6b494df3e7,cama_mesa_banho,55,1337,4,1950,40,6,35
461f43be3bdf8844e65b62d9ac2c7a5a,relogios_presentes,35,591,3,444,20,14,16
e19ddcc85537b41f22116c8d5425ef46,moveis_decoracao,48,519,3,700,26,8,22
b000447e24e31a4d7e628ca4d0622131,telefonia,33,119,1,250,19,4,11
ad5d8ddac19451ea0f20b6c38afc3bc1,esporte_lazer,56,1860,1,200,17,12,15
c00f76b76f52037b0fc9f71fd8a7ac10,perfumaria,45,615,1,100,16,5,11
1d2d3b19f5c3d093d4dbccd3cd963a8f,esporte_lazer,46,408,1,2050,28,22,20
1d52a166aed7c327a5040a26342198f1,informatica_acessorios,52,534,1,120,31,10,15
b2deacef3cd033a4c5b247c4e03b1744,cama_mesa_banho,47,635,1,800,16,10,16
9c7ce59c96e74dfdfc51f13a4a6c3869,relogios_presentes,59,261,2,250,16,2,20
5b8423dc7f23089c9c59c5d140eb5a1c,brinquedos,59,1629,3,5250,51,15,52
542b3d80712d51eefe3a3cd1c5f4e8fe,cool_stuff,49,223,1,400,30,30,40
1f24b46fe73e9c77bfdf756f69f3ea8b,fashion_bolsas_e_acessorios,46,691,1,100,17,7,12
9e2ee57a77fedecd33b6914e9cf61199,beleza_saude,39,1083,1,100,16,16,16
6c3effec7c8ddba466d4f03f982c7aa3,consoles_games,56,237,3,100,16,12,12
0f3777229e40207d248acfd6e1f716b6,esporte_lazer,64,640,2,30000,42,105,47
51f876eb62be778c757503cf7f8a3b74,beleza_saude,33,198,1,67,17,15,14
8bb2ca7d3fbcb7de9ff7b8250cb292b5,moveis_decoracao,58,582,4,10600,41,66,41
98d61056e0568ba048e5d78038790e77,automotivo,49,546,1,6400,63,11,63
fb5dcf669bb92534be46c2fef1131651,telefonia_fixa,60,802,9,2250,23,6,23
b5c1a16643b475591d742c4ef29d3202,automotivo,54,925,2,5350,65,25,25
10717ff440b2320081989126e858b220,cama_mesa_banho,52,263,1,4867,70,16,50
72ba1b1e37ca92467fe787728625c76a,utilidades_domesticas,44,833,4,4050,22,51,22
88e2fc6c65d64b3edbf2cade16ea82d9,utilidades_domesticas,56,595,1,6850,30,30,30
e9def91e99c8ecb7c5cef5e31506a056,brinquedos,34,867,2,500,19,11,20
4fc38c7dd401191c16f9ced89baf4877,cama_mesa_banho,45,597,1,3117,44,14,34
49770e2e1a22b61e15a13c2cbfbfcbbd,brinquedos,60,1243,4,7950,52,34,18
6447947a13b0cd3fa652bd0c4bd4d534,papelaria,54,246,1,1250,32,30,32
32b8ee42e46363609baa9d10ce94d460,esporte_lazer,53,390,1,290,20,18,16
875877153c6086d3c0e1fcedcee6a77b,beleza_saude,41,3571,1,300,16,11,11
62f9a2fb6e52ef49cef0254cecab4ba7,relogios_presentes,36,659,1,190,23,16,18
108c2bc00375b068ec4d353bfe3649ce,fashion_bolsas_e_acessorios,57,61,1,300,16,2,11
4219d6fd389ceff96094be6ac39acf1e,moveis_decoracao,61,198,6,1550,31,11,26
9048cbd294fe0c1a3ec8c8248bc2cadd,instrumentos_musicais,63,927,9,7500,55,18,45
03c94210a8223f2f0c811f6783fe3d22,utilidades_domesticas,42,422,1,3450,32,25,26
1c55a8be0613dd888ed9c039cea3d660,moveis_sala,56,1043,2,3100,30,11,30
25e2023ed83352bde98dc1490d14c3d8,brinquedos,30,1024,1,887,30,22,20
e2b02dadb01104e3f9f588311b3f2612,informatica_acessorios,60,589,1,188,16,16,12
7f55769896fc6596e7251490b8b5e536,moveis_decoracao,45,520,3,450,30,10,25
6711372a1a1512247ae964b1e36525d6,bebes,42,508,1,8250,44,32,35
723ab68453652dae58066eda82a8547e,cool_stuff,56,330,1,2000,33,44,19
704ef63ad0ac345842ea734060a83db2,cama_mesa_banho,55,249,1,850,38,10,38
7e0dc102074f8285580c9777f79c90cf,ferramentas_jardim,60,1251,2,800,30,10,30
d4a8ab90e626911fa92af68c07228390,moveis_decoracao,59,438,1,1000,30,4,20
be0dbdc3d67d55727a65d4cd696ca73c,informatica_acessorios,47,493,1,245,19,14,14
45a6892a98568b366b52ffeec9a03691,alimentos,58,1195,1,229,18,10,16
768ea53ea10b7fb3bfa4d3cc4f918772,esporte_lazer,48,370,1,125,18,5,14
c319f453652bff80bc8f9f71d87e56c1,bebes,46,715,6,260,24,19,20
fa80471d26662bb653b2286e4b735a5a,automotivo,40,2723,4,25150,63,63,38
a5c9c1711f61d2b63cf996b4928092ed,brinquedos,24,669,1,1050,24,29,23
253d579d3a543d50016d25936dc1be2e,brinquedos,53,286,2,300,16,20,20
056193fc88b3f131fae751356896b168,utilidades_domesticas,59,1996,1,8950,40,30,40
fbce4c4cb307679d89a3bf3d3bb353b9,cama_mesa_banho,53,597,1,6550,30,30,30
dbb67791e405873b259e4656bf971246,informatica_acessorios,32,321,1,207,17,12,13
d9ea8b9304d5ce0662a97af9337ee871,bebidas,27,560,1,700,18,12,12
9dec5fc311dd0fb270109e8942847b50,bebes,13,850,1,500,60,3,24
e44f675b60b3a3a2453ec36421e06f0f,esporte_lazer,35,1058,1,350,17,17,17
595fac2a385ac33a80bd5114aec74eb8,perfumaria,29,178,1,400,19,13,19
a92930c327948861c015c919a0bcb4a8,relogios_presentes,59,319,4,250,16,2,20
0721efe2bcae3223969332d77f0182bc,telefonia,55,2139,2,421,23,14,17
86133a2151bd98a3ed2ad758709e6d1b,cool_stuff,59,1634,6,1750,20,8,14
e731dfad79b4686d049d024b9fc97360,cama_mesa_banho,59,127,2,7900,20,40,40
0d87a475cd933bc600f92e0b346e9c0c,utilidades_domesticas,53,747,1,275,27,15,27
a2e3365ef10ca17767e0228708414937,esporte_lazer,43,263,2,3650,60,15,15
686c91d509cb70a2148ac3ecbb8a4f75,cool_stuff,54,940,1,2100,42,25,15
d696ead711c63f9d5d1af6fcfbc3fca2,beleza_saude,59,971,1,2200,26,17,19
c2ece64199af7a53793ed9612a89a8cd,moveis_decoracao,59,955,7,2500,60,12,20
7d761cef314675473eda87ecc3b7e751,cama_mesa_banho,45,729,1,1250,20,30,30
4fa2410cf10d733adc25a98d23a33975,moveis_escritorio,44,2235,1,12400,58,28,58
225d62bfb53c4e74ed7d30d1fed23fb5,automotivo,48,144,1,350,24,4,16
38ef617a023fc4398829dd8c2b9e8be6,cama_mesa_banho,54,559,1,650,16,10,16
01d15932271068f9fd1f369b8449cac1,cool_stuff,51,751,5,4900,78,2,62
edcda2e50aadade37544f55a8da52207,telefonia,60,777,6,350,17,4,12
d8a5b759acaff49096bf67c33d9a9372,utilidades_domesticas,58,861,1,550,19,18,17
21d2fdced5c69bfc6539b67908a4ad28,moveis_sala,31,363,1,6450,55,15,46
7fda46e6f8996ebe3acf684cca0124c2,cama_mesa_banho,49,513,1,4825,51,16,36
472e6464088101bf2ec351d222c415ab,informatica_acessorios,55,742,1,350,20,15,20
b73f6899a58fe7a37e55149e9a11c717,moveis_escritorio,19,917,1,10500,53,73,18
5fd9aed6ebc6311283c04f5b234f5ce4,informatica_acessorios,45,1038,4,225,18,18,11
e7f85e7f0203b7b95cc1b4c21b4b070c,cool_stuff,42,582,1,5575,60,22,47
02b824e9f1158bc1005e058c4ea78e8d,eletronicos,56,1672,2,733,29,7,16
7053ea870121d9f77c255101139dd0e9,informatica_acessorios,43,688,1,2000,25,15,15
bff395cb3a536fd2f70b47ac8dbb85ba,construcao_ferramentas_seguranca,60,216,1,150,20,20,20
4cac1a12a6fe9ffba4a9556dbe582e28,automotivo,46,365,1,200,16,5,20
aaf821b2000c1b2e28a531d97c405c58,bebes,49,375,6,200,29,7,16
13db47eae724e2848e12b71a617a3a41,audio,34,468,1,425,17,11,14
f71973c922ccaab05514a36a8bc741b8,malas_acessorios,47,482,2,16100,35,65,44
475936ba8be53c74b3bce95cb665a0b3,beleza_saude,43,1715,1,450,16,16,16
96ea4f32befa14bd8ab36fd6827a5e3f,brinquedos,45,1217,2,375,30,9,18
af0a99476d96dcc1a1baa7c0d9ff6b9d,beleza_saude,52,913,3,593,30,13,16
5a6849f9db912b68be72145d959d61d2,automotivo,58,237,1,100,16,10,16
5a0783457f0264ade6beeac64ba145f4,eletroportateis,37,194,1,400,20,11,12
35557c68a22ecebcf066e25ca2ddc144,ferramentas_jardim,50,741,3,300,17,7,12
c9c6fde711572c1ad99ca12728c6af00,telefonia,51,678,2,150,17,8,14
e53e557d5a159f5aa2c5e995dfdf244b,informatica_acessorios,33,256,1,180,17,10,13
480be8d20c4b6a7df1eae0f2c17f2db2,livros_interesse_geral,58,1556,1,300,30,2,22
acdd9eaa79720ca045ce3768250b8e47,beleza_saude,59,669,1,400,30,10,17
a3b994a761e7a3ef4b527ac7f1057e9c,perfumaria,54,954,1,50,16,5,11
8b52ce7d34b48cfa97fc4219b3fa4e39,relogios_presentes,37,548,1,300,19,9,15
cd48f265a63e13b762601f5f794c5fca,bebidas,48,859,3,175,23,21,21
e7e8b8c62baed3c11bdbf4fad8a32dde,cama_mesa_banho,56,371,3,3300,50,19,35
6a057a401eab3b3cb8083d9e42972233,beleza_saude,34,3395,4,1200,28,10,18
cdd37c09b1f47401bdce0f38d3a7f485,cama_mesa_banho,58,636,1,1000,20,16,20
6e649da572cb3e7bd20ef7203d43829c,utilidades_domesticas,59,391,1,2250,45,21,26
9fc063fd34fed29ccc57b7f8e8d03388,beleza_saude,48,657,1,750,38,12,25
369440882015b4d57e6f077771c3411e,relogios_presentes,44,580,2,300,16,11,11
764292b2b0f73f77a0272be03fdd45f3,moveis_decoracao,56,701,5,750,30,30,11
982565327a800a467fffeac070672ea6,eletronicos,58,945,1,1167,18,17,23
7e646f7e1e428a1ddde5a18dd9d42e95,moveis_escritorio,47,476,1,12000,52,51,17
54c966eff52b73559d5677724b47849b,relogios_presentes,55,687,2,350,16,11,11
9b2c558d8722ce82e6cae7ac037c2ad8,papelaria,55,2557,1,517,23,21,23
c403e106353e1aa40efe783ecb39ed7a,cama_mesa_banho,30,169,1,550,40,5,30
0527af46c46b7a345d2086ea304ae8d7,eletronicos,25,101,1,625,27,17,25
b0961721fd839e9982420e807758a2a6,ferramentas_jardim,59,341,2,1850,37,22,40
dcfe33bfae82bed3b1d9a7d15197f5be,automotivo,41,851,1,192,16,13,13
b9ac7314894a193a11fd3150f8c69307,beleza_saude,41,875,1,583,30,15,16
a35c14eaa384acf7aabbbec3bd76fae6,utilidades_domesticas,50,690,2,850,28,12,22
37eab73447adec63c01f2cebf76afd9e,alimentos_bebidas,50,3687,7,300,30,15,15
44d097d59e8430f88a67517cd0c4f865,fashion_bolsas_e_acessorios,55,151,6,350,16,2,20
28b4eced95a52d9c437a4caf9d311b95,moveis_decoracao,60,1953,1,750,69,11,11
7b8617aa0d6db3af504337cc7a88e460,cama_mesa_banho,53,227,1,2300,39,6,29
74939659dbb10592e383bebf2f78272c,cama_mesa_banho,60,613,1,500,16,10,16
eab1309765ca0c3ba5c2ae2b85b28b00,esporte_lazer,41,1343,1,4463,44,35,32
7ce94ab189134e2d3c05f496d635419c,eletronicos,39,400,1,200,25,7,16
7b7867b1566350578959e705c5a46b2f,cama_mesa_banho,51,89,1,500,20,10,15
b206760d97dbc76527bb07029a6179cb,informatica_acessorios,35,1101,2,300,42,2,30
23ca4b39422a8ce105ac4848d5d9cad0,construcao_ferramentas_construcao,46,604,1,750,16,27,35
87a71ae93900ab55fcf685c8040769b3,eletronicos,36,401,1,175,22,13,17
6eb6c5cb7df0f863538b61a47fcce962,perfumaria,55,226,1,500,23,8,15
854289563c41e83bc59072f5b61fdece,relogios_presentes,43,575,1,300,19,10,15
d5d2996be7ea70ca1415d20e220436a4,automotivo,49,1555,5,1900,30,28,30
e7db7c40ea6647c808d48581f1308d88,bebes,59,235,2,9400,75,15,50
c9c0435c9331c27dc487a2dc1738a32c,fashion_bolsas_e_acessorios,60,849,1,8400,62,20,40
61787f92f08a18258c0267e53cb9c1cb,fashion_bolsas_e_acessorios,42,220,3,300,22,8,15
744846f62c7ba12b43c59c5ff57782a7,cama_mesa_banho,43,227,1,900,38,6,29
bc137217dc0cb0559a1f46e0500f50b6,bebes,38,596,2,300,30,8,12
c98fcf63f668fa08d0da5584888d6e4b,beleza_saude,55,1588,2,2650,19,26,17
3bf95cf337a8c87435a2949c48350fc7,beleza_saude,59,1538,1,2017,28,30,27
0b6a32b32a7dc68b12e8a0e0805c44d5,relogios_presentes,50,542,1,190,16,11,12
c80124276571cd4bef53cf35d9b36c5c,casa_conforto,60,216,3,5650,40,20,40
c329abd2a10fad4a2f83377956328c67,ferramentas_jardim,52,695,2,817,21,23,19
ef7f13c7694be202c48017b71801815c,beleza_saude,57,1343,1,3650,23,23,23
9c422a519119dcad7575db5af1ba540e,informatica_acessorios,56,1306,1,100,20,20,20
3354a4e684f5e7199f9407db70ccd92b,cool_stuff,52,847,3,1200,42,25,15
2267b228a5bcef6dcc0fd584a4512908,beleza_saude,29,870,1,185,23,24,22
28bc7d95951d962dd5cdda791e07b56f,cama_mesa_banho,60,420,1,400,26,18,23
4ece875799f8eacb00dc13e93d0a2fd0,esporte_lazer,42,2300,2,350,16,16,16
695c34c5771cca25ecdc04d24a9b49f6,moveis_decoracao,50,676,2,1750,35,23,35
ed47a454f5fbb920098724ccf04f86de,utilidades_domesticas,41,766,3,350,16,10,13
15650c1f25dd6e567eb1188df1c1a411,utilidades_domesticas,36,622,2,600,25,10,11
0c3305267c17b542aecbc2385f5f0794,perfumaria,57,740,1,500,22,14,23
79c0ace2ccf0da036e787875a49151a4,moveis_cozinha_area_de_servico_jantar_e_jardim,55,1211,5,14150,100,15,15
188c2b55dbae7df073f4f4a24e232ce9,utilidades_domesticas,49,186,1,800,30,30,20
8562e2c780a345b609e1b802d7e3e4ae,cama_mesa_banho,51,1208,1,1100,45,8,35
7340a3839a1de1e99d149b8cf052a2ec,cama_mesa_banho,56,536,1,800,45,15,35
5fc3e6a4b52b0c414458104ed4037f1c,informatica_acessorios,38,228,1,200,16,5,11
5f754b00e7c346bd070d33ffb9f006a7,beleza_saude,59,2910,5,250,26,26,11
948cf1d0e3086dc58ca7332b39abda1d,papelaria,54,259,1,5850,60,20,29
500870614ddcf5bd84f7d26861026c8a,telefonia,58,434,3,217,18,4,13
306599a052830af3cfebe42ee7a79dde,utilidades_domesticas,54,354,1,1250,30,30,30
4673b61bd1649eb349682ceb2449e34b,cama_mesa_banho,43,100,1,200,23,3,16
6cd51331a07b84149502aa6c9c5b536e,perfumaria,49,537,1,183,16,10,14
0736b2e56f06e14d3aa1bef54de26052,telefonia,33,367,3,75,19,3,11
bb3c156467b262f4c99996ded3351eee,utilidades_domesticas,42,158,1,700,26,17,21
06f756df8d80309915285f3ee6ea1059,malas_acessorios,45,1333,4,700,16,40,40
261dc97192b478e60fd1318cd0650618,utilidades_domesticas,47,811,2,1200,36,15,22
1b363f393faf61f11af873b840645eb9,cama_mesa_banho,55,246,1,1050,38,10,38
c917cd48f8178bc6e1e4bf902c7e0b83,telefonia,58,777,6,300,17,4,12
e329dc4f7ae6fac352da9bd20e3b11e0,utilidades_domesticas,54,533,4,2850,30,32,28
c450c2e066134b9a836264ba72586ff6,eletronicos,56,308,1,150,22,11,16
86a79a785b65ce2e2d8f0d66e329d516,bebes,49,346,1,357,23,23,30
5e015730deea7dfbee442adfb1e29b27,perfumaria,55,292,1,450,23,8,15
bf6e9b07b37b073afbd4420d91518a9b,utilidades_domesticas,53,624,1,1300,30,30,30
54d9ac713e253fa1fae9c8003b011c2a,cool_stuff,57,787,8,1867,36,6,36
da97969972a524bca894f97ea6bcff90,automotivo,43,186,2,400,35,4,25
bea978771d1c453faf756fa71f3bdd70,brinquedos,32,823,2,2301,32,35,34
c1dfd7dc17df380ed269d0fc905f6e22,utilidades_domesticas,53,413,2,600,16,16,16
3f7965eac71911314776d32209c84483,moveis_decoracao,63,668,2,550,30,5,20
eac611ce220f095680e35c1c1124bcb3,utilidades_domesticas,47,1471,1,700,30,15,20
30048c2138eb22aebd13d31c07ba226b,utilidades_domesticas,27,386,2,5636,40,27,31
05f9d035b92494874148f32f940b0f4f,moveis_decoracao,45,632,1,1350,55,9,11
6cf22bb1523c34ad8da500d1084155a5,relogios_presentes,41,756,4,267,17,12,14
c43e3279d830e4515718d56b91cfa7d8,beleza_saude,39,524,1,78,14,8,10
3b25a71267a8d5926e53ad9b88b97326,construcao_ferramentas_construcao,58,148,6,7500,54,20,40
d76c049f36a5b4975aa3cf095a6fa499,informatica_acessorios,56,246,1,194,21,15,15
f4041d76285c2a34ad5013e8d287a400,cama_mesa_banho,46,632,1,800,16,10,16
226b714574d308927d79827c0c7f9972,beleza_saude,36,262,1,3025,21,10,21
c195c665e137c09bc7dbffdaeaedb67b,bebes,54,1024,1,6700,36,31,36
22c5ddc22ea8cae84fc9917def682dc6,perfumaria,24,435,3,350,25,15,15
252641aa4855aef622089db60c4ad90a,cool_stuff,58,3217,2,100,16,16,16
4d0322b5ddf89ce6a3564aca2e261a3a,ferramentas_jardim,57,2868,3,28300,87,45,42
c0aed8767e46cce56e77db0ceef83035,automotivo,57,784,5,500,16,16,11
e5431fe7b289028ba2b453fafd45f0f8,moveis_sala,57,692,3,1350,50,11,40
5b226d7c52f86ac72457617f78cff95d,cama_mesa_banho,50,381,1,875,25,18,40
cb428376d66b5e216d2ef9f3b27fc172,instrumentos_musicais,59,209,2,5000,45,14,105
cf88e5bfdc37eafcb2130a618e815438,automotivo,58,1102,2,1800,34,40,19
a4800b5d0f4850922208a6cefcffed51,esporte_lazer,28,1042,1,1250,19,12,12
b0517edd4454b9c2537f65826f500a2f,utilidades_domesticas,57,476,2,250,30,10,20
aa2f410b8f9a8e3e6320540174a4edfe,cama_mesa_banho,58,685,1,1900,30,20,70
7a49adf051c1e6fc5b639a98d17756f0,eletronicos,46,233,1,175,21,15,20
70c9d38055bb316285aa937715c2e82d,utilidades_domesticas,58,2907,1,1285,46,10,30
acc78c9d340dbe682491c9d31ea7e187,bebes,57,2188,1,450,20,15,25
8e3bddc14b0d34937325162c2ce3939e,beleza_saude,34,439,1,1500,21,16,31
8370300e444c4394d3c3f878606a9601,relogios_presentes,45,344,2,250,16,9,12
4cf2a0463e06213f6770103e29b637de,telefonia,52,367,1,300,17,25,25
3ae28b124972bb81eddcb644cd284be9,brinquedos,47,404,1,1550,18,31,25
9437358367868e28d75ce47e393eef99,esporte_lazer,57,2890,1,4222,38,33,33
45e9db074ca64dc81ee6f06185544d6e,beleza_saude,58,3207,1,975,26,12,16
489885ef5a88dcef73d4c22e2f500ae3,automotivo,51,237,1,100,30,10,20
a45af86c4a7948f5fabbb5b0132475cd,utilidades_domesticas,36,597,3,300,40,5,40
f20a14d45e85b05ef554d10d7283f7da,telefonia,51,380,1,125,19,5,11
f3dc2177cd7a26726dd80204c34dbb48,moveis_sala,40,247,2,5150,46,12,45
6f58431a7150fa91bac9f28f5454a8e8,informatica_acessorios,49,204,2,125,16,18,16
ed042312ea8ad0a470e9891ac4e7201e,relogios_presentes,53,725,2,350,16,13,13
878446a0acbf50aaffcad66218c018ea,cama_mesa_banho,58,166,1,3450,39,12,33
c4036b07aeb315973d843c5bb1fc267f,beleza_saude,53,1205,1,1250,33,10,16
3e03619d360cd44f29e094aae3c4a76b,esporte_lazer,57,609,1,6950,24,7,11
811c8bc1ddef7440e27dfb8cb536f334,bebes,56,734,1,21400,38,47,44
f9df82b6115c453e5ae8e7706576eef5,casa_construcao,58,908,1,300,16,12,11
a8949536a84721e346d7814fd81aafbe,pet_shop,53,1727,2,2200,50,8,45
d5e157caef73dc3e8b4ab5c7e6b9aa67,moveis_sala,41,276,1,7900,39,13,70
f03859e4cc21018569f5ae7a03897ff4,consoles_games,47,458,2,150,18,2,16
92473ca06aa61791e4dc02c9af82bf83,moveis_decoracao,60,2043,5,3000,69,11,11
56b9f57262f84d21a4bd11c4c3536016,beleza_saude,60,1596,1,620,20,13,13
dab2413ead0edda9967edbc9bda2a64e,telefonia,57,680,2,250,17,7,13
67cdbf842853a39463b426b3b2d27466,beleza_saude,34,218,2,350,20,14,18
b59fb744c6f3cd1dc23b10f760848d98,esporte_lazer,45,118,1,200,25,2,17
75d6b6963340c6063f7f4cfcccfe6a30,perfumaria,51,999,2,400,18,11,20
b6c9cd6e3f66939d3156d1def59b7639,utilidades_domesticas,60,236,3,1750,48,9,38
9545d45c37449ccbc376de3a04c66e71,beleza_saude,39,1749,1,1350,27,9,18
555cf217f3f7376ea7ba4af273c56739,moveis_decoracao,58,253,1,2300,25,25,25
ca804be785914dd234a6dd0177c2c577,papelaria,58,696,3,1700,101,15,15
bce474cc95b6e77657e10939b0b4248c,relogios_presentes,51,638,1,310,16,10,12
d285360f29ac7fd97640bf0baef03de0,relogios_presentes,46,501,4,363,18,13,13
91dbbc0bb2edadd00ccfd122d2212760,brinquedos,49,432,2,2200,30,20,22
1ec486885049bbb9b79351d150ed18c4,fashion_bolsas_e_acessorios,36,412,5,100,16,5,20
4293865e4ead3d446609086b4cfedb4f,cama_mesa_banho,59,189,1,1650,46,3,34
1f30aacc69904c0d0bf8d05cb2abef72,cama_mesa_banho,58,293,1,1850,40,10,30
eb8c629f70275fd1c4f809116cce1efc,moveis_decoracao,51,831,1,1400,20,30,20
017692475c1c954ff597feda05131d73,perfumaria,54,933,1,50,16,5,11
880be32f4db1d9f6e2bec38fb6ac23ab,brinquedos,45,589,4,200,16,7,11
553e0e7590d3116a072507a3635d2877,cama_mesa_banho,38,735,5,800,20,20,20
a8e6cef13c111ed8fffb4205d20fe8c6,brinquedos,54,1504,2,1517,31,22,28
ce3e4366349f6a16dd3732471e3c2697,automotivo,51,1008,5,450,27,16,27
183b0c895605218dbd34cdcfcfa8af28,moveis_cozinha_area_de_servico_jantar_e_jardim,34,905,5,5400,53,10,67
f9bdcb274f479aa71dd34e8bccdd9a82,construcao_ferramentas_jardim,55,2036,6,200,16,3,12
05f581382fca988fec41f4a3de0e0fda,,,,,100,16,16,16
bd6e6fce9ada76ea2db0f1912e8e478f,cama_mesa_banho,49,381,1,850,25,18,40
52c80cedd4e90108bf4fa6a206ef6b03,ferramentas_jardim,33,2188,2,7650,20,20,20
6f87cdb6dcbe843d379d0c9cd3369337,brinquedos,42,1083,4,400,20,10,20
f819f0c84a64f02d3a5606ca95edd272,relogios_presentes,59,452,1,710,19,13,14
d176ffad05e4e7fd2de465fbdecc7582,moveis_decoracao,32,2370,3,650,60,11,11
85d4c1a46f08f730de651ea6f6645313,papelaria,50,113,3,500,20,30,20
d1133fab4bf2da55f3ebdd4de51d8587,relogios_presentes,60,732,2,600,25,6,24
4463c4f83cecd53e81653bab5b41a0d9,papelaria,53,1665,3,3550,46,7,46
8719507b451f0290b7a707f076458264,utilidades_domesticas,36,2149,6,300,50,20,20
0c6f417a4037ab082ea5fe9a4e7da299,utilidades_domesticas,58,1095,1,20000,43,78,41
4b2ab372456de58e4d5588f0fed9a065,fashion_roupa_masculina,40,322,1,650,20,20,20
8ea2105f9dac119565ef0138ad05f6fb,relogios_presentes,44,688,3,500,20,12,15
063d853b6d570a9a5d06e8e044658c21,esporte_lazer,63,1777,10,900,22,15,20
b0c8da302d49498d2ce6be8c631e4e20,informatica_acessorios,24,401,1,213,18,12,13
cd2c03056720c7de4d6a59c1167bdee0,fashion_bolsas_e_acessorios,50,554,3,100,16,5,11
21fadcf38b21749b444f0619ccecd90c,cama_mesa_banho,52,188,1,1300,35,15,25
44fded21627553d1886d459384bbce06,eletronicos,56,280,1,150,25,7,16
876a3339df70e1a65e56eb7715687787,esporte_lazer,56,985,1,783,19,19,19
4ddcf7d53dbb3e87d1893112d1154e10,pet_shop,56,510,4,250,27,9,26
b192be433004cc1f10b467c0e9ea309b,informatica_acessorios,57,977,1,725,25,8,24
57d2fa6882b789ad55e86074398826c4,perfumaria,57,514,2,1500,20,20,20
5e80fe2cee2f6de9a494047ed35a2fe3,ferramentas_jardim,63,1244,5,700,36,21,36
62f423e57a8c157d3877ee5867d7db88,informatica_acessorios,51,2385,1,50,30,30,25
dc2410804cf782c5d87dbcd201b74e9b,informatica_acessorios,44,292,1,1000,36,9,20
7762d533895097b6e2f2b64ef66b2ec9,utilidades_domesticas,50,1062,1,7300,50,25,50
47cd48073d67f91f09cb5ef9496c920b,cama_mesa_banho,52,248,1,2584,68,17,49
2f02a124a827f65bfcc0baf443dad405,esporte_lazer,40,1686,1,3650,34,12,27
8a8d870b168dfa470a5f28efab92145d,utilidades_domesticas,60,1285,3,2650,26,20,20
36c2fb4fa746273709c373f6d6ec6796,cama_mesa_banho,55,1714,1,6038,68,17,47
77a399638eca91f6fa1a508a30e01565,automotivo,59,592,1,600,30,30,30
862f21f0a089e3a09528412f6ec63428,moveis_decoracao,61,290,4,1400,35,13,35
d03a3e22b08287c1c29aa67a79f3b2ff,esporte_lazer,54,1099,8,5400,85,15,22
2f70195374f6c3d3c6542edf5bd17c8c,relogios_presentes,59,179,3,250,16,2,11
f99c1a9777ae7b608359a17bf3436d90,moveis_decoracao,59,382,1,450,20,2,15
beda52fd19ab7f39cadee87a7f3f472f,ferramentas_jardim,42,148,2,900,24,41,24
25c38557cf793876c5abdd5931f922db,bebes,58,1447,5,15800,38,62,57
e27e689c4ce425f2fe7e2a270fd4d2db,cama_mesa_banho,60,683,2,825,28,3,29
6a96ef77fb9fd6a8de17df8d3b5a3087,esporte_lazer,54,618,2,5700,82,16,26
14555ba663de8689feacf1d0819cc3b3,esporte_lazer,42,660,1,2150,41,10,35
2acce4db469045e8f9a863028abce19d,telefonia,52,434,1,50,19,4,20
bf2f8efdd119b43056e1355c46119f04,cama_mesa_banho,48,185,1,650,40,2,30
5a9e59a4796fdb38dfd89e0977993f31,cama_mesa_banho,52,162,1,200,16,16,16
349ce46a0e2e20054aa9d80c48af8816,construcao_ferramentas_iluminacao,41,971,1,1300,16,19,16
ffc88104d219c1b767d566fd93653dd2,utilidades_domesticas,49,428,2,675,33,9,32
ee406bf28024d97771c4b1e8b7e8e219,cool_stuff,54,629,1,1050,36,24,22
0be79cf589781c512bd91976eadeeff0,consoles_games,45,304,1,200,25,5,15
697b581688dd771021a47554cbff8f94,automotivo,58,763,1,7200,64,9,64
d78c524a16fe960ae8229034d4541469,beleza_saude,46,803,1,250,22,3,15
3429d7e4892a2df967fae671f4c98deb,beleza_saude,53,1125,3,5700,34,29,34
ca718604fcd4b098d85a7d103d510951,esporte_lazer,55,525,1,1400,31,32,31
8f40f0b0018b8f6fd449c4c0713e3118,utilidades_domesticas,62,1240,4,2900,53,15,13
223d34a3d9334039f5ff9511dc044bbb,telefonia,50,1246,1,900,23,7,16
4b8d79cb593470e80e954ca41d7e3fd2,utilidades_domesticas,52,1077,1,2200,26,20,26
57e1815b050566a793e010162f765cdb,beleza_saude,52,173,2,100,20,15,15
b188dcf56044f0301917cd129630fd14,bebes,57,833,4,5300,40,10,40
e4ca5b20cfe1a020e15e36fe14e880ee,eletronicos,46,331,1,125,20,13,18
c71a9c53596bf311acd9e298a0b3dc42,eletronicos,60,225,1,167,21,9,14
74166bb28ab55ae0eef81ed7ff3dff29,beleza_saude,31,3293,1,400,20,15,16
c19d5ba108c34b8255cf9a524da92bc4,informatica_acessorios,40,413,5,150,16,16,20
8473872cbf0ba205b447e8651bd6e03e,esporte_lazer,60,1142,2,250,16,4,11
f9259c9e7c0f12c70f7a81409680a5ff,esporte_lazer,45,407,2,925,52,21,33
0c79aab7a6a2449f932887fb3c8d0127,automotivo,43,420,3,250,18,9,14
b60856ce32d90658dbf99b9485327c25,eletronicos,40,429,1,150,25,7,16
89321f94e35fc6d7903d36f74e351d40,alimentos,59,982,1,150,17,13,13
933f4f76eae38d2a97ecfb7c6355f0bc,beleza_saude,58,998,3,633,32,17,16
25f86162fee18735fffdb762dcb10d7c,cama_mesa_banho,58,2400,2,10800,54,27,36
ad2037645597db38527fe3afbe226af2,bebidas,48,886,2,850,22,17,17
89b121bee266dcd25688a1ba72eefb61,informatica_acessorios,54,1169,1,150,16,16,16
6e77b89d36e50217e6793780a8ce5c82,telefonia,60,777,6,300,17,4,12
c4a45b9505564b0de1ff3e79062cffd8,moveis_decoracao,56,282,1,1100,45,8,35
bc4c74766d34e4f4f9b803e75d1e689d,relogios_presentes,55,570,1,320,17,10,12
d1a7965ac8d6ae62c9c1984434227cb6,informatica_acessorios,45,663,2,1100,30,30,20
3f14d740544f37ece8a9e7bc8349797e,informatica_acessorios,44,655,1,321,19,14,13
f890ca4c2a406d04b85f3e33c425213d,relogios_presentes,42,263,1,575,16,14,14
152e246b33c879d2b03461be76ca2ac4,moveis_decoracao,56,2010,2,1550,69,11,11
49e9e2a6f7eb17fbd54ff019b3e3e8d6,cool_stuff,33,385,2,50,20,6,15
a351c3c754b40be18374a299ca68882b,telefonia,43,867,5,450,16,16,16
77adf2a023d22fa0414ef9fc947c1c25,cama_mesa_banho,58,228,1,600,50,12,14
b80fc6d567fe3d99eb5ce3fbe46f7010,cama_mesa_banho,36,254,1,10050,50,30,40
3e8defa155f10823f9e150b05ad71408,esporte_lazer,49,801,3,300,20,10,20
53e8156b28f9080cc0865b55d1bed9fe,audio,58,1235,2,900,40,8,30
4606f0b0bceceb75e7a887e6b57cae3e,informatica_acessorios,43,583,1,814,32,16,15
9ad75bd7267e5c724cb42c71ac56ca72,cama_mesa_banho,60,259,1,1225,35,15,38
11250b0d4b709fee92441c5f34122aed,agro_industria_e_comercio,28,388,2,3000,30,30,20
b6467b14d837634f4e04f6f0698e7bd3,esporte_lazer,31,1537,1,900,20,20,20
f20d17c5697e45b09853253384f0c583,utilidades_domesticas,60,291,3,700,25,5,19
e2bb00220a167d9e60b6776ac33717bc,relogios_presentes,60,504,1,300,16,2,20
02a97df83a8a100c7d2b14a02aea6a3d,beleza_saude,46,378,1,400,21,16,18
a5215a7a9f46c4185b12f38e9ddf2abc,pcs,55,3632,4,2800,16,31,39
f908d3bf313a1308bfb2a46ea2685347,brinquedos,21,587,2,100,20,20,20
99e71b776debf2f01a69dce207e3e4f8,perfumaria,52,1891,1,250,16,10,11
08a7edee09bde7cfc9504bc369e64cb1,beleza_saude,52,637,1,917,28,16,20
3b42242085259cb66b6e577ae5173c76,cama_mesa_banho,33,1061,1,1600,26,21,23
554e48b94bf084525ae0fb37b9ed7f84,informatica_acessorios,43,298,1,117,24,14,11
1743a97176a0bff38a65331fae2306af,eletrodomesticos_2,35,96,1,11375,55,19,33
35a8c902b0ab264a24d61b0d01fc708a,brinquedos,39,121,2,400,16,20,16
a0644c97f9915e9f442b94b4a5a2fa1b,cama_mesa_banho,54,570,1,1675,25,20,23
0c5193db708519e6b812ac8474898ffa,beleza_saude,60,621,2,363,16,4,11
ccd4cfb944386e7ad91065a63f650b38,moveis_decoracao,49,616,1,850,30,35,30
990d135e28e075648cb7d83198fdccf4,bebes,29,764,1,340,19,22,17
588531f8ec37e7d5ff5b7b22ea0488f8,pcs,55,3611,4,2750,16,31,39
173255396ec907ab516d3848dbcc98da,industria_comercio_e_negocios,58,869,2,27000,105,18,35
d5dceef582538ae853072860d4bff29e,brinquedos,47,1205,1,600,25,13,20
927019d88409196f97d1fd56daaeecc1,beleza_saude,48,455,1,475,18,16,14
878188aa7c7a5da44f5038c7fdc68ac3,moveis_decoracao,33,637,1,27800,41,43,91
8e93bf2cbba0420f166afa0c797525b0,moveis_decoracao,39,94,5,450,16,5,20
b17808303e15dd50538c011b44295427,cama_mesa_banho,56,502,3,1050,23,93,118
c6e3c9a59b663e36a8b95b2dde81fa33,esporte_lazer,30,451,2,1300,30,10,25
53465a6b8b3c6d85fd7810aab30b5992,utilidades_domesticas,55,359,1,2000,43,30,32
0a57f7d2c983bcf8188589a5fea4a8da,relogios_presentes,33,932,1,396,18,11,14
288dbc06591742c5d7fe90fbfb08943e,moveis_decoracao,55,1130,1,3450,43,18,22
13befae9b3fb34c439cf4744fd18dfa7,cama_mesa_banho,43,124,1,250,40,4,30
c8d415e06ebd7a37c7a5b4a18641ca11,beleza_saude,53,1267,1,383,17,13,15
7d854ab97c64ef9df2bbfaf332765786,cool_stuff,44,598,4,4100,89,4,42
c94d19d021d4a8fbae5a45f904aeea90,moveis_sala,34,612,4,9750,27,15,92
657247f6f60543b93e3cc708a8e6329c,malas_acessorios,53,526,2,18050,75,20,50
3bf56e26b61ad28e0d04d2278fcb7ba8,papelaria,59,505,2,548,20,16,26
d902ca64b614964dc31d6b0372e800ac,moveis_decoracao,56,297,2,750,100,5,20
1dec4c88c685d5a07bf01dcb0f8bf9f8,automotivo,44,982,3,17600,49,49,23
cfb763496d9fc48751a27db4fd02aa2d,cama_mesa_banho,38,168,2,350,25,9,19
192a8231d086772443a86cb5e2746017,pet_shop,59,807,1,9167,58,47,60
c0380894bd866c75c47c00359dde5bd9,fashion_bolsas_e_acessorios,26,320,3,100,16,5,14
5d7c23067ed3fc8c6e699b9373d5890b,fashion_bolsas_e_acessorios,54,151,3,250,16,2,20
e1bf73a530f7e6ea9df12e1238ab7600,bebes,40,303,3,400,29,7,16
167b4b8c4bd0c401bea62f5e050d70a4,informatica_acessorios,55,209,1,517,39,11,13
497aaad8194759cfad63465c1b810286,utilidades_domesticas,48,554,3,5450,40,15,35
561cea7963070b5a99b20b962862a0e1,utilidades_domesticas,48,211,2,450,35,15,13
d1eb048cceb0bd37ada007e53afe32d3,utilidades_domesticas,28,500,3,250,16,25,15
0c71252f37443403376d2008034a7240,pet_shop,41,947,1,156,18,10,14
c1682e15732b5ae93506aac9133944e1,cama_mesa_banho,53,294,1,3300,42,12,40
08bcc2d85da3a9c0e2ac1cc28b67418d,livros_tecnicos,38,3543,1,350,23,2,16
ae7d8348fbef50928a680454fffbca00,esporte_lazer,30,682,2,304,27,17,27
e5f20b4eb944eaae0a13bed3187201d3,construcao_ferramentas_ferramentas,42,336,2,893,18,14,13
11fb16e86df4d50cd2c289ede0b70f42,beleza_saude,48,1240,1,250,26,18,20
761a7d7da15ca2d6f0aaf29e22bd1479,livros_tecnicos,32,1635,1,500,27,3,19
af4e4eefc358246062956d3d2930e6f8,bebes,34,988,2,985,28,30,27
7b1f2b12d9bcca133f8df7a53b55db6e,beleza_saude,53,1212,1,3800,23,23,23
47e7d651866159ed3a5fe00d3dbe813d,brinquedos,52,267,2,150,20,10,20
ae8791241ec7e06bf34c6f00cf9e0501,bebes,32,779,2,470,20,25,25
49650e49c3af7ccc896f634d039cd921,moveis_decoracao,58,411,5,1550,54,5,54
02ca198b1084a6d8ed9e152d84243bfb,bebes,58,544,3,2650,16,24,24
32e18e89237933ebdaaebd78a27e7fa1,utilidades_domesticas,48,464,1,1400,26,41,26
d87815e398ce1204e5981c427c03291f,bebes,55,871,2,200,20,6,15
da6f9d8ce4950ad572b7b4fe7d7e6c90,beleza_saude,46,2184,3,275,21,3,15
4bb4fb9c85785b75ab4f6559900c7ca1,telefonia,49,394,2,150,19,4,20
bace90a7338e9d31371ad47811cf4c7d,cama_mesa_banho,51,2253,2,6450,60,14,38
d017a2151d543a9885604dc62a3d9dcc,fashion_bolsas_e_acessorios,59,93,7,250,16,2,11
5d6bea33648f018dbb563f3a2fab09f3,moveis_decoracao,53,616,1,4000,30,35,30
1f839ba5b57051fac3461bc202ad9cce,telefonia,49,371,2,125,20,13,17
e1fad996d18315862e15d09446c5c65d,cama_mesa_banho,51,572,1,6750,30,20,20
437c05a395e9e47f9762e677a7068ce7,beleza_saude,40,409,1,1110,19,11,18
a0eef953cb25bc9ae40457e1c3c82946,moveis_decoracao,52,1559,4,700,68,8,13
bc79853c871c6db8e48e4b0d47df7e70,perfumaria,40,284,2,300,16,16,20
9ff8568dfb9041b898e65ff4018c8c57,eletronicos,56,1242,6,133,16,7,13
9da0bebb7f9168679e748abbfad05edd,cama_mesa_banho,50,147,1,450,40,4,30
c5be1408598054572f31046ba67ee86e,moveis_decoracao,63,837,1,2200,43,5,30
bd84287687cd6471cc78eee8ed6a6a8e,beleza_saude,41,914,1,250,31,4,22
47f699d9462e071f977f612be2b5b67a,beleza_saude,44,1400,3,1350,41,21,23
e2372fa4eec7531e44bb43844876e25b,beleza_saude,60,886,1,500,20,12,12
fdd06e4d9669d1f11992a3973a0fdd7b,beleza_saude,36,654,1,1400,31,21,31
817e1c2d22418c36386406ccacfa53e8,moveis_decoracao,37,267,1,2750,50,50,16
ee3d532c8a438679776d222e997606b3,informatica_acessorios,43,452,1,360,19,18,15
f2aa6fb35e6b7ddd3eb6f3198a0efbc9,perfumaria,57,555,2,500,16,22,11
fd0731561b291a28f6a3a189e86a1107,malas_acessorios,49,290,1,800,22,44,38
dc36af3783eb8d831f8dd8343434c977,utilidades_domesticas,60,1288,3,200,17,6,12
944a8fa6055b8213f9e715720d4e2d5c,cama_mesa_banho,55,273,1,1100,38,10,38
ad88641611c35ebd59ecda07a9f17099,,,,,450,16,7,11
b659034bc6cfc3d9baeda101c0c281fe,pet_shop,54,802,18,9500,33,30,44
442d90d66ceaa3f50027f7430c672820,brinquedos,57,294,2,525,21,23,20
56072aff029067d0dc5d23919af4e407,esporte_lazer,41,510,2,600,28,25,25
9db0afe3dcd2942f8bef6f7195b9a2e1,utilidades_domesticas,60,1382,4,9850,29,66,29
8e601ab9bb87f5970ac09492a4ed1c9a,relogios_presentes,57,472,2,625,16,14,14
7037ab6505f028103214580cac828445,moveis_decoracao,53,616,1,5200,30,35,30
3489d3fae282f7944399bc697554a1e5,perfumaria,38,590,1,450,18,5,11
c9c455f9fd8ca66d3ff7f90a249753b4,esporte_lazer,63,1599,5,500,25,14,22
4535b0e1091c278dfd193e5a1d63b39f,livros_tecnicos,52,1192,1,850,29,3,21
afdb767518be8262cd10a02f08c15a9a,moveis_decoracao,42,3158,2,700,41,23,25
57a40ebc5f8a0fdaa5e195b39bbeb2d5,esporte_lazer,40,1041,1,240,16,2,11
4ce9ab528124f89e091b17d11aa2e97c,informatica_acessorios,54,222,3,500,36,5,15
a84d0660dbffebf352aefbf1a6b18d00,relogios_presentes,60,179,3,250,16,2,20
466d263ce8b7bd275003ee2104428127,telefonia,59,266,2,150,18,4,16
b76364870c38ddd7dcc9dd9ab5abeeb4,eletroportateis,60,569,2,1200,25,20,20
1bfe62f326ac7bec0f5a83c10cfff228,brinquedos,47,74,2,5700,39,30,29
9a4b403e612ff2c3b4867b318bb65d56,esporte_lazer,56,915,5,700,16,26,11
e8f48f7c1f715c4178d57c50dc622da7,papelaria,32,527,1,550,16,4,11
8317b177579dd27ff068b83205e2169b,cool_stuff,43,465,1,400,18,12,14
cac9e5692471a0700418aa3400b9b2b1,bebes,57,2440,1,375,29,14,20
44ae8d3edf5612ff7a39d629d5bbb8ae,,,,,4850,45,10,45
38f3677364ecf032090b33915b155161,utilidades_domesticas,52,375,2,9950,31,61,31
703d742887bb9267f89b675608ba7aa0,cama_mesa_banho,35,509,2,950,35,6,45
d6fe3b4ddecd4a8393c6a1385de3bfb6,moveis_escritorio,46,1157,1,16650,63,58,24
ba5fb4ab9cd70d201b74b5bad9d4ca00,telefonia,42,347,2,125,17,6,13
89e4362d74afa10ac57f8d67210132a6,fashion_bolsas_e_acessorios,30,219,1,1870,27,20,29
427773a5ce823492c383adfec35dff62,relogios_presentes,52,397,3,250,16,2,11
5a2473372f18cead9ae7a84a593a0842,pet_shop,59,1310,3,1300,68,3,45
08c1754fd6455e4c70a6521f4ed66819,utilidades_domesticas,53,689,1,3800,50,21,37
6a615d08894298ae667e38c7b23b0965,ferramentas_jardim,59,830,2,650,22,15,22
f788dd44fc883f0664693a6dea50437f,brinquedos,42,53,3,600,40,10,25
04d5a0ec1f6db00db01676199151df4c,relogios_presentes,59,616,1,425,16,10,11
45f0310974e6082deeda855f91984347,moveis_decoracao,60,194,1,2800,50,10,40
ef7bac3fcd96b1f97400cb9cf17902d8,brinquedos,53,1329,7,4900,23,16,31
37cdd2e6cf19b94999e23e10cc95cdde,beleza_saude,43,821,1,150,20,10,20
d5e448e00fb7c59b31e0f3e43c2de0d7,cool_stuff,50,1490,3,850,100,7,50
93612dca2cc02cd586ec7e862f2edcbd,papelaria,58,612,6,800,16,7,21
020a80cb704bf65f38761fcedf2af192,automotivo,35,1512,3,800,26,9,24
fa23bf270fb9880690b07d09b9f9ff20,esporte_lazer,60,475,4,800,50,15,25
a39cc58c1b5926b6f9f378daa89f1315,casa_construcao,53,646,1,3800,30,35,30
d2bea3c01e172037caa99b2d138f39d0,eletroportateis,55,512,1,350,16,35,25
7d50930301709838d8e90dcac5cfaa84,esporte_lazer,59,254,1,1650,40,45,25
18486698933fbb64af6c0a255f7dd64c,informatica_acessorios,40,322,1,225,17,14,13
dd9b00fa5df89d6f25ccdb11d98b0f51,moveis_decoracao,55,344,2,5300,44,17,44
e86b81dcac341ea01df0260077cdf082,informatica_acessorios,37,1457,2,400,18,9,14
88e84a987b4681434dedc0bc9e00826b,industria_comercio_e_negocios,54,856,3,7800,16,105,30
edb58f769af494909a8851152c3a2d1d,cama_mesa_banho,50,638,1,300,16,10,16
0a4f9f421af66d2ea061fbb8883419f7,beleza_saude,60,919,1,200,22,3,15
4f1a7a45b6d43fa7e4958e013923d9e5,instrumentos_musicais,41,802,2,617,31,9,31
79a564cca1924553af76d396bf7c0662,malas_acessorios,32,431,2,483,24,25,29
3dd2a17168ec895c781a9191c1e95ad7,informatica_acessorios,48,894,1,533,22,11,20
fed7ed9a2c9239558d696bfb40fc96a9,telefonia,30,843,1,125,16,10,13
e3af4b7c220aca1535b34416de24dfb7,brinquedos,32,254,1,250,16,10,11
81624136984f77ab82f6cfd66fa9f203,moveis_decoracao,52,370,1,850,40,5,11
95ec3f7e237a87df9935a570ab6ef266,cama_mesa_banho,45,257,1,5326,71,16,50
f1c7f353075ce59d8a6f3cf58f419c9c,cama_mesa_banho,56,162,5,9750,35,12,30
1d1183a8de24782a216dc5066d7421bf,moveis_decoracao,63,285,3,3100,20,20,20
1ca737c9f8f06b3672be9f9f3f603d36,informatica_acessorios,59,1095,1,350,19,19,13
91c82ace62e0ca1b69b1a45bcc214b45,relogios_presentes,60,992,1,308,16,11,12
726b4e18f00255e2e63491bcba3f60b8,moveis_colchao_e_estofado,41,866,1,1700,70,10,100
9fe0fae81aacd72bbec601b9ceb9c25e,esporte_lazer,51,925,1,213,19,20,19
69d3ff4f45d52d69e4b06760e0e154e2,instrumentos_musicais,63,3893,1,1250,26,6,26
8a7bf523741f8c2bb93d0d6ed38c18d0,moveis_decoracao,60,448,2,1850,30,30,30
f7bb503725fb4d7bb55301d5bceba728,esporte_lazer,48,1781,1,400,22,18,12
e59dd207c69d86e890febadc796d1078,cool_stuff,54,850,1,125,16,12,12
a62e25e09e05e6faf31d90c6ec1aa3d1,relogios_presentes,58,3006,2,1000,53,8,18
a783f0d718c28a1375f64c1dfff1818a,informatica_acessorios,59,1737,3,200,39,2,30
74e5e7c0ad09d8fec4d30c75a70a7799,automotivo,55,1443,6,1650,30,30,30
db25a58a5da5dfe2fd19f2604491bd27,eletroportateis,52,1074,1,900,16,10,16
6dcacaf3d7706d2cfcf7798fdf52901c,relogios_presentes,35,570,1,7200,32,30,13
ffb530bd30bcc1bd903e4da723faa5e6,construcao_ferramentas_construcao,57,2409,2,1800,16,11,11
3e87e743e56d7fbf4bb9b67399b99a9d,beleza_saude,45,275,1,553,20,13,18
1bdf131c83d68a290b1abe6b43f3c324,climatizacao,60,733,5,5000,55,19,46
a1e903cd2d23763ef8b85ec12eb79d9c,esporte_lazer,55,369,2,200,16,13,12
8c292ca193d326152e335d77176746f0,beleza_saude,60,2894,1,200,17,11,15
1cab19d5be9a1286428e85aaebf82906,malas_acessorios,58,1057,3,950,35,12,25
fc7a99a9bea1e3544a0712c0649595ec,beleza_saude,40,1624,1,3500,18,11,36
0e34187d4312b97b5e698836d28ed040,climatizacao,50,474,2,525,16,17,12
369dfa384d5ad2a0cb97cb4cda846c47,esporte_lazer,58,3784,7,225,25,18,18
54b5d1594234247b378817e2f67a49aa,sinalizacao_e_seguranca,27,686,1,575,17,15,50
da549e6a420b6f352a9d7d9b50d7b575,brinquedos,37,721,1,400,25,12,40
ddceb6eef6af67e9fbbd4c148dbe5fd9,cool_stuff,52,516,1,4650,37,20,34
9ba0a80d7ee6698a4ff8af48e37ddcbb,cool_stuff,57,949,2,400,25,15,24
9391a573abe00141c56e38d84d7d5b3b,casa_conforto,61,407,1,5200,45,15,35
9a290f7a53618827319b1a927f1a62b4,ferramentas_jardim,45,595,3,6325,35,35,32
5a848e4ab52fd5445cdc07aab1c40e48,,,,,400,20,12,15
94edefbf96e14b332fdb1f57f5935734,esporte_lazer,50,789,10,200,17,10,11
b819ed236b82096e16417593eda54f26,ferramentas_jardim,46,1135,3,7700,18,64,40
f6255ba641ecb52b580793c20b7d728d,eletronicos,60,333,1,225,22,11,16
189f163ac190749c553a4835c22aa3a8,bebes,49,1066,2,257,44,12,24
3362ef5324870dec8f228bc39f93245b,utilidades_domesticas,57,664,1,1100,24,28,39
a50acd33ba7a8da8e9db65094fa990a4,automotivo,53,555,1,4105,67,10,67
eedc20781b2e095ce09617ffc959e188,cama_mesa_banho,57,293,1,3600,40,10,30
358f9c828a6dc15064ce2b9acdf38bf9,utilidades_domesticas,59,332,2,700,18,40,18
64cc3c7698b70c71f7f1ce671c112ad0,beleza_saude,45,700,2,150,20,20,20
1d0d355ddb548ca289943c135b3ea7c3,moveis_decoracao,60,289,1,4450,104,6,34
9fe5201316c8185058e8a4056e53cc78,eletronicos,47,893,3,550,20,10,14
6a8631b72a2f8729b91514db87e771c0,eletronicos,54,614,1,100,17,6,11
f39a8b27ce90ac582103bf36f09690dd,consoles_games,59,1914,5,300,16,16,16
d99526b1e4fa5f57b8bde34a7337b5ee,bebidas,45,887,1,250,18,18,18
64fb13596caf118c438edc5c6ed2d50a,informatica_acessorios,48,252,1,167,16,11,15
3279fec9ed308116c0546336bf7741f6,fashion_roupa_masculina,55,1241,2,300,16,2,11
9b0ad21bbd4384f9ebc28a688e1e81cd,eletronicos,58,116,1,150,20,12,16
00989337a1916a0055eedd1fdb35eb53,moveis_decoracao,55,373,1,800,40,5,11
7acf643c9851bf01a16332dfc8e6824f,informatica_acessorios,53,250,1,900,16,100,25
d04bbac48960ecb7ea311b00ca6e1cb7,industria_comercio_e_negocios,52,784,4,11325,18,105,30
6f33a4a09ae1180a0ee1ff4682b2d21f,brinquedos,49,426,7,700,44,12,22
f9b4f8ef12259efd919fbaf21f8f66a4,cama_mesa_banho,40,260,1,4025,40,15,23
a5c90160c3e379f7a99ea8052e6c5f9e,cool_stuff,48,1105,1,9200,75,50,22
d0b61bfb1de832b15ba9d266ca96e5b0,pet_shop,59,468,3,450,30,10,20
30001d6521e7d5826eb1881050cea7e7,informatica_acessorios,33,1084,2,150,41,2,29
9165e7a5f9ef266f66ca19a816cdc657,cool_stuff,60,585,2,2300,53,40,22
db12039c7ff4e850d48e0312fa9b3473,cool_stuff,23,652,2,575,26,20,32
f71f42e2381752836563b70beb542f80,informatica_acessorios,34,1078,2,250,41,2,29
7c900a8802a6e69db282513a6b159e70,perfumaria,47,466,6,150,22,11,11
f82d1ebd3649e6b83c2d0f611cb5c540,cama_mesa_banho,60,162,1,4625,40,15,23
3801f58e89610213b829e4b6adb9556a,telefonia_fixa,53,2545,4,2300,20,12,33
f89d2b130b571d24532514dca6fee2a8,eletronicos,41,383,1,150,25,7,16
25d5e7a4f8052c1843acdb8bf8969fc6,beleza_saude,53,1121,1,3300,30,12,16
cd3de1984e1a77b441e1b39b8e334330,moveis_decoracao,59,205,8,1000,31,11,26
9b12973a6fe0b5a803acfe1cbb7dd425,relogios_presentes,50,201,5,200,16,5,11
fb20d37a2c78452667f7a347e756727c,ferramentas_jardim,59,1251,2,800,30,12,30
328ccc632fdfa11f13190f1e6c773bdb,informatica_acessorios,57,798,1,150,20,15,20
db6677c6f890ba1730c0b75bd8132579,beleza_saude,57,615,2,950,35,25,20
80665d04b7d8216835a0ad52625c7039,papelaria,59,227,3,900,38,30,28
63d6e7ab30f482382c9dfbbccae7da54,eletroportateis,56,1031,6,625,21,19,16
acb016f24d2340ab4ea9622606d38b1f,esporte_lazer,37,309,2,150,16,6,18
07b11fd090e8a63b2dcbb19a21d11323,eletroportateis,52,274,2,250,20,20,20
389d119b48cf3043d311335e499d9c6b,ferramentas_jardim,59,341,2,1750,37,22,40
8e8bcc3a0043f514854cb1a9959ec9d2,malas_acessorios,48,1086,1,700,90,5,11
67bd616e1ba0d3d3e8545f3113b0140d,beleza_saude,57,3153,1,300,18,18,18
5ae29cafe81cdcf89058a7a6fa842b34,consoles_games,38,864,3,525,25,22,27
b146d66b6ce3b149187e9f3349bfad68,esporte_lazer,45,637,1,500,16,16,20
53075a78fc601d6eb47e8ad2d142b7a8,telefonia,57,449,3,150,19,4,11
05ac001cdcd6e4a3cc1563efbc5a25fc,automotivo,43,1108,3,400,16,5,11
308f901f3cbc9dd383146e97562ef8ed,relogios_presentes,46,398,1,200,17,13,13
694e58e56c74114ee0628c25f3f26f8c,esporte_lazer,24,290,2,600,50,12,50
262e7c8eaed86e7aca83dcdaadc5a115,industria_comercio_e_negocios,35,790,1,6100,28,8,28
53ea9da485f6aed8a6f03a85831fe021,relogios_presentes,33,439,1,346,18,10,13
c0400a62c5019cdc69bfc76d39b1cfb4,cama_mesa_banho,47,392,1,250,28,5,16
823d744bdaf063ad824cac2fc3540fd8,ferramentas_jardim,43,323,1,3600,30,25,50
59acb82068f537c60568a06ca341397f,informatica_acessorios,29,501,1,600,18,9,16
d37b48918cb999510be8ea3bfded4c94,papelaria,46,530,1,350,25,10,17
4b7ddf18ef3c5205f6ec288dffcd7c55,cool_stuff,46,588,2,500,16,12,22
7094ed51ce16d5ba737ef483df555c6f,telefonia,59,777,6,350,17,4,12
52d6f0dc99f96ca1d2ddbb64146f11b0,beleza_saude,53,1325,1,450,32,5,21
8c591ab0ca519558779df02023177f44,ferramentas_jardim,47,1893,1,6050,20,20,20
8877966d8f081b2857a5e293d6ecf59e,papelaria,51,351,1,550,40,14,38
1f8e6a79faf4326701aa4b07c0b955e1,telefonia,53,1586,1,538,14,10,11
fdbf9f9491572857107621c9e0c5d59c,utilidades_domesticas,47,793,4,305,68,10,19
826f5b971a308b08c7596b03ae80246f,esporte_lazer,49,891,1,250,16,16,16
4cb4ef491872bfc6e910b343d46c6325,fashion_bolsas_e_acessorios,40,360,5,150,16,9,11
3e5201fe0d1ba474d9b90152c83c706c,cama_mesa_banho,56,255,1,1800,30,5,30
c7fd13b5e515bffdab855d0812842edb,moveis_decoracao,46,490,2,1350,30,20,20
946344697156947d846d27fe0d503033,cama_mesa_banho,55,619,1,500,16,17,17
555062e73d3fbad985916bb59d62067c,esporte_lazer,36,1273,2,367,19,10,17
e28c20122447273e9e5f54f50f2762c2,cama_mesa_banho,55,560,1,600,16,10,16
04008f5a086abe248a3c76bc2fa4f4e1,cama_mesa_banho,41,2201,1,1250,48,14,68
b2d98b6f547c14e29a9e72b8e630d936,cama_mesa_banho,59,223,1,2550,45,13,35
14b4ba1b43773a92e0abe6dc500fe18b,cool_stuff,63,237,1,850,23,18,33
1ee194d6fcec9e4cbaeef1a99a6911a2,cama_mesa_banho,56,279,1,500,34,23,43
7d9504e234d43cbe15b6c18624fe5609,pet_shop,44,343,4,4975,59,30,47
b796b4b960421bb50cfeb4fef8c793f7,esporte_lazer,59,140,1,900,25,35,30
409ec48108c4dad2130633a912fe877e,cama_mesa_banho,52,652,2,650,16,10,16
db7c8db5c70ae474fb9caa8c54454854,cama_mesa_banho,53,196,3,650,37,23,35
727a46f0b58a9ef165af9f7ebcfebfa9,esporte_lazer,33,1440,3,200,19,19,19
bdc3291ab242ec1effc8eb0987850268,eletronicos,53,830,1,541,19,12,16
a01d1cbb398e386a4a8f8364401a7584,esporte_lazer,58,757,2,500,50,5,30
30d55419015a4d9c2ca68586923d5a9f,utilidades_domesticas,56,509,3,300,21,16,15
e5da60b217874889dd4becf29412d793,telefonia,53,428,1,100,19,3,11
55945cf4a4e6def88dcc8996a581608a,beleza_saude,58,3930,9,275,28,12,22
6a1234a3847f4ef3090a02a8b07fa42f,utilidades_domesticas,55,1308,2,200,25,10,20
1b90a8c5fe7ad2ec9351f03282b30075,utilidades_domesticas,59,812,2,1000,30,15,25
5072bfb5e5e1ce79d108a610b6b22642,beleza_saude,61,1678,1,1100,16,16,15
86ecc269de40ba13205e7beeee12f26f,telefonia,31,329,4,188,17,6,12
9d364fec2ac9a80f64bae58b5c034832,utilidades_domesticas,57,1416,4,4900,60,15,36
49d2e2460386273b195e7e59b43587c3,brinquedos,40,180,3,750,26,15,26
1a2d00b771a438bee7055bbd0086e003,cama_mesa_banho,55,192,1,950,44,2,36
060c17562f97e5bb60bc0dfa4dd5b3f2,informatica_acessorios,40,675,1,150,18,6,14
0ba59273939ff2679f761fcdb05cd74c,utilidades_domesticas,27,739,2,500,17,28,11
56a474f5d7d6cfaa8500cddd0aa35bba,cama_mesa_banho,43,993,1,3500,40,15,50
242edc6b84c00f0d48c664a020a92c52,malas_acessorios,39,131,1,500,23,45,32
8a443635fdf9759915c9be5be2e3b862,cama_mesa_banho,58,189,1,1400,46,2,36
65e52a3d3ad102e0308bfde7c1424a89,esporte_lazer,51,634,5,300,25,20,20
8626b155de04e2d0d6e1e907fbcf0cd2,esporte_lazer,47,1478,4,3150,20,25,20
0f322750505d1e7d8c79269bf22aecda,telefonia,46,383,1,200,18,3,12
0b00b16606aeb46da3543bbabff4d6b3,cama_mesa_banho,58,363,1,14800,55,45,35
c4baedd846ed09b85f78a781b522f126,ferramentas_jardim,58,1893,1,5950,20,20,20
1107055c5c960ef6e183e781260aeafd,telefonia,59,752,6,300,17,4,12
b92ac6d6776fda2be95ee60ab90611ab,moveis_decoracao,56,184,1,8550,40,32,40
7fab1a1472fdd934397068931f63f3ca,brinquedos,53,200,10,600,30,25,20
ac50a885bf3b6a817bf6a0a2f1e27af4,artigos_de_natal,37,170,1,200,16,32,11
71f5cad782714ec5d61a1bfa34543403,consoles_games,50,263,1,528,24,15,22
daef10c972d7295283e377d5fd9985f1,moveis_decoracao,51,868,1,150,19,5,25
64d33e6bd1b905a31c2f96f584e6a0c8,telefonia,60,818,6,350,17,4,12
599dc392f7a23273471b068d72408224,informatica_acessorios,41,1482,3,500,27,9,18
6b8d627bee6d96ddc7a0aa203ba07016,telefonia,54,1884,1,580,16,11,14
fcf6d4fd2e97087087d61d228999d662,eletronicos,43,349,2,200,17,4,12
38fa750a3a3b3204f169c86a3284d387,esporte_lazer,39,1057,1,183,16,18,16
b1d207586fca400a2370d50a9ba1da98,,,,,350,16,4,11
fc6b299cf83fa76632dd1b0a2c611f33,cama_mesa_banho,55,599,1,500,16,10,16
7b4d5bca6951e2d3f89fa2bdfa6791aa,eletronicos,31,363,1,200,25,7,16
ae52eeb8383b94455f0a08b1f88ad002,informatica_acessorios,60,882,1,167,21,13,12
e3db46616e0d26551a86377bab9b0308,perfumaria,42,453,2,523,20,16,17
c8cfa622661e047ea2499f8bce4731a5,bebes,56,628,2,650,24,14,18
8a1fccc6b1baa3ff391c89b916176091,brinquedos,47,888,4,400,25,11,20
35ebf08a93899d44e756809e11b14754,eletronicos,55,240,1,150,18,12,15
73326828aa5efe1ba096223de496f596,alimentos,32,1392,1,330,20,15,16
b0895d32e26dbb099a86c2ce278783f3,moveis_decoracao,55,1033,1,2050,35,26,16
95c40b993a22463c83beb5c51a03d46c,informatica_acessorios,33,1084,2,200,41,2,29
f9c972fb058194f8e948a46e6c611ee1,beleza_saude,31,3751,1,1225,26,20,23
fbd925d80d07790dc9f61463efb3c64c,eletronicos,37,355,1,150,25,7,16
d0d9ae9cac6217cb49b4f19ce50b8e22,utilidades_domesticas,41,307,2,4300,30,15,30
d64a657e6b0860d638e61086e3a3d372,beleza_saude,50,955,2,300,16,22,11
f3d7339839e02f580fe8fca5755e0e25,bebes,21,358,1,400,35,5,25
f2890c4d40c6794ce51e525c1ec37660,eletronicos,57,1925,2,5100,70,10,25
3daf57226c18abcc95e0172756fc82d8,fashion_bolsas_e_acessorios,27,352,4,100,16,10,11
db31be5c40fe938b572af3b01c2e4d20,bebes,55,1635,1,550,20,13,13
35afc973633aaeb6b877ff57b2793310,casa_conforto,56,176,1,1825,53,10,40
9091499533100191c6b89d09e43445e8,beleza_saude,51,191,4,50,19,11,23
5a3320037d5922a7708647c81ecc1f15,utilidades_domesticas,60,446,5,4900,36,22,36
274e7506d72bf55831c52e2609d2d470,moveis_decoracao,54,357,1,400,30,10,30
aa5a88580b8e6e569915aa42f1526dfc,perfumaria,34,1462,1,700,20,20,20
53759a2ecddad2bb87a079a1f1519f73,ferramentas_jardim,58,340,2,1500,30,22,30
15964f2421f68d33a3f74b037ebf8822,ferramentas_jardim,46,2303,2,286,22,19,19
7f72a8900b3d2fc8fa2635b7836d6e6e,brinquedos,38,571,1,147,14,10,12
42a2c92a0979a949ca4ea89ec5c7b934,utilidades_domesticas,41,799,1,7000,26,47,27
fb55982be901439613a95940feefd9ee,papelaria,52,211,2,7000,60,20,30
fa052b8f8028fd0a75b6b2671b1e1cfb,moveis_decoracao,56,1180,3,400,50,3,25
638882546765f357dc667b5987ceb69d,ferramentas_jardim,41,523,1,1950,24,24,16
305307f44f730d8ddd6db6e2efedee64,cama_mesa_banho,47,556,1,700,30,5,20
55b71bf300a2765a382eaec566df531f,esporte_lazer,50,2164,5,3400,33,25,28
880a54b4d8c28e6f7f519ae8caaa09db,cama_mesa_banho,58,723,2,1900,42,10,36
1db70fdb375b2b564c24eeb1b60c440e,utilidades_domesticas,58,706,3,9950,31,61,31
49427490053ae7f72efeaf0a89c84d26,esporte_lazer,48,529,1,1050,28,26,28
211d04c14dd756f5e4dec38c19187fdb,cama_mesa_banho,53,1017,1,1975,28,26,23
98f991fd34b7080dfef4fb7e7aabfd5a,eletronicos,28,383,3,5950,23,22,19
f35927953ed82e19d06ad3aac2f06353,livros_interesse_geral,39,724,1,450,20,20,20
7dd3fec3502f7ef333da2a73e00db394,perfumaria,54,391,3,479,21,15,17
a5eb994011cc41631b483ed58190bc61,moveis_sala,27,104,2,2700,47,6,47
5ad76c6eb8365ae960c67efe0292cf85,pet_shop,50,163,1,350,16,16,16
494509de79a69ffbc694af3e4b1bd929,pet_shop,49,895,1,300,20,25,20
03e931f387c2dd5b006aecdb12515b2e,cama_mesa_banho,55,560,1,650,16,10,16
87aff1d9a5e94db6840c5b963a5cef90,esporte_lazer,59,1732,5,1500,40,20,20
dc2cab354de46ca82b8cf4cb24e16614,moveis_escritorio,50,1202,1,8300,53,51,18
19445bdaf8aa12c9f56199be2b2d56e0,moveis_decoracao,45,494,1,450,35,23,35
a058bd781185e59b75160f5133afad9b,automotivo,56,1552,3,550,16,21,18
2002fc3ec2d8a30a7588628fe7aff958,eletronicos,57,432,1,200,16,6,14
11fe97e9c97411c66289ebbf9ddbd789,ferramentas_jardim,60,486,4,1100,22,21,16
f7ed5567fe5b3e1c257886976714043d,beleza_saude,53,444,1,800,16,17,22
336cfb12a5468070795ae4c964f4ce47,esporte_lazer,35,584,3,1000,40,20,20
73f1f4a973ffb99bb0157e38ab33f989,construcao_ferramentas_construcao,23,1177,1,1500,21,19,22
d3e1006ba3735c0d44160026b6e0ced3,automotivo,53,2805,3,1850,19,16,17
e4ef515e041ce5062868aacf106df8b3,utilidades_domesticas,53,997,1,10100,32,75,32
7fda6ff601b1c45aacfd6a24e7f2d45f,esporte_lazer,45,622,1,195,17,10,15
efd9689d6ae4ee9111b9b9f8b0f87f12,climatizacao,46,1285,1,15400,31,76,36
8fc803c7d0a99a53798c7896a7c1e93c,utilidades_domesticas,41,786,3,2600,40,21,25
2e06288cce0a0fdfeb537263dd3b3f3f,brinquedos,37,1451,4,1330,38,23,18
cfc665b462ccc3a43b1a1283e678b1a0,informatica_acessorios,49,1457,1,1625,17,15,16
aa46d61405c90cb71e82f450a1d2d034,eletrodomesticos_2,56,523,1,350,30,5,30
fa51e914046aab32764c41356b9d4ea4,,,,,1300,45,16,45
fb7a100ec8c7b34f60cec22b1a9a10e0,brinquedos,58,321,2,150,16,16,16
be29276f7c3781b418ca51f707255455,beleza_saude,53,522,1,350,19,12,13
7d1a667dbc183583078324f912d42c6b,esporte_lazer,43,2420,1,150,16,6,11
f9bb291280bceedf7840b89e1e75b89c,moveis_decoracao,57,113,11,2400,40,8,35
4508e088c4a07e0ad64f6fa3751e314a,esporte_lazer,45,1931,1,330,24,20,16
dfec64aac9b864b2807a7be33222b75f,cama_mesa_banho,58,252,4,850,38,7,28
