customer_id,customer_unique_id,customer_zip_code_prefix,customer_city,customer_state
df0aa5b8586495e0ddf6b601122e43a1,85d234692f7bee8d6fea586e237334b6,13175,sumare,SP
5f8b4882b5a4ec7bf6d2107e6cd0cf29,694cb45ff29b603ac2acd51016770097,24120,niteroi,RJ
443b534d0d27a8aa9a184d4869bcbe7a,4071d48a2d0d0bf179c06fc42b962e1f,89260,jaragua do sul,SC
49af8d1256e91058af5b255f4fbc0e6d,7cc3f51930537216ff70ecdc8f506a37,69049,manaus,AM
b6349bdae88bc7c85c4aeb0cb604dac8,b5d37c728f9ea12eae24f87212cf90fa,45320,santa ines,BA
71e31bd9c37b8a1cacc557b87b3e50cb,323630f1bddac4dc06bf3bdeb90dbe36,72225,brasilia,DF
145ed96e22cdb678a8b4107d72fddcc8,c98cc8ac7311ad123e723f5caef4c1e3,14709,bebedouro,SP
f9dfd7942a2d7f1588b7638a9bdc8ff1,ebf40c0db4fe06ddd15a7a44238c986e,24240,niteroi,RJ
864deba6b142c6d04a53fd379a9256a3,184997aab6012d21021017a525de5206,74160,goiania,GO
07cbe547b6dec2535abda65b57733754,53ce59821e6c5041654f61c58e99bcc2,08080,sao paulo,SP
46d2e019708c24dcdd7876d13010570b,912a41ed4b2200e0ac7b5ea1ef1c433b,04571,sao paulo,SP
a86314eff3e69dc24f43d56010778157,c29bc878f4400d62f9d33ddd8d13236b,06140,osasco,SP
0a2883594e4e7a4a978b205dd7bcf909,f25f4335773e57531fab383b2a86d978,03122,sao paulo,SP
f280548eca7d2b0ef9da3fc572df42ce,a62f1ea95f3b1031c7cabb98f147aa27,05577,sao paulo,SP
0424e2f81bdfb77d7c11c3f447c7b241,bb6ffa5f9b68665f0cb238ea298092a3,12081,taubate,SP
cafd020d75573a79a7cb037f87b31515,9f735d60e4d6d3ec348d7bbdb550eb43,26022,nova iguacu,RJ
43d2e22777294d5b6fbee5a6fb88254d,afa1462306ce1941adc5524ab4198909,18550,boituva,SP
fa777a37be56a994adf36d437a3ae595,63fe99fa23473a7340917d48f548ccd7,47800,barreiras,BA
db2cf3b3feeca251d6c3c93bf5f1b75a,ea451b172ee6446d30d57f0c59a4ddc3,71915,brasilia,DF
e38d1d16f382a3c99f6da45b79418463,f2cb4abe193595fe70e9c380e488004c,11070,santos,SP
10c23e73ba4e0d1dba0fcb959305ecf2,58c9adbd05815ccb9c1e1ddf6a8f6124,20020,rio de janeiro,RJ
506ad507afe195802c80197c61b37ebe,a6287dcde3fcf9870d4254398a407d27,22753,rio de janeiro,RJ
7024b77e0f63bfa361f87eb7e4d21b51,d0a9421d1143535e463a15d18fcddf90,17207,jau,SP
f4302056f0c58570522590f8181de2c7,67b05b597a66b5c449025000b9430abb,64605,picos,PI
02dfd8931ac72171c45b5c8522cf4082,a8794bde6655593c9b71212e6dea7177,05727,sao paulo,SP
a1938d6eb0dc6c5fdf04e33f6e7c74f8,f2c08b92fc8f8634e72f8cc74f06a8f4,89810,chapeco,SC
ac41dfafea25769214d7e659ae04882e,a20cdea40f5bfb3da4c667e998086272,02541,sao paulo,SP
c9215c202f283f26558cc8e3b469ade1,9e066311b498f2311b3e21a6577fe238,06717,cotia,SP
2f944f4db017e0ca821988940060dde1,b55c4cbaa102fdce0375bc2a92ed4bf8,36200,barbacena,MG
601e4637ee77e342cd967dab2de46cab,796af4fac93296428070925a8a78aaa1,70875,brasilia,DF
6daa8f0dc2e558d601f7ed53eb6188e0,2356a157ac13013e2af4979379737874,56330,petrolina,PE
1a8a7a0627b8eb850b3fc69d73867a08,efa5d4299e261e6d7f6cd7f94b5aa7ff,17700,osvaldo cruz,SP
c64e943126adfabb1c2ae21b4bc1e650,d6d67261f2634cdf9ec293cd765c8479,07063,guarulhos,SP
eb71557f1184513989581773d1afc0d5,9caf7fce45f197ace0ef67476d5f0b94,04761,sao paulo,SP
7c6c12489e36aafa4ab5dfcfef887475,55133cf96f44c834ac51d0e3b678c7a8,73035,brasilia,DF
52fbd9fb0561eb0384eb3e5649d2a640,f4371991881a328886a134bbc99cec9e,79332,corumba,MS
ea3742e869d611ce91ce6cdc43bea07b,063342fa545494715cc59f983598c546,83606,campo largo,PR
7f6e9a3e00f0600dc1a8473fa31c23e3,84f30d2fd3937449dc7e0c835c281961,70344,brasilia,DF
f5c0508d514341f2b2f4d2820f9aae88,29c059c81f62aa098e896ddd7fbc5c32,45400,valenca,BA
ff4545a3148f5a22667f301e00cb5ad7,70a2aece5345a514bf960b01975aaa60,91330,porto alegre,RS
fa02a9d0399654a2a97b861ec8ef7897,9e4cec36a7f9294540b39950eade4190,35450,itabirito,MG
6cee76d1e3c3c310a01384d453f50e3f,a8fd074b27a3bcbb16deba85b778900f,13202,jundiai,SP
6886c10afd8d27df19c5a49be96cd346,f9b57816964006c90c458a0caba0306b,91450,porto alegre,RS
5248c29eeab9341e2a39a0ef656147c6,d99fc08319dbc8845e2a114877462ff7,30882,belo horizonte,MG
e5774bc03685e61b1a33c24e43e28a3c,9049685052da8ea435727689c67b81c9,05590,sao paulo,SP
1f4e48d20f0deaacefd7fc19a4382c65,520461ee715946f0513f41524ee3213f,03573,sao paulo,SP
9f578aad6c6c21853f44c0965b35193d,aa60cdc29dfb37e9388bdd20aa4d7a61,34800,caete,MG
b9cc7bff1ac00970ba1247f36be4879d,62de6068da9506dca753598fcfbdcd16,20020,rio de janeiro,RJ
bab736fca197c16d48f8720536c8024d,83c76475c52e94b39f6240b68ffec54a,37750,machado,MG
b7b9d825193190cb535f44b403f4c9da,651ed17eda0600815cf614b33c535d6b,87730,santo antonio do caiua,PR
fc6970358133b4ddd73d4fe57cfe6737,f1d32fc4daad97978a28051b160ca25e,71015,brasilia,DF
56b4e0d69de2103592f10d1e63fec834,3d5ee12ffbcb44147038950c94c9e78d,75390,trindade,GO
48ca574e8c60c5f14ac63cb32a266880,e1a2ac153f284f24195dde42b85f982b,89652,ibiam,SC
ddfd8d13c24e4c70c557721e3911ae83,c4a615a0882a12ece3f6ac5ffac33799,13260,morungaba,SP
e0122fe0b17a97af3a4e8b5580a06bb1,bf0754bdfa216fb85c2c68b121356b29,03951,sao paulo,SP
d247c3419a9aa4ec6ca6fd6ae2fa24fb,a5435b46270f8d38b6fb22205426a32c,45900,caravelas,BA
00acc750f0c2bda99b95c4043ff1e662,308eed157c50c58cd2d795eb5f1e096a,36061,juiz de fora,MG
0089c34393989276de67746531e0df21,320388520e5f7afe7c97489ea2732796,06397,carapicuiba,SP
e0ad0d36082194b476d7b15e1bf6d561,07dd39490fc02f43bffa332f3e02aa57,18550,boituva,SP
c3ab592349e6996a4568be61ce122ed7,5a9749306bde2b86113efa96bbeb201a,60532,fortaleza,CE
ac0d00f96a6aacf450f7760968d811c9,c170112f1a61a5f02ae9ba985847b58e,04445,sao paulo,SP
40443fa34ffdf6e08864f0e327ba3fd5,6bde5766756765223f0bd48e7d122e68,02558,sao paulo,SP
b94afa1536154b937c32785ad8263141,aa0b2eaabf40dd1b26af1f47b7d42865,13841,mogi-guacu,SP
f2bd2cabe7df5eb5e8330b464942277d,a80d1764fd77d5b3ec819cbea3a82e22,05773,sao paulo,SP
3598960a3a0a4f66538e48e4335c3e1c,be4d6db8dad5b197b36dab8257922a8d,78810,juscimeira,MT
87d9342da9faa41e0c4d640759318436,b5f0e2f8f8ea3f40af995fc989810058,96211,rio grande,RS
eaa27ddbb78c8c390b40a0e075c568c4,d74b96b7c2d42983d4eb6cac90a0d102,72333,brasilia,DF
465b31d7c23135270135b437d3d15fdb,99eb07ae933cee8b3f53b7a7d2d6facb,26042,nova iguacu,RJ
a1719762c10f68d33412963f65d7efed,a72c0c82da664895fb7166d9e0a40368,04476,sao paulo,SP
15963a62cb3a9bcf6fc25d700bc8a8d4,33430da42f59d45af1988cfb2b9ba1ad,22750,rio de janeiro,RJ
ded50eb532c0c1903c0835e0d7749b97,9dd61cb921a00bb69326c00204f7c37e,49490,poco verde,SE
027a90872a3f917170f2e2b912363e88,c499f46cfaa21b18442da5fd70b6115f,13049,campinas,SP
1ee7676535dc405dbb88977050668100,763ee7526cfb0c0cf9b56d2990a5608c,20250,rio de janeiro,RJ
d9e3c7044790af66009e070dee9d23fd,3d524cae0ddfe0e918f39e7e8ab49e8b,04317,sao paulo,SP
5fa1a866e30c0512c4bd4daac4da1979,eca62bba0746cb0228163ee488fc2467,11020,santos,SP
30c94c942e84899e8508e065325e382d,40fdb731f416e141a80418867178b510,24723,sao goncalo,RJ
61847d5cb08c718da12e4085960dc729,9f56efdf646831c601aa6a57e796253d,83709,araucaria,PR
29b458c3156da95a3f75c5f92ae6826c,549a24530925587e2faddb35f667e458,13905,amparo,SP
c13461c34442cfffeda43e3f435d6d1f,44b76ab07760c985447a53e4732aaeab,37563,tocos do moji,MG
3875a06057658fadbb8715a4f25eeaba,8f807a098d7ff86f7d03c933ea035ab7,17515,marilia,SP
5ac5afb9030ae1388a544ef344997cbb,928d3128669ede3a38d1620aa7b1120d,54220,jaboatao dos guararapes,PE
16c0611f3a08c752bf104023af02da40,1bcbeccb2851888f299cf9a5dba8553d,15801,catanduva,SP
7b35de71a17b54fcc4c346901b06e7f9,b201f73880d198e069bbf3f13caed711,02845,sao paulo,SP
b5e540c572020f7fbe4801e8f0a807ad,a4fd91dd92817169a032d202f2c1aa06,39860,nanuque,MG
0d5ac8dc4bf26eead9e5262d9da7abbe,13f6497d6db06969e7c7a10c914e1a6f,45201,jequie,BA
ed41fe754f77becd2c70896dcc967aa0,827b19392982299876c0aca1f92208c2,29949,sao mateus,ES
4960d46eadbcd842a602b726ed33d85c,ca3b7b63c1de7436540ff39d52ffe9ff,13321,salto,SP
951034aede95c25c0108682c6253fdfa,793f775b1fdf09c2825522d411490094,55930,camutanga,PE
6b749659e420100652965c9690c82e91,37ae58e18d929c7d9b35cbde0e19ab1f,78310,comodoro,MT
f2bd912dcfcf35f4ed1c60688bf4705d,759f139e3c6deb5c492243ae1b7b984c,11740,itanhaem,SP
2c32dba7a49f14ff6c477b91e8a7fb06,27882b4ede2bb2b11fbd9aaaa970a666,01047,sao paulo,SP
0800b1a9b387519a58e8905f745f5f6b,afd61f0b616f86133c62c8b804665995,60541,fortaleza,CE
80f248b141558614b2049ce6d47a13d6,bed61eb682075f1126ad0dff626926a0,02863,sao paulo,SP
16204c2d6dfa2b5ab37b70091272a174,71ed1965114a16482546b76995735cf2,01207,sao paulo,SP
10b157911f208e4c7a66b91bbc9c351d,b845284842e6dfeed9c0cc942eaaa701,05572,sao paulo,SP
3854e2234eed2d10978e229b5ba9d738,dde9a2ce5a7a425139cfd298fcd62ec1,13468,americana,SP
a901af1f4feafd5dc0c514b87d320d21,fdbfa68417a1a67d0b786b78234808d0,04209,sao paulo,SP
6f62577ec274bf21119f355851160753,94c62f4d0c18ebca73aad98f17dc7e20,06714,cotia,SP
251a9ae4d295b0b2db74f27d8217b922,43849878f47ce035e165e820b6914ac9,20541,rio de janeiro,RJ
c19f7a6ff12999a4f736969f058f84af,193724657ce8f22013ad1d1c480ab7aa,12603,lorena,SP
f6200ed049e67d0003e8ec5cea1eb13d,b03da8a82f4cfd9967b23375b91b6a87,25976,teresopolis,RJ
16187b81e2a6985dfa773e06a9f4eb8d,e905fdee8264b6318b4ad90a3775c8ae,11510,cubatao,SP
fe7cca8488ed19952d43c39f4a35ff89,4650b4a45eed3168dc3155a923cf02bf,27345,barra mansa,RJ
d566b2a7d9a57d0a5b512388c7fc200d,cb4253d36367737b6baa4f8ca58fac62,92120,canoas,RS
e6db53dc3619628a8e024f3e1f4abc86,739209d88340a09d4f6d29cc809daa67,39900,almenara,MG
9cff8d557e02418fe939f23fafe35735,a7547e6f596bde81048df8859f5e2df4,58416,campina grande,PB
1b9fe118281922def1e4e536fa317d71,82746368fb04a9a9cc401ff05daac352,20720,rio de janeiro,RJ
9c964fe94972e8d6ee8498dd08d47b09,73252a53d6a47f20fa67b7a56f7771f5,78048,cuiaba,MT
93e860f59b9c3f64328ee86718f7612d,a889779509d4d33dc2edb4d1ad4bef38,13208,jundiai,SP
8515f6af4fd0d5f127ea032b8cd37a73,acc76f10b4920de6ce1a136ee88c417e,03508,sao paulo,SP
6b50e8e8f944c111ed859a1df91e8138,5ceb31e960b2c44e38fa80db623b26bf,25946,guapimirim,RJ
696bfeb907ce8c2682f82762a6ba2366,d8dedd752663d42feacad077fc319a73,99895,santo expedito do sul,RS
f815690ce9f030145547e14a9c544af5,9d3be73e208902906c59e9b4c6b793cd,38400,uberlandia,MG
b45c39cf7b53391bde6d542823f73ba8,293e6cdfb41c3c6f0d3d58b6cdb933ed,91787,porto alegre,RS
252cd97f480386c6a29c455a74852bcf,2fe7eb628ecde99ab8931aee6c614b5e,88036,florianopolis,SC
c9fbb89557c010578ebdf551bdb5d050,81a42a5e9b85c39c9dcf8087bb3d1341,65950,barra do corda,MA
ecbe0bf872587f3cb5633f2b5d9b9fcf,d060480eea297c26aca01bbd55b2805a,13870,sao joao da boa vista,SP
4d60b9bf2c64e3e1b29c297752050aa2,dce45a384a6b749722f5d324f68aa7e0,13571,sao carlos,SP
a67b88b996ddde574b43e59664dd61e6,fee7018ee174ae6480e1d729c567248b,32140,contagem,MG
7286ad26234d396b67e5bfa8245cec4d,a8084fb42934303a119c80f5056914ba,90040,porto alegre,RS
5d44b0796aed22e02ed55dc2d5ff238c,886612f0f03ce824eda890fc69d81719,40150,salvador,BA
86c0003573cc55927d66373f55ddbf6b,a8b21cb47af0ed65d2c4c9dfb03e2d86,12235,sao jose dos campos,SP
53421895d40d7df28d68c22ffa043355,2f3aabaf3f5d1e8a6c49ac2fdee3cf3e,07153,guarulhos,SP
ddebb2c1ef54d5d045ebfa082cf869da,7da11710b7b7aeebec5c91a6057c9969,13214,jundiai,SP
555b1e44ad963442f965bb44230728ac,343c00dffa1889d2e1c3979922c58de3,14706,bebedouro,SP
9ce954c266d631d96fca00f1eb740ef7,03b844f8f2bfba1e73ce0d1894807af0,29106,vila velha,ES
b5ea26f9ab823a7c6ce7f684dce02b48,23984a33d8788f851566e4b2fe549956,07197,guarulhos,SP
f2b049ff24281feb3783cdc603ce75e8,1a922c593edc0c31a83d0fd32883bd62,02734,sao paulo,SP
c5b7b3cf52a7611de3c6940025a26e2b,5ee6ca3b3964cbefb2112a27d0bca899,96875,gramado xavier,RS
4562a2d3bf681fef8f12d7c1c77a416d,a27fb7c59a5e6ecab45a6fbabafc5077,13419,piracicaba,SP
04d5cb41e92cebd0f1051d38c10f5ec4,ebfa7b208d48a86c037760d5676584b7,06122,osasco,SP
15c256d6576cae5d8a1e6bc20c3e5cd5,bc48a527681808922a9f84958a8d2632,09330,maua,SP
3cbc2f75bb5bd1f95dd67b5d1555a399,1f0509052d3043f28b3b508a7cebfc31,90620,porto alegre,RS
c655482e341138b41ea3240ccc43132c,27036d1c86d799c8d8ad95e02eb26c4d,25720,petropolis,RJ
3af72eff337f394f1da7588435bdde2e,c573683a21c3eb8633e85072e9e65a59,05415,sao paulo,SP
db58f016ec3ff9d07bff3e50c9ac6f50,df8fc9f5259ee77b678192c7c3879a94,06401,barueri,SP
2da3c88ac9284b3bf9bea4cb79fd0e47,b3ab1572fdb4a1c2e6862a3ea20e68dc,20031,rio de janeiro,RJ
762de17a4530e0d81d11141138505c4a,ea1911ed62148970629c4b0824f9061a,88309,itajai,SC
72ad3b059873841f4e0cc95d7eb93de2,6354bc4ea9af4b861d0b019ee10c40ac,23088,rio de janeiro,RJ
6b6432e5ac54b7e774417246c1e9bbde,cb957f961fd2d8502b97aaeee4dfc5f3,30190,belo horizonte,MG
58284e22c11c1cd2a52d4f25630a1ed9,98758d88bf4b8eef1372ddee45d63178,57250,campo alegre,AL
9a3aaf9447f2fbd34372e69398b2ede3,9107bdcabca6373f0a08e83943f19df3,01404,sao paulo,SP
06323e75b664e167bba52921c091ab2c,6d8496f43890ea29f119d050e6556796,38411,uberlandia,MG
7acf55df0298e1d2c31200fb4f6fb93b,54d7a15160876f86860fd741b906a742,39230,buenopolis,MG
6d68392b4769c127c8bff89994d745e3,815a6b3971fa68915c80101a220905e4,09450,rio grande da serra,SP
1d350be5c2a21f6aed74c0f3ecea8f45,dde44c6e0a6e6a57bca15a4b2892aba8,32672,betim,MG
5de1dec4d4b43067084f74e791749ea2,e775c778b71318378072fdfa7630195e,09820,sao bernardo do campo,SP
19bef044a4c1e074fa68239f24447a27,ad450c51ea517736f1ccd3dae3f1506a,17514,marilia,SP
33a8d776edab4135ca1a5f9b48f499ed,6289f600c5e334ca3787c785aa7fa075,05302,sao paulo,SP
c8f53bd76eb27e03f19ddf4681646c29,ce0b851b80f0deffc0ca0d74f6bb7eb4,08737,mogi das cruzes,SP
bfeb9df23321749fe2314b8a4925c8a1,fa3f62acad56a9478d8ece5275b6ce81,86050,londrina,PR
50e2e211862daf99d434538a985b5423,33235831eeadee4a8d2466454f9b6b15,05468,sao paulo,SP
4292ad887342214c93ed734b90355ce8,01d4d353f424ed250bf892af49d30abe,20521,rio de janeiro,RJ
5d547edb8110d2bfeeedbd045491ac93,7bfb4300feb2a2ad6bcfba76fca42493,20091,rio de janeiro,RJ
4ed298b95353f35d266831f8944d77a5,cc8652fa71314ac6af870726e9ebd4bd,57052,maceio,AL
220a1f1adf2be499250db06cd27d0a1e,fe6ceb39e4c3d9cff52e95de1eb671ad,26266,nova iguacu,RJ
29f4c5c4086d5058694817ba99ff6798,2441d92ac54268a961655189899f25ca,04041,sao paulo,SP
2d3475236fe57f9f651be1b918bcde00,40f0da18186594032bed8e6d57b32ae4,03968,sao paulo,SP
b1114c131b839082de98f115dee1369f,3296a0933105148c51fc8e068ae889cd,60135,fortaleza,CE
3a2af5f4c23dff0cf1ddb8fc10e2ca8b,78836ce3356205d3484b404fcb4441bf,80010,curitiba,PR
ab5c2303fc45a52d03d5bb515e446980,c584783ce1c8cdcad34f3aef3d576165,93260,esteio,RS
51114600137b7c46ab0384b834206dd1,efbe0ca2edda5df6bc5015e3a7382456,80020,curitiba,PR
4778a939ea8fd1445e8eced0ce1b4b5b,21674cb37277d64e40a9575017e569d9,13289,vinhedo,SP
f010f1ad40cdde76194f3c124c532db2,50d7ffe26d9b0c27900c2b197e66bde4,04296,sao paulo,SP
0702faf732d0bf1539d8808806133ab0,48ee1f8dede3cc1ace87b5e3aa3fd20d,06132,osasco,SP
da16a9b6d9f5be7c2266a76de19516e3,4d1d50c8870f228ed23b3e89bc126a18,13212,jundiai,SP
d15dc13c907b860a34a9475609231fa1,926f9c9e0109058c3c2a7d14b7409c2f,63500,iguatu,CE
c0be31fb57f9c3424f2207e69b48f305,5302bf78436ac5a94fe3a45af6170b8c,25935,mage,RJ
7dca0aae9d8b2739eae09392212f33bc,44f33f1e85a9c2fb86f0ecc6f9a74d4f,05329,sao paulo,SP
99174f8fd08e1daf113666a2ad3383d7,248c08a4db07e08b2ebca9196b69570b,21031,rio de janeiro,RJ
46ebdabde58535b8751aaf7e6f21fe27,ff9c030fb4209fbf442ae1368a6b376a,85905,toledo,PR
82dd7750451a28d1e779bac86391d1f6,7a350426024a624cef97f797c408db97,35680,itauna,MG
2e581e2fd057f25288a90c99d06ca1bb,990467c17e58f091ea4d6bdc020992b0,14090,ribeirao preto,SP
1778fcb0be86a03114cb65eb6dd45a71,f55b6904b17ba1ce20225793bc4a5c8a,11533,cubatao,SP
1ceac3bdaa825ff830917e131f85a2ce,da82880503f39199bab793986c0c5b77,29370,conceicao do castelo,ES
99b72b76d26475c4412b8d88c363b066,7b5c1689e5fd48554085de27aedf8285,29960,conceicao da barra,ES
09740ab7c2513db9cf9e691b9266d292,67f21e2b10915487ab8f220e102b6fc8,12229,sao jose dos campos,SP
08e5b7d999d037498bb7f2b3ffa1ef68,3702a031c0facbc9afe8ae0c7b7f52bf,72120,brasilia,DF
892b4b41830746635f341030c1564ad1,c14f81323998d7af253c78216ff68c65,04444,sao paulo,SP
dd5e48c0ef4682875574ee7b9c6c2f81,68f909b9de5801aa52b53d8ae352ba0b,39801,teofilo otoni,MG
87c5e6216d546c37debb656dc3372eb4,afa70e82ab83aac4042ab11185a61362,08735,mogi das cruzes,SP
9b07642438e9eacf96571117388677ed,7a93348c9618a6e9d155ab098399fd55,01453,sao paulo,SP
64bce8bd37d9f4b8a8d92264a086ba03,8ee3e85626163dbc1c57d7c4bf819185,12281,cacapava,SP
7cba2705c01b76fa986e0efd815d3b09,d1188dec6bca7728f5fce5f9dc4239b2,13145,paulinia,SP
bdb3e5fd8dc8c30b7fdbe43e818bb2ec,6f0121b5eb1d59e51ffef8e106ae40ad,36083,juiz de fora,MG
f34578af93a5e63ae03ebcb41e05e7eb,ecc3bfc3b4e96b792b65523328baf92f,04338,sao paulo,SP
75c8bc2109f5fb856317aad61dca2dfe,c589ce4c653991c65f29b41c74d50374,66060,belem,PA
92c9aea03108d38e89023741442b118e,1b9272dc124ad369147711c45f24f64b,50070,recife,PE
76a1b8441dfc958f668898b0825fd102,69960b64ad0d5746057b6f2c17f40db8,18190,aracoiaba da serra,SP
230787cbf8da57cbd10d7c223cde6f1f,ad1cb06f09b27e4773870d1f76a68557,13058,campinas,SP
6b9cd57e8da503b79dc6e58b438e77de,ee9075a8920482033d6003b4fcd420d3,79073,campo grande,MS
2b52fe2c8577aa99f7dadca0efbaafaa,af4fa1cf57ef7ad8c28fdb80f86258d0,87200,cianorte,PR
356c9b7649ebd5cabf095172e8801a57,493faeaff7409eead1e70f8f9ae06289,06835,embu das artes,SP
1b5aa8ce7a8e7e9f1254a47fca1c69b7,0b0e8955bcc0fcfdf121d12621fec614,06719,cotia,SP
d5ac978cbe8407b56fe9b45e0eb7ce9a,8e62c9c6686792f463cf4f48cae9eebc,12232,sao jose dos campos,SP
775e5b39bea2cf3e7080071ddbf9d708,bf79e2be560481b2e6014798b4331a18,13290,louveira,SP
8a863458d761a9b40faba0ea98094eb9,37d1cea760ff9b96298e678a10b02c85,24445,sao goncalo,RJ
d494cfac6c56cc4806241dff2b5e6704,5ca4f0e4b391b8c8dddfd7585e34cfec,20541,rio de janeiro,RJ
cd4fa374324cf1ea4103aa4ac082440b,3728af44e90137390d9128147469bfad,21235,rio de janeiro,RJ
cd1782de5d260d0a90737fb52bcf8a28,7c8284fefd28c44e2fe71c9c7bef64d3,13061,campinas,SP
14f9068e637206960a557817377830f8,a0b26b4f59b8b31147d0ef639edc36b4,63520,oros,CE
5a0dc6805a195218a4e448653dee4740,89fd593957ef80a12f0588913e78b00d,69915,rio branco,AC
fdf2f42ec3ca9c7b2443d1501ba9f0db,5e4ca0d8c7c19b45d5d6a1dfa776260e,11055,santos,SP
503c0a508e852f0479e3719b5816bacd,34f15eaffb86fbc89f0f05b534986c8f,06436,barueri,SP
fc3cadc0c1328b099cba58d281368351,8187563594e41246f8e959d4922cc292,75804,jatai,GO
d738c27ec39bc3dc997ca02f61c2616b,4a8c54de2f981958abee50ece6b93c71,13872,sao joao da boa vista,SP
b9223d6492555dae908f216435580a9e,0ea93f58e1bc48c6e86b79d2df6d51dc,89900,sao miguel do oeste,SC
f0506d417d677f27a31385b606bac44a,1b6d5b92615ec6c0d7dafa4002ba63be,13042,campinas,SP
7caae07d3441f77333b6e47ce323d251,b2c72d9d87482e5f6ba18d5a8c68a93d,24315,niteroi,RJ
b25733427eb5357a483382ac859982e4,3b80e017453e861cc1f13f9da20e4b9f,70658,brasilia,DF
62455b0f833019feeadf0fdfc3fbfc84,bf072be4d5640fd3d05d191a2845edf0,05343,sao paulo,SP
33895d210b7a21812669e1dab098d80f,871f04508eb8336a8e7a7289e8b3fe7d,17720,salmourao,SP
26d51363d20344386df9fb922a155a26,d75df1ae5a9ccbe03ab5d9c4430a24b9,36140,lima duarte,MG
520197ec7846ba49b688f810b5639b47,a6e635a920e7ca43d9453a21f416b44f,44085,feira de santana,BA
179b6269e3312a52257e0ae40dc5e976,75a8619f11aa2ce309bdb5875882a486,29850,ecoporanga,ES
74ba954cb6ddb61646da9c8e94fc6477,886f8fb8f2fe9ae95beedd6fe442c30b,08062,sao paulo,SP
bc544aa58e763853480832008085049b,9c209a3050ac652d2296e84a1e58bbb3,97050,santa maria,RS
5c2462d7cb2ace0d8725188fbdcafb8d,19e6d7335d209adfcdfce3210b7f6433,89900,sao miguel do oeste,SC
62f7542360ee7d4be52633831421ca1a,061165fb1124ef826ed9673358e41c5d,29930,sao mateus,ES
bd5c3a196a27361936b5ff684b567570,032ddb0b6d452c1a3eac72cf33ee8b96,72220,brasilia,DF
b0a138fd5010ba7c97075d71001e87c3,9b58367fe18e30599fa48677daa0858b,90420,porto alegre,RS
87593a30f5380e0ec6bb4ec3a6ac54b7,401035dc57a4e9568436320e4edcd985,20751,rio de janeiro,RJ
c5761e080ba22e9bb19972bd1d3901a3,d5fb0f227f7202204c85fef4ade73a62,48990,andorinha,BA
b041cec79db612cc381c5d8ab339fd99,08e477277c482ff7b46d7c67dd8bae83,07193,guarulhos,SP
9624e8e47226d31aa58b9628299e6a76,487c3e4ebb267a6826e3ac7271616918,08451,sao paulo,SP
4c218eca2a721ce320b45f9cd190d7b5,ac2a428ee8e0732d74df9340667b0f30,04080,sao paulo,SP
6a5546734acb8b5faa48ee38c4592008,a38fcca5b3208aa7978035fbab4a3d41,85902,toledo,PR
9151b134d8f0f1b7b46d3c9003ad599f,1c5cbe9cbf4551e15b5c3d345239af8a,30360,belo horizonte,MG
28b0260ad5c1c14102f3a9ec3ab5d6be,cf326c1765aeb567bd9fe58da1a1cc4d,87140,paicandu,PR
30ed8c586151707a59ba3bf07f050e4c,32bc18edbf54051bb71f14ef6c9557cd,24470,sao goncalo,RJ
cbe770134a298f4be223c178e2220c9a,7df57c69d26483ecdc9965e7df563b84,11750,peruibe,SP
1944b4d00cd7782e2302cb0c6405c0c8,ba097393e22efe1dd4e3a9433c1232ce,37925,piumhii,MG
f643e1150f5707c0d4136c51f9db6cb3,83947230de9d7dd167a59ffdc8efc11a,35931,joao monlevade,MG
5d6235d00d8bf6288320b2d69f1378ad,a418dae5b9f02ea5423d369a58a84800,96255,chui,RS
b7e072aeb3554b56de4934c9da05da1e,eb5d49267a0c78a78871217c248d6dc4,92320,canoas,RS
b21a7906cbe11eb7501347233fa7bc7a,d1541e53e28ec66ee0059fb085628f0b,11320,sao vicente,SP
0f95d722d19f40ee015d3795e618d02c,cf15de02c8b0213ed918c4431ba0ca8b,14140,cravinhos,SP
37e814aa0b2b15f198064bc42bc5886e,15ebccd5a7e89574bdf3c0cc0503f060,25015,duque de caxias,RJ
24c38fd30a0c822c183c67d3720f2c47,d7387efcccf0117830bf9c91913565c4,01103,sao paulo,SP
6565e3986825dc8741d0c41228ec6011,49eb459c45790eb86e9a94a927418fb4,07438,aruja,SP
0ac3e5d8a4a25d55e97ec2e592dd4b0b,cf84dd05532e0d88b3d578f6b57b5c93,20261,rio de janeiro,RJ
33c079892847267e01751ae4c018aeda,533f6a082e21c4886702bd9868385498,77695,goianorte,TO
093ce66d767ff676396051dda46332f0,0c767a3f86f2bf9b04ae4960fec401e4,02531,sao paulo,SP
b3ade267c69f240d19dfa6a302d0803a,531a1a612d4506e1752a39023655831c,36406,conselheiro lafaiete,MG
677dbf5ff3bed8560f9156c76f8d0a88,3b006751f006182dace8576eace9c526,75533,itumbiara,GO
33b0d5c2438d9cd6426c6568dfbb908d,5824772f55a94d6c06cbd5df136f5ba4,88331,balneario camboriu,SC
a1293e91d136444e576c0035052d1aaa,5d87f370b083b7cfdce4c254a6855d37,06864,itapecerica da serra,SP
9a12e00f66d6b5794f5825e62dc55a72,af9a735e918bd45a036e1a1a4cb67416,05821,sao paulo,SP
c499f24d5aca03c90fa6ee05d32d0988,d780d06a532da7d8d0435cd348e591fe,83707,araucaria,PR
d2352eb89c2f0a1e01fca14e007aeb87,7ade0a53f402457e6553c68ee945cfef,66833,belem,PA
b08866a7b299195e0c530f94cff315da,5bab89abe954b79a9699e3f71471179e,06365,carapicuiba,SP
8144e16e04d00723d22ff69e9c08bb49,05e8b4d95b191ed344b0c2bc3b1dd984,26215,nova iguacu,RJ
af589f330821cdeba520d83f6db139da,749f894180c39414865a117e748e74f0,22793,rio de janeiro,RJ
0ebb41b53df7726b1f2b00a27a169ae1,16c248c9b83996ae42880287756e328e,61600,caucaia,CE
fedcdc6c89d60699c967422066834f65,48cdf71f50344481f89ec66e65b78cf7,28800,rio bonito,RJ
c18a4cb3f8ff37151c8e3dacada355a4,606745e140787f33e2e25105dccd9125,87310,campo mourao,PR
04bceafd0111719988603d18dbac84fc,0df285643c970345de8307c566b42eb1,39960,jequitinhonha,MG
9b4f57a8bb053fe5b95db4a7d30958cf,86a92bfa14c9db4eb56a38ab3c807e5d,93220,sapucaia do sul,RS
10485a34b74fc55cb3502f137335a9f0,3c074185e3b7522767c519164ed0e143,02814,sao paulo,SP
b879348d650661f4d92cd4f204985945,77807178e3955a3352d9e7101cceb07f,02765,sao paulo,SP
3e2fcf7ce0b60002777a836132650175,47e521033709bb13d5e21b11028ee3bd,11410,guaruja,SP
a46a5e0168922d626417fa64c64fc751,e8e151e6ba01d9cb54910330d3b2b62c,03120,sao paulo,SP
c4ac275898e0ba063e3b67f168ed2d80,1eae1cce4c03f0915482bc43c7427c75,05171,sao paulo,SP
4d859c1cba06922887a78b10550b3c61,34fbeb535f3ba8b34bb0f919b0ad36bb,96600,cangucu,RS
cc6f32c57316a3ecd76524cc0af10794,82f78e34ccf4f5e160f2b36eef6aa1e7,13295,itupeva,SP
0c409eadf7461d9e02860a7015a3f52b,19f28638c0f171b159350463cec68042,54410,jaboatao dos guararapes,PE
14ec0af04aab4398a904a77ac2e1c68b,9b8459e95c991a7a5ee914b88bb2d791,15061,sao jose do rio preto,SP
fb9c7ae634a98d4905c50cb15fa8382e,281253b7a0ae8530fa7ab5c1c738d4bf,29050,vitoria,ES
61293d3c42c2bfad777bcedcab7c3bd5,40f4b191d404a10a6039af0b26dd62c7,65393,buriticupu,MA
fb9efbf986947049d3a3ffcc70708be3,28cb4a455042c8a6ace6790c108b23ef,83065,sao jose dos pinhais,PR
89ff0384f0a749ebe7b8dbf654a622f4,a8a46bb1265b7c81635ed663ab448459,25085,duque de caxias,RJ
90a9c48d9d8440f1583a142142b99b1f,3f0d042d25a660ce2e5aaf9cb11b5146,30360,belo horizonte,MG
5efdf84ed5c48021ba94801310a6514a,1a6c2d0ed3299790cb718bb7981558c7,11035,santos,SP
e15320a1ba99c3b56cc50e492e6c0c48,c78e2fa7d12ec69be581bebc5885d9b2,03582,sao paulo,SP
8719f414841856e13125bc3c8eb012f8,dc15964419d46e144f22f505d4916c33,58150,pocinhos,PB
50dfde165a2543d1410257c2593f5843,f95a87af94e6784390f21b988aa60e5c,88062,florianopolis,SC
dc1797695511e21ed538efc9570e9751,f5d7c4a3ec9eeef28fcca25ca72d8b38,30310,belo horizonte,MG
c68d0a3fbe7bf557ea9b8c822e154535,54bf1780705493f3224d73bd48e53186,89222,joinville,SC
fd33257e245d8ffd4281adc1ffd97f88,6578e1b112f6f1bcc70a4a99f09ffd93,09571,sao caetano do sul,SP
39416978729e589e3483e49937aab4e3,71609c7488eb88baf20d78323d37fa4e,17260,itaju,SP
be24ef8018f62f3b54f287c7e87d0abb,c2e11be7617544391dfa3905b0c637d6,17065,bauru,SP
cdc8a72f10450759bd9aafd76c7a11b5,73e36e84433216c72ad58b4a63655fb4,02021,sao paulo,SP
4fa01e0af9f436cc5b6b2eb3fbbb6b1d,216b36ee50ce6c169df00611adfde0f4,13212,jundiai,SP
521aa980b64c8bdc793aea903e19133e,0ecb51b125ed09b06d5b5f2ef2df4dfd,13040,campinas,SP
d5dfc452f419d7e65be5d9b81d1df7ef,6624f406dda464765f90863ad09a2a5c,05731,sao paulo,SP
595ead2f37e147dbd839131586555223,87947fae46831b1e06bb29f9de90b400,24808,itaborai,RJ
f311cdd5c8f22cae58ea2495cebbf047,1b725d9d2de794518292b023a94fe0b1,29057,vitoria,ES
42b343409a90819f39c38275dc06bed0,2147de2645487e2a48a448d53b2d25e8,05303,sao paulo,SP
76415e81abc523b46c62fee99e7a7533,314259ece6a9207c6fc02d925fc996b9,05056,sao paulo,SP
0f2893212c2c44df0fa30e9184006254,97c1457864c3e179483de1a12fe3ad78,12914,braganca paulista,SP
595a590ba9c0127d59855c4dba71a69e,efc58ec022b8ccef70b3218b74b0fd7e,01405,sao paulo,SP
eed07583336a218b34ffa4773126a86b,152e41e668bcc58f2d98dcec34cc5e6f,21030,rio de janeiro,RJ
f50d17e6ef8a2e95fc8594af9c570a3c,49141fd47ea9b5294d613b5aa42acd0a,03132,sao paulo,SP
5ef1f0dcf26b5aa4f4838ea2e1a9634c,9340969888ebd51eb9177f0ce98903d3,11045,santos,SP
1aeeb475e0190fb99160034e4e28ccaf,c4c8a6af60b58aed2b0edfc848a28700,38414,uberlandia,MG
7b0b3ff8c45390829d0e80dcc2a0079b,bf6656ef50e6fd00e7517b01d615b4f3,29104,vila velha,ES
4b71d940f437dc0b0cb9729a13b3d644,6f9d708cb6461670ae063d94baa748cb,30210,belo horizonte,MG
2805aecd7250141468fc9e256aa3fa6c,e2a1de379f4b1b3293a5a0c45aec186d,68520,sao domingos do araguaia,PA
31927091c573028dee0b8dff8ee57309,01c228e91a729c993c054756eaeb680c,36680,sao joao nepomuceno,MG
a100558331df579cc459520c1e39fd0f,7d290ad006532c0431d896763a9e5556,22281,rio de janeiro,RJ
ffcff7222f737ae6b440d4d0da1496d3,446eb5e08e24f3e8c6159661154893e4,04883,sao paulo,SP
a6fd70c8725a1c1eaa8b34d42bf80f9d,5c510ac2275d895a41308692a428ab75,13830,santo antonio de posse,SP
92bb4e3db74b1a4e1afd9c9dbaf7c25f,8da73d471e36a4e5d8869dbafe7aa522,29308,cachoeiro de itapemirim,ES
175231d5968a57218468d2517a6a4621,dd530943f0b4dc288d2f18098cc2e14d,93025,sao leopoldo,RS
c9e3c1652de60db58877a8b77775ea4c,3f33aca1d4958e32fdf3408ff6f98c13,36120,matias barbosa,MG
de059415c6f437f5d8b6d4f212e5402c,eaa604ab9f816252edb7a8d297f932e5,35051,governador valadares,MG
33f7fd28bbe67f10c01c0bfdc98389bf,7e9c8bf0d5e030ede68ddf4dcc90ca11,15990,matao,SP
a37642199abe998aeba2601b3f261e33,4ecc3d1536d45f43dc367a3face29547,29102,vila velha,ES
2c7c48774749670497e9fe3f026273e9,ee081c6f1ab9c715d54a763eed4f0028,88133,palhoca,SC
50ac016f147656d8992cef865b69b257,08093480aa587422c2c694a534ddaf3a,13453,santa barbara d'oeste,SP
3242e4ca5a7e5c19c48f28d93a4ecffd,050b06cf630edd6254091a964ad8880b,13211,jundiai,SP
994c8f911235968e88a5249a81909121,ce13d650b5a9d9e05799293014ae51eb,04044,sao paulo,SP
06267fe0dcca48cbd55db1d8518bdb38,0a2638867971b511e31c4633d8f4b3e4,85853,foz do iguacu,PR
dfe9b8ef242ad589cc5b5ec521045c1b,c9cfdb343a859ca1693fdbd7e1ae8434,88760,rio fortuna,SC
08f9f3269295904dd53afc2dbf26f202,8af9bd8e71f8b6960bf42118f8e3b7be,13064,campinas,SP
2d2259e2fbd96d9aae631389a1d22cf6,683cda1913456fb0cca302892b37a052,03978,sao paulo,SP
57d3993957c67b16b2ed5bc02f65a2b7,df2f1fa25b60c9de8a418446ebd975d6,81350,curitiba,PR
b64de67a26e6007a87a111bb5fd681f1,d7e7cc24f659b8c0cae4431d42036e47,07178,guarulhos,SP
01e44a7a40e6456dfdcab17b65106fe4,fd8449e3a94b6acf9a684acd1b2aded5,88090,florianopolis,SC
657f5be43b148515a98a49797306291a,3a13681985ea6cd032018292ffb30bbc,94855,alvorada,RS
912df14a9a50a2afed74da3cd7d3abbc,42e6cf45d9d9f2a93190f7b4acfa2e5e,28735,quissama,RJ
c3aa3310a31edc113ec7118b4d13223d,7a3fe6189949464f4691143234108dd3,48700,serrinha,BA
30b766b012c5c55e2fba3726dc9d55bd,0f2ff54c1de35e0fef57c3cea4e1ed88,81220,curitiba,PR
7afaa65f4cd64d06fcebc3ece0a240be,31f508f472ebf8a37c13a7b85693db44,62320,tiangua,CE
69a79fd7c17487aa334541535b78ce31,680c14b53034e983c1e2dd6617bfeb42,35544,sao goncalo do para,MG
1c656e83baed5d0044cf64449d4d4d39,8ea95e0fc3da49749b66835754e2062e,07113,guarulhos,SP
982a91ff4ad73e6b9d09bad86860d184,973804558319d069370365fba324e716,49097,aracaju,SE
719838a3dee4775a7054b8dfe43cf7a6,dc2bdd4867f1a056690002c59c99320d,17020,bauru,SP
006d300ffcb82917c9866dd5a507dbe6,2ed2d94955614ec3262ce7575ef997f9,01552,sao paulo,SP
8bc1170e90f388332edae6f23c388d38,e50ff3ebfcf05fa082ade56e01b56539,01403,sao paulo,SP
9242e7e435577f88adf6cd4f7503883a,ed8304811c1dc353afa83397c5b4a772,09890,sao bernardo do campo,SP
9b99b552aa8d374d12896e55dfa2b0b9,2d0b5c3a0b200f10d09a3927412a9203,04015,sao paulo,SP
363263d717319c175a7b063d383d95ba,83eda75bbd932ba9059d0f9e7b8d97e5,09980,diadema,SP
365d8633820f3d1ba6f2aa3628f623a1,7752f494eaae9a4a1b33fe6aa4d04f39,01552,sao paulo,SP
24b0f93c6cf382951539720724e57161,1ccec10e4dfd33540c1c361d5ebc3300,65395,bom jesus das selvas,MA
637dfd77a043d1b7fffae4efeacc13b3,5f86f372a68f62636416c7858cfbfe1e,58034,joao pessoa,PB
d671f3c7672d55bf5cf119326e5c86e9,cc95b67ba4cfe7e143bc5217fbfeeb19,45607,itabuna,BA
cc0dc6660942e0b9ba94d4ef6e6a18ff,ff0053f211cda47ef0b3c139e7c07dc2,30516,belo horizonte,MG
b8fca18186053a557dba3904f6015856,fd631c05b9c2caa987cb7430a8ad1993,07251,guarulhos,SP
82051ce87c5771da69cc903239d13ffc,d8d0eefc0e1f2e1ee67bdf6f7dec62b0,78575,juara,MT
7b7e1565386ae5a382118296494338ab,54975068b3fb2924fded7c27eb31b54f,21021,rio de janeiro,RJ
92ac3fb7d7452e72343e49885a19368c,337b2ad5e2840cafc74a90bca5a4a643,21311,rio de janeiro,RJ
537e341fa7460c3734d91fc0b65cbdd0,c462aea965b549ead7f1ef47d3cbbd4f,06395,carapicuiba,SP
7b63cba66b8e6d002e94d0990c1e2868,38c3bc2d6df03905e3e8d3d5b079acf4,22790,rio de janeiro,RJ
5e2ebf449bbe52d961a2a13e898eb175,0527504d9e51e19c4f352774078872f0,60349,fortaleza,CE
ef019b3cc077faf03d999168daaf8d07,ac5c80edeb6db099ebffbf3e53ddcd69,09961,diadema,SP
6552cd640a76d503cd18ed9b10adc740,336421b86cc4259a58106da261e0e000,22221,rio de janeiro,RJ
a192468dc4a03af2d3c89093c26283f1,70ce919779a8b3c666bb950a2affafe9,05766,sao paulo,SP
e0351bcc6002fa51ad0dcdf775866672,e039e48b34bc0a8730a11b455d9b43c6,07704,caieiras,SP
9e682deddb164563d50532ebab34306c,f59d12a1dc4d761dc9f5ad63f904e222,22790,rio de janeiro,RJ
06061ffdb496a2030a55687e3d14d977,3f89c636b2f78ec7a2724277c9ff438b,32450,sarzedo,MG
deb46841ea2d28c7b0d1893ae6af547d,23a48131bb6e8568d449882ca0911745,25710,petropolis,RJ
7dcde5c8da2d7cd96e956c560e76a013,082e7aee329ca529ceaf14dfc020bf69,02210,sao paulo,SP
90abf5b0ac7c7b7bb763da066ca7e60b,e048d4f04bde3e12f337cf38d680345d,79950,navirai,MS
2f024788fbb16d959cdc8aadf44f66be,0e033fcf61eb1e3bd317cd9acc173839,28695,papucaia,RJ
1ad479458bb6630f9187cb80530d065c,9bf81d9e8483c962fbf97dc079976645,09667,sao bernardo do campo,SP
0be74c3190e29ed9550c7c2ca1417a14,1f8a812f37c3d595f72c0ff5b85066f6,16920,castilho,SP
fbc1bec47970c387d5f4962d518dd268,e03a1bf47d42257f8e8e5e8775696622,06900,embu-guacu,SP
53885730087107b7a4dd579001c918e6,63ec4c57fcfdce705d77573e49e2068e,06725,cotia,SP
07dc183e2382a6855b6dba9f7b5a66b1,4cbbfd3f62dbf90d87c23e58272a59da,17600,tupa,SP
3b104572acedbced7ec24f882f1df2cd,c0486ce01d76f8e5f5822442af172dd8,07084,guarulhos,SP
9ca6194429e983e3d30bf20c15eec582,a84acade06aea50c5ba7a115ee70ba00,04566,sao paulo,SP
eb7974f6e6fc0aa156371c21e1c39873,784cb4bb6f10b1951129e20b3e0ae20b,13468,americana,SP
0b9c2c04285f9bccbbf9a41d6400ec24,1a75d590a6e6744b9732cd9feab4206a,45480,mutuipe,BA
f8d3de89915324398f75b2f37ee7406f,0fa6962b515f4cb228efdc77422baa6c,99060,passo fundo,RS
a30fa1104a5ff6f5d9d1d907ffb4c609,655fb4f5aca04feecb2f00243473b2c9,15265,zacarias,SP
f2620c7f70e8cf8c8c53de4ad4a80ff1,49fda5633989ae0e429cc3078998ac51,13240,jarinu,SP
2a1f6d64684615ad73ce7d05586115ed,f0d3389b217aa61b5a66744ddd694cc3,05786,sao paulo,SP
8c79d93dd3718c97f2f4133f77c631fe,9c81fb013661831022ab938f6541c222,82960,curitiba,PR
ed8dced159c9842a1ba5667496d12ae3,8d3ec758b05fe820f5cfc8168dde872c,60430,fortaleza,CE
21ebc323917f5faf55a909e786e6741d,c18763c83c08d3b2336993f102c43111,06010,osasco,SP
d61aa438586a325f237eb96134c4fd97,fb727de0734b8b2255abe9b9429fc113,36201,barbacena,MG
56f298c3c06de7ccbb65d45171e17d90,079b59c6bbf13d2edc1d1420b37243db,07400,aruja,SP
e16ec82ed66f16aa48f8bc6bbb287575,79fba5cd52d2eb5acbe36a15993840fe,02861,sao paulo,SP
8bb46af2da65493427799b95d0739d34,877a47a9c3f87b14581bd7ad4b6207ea,06310,carapicuiba,SP
30e94070e398e38b4210bc35d84627fb,282dc4abbf2759fb9bb77217f5cd6c4c,27197,pinheiral,RJ
98721c618b43935849baec57ffb8dda0,e5887c53081fedb7b6795f1ba14e08ff,07853,franco da rocha,SP
4a984bb438e7bde091f75e16211ded9a,b067aedc3cb45dd6fbc704365059764a,73807,formosa,GO
1c3515cb387a43da4c50cc8e76b90af0,02e090052258dc8c675daf152e22afed,04543,sao paulo,SP
b7f5174046bcdba1e99c45d5227ada9e,4f702b8f49f94571f343fddebd29fa3c,36884,muriae,MG
6e1eb8154497fcc665361b32a29a3bf0,b9e89508d8538f17ed2c9df1481b570b,38703,patos de minas,MG
594b34fd289ad46d208bbcf008762642,6e809ceca510bd8e766cd26ed4f1190a,13092,campinas,SP
41dab101e63cf0c1866b20cdff40471a,8110579e604a8b928b43700ee5761af7,78200,caceres,MT
5415e7754e47d4252917df22db44f1f7,dc673187e91a799814e3ba58243200f5,02244,sao paulo,SP
d3c09791fc7ede919353f0488a3375a6,422b5643b144b86f0168965efd90c219,14409,franca,SP
30d7198ae94852e95a5afef8039145e4,b76bbd64aba8aa230a759f7de37bed5c,34515,sabara,MG
9a862d529004b7051c686f79baba08fd,099d8e01dfb37c541cd65b12ee03ff10,04265,sao paulo,SP
ea2faf6b4dcc7a2196f1c647cddd7714,fb6b1aa35eda4a0793d8802986cac52a,29300,cachoeiro de itapemirim,ES
65761947a056b26b4e0e853086f7b1e3,9339ade05031453f881ef7db13a8da39,07851,franco da rocha,SP
b54a3497f7d74ec5e0ba9e086a06260b,4fcc02418b087994c8ac9481d37560a3,27525,resende,RJ
3a2ac61c7ff1ebc42bc360b249e43d53,217fa64513d05737388f6297cbe9fec0,03208,sao paulo,SP
bfcde53e4fc9b102273906be1a94f9fd,6d78a5a0d52c0259e73fb97d61205e54,05835,sao paulo,SP
08d31253590799b23b34713713a5f7d0,dd2358149a1b6b710075b705d1a0a115,54410,jaboatao dos guararapes,PE
992827c0798eac56fbf32454152b47b5,6194f8cda70a2a8a3eb91467b04a6fae,09890,sao bernardo do campo,SP
ff310159cfef87d3dbbf5341637bd4a2,2878289928927b75d078057c8d91405f,71920,brasilia,DF
c32080bd1442f65f3859a01f865bdf93,3fa626c46f413742865a2cbfa914bb80,52051,recife,PE
31bf1057b00f14804278590bbac18b1b,561cfc00b430b16ff8e8d36429d709e7,32400,ibirite,MG
6c8c750a8bdda3b271cb8e9ff5c13bfa,13afb2034033c0323485439f2db54815,31270,belo horizonte,MG
b173f79bb1d308fc5703ecb25888a0f8,3b4246e03fc1d4a501e6e4bdd758e2c8,95800,venancio aires,RS
2edac855eba5bea5a8c13af1630a078a,ecf0e608ecc221e4b983cbd421ba228d,84560,rio azul,PR
29898bc3bd6a526500f6a9f478141873,bffa2c64724b9bad2276d600f2b78928,09732,sao bernardo do campo,SP
c364f67e37eacbbc562be9a71889bc2a,ad89853e85080da06ed42f71c9800c04,83602,campo largo,PR
67407057a7d5ee17d1cd09523f484d13,7cfba6e55439cae3fd2479d62fafe67f,22240,rio de janeiro,RJ
fc1d5dec9fbaf2411afe15b60eaefd61,356da39c873d00bbc6a01feaaaea5726,04209,sao paulo,SP
dffe34ca3527d5eb4d985e7a3ace6b27,ea2a4a14c49ad9a9d64d2b7f91f0c293,15800,catanduva,SP
f1a688a441fc43cba0c3a2af6ae3bdf6,933d3e8d1c032768e1a0a98e2fce65b6,02817,sao paulo,SP
24c09a96dc7e7016bcf50e5de09bc6bf,084be429c23e342acf5084ac6156d22e,86066,londrina,PR
064e2cb3bff15053eb0e4afc471e7f2c,06f1d66196374b588fbf7cbc2793874d,08554,poa,SP
747a389f1dccc08597ac02849b08acc9,f28fbb32a8241c93945a1047421a270b,11325,sao vicente,SP
dc0dff8cd3ed15ad2039e0bbe4982e42,13097c3575793a91362b51c3f942499d,08790,mogi das cruzes,SP
c38f238897e6413a43a0f302bf8b7b9e,a583892de341c9fd79ed946ca24bb0bb,04041,sao paulo,SP
ba5cdde41a363eb9644384100a76383c,cc65eb813834c75435f7c5136c3c1575,24358,niteroi,RJ
3707669efeae29044e39ea9b2bfa9f32,87d5e42b1563c49610513cc6511c05bc,69075,manaus,AM
c5c32cfb1971f9cb50b5f7a06e6d09ce,0294560ad384ad92c9aff267bbbd9406,05638,sao paulo,SP
ee393ae9eb936e1c6b67cf63937a1c19,04a7a56a0a465fcbd3396bd3626a803e,75901,rio verde,GO
cebf23c9423264f677a27ea0737c0d99,c17e8d36b887816df43b1ff74d8fcc03,22431,rio de janeiro,RJ
174db9ba66f0e37b60919b93076844e2,61b620ea0ff64959cd7b7e5c1697edd8,32260,contagem,MG
a5c7faf5cec9b387040c3e5bf4d71925,019ea19e666644625032de5efe2ceb71,26510,nilopolis,RJ
c9e1bf85960698190ad550557fa852d3,e10c33b62b6a9803573369ae09da44cb,87501,umuarama,PR
8e5368dd904948fc2fddb6b8b3178175,33abb6c6f7f4097194a2b5085450b53e,26220,nova iguacu,RJ
db8d12f33acf6a08a434eda169d25106,ea201d395b28edab46f644127fbd34ac,15990,matao,SP
afe0cb3cef1354ee82317557b902dfcc,a200c0892d6ecc0fe180159be4a61b14,11025,santos,SP
5e152b0feca6b29b0d0016c106678bff,c91a7e9c7335c7af4b5253f72e7e42d3,76400,uruacu,GO
6ad71323c11ba8a83737ccc3ea31fbc3,c739d7adb6f103eae180b1f2fc74455f,89284,sao bento do sul,SC
03e5e57dd377a3da84cec48a7bbfba2a,ba05c99cbfde258253cda5241f21136d,22011,rio de janeiro,RJ
fb7d16371b8fad5d60b8ba464b1e135c,d959849329b2a7058c4590ba79adbc07,16305,penapolis,SP
4f807878f4cbc724cc06a0857fbb1134,a984bdee77eeaef1add4419d4d994f0b,11055,santos,SP
6b4f1c5c5062bd50fac7197ae3a2a0dd,d99b24057162a3c262227bdb34493f93,93800,sapiranga,RS
a4eba83fdbc203894a86afba0bc15269,695bbb3da4afc645d1f16657ae1bfc9f,46430,guanambi,BA
ed8097f13c2401a34f2d78cf43260846,b59c95165f6a62fbd502da7d5909a45c,11430,guaruja,SP
8b93045a7fc41de7cd1f18b0bf610a8a,f52bd120d6ea9340d96e6774f2426ed4,13330,indaiatuba,SP
41eba2b39838d1bed51a807736f46820,abf273536b93c0f425602dc5fa7357c5,58345,mari,PB
04ca9bac2d66158857714c87d46e71d3,6586b194a2cb318543931727af6cb915,12306,jacarei,SP
444882642bc5550e2fcadebce502f01a,f8a9e5b75aa36649154c76d794593a59,11701,praia grande,SP
69af39aa7ea31fa28a84d12409e4a019,2b82aa2786eef38fbc5f6b51dd496ff7,41810,salvador,BA
175e7271f89704b7a7743cc2f679d78b,1e6ed9bd2eefb091a43b488f803f5a7c,99150,marau,RS
6b043d042efab585bf4752d7e9dd24a0,12d476f59a7252f5f2dbabe26b069ee6,35700,sete lagoas,MG
e5f43d2dfc237da9e9d075c5a893989c,e66bf46f66972ad1cfd75861292959b9,86160,porecatu,PR
87655477e8726517d4bb95d4540576a7,7c89d1d1dbf51d6087cb650515834764,18120,mairinque,SP
236ba35fd1ff094313a131337c5141b0,a55224aa1cafc8d10ab7af526a4cf0dc,91360,porto alegre,RS
0926ef97ab333a4afea77827d3cbe32c,8eb02bcfcb2deb1871afa092fbc732c9,09391,maua,SP
c236e9487a62bda00236a339f9b9bb6d,f5008838e120006dfda56fb66aef772f,30610,belo horizonte,MG
b8db3ed2d28a258de61b1db21e042868,73f90b219c69253bddd6d6111783f47b,20785,rio de janeiro,RJ
8cda5fa80381ad8d09441fc5b3d5ff46,5d9f48b95adf66ea25eac13fc4826dbd,42700,lauro de freitas,BA
44c14ab4c4d0144041d639254fcf13d9,45e749ae45014495eefade857b8728c0,28740,conceicao de macabu,RJ
2eeafd9d0467198f7d94fabf020d86e1,e9f90fb4f8b985b9450638226b9543fc,06753,taboao da serra,SP
a918b5f3a5555062f1afe875b605c164,a763108056e3ddaba4eaca5b3faabfd4,36200,barbacena,MG
6ca87302fa8a0163488bce8e49f9996c,ab744045d2445f5bae53b57a4b99bfbf,09240,santo andre,SP
3fce8cb477f908ca1fb25ec11ec0ca36,91802c6ba3172df9371817c1387ec0c5,06722,cotia,SP
b8ec9a7ec8c749032875121b1eb2270f,580b53b8514803448db57ec0bf3808b7,89210,joinville,SC
0f28203c5b6a0b0831a64782419024a4,20282afdbe6cf22d5f5a956d8b5a3f78,36328,santa cruz de minas,MG
71570974a826d2c978517fab207ccb7d,f5b4f7a0a21131d5cdf1b3f551c5797f,47650,correntina,BA
80f5dbd6c402fa67462768a508de4168,ca270b48105d4aa0d747a0529775f19c,60713,fortaleza,CE
6afbdea65594b7a013b89c9f1422e460,1bb71b135f41d72825a79a8012e4eaef,58045,joao pessoa,PB
f66242e2439d0da31945c09ef7d12652,6fe09f77ec8e29ed4e619c6841f6479b,04304,sao paulo,SP
e3fa22e3272e681790daa32be5a29243,55670eb40d8c326eea6c05ce30ed0fcf,85860,foz do iguacu,PR
54545530685ab329b0d79c2e40ee3aca,1616e9d013bd2cc0822ca635c9b5f8bf,32044,contagem,MG
86d9c7683745d83c909476d82e7bc06e,6b5d5706d1c35b7e31737317c9e0c4fe,65940,grajau,MA
d3e263085cc78ecf28bbb1e0c0850e33,52f14290a837f30d677cdb6de086963a,04037,sao paulo,SP
63fe8fccdb34a846d19bea32463008e4,ee38ebb9735db2494b41d0c46b900f3d,78850,primavera do leste,MT
795c7957e005b7c433e0406269b6aa59,95c4e4225c9477513b08afb77801543e,38010,uberaba,MG
e4371087909eb38cac3ee6c09832006e,a881bed7e2f7cbff944e7a3be500b15a,70736,brasilia,DF
0c4a8b93effd07ade151a4961ae8791d,af4f1a4fc432b8480911a4d2f8e9dee5,06401,barueri,SP
d8de65caf938995f19d88ea2a3c08a71,a368079a0bebc82daf9ee12fd8a6ccd1,95084,caxias do sul,RS
fc0133869f49949a627e38412c914f0b,d3bbb0cbff98cecee048f980b006497a,13295,itupeva,SP
ad06b03685e254053b83d5d07baded8f,6d1fb971f3dee57277cae312dd3d6a65,60763,fortaleza,CE
1f525c90c7df6b890e6f7ca5707815f7,048d8f14e6405a5a157e74724357086f,04476,sao paulo,SP
58ccace0f4b7abcab017ff6f1d534d7b,3ad84abcfa9a58f9ede403889421500b,04814,sao paulo,SP
4d76d67924ecadc4b2aa91d302dd020b,d761830bfa7836aed636fd717c5e3644,18072,sorocaba,SP
d987c011721e64a3a6ee8101b30ac2d4,3c88e61710a8debc2194db1bc403bc92,37440,caxambu,MG
9434d806ad79343f0380e4c9d87453bb,5697fda4932c74e997cd7ed468d3abe0,21381,rio de janeiro,RJ
696f3523f62bb93dd3372686c4f54828,37a5683a96b10a4f52ee4c0ea02aed3c,41250,salvador,BA
46b4935e012e89972a35d8c39ed05ac3,5cbc208c3c4c9a4c7bb48a44b00e53cd,52041,recife,PE
cbf7ae8bd29c80d2aa52706ab5858a74,995a4b5fbd757687db6c0a5d68772cba,11430,guaruja,SP
34c58715f182abe848f018fa420a72ed,d401a17e88e606a3ce275061995a2074,65077,sao luis,MA
019f698e086a468627af26baa7babf16,0fa57eed3983b8be7986bb7c3c2c8987,01240,sao paulo,SP
fa10097e0f3f7df15ee8238d696d157e,dcb9b14eb8c7d7de3c0a9041ed0717f8,22621,rio de janeiro,RJ
bcc78ccacee91d2bbc5c5a93864b93eb,d016e77c46b2d790f2ddc3c67afb83c0,20250,rio de janeiro,RJ
70375b292bed960b4a36f9e164b830fc,dbe76d05d62c31d6230f68258dd1cdc3,11015,santos,SP
150a3d642b9738fe8f8d6876a7168f96,894382535eef1ce243ec19088626be0e,20560,rio de janeiro,RJ
adf266ab12f2957c0df3d71579732dec,67269541bc1e81487b0e59abad562bb1,02201,sao paulo,SP
d3c7d2b32f278d3699a3e7376f85155b,ad27629d4a95f815f18cd46f1844e1ca,13840,mogi-guacu,SP
2a112bd8db579bc98cc8831e6c97acbd,6449a8997d152f9b43f12f31b12a951d,88526,lages,SC
2de44491346ab7fcc2819ddd069a54e4,6e42c259222a050373bfabfab9a814e1,01544,sao paulo,SP
045178794d4eb65a4b79f34dee26374a,baf8d1bc8b02f403f67012d3366984b6,04321,sao paulo,SP
dde7d3a4aecd8c2db8bc1693d93d5575,5860ea02a41f785f1ab02e8427bdcbb5,88058,florianopolis,SC
fb61c3e862c5b609f053cc4717391c58,09b0eb53e09f29ad6a59aee993efc3af,91530,porto alegre,RS
477370c733868fe48e64bb3882ef1b4c,6ff003dcf2085702d2acf451c8cc58a8,04606,sao paulo,SP
3f97fed1e37bd0bf66b6edf820af2cf1,3895adac45582f6df5322d01c83986f1,21330,rio de janeiro,RJ
e14ce3c6c6d5337363712edf760f3a4a,565af81202a1fb8a9ffe282935381142,29122,vila velha,ES
756fdeca18f4b3e84fa1123a3b967a26,c5f4a17332cac9eea14c1147093298dc,18300,capao bonito,SP
c72f55c752ec2f83a27201eadbb210c9,edf9dfae35a6aeed9098886e41fdd2a0,59063,natal,RN
930a7d6b31016f869dd9d953667feaad,1cbe41267c3d096b1af62e4b0329c4cc,99701,erechim,RS
98965f2e554e2f75fcf1411133f41245,23ae1bfb4297222c1b522172809a7ca1,04447,sao paulo,SP
5db7ba0d9c75f6e67a904e1419cfc183,88b670aaf0c05a361c8566237a9278bf,35519,nova serrana,MG
a988a9f757ef47847e1db39244f18d50,1af7da77ce63102a8bdaf3c9fcedb54a,04686,sao paulo,SP
d99d4916f321d6691a8aee32b3d09b95,b3a8671bc1929c8cfe476e6321d23d24,41820,salvador,BA
ca1f7e87f054a7fb9e7eee3635387710,0a31e281ade2d349246c6e86d56947cc,85950,palotina,PR
72430ca7638959110ed1dcc035402546,d1253237cc6eb7a60bcb018343642b0d,17300,dois corregos,SP
5e268a2b106c3c6a1e57dbcaa12a4013,3c4665fc1e2927b7d51203ef7e9bfe6e,45450,gandu,BA
a2a0ae5761e112d438da0e090c450de7,e10e22d48ee19a46abf07ec3a2304581,92440,canoas,RS
f3f525ec747ce8f3adc1b23b797404dd,d5b4d6bddd4a2de14d87e623cd2b4df0,25580,sao joao de meriti,RJ
cb86c612ac1227e3ad9bdf3ee9503d7a,19c476e5937deb6adc3240137af8f786,26210,nova iguacu,RJ
fc97d2cc66ec9b7e1e09fba356b78467,fe484e122b6ac7d4f586a0943b64e01c,91510,porto alegre,RS
5a7c460ee5e0b6156ebbe1e50c74cb2d,7652600b49cc383da4ffa500dee66048,36152,goiana,MG
e731ba7b6903d44433f7cc1161d2f1cb,3b0fd4045271bcd68bbd76cd66506b74,12209,sao jose dos campos,SP
07e9c547c9d2b7d8ac9a35e81dbd1d89,f4b056f3ca53d48ed82f8c9671cddb64,11702,praia grande,SP
f9985b23d4ca672f9b3086de24187772,aaa3bb03f41b0d1717519d6752df97c1,44380,cruz das almas,BA
e5f0eed3e5dfedc38c8e05a13322a7c9,5b84c7275083452c0610be5c120c9dae,69093,manaus,AM
5d3c9530c128a383ad3335377d9654e1,29ec863e9db5d3362ee2118c277f8d66,03224,sao paulo,SP
05e64f1361f11d937d6c2ccd3ec502bf,6ba50ff94b3a5e4bd7eab73d2f6f411d,03408,sao paulo,SP
cfca6800e760905907c4f40b45424745,6ad8b4d9cdddf93bca459b4821e1a81b,06765,taboao da serra,SP
8356099ada1aeb005c267bed62a9c750,5a7d9eb6ba2ea2fe7b9a7f1640dc3876,02060,sao paulo,SP
ebfdcae3d5d2907f9f860407e64869ed,f5fed14b3b0f00d69196719fd821b26a,21351,rio de janeiro,RJ
a6d0826873e7fd69267d460a167a51e9,21ae07e16a47e3fed94214fe683e97d9,22060,rio de janeiro,RJ
7a2b2664f27252530d93dbbe1895a107,626eedf6e29658c310f58bca8209932d,13050,campinas,SP
170fefe7a670a64ef38b1e16aedfafb0,781909f679df8defaa48ce2a4b09e754,29065,vitoria,ES
09b753241ee4fa912911c1705f148863,b187159bc63f883bf4379572e94f20dd,11030,santos,SP
c69ae1f41ba74509e754afb5b49fb29d,68abb22a309ad287caedcb7c8f556a63,71909,brasilia,DF
30a5cae5a1460ba33ab1c44586da4b87,6e2fc8eac882372ca97c4f38ac8a47f7,13330,indaiatuba,SP
3f0bb4c1fae52dfe92ff27372d2b0d67,2ac999f37d6814a5130678ef81da9b06,18550,boituva,SP
8e2ca602bd712bb232afd470752cef62,62e049c57f1b37b4fe0e102f9da9fe13,22431,rio de janeiro,RJ
7466b6283519a7725a8a30cd00f8784e,91def939002d33dcbf6a038b5c879f7b,65715,lago da pedra,MA
cfc5c8672fd109e453982d27a4678e62,0ffc908947e1f0c9f17647058b9a58c2,78525,matupa,MT
c01f50d3efd1bf4bc960ac76cd51c7ac,f8b014bf9ac0ee915a9d863256632c18,20520,rio de janeiro,RJ
4e2bf783a80c004ceb49a68cf872d1a7,24bc45b93041e78e892e0f0fd92104d4,17475,lucianopolis,SP
d6708bbbd2d419475869a84e41f620a1,12bf514b8d413d8cbe66a2665f4b724c,30840,belo horizonte,MG
03e8f438c63d7e3eb8cf2e830e42793d,91f10558da786019ebe471d3ab0dab5e,09840,sao bernardo do campo,SP
9e5ce657315b2bdb94033a494041ac25,51cbfa44126505de7a55fb99ba49648b,88132,palhoca,SC
963284c9d45bcbe8b9bf09773b58d1c8,c2f7ac13c2e0937f956659002e5d5783,64002,teresina,PI
10d723bb23836f3aeaba6c95810b120c,6a9d8a91d30c873d11a840b69d876163,04109,sao paulo,SP
d3084f1a3218cb4163951970222ec084,d8f7b56e5e0a894d8389fa264e5b6129,27120,barra do pirai,RJ
9e5336e351aa9e91f0be9f38f189d097,e09cb1f5fa66176de2bba83e6a74de84,41620,salvador,BA
041d0eb3170569956add1abb9d1681e3,4656190b9bceacd90dcb3b30bf0ebaa0,13483,limeira,SP
957b5e85d727127eaec47b49fcdba8a6,375257c83225a71cf8b857f2104741b2,44900,irece,BA
7b19c17065aacdf8c4f42645bb32c8c5,7b1802ed4334cd7be4c9334770461311,04570,sao paulo,SP
6500983182f0ed3a2e92fcb7522a4832,92ac1644f8048b0233ca04612918efc9,07855,franco da rocha,SP
544c28b6508aec0819b39515c115ecc8,bd0c5444804d8d40d939152e41ca9f8f,02440,sao paulo,SP
33a4d61b0f6957f323a1eb332b0af535,a653b64c7e0c3dc7f8e94cb6d7781af0,24350,niteroi,RJ
90eb057f5f17fce155139fa361d55b23,a1f7867c9f3c4b27ff280c3cc8718d99,88010,florianopolis,SC
39794e843253693e05251852876efc86,bea66167e036bfe5a0ce09a97a13610a,21311,rio de janeiro,RJ
ac5baec50a0a561a000ed259814803cb,08166f338dfe33955d8de821ad099e5a,14200,sao simao,SP
c8145ea9f734a0652c0b7dcbc75a5fa3,e12c464370d2e42bd874634ce9dc8e25,99265,santo antonio do palma,RS
5c2ad7712ef84e3eeb0fdc51818edb62,dd5ad124e18e88ec89be0ee94262cb74,13148,paulinia,SP
db44d450b483eeccdc0873434be0b954,ca3973f10a5fd8e4def41200918efb9f,68700,capanema,PA
b3c56127c49edf102af3ed7a80e74e84,31763fe84b0748621f98b00d5ae42bff,35519,nova serrana,MG
8f80eddc73b9b5abd87ce7a45d829b8f,1e8b70cce882badaff158c24c2b9eb24,90020,porto alegre,RS
944ad7299db6b270609f52b1114ec87b,195499d29835ec5b94af4457c1c186e9,36730,pirapetinga,MG
a46f748a19e1184d21a589f764a055e2,f3f632bf7da587d94ac118c8c48b5a11,36010,juiz de fora,MG
8fa1e3e238ef73b441de4459dca8a032,2dcd817b07061f4e0572ff84fb0b2ca6,31720,belo horizonte,MG
8f14f3becf2f707936e250675b488a83,2eb9d7a92a64e232b5b7173f0c029594,22713,rio de janeiro,RJ
79a569c7d0617c27504aee953f5ea4ca,15784120f1ae38b286ae5659b7eacace,80320,curitiba,PR
80cf3943842f6958c9e9f130608988cc,8b131e602e9df872d72dd9f0e1cb005d,06515,santana de parnaiba,SP
438494eb27072923f90611c1a83f9a41,eaabb73ed5cdb66c90671bd99e9336ba,03280,sao paulo,SP
b2b863015dad63b56e3b9dae12d52f71,adfae35ff9b67586302b5ddb0b7897db,89900,sao miguel do oeste,SC
30ed79b25a04e922d54d369153264d35,153a646db0c8f82497a04a24ca556fd7,91710,porto alegre,RS
18c30a4de034e640a9c6b0b08a756ae9,74798b1ceb57125a2fa0b088f0e811bf,29780,sao gabriel da palha,ES
ea8f1c279cfa700c4424757270b04284,d75eb3033cf298951d2e5618f6a63d9f,09725,sao bernardo do campo,SP
ebf8762f13cc2d8f7b7e5f4dfd1fcf5f,54132669b1c1f6eb5d47b359f370d54a,04531,sao paulo,SP
ca796f0554b7f816f58ae0417a9f6fa0,c149f457de48d411e8aff0f179988a33,15056,sao jose do rio preto,SP
be9bdf8c1114f88292e34320765d19ae,eff73c1541fa0cd1499181dda22db46a,13470,americana,SP
0863ec11de6ce167e48d77313f91d83b,29a2efb1c86fe8d7719758f5dce78500,38178,pedrinopolis,MG
aa9d79a05d874fe96ece63ecf1ec008a,85ac3e23bde65bd5628fdd6f15db5295,32185,contagem,MG
e0d3183e8ff8cac00ec77df643595074,8b9ee57383e4edd6ecc5731a65a69978,13068,campinas,SP
46028ebaf457355eafbc425f0cb49470,a234c963cbecfb8854f1da84e687bacd,05271,sao paulo,SP
e1d80b4400ee81764ffd2bb6344cbe99,d43d8070c7681ecb6d6915c00bd16e77,25725,petropolis,RJ
6036812b0a8c3ad5b28b0036920ab102,5fa745231bdc900b31b2c2aeba095f76,22411,rio de janeiro,RJ
e0f648b11f4cb8f4ee5d9e78a9a14963,4eb3ff7985ee07973768fc5e918533a9,17013,bauru,SP
0d254ca5e31c93f075a64202bb785bd9,ca7e72cf5f23b5400bf974e750f80964,42701,lauro de freitas,BA
524987dbd2ce54fb339152d74a265232,d5349a131964fd10f901296bd4219e47,69305,boa vista,RR
22b3e24d43b6f9a27af8c5f1b17f9e04,9b552a12ae5e31b69bee7bfdfe2bf9ad,89010,blumenau,SC
63b964e79dee32a3587651701a2b8dbf,85963fd37bfd387aa6d915d8a1065486,12940,atibaia,SP
f1a1234261d38d95d541baa1d73d3057,9c22e9a78e3b3f67c985fcfff6db6a56,18550,boituva,SP
45f07bb06fb8930061926add48c58d6f,dbd0046b8318fb0e6ace21f6d1675337,04515,sao paulo,SP
199611abfa6c811bdfb0195e478c9123,b7518c890f77b0c4e787f07cd2709eac,04025,sao paulo,SP
8229f2587547772e502374973b00ae95,e23e4de041e2393f94218b2b793efe40,81710,curitiba,PR
f06e94172dbe350cdf8729a64ad2565f,bc2e367fa152d49186bddac4789e16c2,36455,lamim,MG
a40ec3847924d7d49ee652cf8037caa1,68b228fb72285c850bd288b1a6525625,03977,sao paulo,SP
cb5173b3036a9c3673dd55615fdb8083,f1307ff953946c8240a15b140d05a901,31260,belo horizonte,MG
6eff0b0388f0e0829bd659d12e168828,a3bf67d0b92528d2fe5c379dd905bf66,13090,campinas,SP
8233e1fc1c4bce2a2cab07bdafb95e2a,e0c99ffdcd8891130985ac90cd2d8eec,35530,claudio,MG
b8c0c423f9e237f36d6def6bbf7c3e33,fa87617e04f3f46415d6e7c6c251b891,23954,angra dos reis,RJ
f542b8c433c24036f7c50b5857b8f72c,5c1f0e9af062b1718a3c94f8cd6cacad,88036,florianopolis,SC
21f278eb70a67b20a0ef209cef3e47dc,6597bb764c5cb4bee6ee7509c1c61b64,22061,rio de janeiro,RJ
dcce0deb2cfd275ada38c06da3c2a01a,17ce6eedc5e8ec89bb143e97521b72b5,12231,sao jose dos campos,SP
f8a1cb0051331f57beaf3523f2c17b63,a60aa033d35681ad8b6348f15b46dcc5,01511,sao paulo,SP
0d3be98fd17e4f6b118f90a23637c4c8,3da952ce80be94f390086f4f4dcf4f21,86975,mandaguari,PR
a1ba2dee740fb5aba74232d9c94f810d,9192e9abd35fd0d8d7a4c2e12464c277,41830,salvador,BA
9dfbbf80c6ae9741c9576d3371f58282,cf0c6d663a4054bbe5ef8c6658779cb1,78053,cuiaba,MT
1ce6087cfb4834e9ec5e9ed3941448f1,dbcdb3304bb1ce61bdc97eb2344a1532,07791,cajamar,SP
ed0ef83b84cca33b5d342c361846a265,3d7f1285c50ca1c4b3ac99fd45c53ebb,12518,guaratingueta,SP
f5fdd55b3554912a678918dac3f16dc5,36cd1438569a7617fba172c014dc48dd,41500,salvador,BA
125a2560ed26caa1aaa75eebd3f97be1,c6b2942cded5b2da47e32cf285b6d8b5,13070,campinas,SP
8cad893a6771fcbf107ffedd147bc71d,8f1c1b28cf191abb48fca6ec32155e93,13425,piracicaba,SP
25b97380259fb4fa328c4ab94b33c81f,1a42398a1e0806c36cc9aafac8a34df5,14177,sertaozinho,SP
5dd88d3417105c3064d64b64b8163712,c0b0546d40615d8bd1420203e6767a97,24140,niteroi,RJ
2fb25213583070dd575f4d64ceb760d4,43edb5e13058ed02b2828267451ae295,39560,salinas,MG
f1ad650dbf1f18fb1a4b9c8afbb2cf43,c0fd3d81fe37e289640563bfbd4aa880,24900,marica,RJ
c634752b39f45cf4ea21793800be5de2,8131bd36a12397d16fdc61fb8cdb0132,38230,fronteira,MG
06a36e2121cd25bcaeaa79ff09974ce7,af327122b18bb529c0952a8e8d97c7f6,35290,mantena,MG
b2905c0dbb32dce94c26396668a744ee,a1e94c3f6d7a4342eb7a9f0e8aaecc01,64052,teresina,PI
03377b1b4b82e780549eeea3cac8f25a,d5bec12f4115d7cc77dfc90b598becd1,36301,sao joao del rei,MG
e6654f45929f2f4f59db8fee5b39b7f5,0759d933887c91f517086ed1bbac859b,28080,campos dos goytacazes,RJ
5606c8ed3e243a47aa96c3206cd14b18,a221f61bb7bb372ffdd4e72f027e66ea,70750,brasilia,DF
9b019db873f6ac74abb726288163456d,5935068f0f9725d0106bd02cae7ce4c0,06900,embu-guacu,SP
d9cf0797cdab2a59b89b314e459dd862,5749db99c2cc3b61de99a7798e61c4e1,02545,sao paulo,SP
ce11c5da877465175182c9082327755d,80a0fe15e25dd27bcf6f0d95755aada6,68900,macapa,AP
5d70320029286b786d50336af0fc26b7,115ea2edb390500f3e6110d8ba288d41,08555,poa,SP
7fe9ea575758e6ab4e34b67eb1015c48,e35c63c8d0151482f0b9d4743c678aa9,13481,limeira,SP
506052018fa9bf009ce9c65357ae07c8,2935c0a1e2478400086aeb5ad941b0ed,14240,cajuru,SP
cd6c124956591100b92fe3f3f55450a6,2c7dc2d77f266837205c84e3e91e8449,14806,araraquara,SP
21f420baf5412d045b0131e6a6960cbc,44b846ac3c77be98bfbc674ff0b3169a,80620,curitiba,PR
e53e1eedc9ebf9fa7a3318c60ece1d25,ff8892f7c26aa0446da53d01b18df463,45972,ibiraja,BA
999f59eaca9c30c13c324422172ee5a8,4127cb95c20254485869d698037a3dfd,09725,sao bernardo do campo,SP
eee08cb8f295121937e6c8ec1b89661f,aa124de464f5d05af1eec1837493cc45,38408,uberlandia,MG
10916bffd55a5932a7e23fe4ab4d4b8e,391a0503fb6a687f6100a2b45e7dbb1f,35450,itabirito,MG
9c2d7e734f6c068b707e9ab0bffd5048,a1f560f4e2d33a585b14158020b63719,29146,cariacica,ES
301885a94c474b91e3701ddda2bbdc09,d5878fd9bbec8b426a4fe882e8db62c1,07152,guarulhos,SP
2b0c7e192538f2086b62e93df18bf446,31f556ec73664f49e4443ec227ada0a6,11420,guaruja,SP
20a6f9674ec04f9947f4fe2ea8851dff,acbaabfea8a59a75a559b296f66ac7b5,41720,salvador,BA
626ee03ce70d55d537a1e5d9f2072261,5bcb3b3af07be38f0a4ed0433745481d,13040,campinas,SP
324af05f4849ced7fa7bd242fd8c4900,18cd74276972b2ebffd8031770b114c6,25635,petropolis,RJ
352960fe6741c7944bd2007d8d1d3f64,eec8231e8d513be98954dbcbe946528d,13389,nova odessa,SP
3f794e657c0afd3ffae672bc8ecb5ed5,dd9fc62ce72624c6a0d9229d9b87cd35,06845,embu das artes,SP
f877c69fd193f8751c04f0fb24bfcdaf,2155332110df74d70f8781ced4fa1ec4,73370,brasilia,DF
a1c2217218bed2992309dd19fd67558b,e39962b2d16ca946f8f93f405f5c47ea,85520,vitorino,PR
4d132450980ea1d6d7d7ba282e4c7626,f43a741f2b86fc593b013959d7b34083,31510,belo horizonte,MG
520552b6d92c9877460cf4d6d15a5cfb,7445aa84723ec33360ff1817dc12651c,89150,presidente getulio,SC
2208a5c21b9631036dc7eb52632f493b,4282c18c99da50681a4be25df51c5c3c,37200,lavras,MG
d60805f01a84d8b2d5acae981e3c770f,2354fd276b3909d8b5ab740063adf118,59500,macau,RN
d602a0c12e9023bd9f13bed51e8d4caa,8d6e2d63be229a4d1ac7e7087a32b5d6,14300,batatais,SP
41e6032fd1fb2f76526323b4c68f0e93,08abf792f548422ecfebe3b2217fa9a3,18048,sorocaba,SP
0551ebc96733a7f875a0018f90cb7d44,e34cd2c2f4ddfa97d53c9a1c8867c71a,89012,blumenau,SC
7613a58283d100e4da203bbcfa57fbac,377cbe356d0e8c3b8a378114ce2e1271,30850,belo horizonte,MG
829c1d7ef490598e1c6a463084fd15e2,271a5347ec3fc4388af776e5e07fbd9a,08161,sao paulo,SP
fd5393323e19659e5e5488144aac78a3,287bb2f4e2103c5014b96a81439dcb57,39520,porteirinha,MG
60968a8a342573e9f88a5507a0e322d1,5a640609435fa8e64bb1d70d3df23b01,19813,assis,SP
3df7ff0b86935d5249e4d6cd56b89131,b5c758a46ae1c305aa9f913d3b895951,45818,trancoso,BA
dcdc259ec5bacca962c1ea9ba705b4b1,84b6060d044cc7456db328c95b75ffcf,68459,tucurui,PA
5f8ccc8699533641733dbea1fb6240ed,db0e222b5e0283044c629107435f8bf1,09361,maua,SP
26e6e761dffdfc0ba3d0ec3b4cc646f7,34b32ded69852cae0a53ceeb42a0f19f,04563,sao paulo,SP
5ebe6b7897cc0ce155a42e2978e89978,54edd9ff8221522e998fc17110f449b1,81550,curitiba,PR
71d5c11f717991ad5b289870f3a5690c,1d95354e420b12de1eb33447bd48d9b3,47750,brejolandia,BA
1d7851c5569233818d755ddfc96bb5eb,f942774febec601b810cb1987bcb46da,25220,duque de caxias,RJ
4e832907204b4a6d1d7643f89969aff2,86bfc49565a9ca52fcbf861fcc1e67a4,24220,niteroi,RJ
9142192904c10ab30d79a1c1956fd5a2,6ed5269a8360486d45bab22d695b1760,11070,santos,SP
d4fb0906b93ba1b93329aecf0c2d0e73,465b8d3742dc3b0ffb716c73b26e63f6,30530,belo horizonte,MG
243a74d750e4a5b7cc57b953746cdfd0,1b7b7f9631cd453251d0b328c9b38a2a,93115,sao leopoldo,RS
4f3505c2d2b2547a60e333a7eaac6cba,d3f537919bf27b4cf6157616b00a0ba4,07063,guarulhos,SP
d2ba1482a253bd684cf7343871db748b,a429cfdb54daea01eb4345d16d5ec680,64049,teresina,PI
7e66fcdb02521fecb4cb2f6b4c41ef7a,96b59ac4d9aa137833e6572546a3833f,13323,salto,SP
1205480caca6c37f55954da838933b8a,bf869f6a89c8ba217f47e22359f884f2,11075,santos,SP
0fd45421dff2a32e42a61c73ffe2ad90,4d7d18a695ea9881e21222e013003bf1,28999,saquarema,RJ
cb6525bca47a6a80d18977a78508cdb8,dcef436fef5c423bc2c6859664c54b8a,13419,piracicaba,SP
6d5173a8779c07d167c7479fd036717b,e4f19ad5354eee4f632f8e9920fa25cd,02370,sao paulo,SP
43310f2ccac055857c45f0158299a2e8,9180ab6602129588a3561486f7347443,01307,sao paulo,SP
cd9844b06a03c881a223281b601ed8eb,84e0688353bf674f564e79eafc025b5b,05208,sao paulo,SP
abc452b5f9790d518caef9fc1a23d251,9fd2b188b5de8d3dc6be1d9c9906d3e7,22230,rio de janeiro,RJ
3d52b58102741860726768607ec7e311,d35b852498996bd67a141c266e92f35b,01042,sao paulo,SP
2f6748db5d35abc0695076611514da0e,d17cf621fd6150d478c7a017158db8c7,26564,mesquita,RJ
35342093ef375b502a9dd9f52a4cc06a,8c386052f03160a4f4c751fbce2e0031,26291,nova iguacu,RJ
3ca12a51d893d20d10c81d3ed566c391,be289c342435b949e07ea441b0b98dc5,26013,nova iguacu,RJ
961606fc288ebba02a054162558075c8,b908a3fc56f62623043e1eb0fcf8fb8e,29370,conceicao do castelo,ES
0add590abab4b6a32dd267427d4e0fa9,eb8707b8661dab96edd562cd748e3d25,22790,rio de janeiro,RJ
8ccdac7eb0c1dc6e6263c1cfdb97420f,e8bcfe1e4763ad8f5f71930baa5fd1b0,70234,brasilia,DF
a4b9d0ad5ba0ebeca7c9e701a4c61e3c,767c61b81b5cb8cade1a253cb3b41412,14875,jaboticabal,SP
ac7f2420ab4a76a90d70be194cce22cf,69a8ae4cb48f7ee543a238c78d2e0ff6,09180,santo andre,SP
b540f2ed0a81891a303aab176a4f21b3,0d52f8cd8892f109a15803df169113b6,15775,santa fe do sul,SP
af3e4d3d475e09dfde313eb5d5215e9a,360e5466682fd1c155990ebea3d3af5c,02185,sao paulo,SP
5f1aac4e61d63509a4994df19bab1ebc,079193e2ad24a2dd57584a7eb213bd1e,06693,itapevi,SP
94dc77420394cc2e94c816422c0c720e,9754a2ef8d618a48c12820d51021cbb0,65066,sao luis,MA
319e5b18d03d185cabc10e2cf741c8cf,a8effaa6aaa658144ce61d6d17d01849,88400,ituporanga,SC
8119ded42ca2d1eca5d7009f33102a0e,f043529722a354cd3f185270e0c6aa15,04814,sao paulo,SP
e414cf673d7803bcddf9263feed7c535,ff60aefe219c1960b74d47d0fc553fc1,01026,sao paulo,SP
2081aaeb616d4391d1b0a7f26f2b548a,e00665e49df030cbd24259229beb5d54,77060,palmas,TO
c12ac6df65e8fd67ae26f138e91aa0e0,4f3b9b59f38f5f7203e462406b8fe320,35995,sao domingos do prata,MG
a72d0d46cf8362224f451f56a107872f,2e548e4e99897838ba8776c7ac796abb,35675,juatuba,MG
297d8f453e4758854d285697a83b56cf,9ff8378eea5a526772227c79aee1d94a,85610,renascenca,PR
9aa7354b0719e5e51822b84828b73dd5,c29405183182ce277b873efcc3eefa7b,91450,porto alegre,RS
f13981ea8af8ae0585691db41e971355,065edb166e3365849965039772838b87,05182,sao paulo,SP
5c896117244c11cdcc73221662757e05,56e603c1c751e09f59fdd74009ba5094,48180,entre rios,BA
cba467dc4bb88078e1af5f847b89174f,0b71e6282e1f0bb4b4b46d4fd012c100,13076,campinas,SP
b2f309350aa5ab290783442c219a4248,54b1545285c9a59d81da3ae7d9e85c31,05723,sao paulo,SP
d7ef5b9915f1b49111337dc50f579ea1,4be16229ffa58b1766bb7174eaea7733,75702,catalao,GO
f6a37d2205361441f0b53092bb4dae6c,fadf46a597218878b48893bc947da67e,44700,jacobina,BA
7775deebb59b9257b62fd7f3117efa10,26d23e38ed702dc7a476dbb107192848,89130,indaial,SC
ec7ec1275ebdd28f29b049a22925adf9,fc72910296cdd10668e50af1dd057f1e,15997,matao,SP
feb9a08155848e887a60e17aeb432791,f163f5e7679d74abaa0038ec6544a20c,24931,marica,RJ
4f055f9a74696ba8819b212dd584a93c,8f40b2a65042866fae2f13df590824f6,08111,sao paulo,SP
46e7342ce409f2b5656f102f2ba9b9dc,a98374944c391b683705a86444079d56,49100,sao cristovao,SE
6311060a7264023c715502f1608b1147,8eca66d1420d3d84211c668c66a1cedd,22713,rio de janeiro,RJ
3888015de3760a1c1c74aca7e48eb4cb,2b6e41a292192e2258ec4af368c77819,08615,suzano,SP
8f6849cd321a103102fe1fa422567e9a,e324c134ca1ec9c242457f3a8593b09d,28960,iguaba grande,RJ
495a5765ce04283cae03e31b63355cd4,10f7d8da052ee379d66b087ab4463e63,21775,rio de janeiro,RJ
90e62e6099a2dad9ded0f79af4e9f980,c9db667c614c73789033408b41813cea,08330,sao paulo,SP
1677712a7d16c75d46e54b6c5c9218b1,6e288c68788d1a0ad3f1b86470ef8126,30150,belo horizonte,MG
98dfe650b52959127ab18d7c8b1da221,9bb2aefabf7d7dee2dcc022bd1277ecf,12245,sao jose dos campos,SP
9f5d8c4f6c4ca201d03d3a9d50704f9a,7ae0e594289824e46584dbdd1aec993d,39900,almenara,MG
891adb1fb4da5da2b8b8c367bf9801d1,af668a0f61ebe9de87d3f6d6a79ec920,14300,batatais,SP
61248acbe7cdec04b7ae3a3beb69a171,3031a1ee0ebe70445c566be3166b386c,11680,ubatuba,SP
32cec5605991647cfc79741f0aad7279,b98101cc8a39eab9983f9aa5a110f5e1,06765,taboao da serra,SP
6ccce4e10da6d4a5f2ccfe737da95442,4755e6cf97a25760ab159e0457c84a29,02178,sao paulo,SP
8ec1004a0848f47f8a538b9b6ea7e0b4,cffde569725a574542b11dfdc2b9d054,96745,charqueadas,RS
bdb07c4ef56b510b835265bfdfbe8319,209e5691e2cda59cd71e45417d7f95a2,89190,taio,SC
8d1428dafa8c8d8018df598ec6fb9428,29cb4ca9a844232c64824880be302e63,07141,guarulhos,SP
e9a5cb5d9783e1fc38e23730ff24c51d,de51ac050e580a6f05fdf0d56fac2cef,87200,cianorte,PR
4b1e4c6aa9b00cc930f4ef5f7b622ba2,502867033ec89122387321e8586ec419,52120,recife,PE
34fd70c1a2c8eb090994690ff3cfdd0c,4ee589f9106af7d7ec3ec8ab8c1bd7cd,08330,sao paulo,SP
d11cf65608cde4907102879070a75f70,bc12e5c08b6a9d2ca00788cc91bda46d,05834,sao paulo,SP
551adb1ab4dd9254a79d487f163c9629,305af21f2178486da285dd0082ae5240,08371,sao paulo,SP
842feec1839c2cde7d7671ce510d5e0b,282d49fddab8e95a8673a2a90072cf5c,35701,sete lagoas,MG
6ac009da0231e1256348748cf0b68003,8e47cb89f4cb24557bfb6f64d2e7c7ba,14550,aramina,SP
25d32598e801258a7a8ade492cf3a836,635a8b0dcf906d60e2989f48140028ac,58300,santa rita,PB
3620f09ca2a6965b41b067de5a1d6ce3,a3f06c3a804d6dfdd6a8804cdf51ba8d,15502,votuporanga,SP
817bdf9f2e0187ca16e7c074f3710e11,619df51f8a28cc433732b0ddd2c78578,39860,nanuque,MG
eaa679be83fb04a42082f0b60bb45355,2025ee43c12273db94b2b8b8577ee6e1,22793,rio de janeiro,RJ
4804d03d9f6e3df5e2ca9f8cf6b07758,209d8ea9266fe943ced25ea4ea1a048f,09090,santo andre,SP
8314485880de9173d0fb899263dd2d36,43ad4b4a1ab6a9b12fad99d114c100f7,08695,suzano,SP
6b6ac61e207ee133ec0bc98a3d94077d,c9d44b9e7395fdabda52a0f185b2b847,06539,santana de parnaiba,SP
3ba38209ae8f27771c90ec6b410f2043,91798cca876208ae649532488494682b,88915,maracana,SC
8ff8fae111c2721dcbbeb6aa5ae9dd1c,d1c49f1d40160eed3f875a868e779c7e,19700,paraguacu paulista,SP
20a459f06bebee6460f9b18bc196998e,abdba04f4171f0055199d2c3c09c1dfc,91910,porto alegre,RS
96a609f65bb190005427d012320e45cf,666ffb10cccacedbca81902616a4e09b,71060,brasilia,DF
0649a5d522a71ed3e9dab59ddd11d2de,259c7722126a66185f7c54abd5a2df56,13457,santa barbara d'oeste,SP
c2b189b3302f679b82b0ebb778292f0c,4df708cabf0d092e540230827dae04de,21710,rio de janeiro,RJ
fe2edb873d4b148dbddecf2946491360,c916dbec32e3ef41af6e7b07b9adab31,08900,guararema,SP
b43821e1eccc47605f23a4476e148f3f,9d397288ea2c358ab8990d013e9b8df1,37410,tres coracoes,MG
5f7d5e6954344544f7d565f0520bcf72,8614ac51282d77ed22393201f26ca405,01329,sao paulo,SP
1094b61df6105474c8fd6bf2e9df164c,9dfcb42882951698dbe204fad100581e,91110,porto alegre,RS
da2115c0723c07a68e9062f4d5aad9f3,11a3886a88ad8f64f417bc4ccaa4e901,13820,jaguariuna,SP
79a56011969e883c937c20c880433c52,fc6c4366d8c7ff8b035b3c328b641c74,42805,camacari,BA
62561829cb4eb66eddee23af1e7d4570,ce2a106d880254f0fbabf6a2b82f8360,36580,teixeiras,MG
0b10808638c701826d8c83ed1a123fb1,5202bcf04ca5047d3fd3ec7fe7bde7f2,04576,sao paulo,SP
238b88db8e5251890af4fe539f06fc55,3649e61287fc6b7d763d7555342b1def,65130,paco do lumiar,MA
a8cf4ecb273e117353b346df0f23d3b8,64a06910b689ca2dc9b3f88eb5134785,91340,porto alegre,RS
a73c818c7e2cd8ea248d8db42d14888e,331fb083c24718f9ea5f6b6b93e2ddce,22021,rio de janeiro,RJ
83fd55588a80384e120381b6a7588acf,88bf3be174f4d23accc34ca037f98a51,32280,contagem,MG
0beac38aa6cad393f933d71c2a4758b6,41b4b0d7d2b9c08e9379801336b0020c,72260,brasilia,DF
0359293832be85974700b436b3ddc6ef,68ee254c5cbc9c8f62f9a656c8fbf11b,72602,brasilia,DF
8528519b94643c712497f8a043c85419,486fad73dfda41a9ef1eacbf37b4a842,99250,serafina correa,RS
bf10128e5ecdd3a1ebfe697aa8084da0,a5b7de48520cea067086f5bd5518f603,13820,jaguariuna,SP
c40ea936fccdfb98bffbb794c89d2348,f1a72f5125865e4d3ed969e54f18157c,94065,gravatai,RS
de5b74249fb3f1947ae0286c6098b576,14054237c41b123b682dbcff19e9ca6b,22620,rio de janeiro,RJ
9361bfedd3cac453b63251a79df9928a,4dcabe94c61f202327839a734955b0cf,04855,sao paulo,SP
6721a9af688cfa69d376ccb13bbe9ae7,987fadd385777d8f27edac709bc9fb61,04311,sao paulo,SP
7822a6861b0a8c3a5b4ed5f42268eab0,7818b82f258568300b10762fe0cdceb3,09861,sao bernardo do campo,SP
940fb59dede76bb3ca6585086a7a08b0,0621c2a5979d3e887ae519620cbe2926,04530,sao paulo,SP
a630b62b4be91e3f264e1da67f6ab181,99cc2b3265f21c481b4dd4e1e0d3272e,06150,osasco,SP
d4f3bec209aaecedb29d819e45cdb157,751a8f6b4c9052d71d55bcfa49f646e4,30220,belo horizonte,MG
46a6f3ff9a9f8c8786c705af91edcbb7,eca8b601332d77bbeaebd6777d239e5b,09581,sao caetano do sul,SP
396f796f89ba2ca820ca123faca256de,53beace9d0aa08b64d759d5f5a66550c,09020,santo andre,SP
369a5c8dc8949156048dad71a1da7412,96a2e16802343955772267726f99653f,93880,ararica,RS
5679d50d0154613a2fe16d2fe8fdf33e,b5dc7b035bbfeec18392f1f7ba232b77,52011,recife,PE
641ab097b6b9e0e84304f759f2b6f78e,17f4da5698e587db8e94689e236e3335,09892,sao bernardo do campo,SP
7f459c77e3b1f10548d4b553bddf3f6d,683459cab0129375a071efb00da7c191,13400,piracicaba,SP
53c312b1cd2febb91dedfdcce49bd1d0,77983634622d68196464f8a428693a7b,04514,sao paulo,SP
2f74309ff3d6e11c03b27e40287f791e,d3d748db10b6231a612c66b8a633d9dc,91530,porto alegre,RS
9675a538e974ae5f04d201698b7193e7,8e3b34c35575d953f77737fa6a09c166,07600,mairipora,SP
f1586c1bddea63e86b67b9b72f565924,352794015ee3fe37f5e2753148874bae,23570,rio de janeiro,RJ
c57438c44211c48b6e71a6e50c40ab83,65fffca3cd98a2ce884ad7ab69189ba2,15030,sao jose do rio preto,SP
53dee9b3304eaaeeb645b5a449759c51,7c04c69b4ac32197d04966494ed66bc8,22010,rio de janeiro,RJ
e92cab1b223966170902cdc2fab8c41c,67d10e7cba2463af38fed39867efcc85,04605,sao paulo,SP
986faab8e9af39855911d39d9d6e9a8f,616a2ad9d3147707cec3d08f1d76ba2c,86300,cornelio procopio,PR
50117c5a5e5835462f0b883c2deca4e6,e51efefcf76a095a370c27d90d0263a7,13280,vinhedo,SP
2eb498becf09b365ba2d46dd08e2bf82,4b2a2f316b9f42a0918890dfdc9ffe02,08573,itaquaquecetuba,SP
745ebc5319fd96d44439c0dc56a2fb62,680f6342172f7caa8fe7fc08f30da574,27250,volta redonda,RJ
31da376c4c7b0521c09dd837f634f0bb,4d2ea1640c539a0b2735d29f11a6e409,13360,capivari,SP
3428f4c30457380e2fed1f1b46120813,bb67b4b0f2f84a56c0ca92111d4f9197,83255,pontal do parana,PR
9b2599fbc978e2b119aa13afd44211ed,7e72fbca23c0cdc174ce9a6121692407,17602,tupa,SP
ca970e8045a80d7bfb9b994b321439f8,74e74be63457c0c8a4c6516d56b4f976,26040,nova iguacu,RJ
baf6ad0e2d1f7703ffa952b94ace7f81,49a9dcd1756f7c4f988bdd0cedd5bf9c,88508,lages,SC
910e75746f7d748a58424e3c66dde8ab,9af5c954a7ab7b453446a4dceaa18de7,85812,cascavel,PR
77e155485a013b9fa61ac6b8305c4882,cbb624db9e91cf3b7c20d324662e5269,12225,sao jose dos campos,SP
1316bddb2ff7d5ad98530bd2b0c9a454,c8592d5ae5bde92205a4eedb41d9455e,35430,ponte nova,MG
01b6593aa123cea222a7b4c18c3e6961,e9063e00898d88b25add862974ee6e20,64280,campo maior,PI
7543ff80325e1ca05504561b28bb8ac0,25e2fc6b1d6f6f8ba470a8752130dba1,14020,ribeirao preto,SP
a23a0e710e605ff1704284b0152e0bfc,81e9ac68bbc3e685a6821f8f16b2d62f,38900,bambui,MG
0260bd7b3bf780786cc7ad501287d9d3,eb3095983a1fd67f85ebea5f5db3a52c,94110,gravatai,RS
062299d194a63996946d805c916a21b8,92fc4892f11581ee802e8e2fa4296433,99150,marau,RS
2ee7a3f039140cfc376ccc441edee085,aa3716e0b036304a02aac08dca43ddf2,35600,bom despacho,MG
951cca7b29b84f6f11fa7856a19544ed,cbfea8784ce004f21bdb4aa7aa7ffbc0,34007,nova lima,MG
58c91b2ec8eb157ed2315e16df70d236,864a5b24e1ab37fc69e0c35fbe4caed3,21715,rio de janeiro,RJ
d9287300a4a22b52cebc3186370089bb,2ba5aad8891eb124bb9a2ba96e4f98d6,32600,betim,MG
def6003502bb7701e2cdc0cb5af42cfe,f3e71989aaa365356d121d87129aa2ce,04014,sao paulo,SP
c36a266acdb217c575a4ece200f88952,41da0af89b1e44bdc68855506c629a07,14780,barretos,SP
0fa431bca31c7763a260a9d9088dce15,12e05efe7bd5ef2683661a37936ceaea,36025,juiz de fora,MG
a6cffa6427f72b2d368aa897c18e54a2,70755e5b9df5988f592f3dec6279f1be,28380,natividade,RJ
079e85f42f5af80c74240b97b7a4dee1,df030c3c1d42349bb0a40197e53316ab,78590,paranaita,MT
0fd081a171ad9381ac6327931d84b277,2e768bd486b2fd6a5a2ebe19ef23442e,71928,brasilia,DF
0834d7fee4edc0f82156d04a45272531,ff2959dedacc441cc5ffe7d747a1a299,02241,sao paulo,SP
b48f0c850994495b24f1440c76873576,a73031fcd093e2e6f46dc11bb2760832,75705,catalao,GO
e0a064d0e84cf242e93460ee647aaed7,f958e704328e40822fe77d7925457e4e,13320,salto,SP
a2ce3bbb37aad72f3635ecea09345970,cf45ade7b43b8716acee5285bfc5e2d8,49070,aracaju,SE
885d7e16b3febef0a036aa5ebbba9659,3c97e5f77160f6deda2b96babe6d7b0d,04734,sao paulo,SP
74470427b2f2d1ecce8a1f7da289ee9e,63ed7a2e00af681d720e8a93d555c987,45605,itabuna,BA
5e97b06dbf5f662871b9ccbcbad51b62,62564bb035479125e2961f465565adfd,44007,feira de santana,BA
6d211b5da3df5fbef51e82591642870d,048ddfe7d85bd770b6dd93ce899424c8,28300,itaperuna,RJ
36c82ac8588030097d3f7aca9640518e,49cd19da4125cfc6418ea28ce4880f7c,13040,campinas,SP
410863627bc1b59338692229885e3542,3d0a011c5b53a6ce43496c80c269bd0f,12227,sao jose dos campos,SP
ddd3b9ce8e10bc277c120c9a7bb007ac,5aaf768822b756d0cde0c99971f927a3,09060,santo andre,SP
cf0ba861eff63f6c405f6baf9f06fe76,ab17132562436b8627dc90b683ee2a7d,44255,irara,BA
736c8aa786302c5d61fc8502ccba8586,65fc5068e1cd70d224585c8daaa75f18,03639,sao paulo,SP
f273dd8c96c0c0ae03dd3cba3014f4cb,6b99d13a1a3299af3a6261bc1263d3e5,19023,presidente prudente,SP
7b5d53fbb685d0f2dcc5cd1e77d29972,f086f2241f351fffef816f58525defbc,37410,tres coracoes,MG
058d8b79c27b59949ec91fc3cb584658,d8c307f8746de04aba2c026bf7e40b8e,38970,campos altos,MG
062d455086a1666bca3aa1c7d6ba7a66,f5addf8db9d09d23e4c96acff06b77c1,05861,sao paulo,SP
7b6ea917ba465f240012834c675c56e5,ffadd77f6a8541b2a36f62faa416f8e5,32180,contagem,MG
87357fa1cd76f1b9e26ef7a92d2f0e84,b1449986ee6516d3797d782b01c36e80,68515,parauapebas,PA
3b1c9e911722f3a2afa426394cae0ddd,11375e463611310a6d7acfba83dc1fd7,13416,piracicaba,SP
ed8f8a87bb796cbcb23eac0300635d62,eb7d7fbd452d9d74d7b62b180295626c,21815,rio de janeiro,RJ
eac5c7df93a1df2256f7b1ef0e5b9e71,ffe9e41fbd14db4a7361347c56af5447,29101,vila velha,ES
1ec1771954d299bf9a497cec57932c3d,868156efbc523d93f64d0aa6344b56aa,29101,vila velha,ES
5839d530a9dcd7a25bae64efc272b24d,ea2a0e6578126f303d81b248c56e68e9,04851,sao paulo,SP
a4767447abb2ab008dcbc5b3eb8865ae,69937b29053f17d6b5f4ababbdda0ac3,35969,catas altas,MG
e6284a431f7260e6418bb080d3176809,169a07ccf594d9e1ef046a387c02b017,09185,santo andre,SP
f8065481b7b66b8eda00febe4e98c61e,c5289f54519ba36da39fe8944d57bcca,39802,teofilo otoni,MG
dbd74dc83297f0301be2f721a409b758,9ba6f0967ff9aede8d95fba7c2ac54ef,11525,cubatao,SP
028ec50772515edd2a7c7e6f212cc27f,58386f30fd7958103a4a30bb0f2217cd,29800,barra de sao francisco,ES
fe90652327c5b552bf56d431f882ad20,9dcab95207547d24008d01cfc8e96664,21210,rio de janeiro,RJ
6dc42edfeaaea7b6dd6bb759d731d1f4,6df2b94999796c74e0702053f798341b,49087,aracaju,SE
c16889a295fa3650d502c5eb2e0fa5c3,a1c1665f040ebd05f327c8e9dc1cdf4f,38307,ituiutaba,MG
cdd964d7aba86669bba2a25675fc22a9,7d524d0d52f498e17582ace5affd556c,06460,barueri,SP
0cf6af50873c8ab4f2f4d4279c144860,0d974402f3086c8b57ab8d9f38eec4e0,21020,rio de janeiro,RJ
61982aa3edd7c23a3855ec6dd5c21905,40bbd3e4191a616a3fb2945f971c834f,12080,taubate,SP
9c296bfe22d67feac315424199ca7b3d,736f7df93859546941f8c66c4443162a,37190,tres pontas,MG
29a5c63da0bab501e5166734eb7cdf4c,6af9427a64112e232ba0510b7d02bdd6,14160,sertaozinho,SP
08e91c074733311e5056cda3a7bc53a1,b23015faae83c812ac84439768b1f3af,12080,taubate,SP
a26ebecf1eada5cc98c25bfd8b36d71a,99bfd9e7019de57a9f0d1a33dc1d402f,38410,uberlandia,MG
394b3bfe7e36b848711599df7cd35c94,9eaee1fe94e2155bde44087d299c0b9d,04130,sao paulo,SP
27a932613712b4de8eb189a30a3877ff,8ff1c66b0937eb3e43b4231afb2f7030,93330,novo hamburgo,RS
47308035f95de5bc2318495736c01482,9deb1526d0da566452e9a6aa71564dfd,44530,sapeacu,BA
647eb903d7836d450ec6bcc175838567,158172279ca3f33e15b8412116151ded,29057,vitoria,ES
a7c44f543a326d7f5dfc53649662195f,ba017b79807c319fb8bae29325d3ff2a,25675,petropolis,RJ
d9f88948b98b2570e2f689b85416ed6e,6494cce4359980dea29a1fdacec25915,72162,brasilia,DF
72f564f4ab4a6a155d8b84a0b5ad8a2b,709c286a652f0f46a1d34ad1aada2ccf,11040,santos,SP
80ab302132a7bb80c3162873b0bc23ec,8674bb2f6b1541bf6562004e5ea684f1,22260,rio de janeiro,RJ
e8376bb0980c62f2368025ec10161e4a,4dcabe94c61f202327839a734955b0cf,04855,sao paulo,SP
b89af678d41d20552b4eceae653728e6,281548a3e67bd3903a7d73070a74bfed,59140,parnamirim,RN
59954950b484751adc5d8191bcd1f8ef,204411895cd94da85bf16cdd8b6fafb2,24440,sao goncalo,RJ
b460f02848cd2af7ce345937c3f53f6c,ed4d757eb1c0f2e630e0b26723a9f59c,15910,monte alto,SP
055e117cce871c681f903f52d7a866d4,c40388c86f0334d1d69f33fc43322a8c,45985,teixeira de freitas,BA
b7ac02c7140a36d272f16840d4a55871,a95f5d1a093f55b0771e5d6212540ecc,76200,ipora,GO
4a448fac9d75ee6ea42d3f9d8f27b41e,044fbfba85531679c84bc0463296096f,72503,brasilia,DF
d2b9844cccc9747ba112cae367d1a551,ca12da7d856692d5cf4960c5edd99756,21710,rio de janeiro,RJ
e4c38b4ecb77d531fa6729428c7a41a1,03d4c28894c1239ca5a6dd6f0c197921,06730,vargem grande paulista,SP
b9320f6df9c6e4b539e10322ed14e7e8,233c8f191c45cef30af148a82ac70020,22441,rio de janeiro,RJ
da41a6aa006587987cde84876b62a097,7edbc949aecddf459d369122349bd6ea,55835,cha de alegria,PE
32db8bd14561bd687e2264e7aa7a372a,9dab87a8390e01d9afeec9b019d02b65,19015,presidente prudente,SP
e5a30eeaa4e287b87b1354d3d3fd4779,6510bac816ba1d1c15b13ecd2fde78a1,77695,goianorte,TO
819cbd55a98fda9364f7241bc8336a14,daea4b897b74a671f733ba577f52f4ca,12289,cacapava,SP
217fd8f56b30bdad4ee2d74dc623ee13,ed37e569ea1d83b7064d6a5a7f578da9,78055,cuiaba,MT
78b9904267ee1f823cc8ae2d8e95cc8e,0189334b410cf5340ba839359af8a959,20730,rio de janeiro,RJ
60f02d86ffb0ecb42c3f2c45036d9a1d,95444597528fa4349b35f17bf9f9b6f3,29196,aracruz,ES
2189f0dd0756c03dbfcb33d3ec290ffe,01fdfc6e1f85ad504461c6699adb246c,37578,bueno brandao,MG
7676a6b51ce4574665467c5c9987eea0,60a8f07a020811e2aa71db30557283b8,64049,teresina,PI
3eebfdbd017a00f31af7809ddfc52cbc,403d192b27efcef2c942515c32b09d57,13098,campinas,SP
56005e0bc41d31584c17a913251a676f,e4c924c0ffcda70cb5210f7c9a5cddb0,90010,porto alegre,RS
e1c4ffcfe541eafef20ba795b776a613,587a41fe9917aecebf3d0666b417ef3f,03965,sao paulo,SP
9298659a888542ee1dccd284384d8ff7,d611faedfff870aae0cc0c0b4bf3fabb,31110,belo horizonte,MG
924cfd87cd6e193de6f0f8ea64d3c78c,7cbeb3b26200ff0b044810d637e54b3c,38050,uberaba,MG
c72f502117a154e3f6468a282c6e2d95,3262d7de6a6e0c5bc3fe3834fe4bc007,96080,pelotas,RS
4275510de6637b903e69994771170784,a57d5721ba2e163ca157db99ee1e6e18,21940,rio de janeiro,RJ
3231b7b6490bd2824ec83d8b883442a3,64afbdefcd5f2d9be011438d8c9eab79,38414,uberlandia,MG
c6c138e91cd9b75b300f8d5181f622c5,76ef492abb3414d73c62f104e7b179e3,04212,sao paulo,SP
bffdf95e4245d60c87bf158396ce1005,7a674ed79e331684053a0f36fcce0b16,40440,salvador,BA
1c76b7133be1eb64e6314d5b0685f47f,0a81c56b387e196c58e1144b858d1324,41680,salvador,BA
1690401c1e48c9526a79e72ba8c069a2,b33ab8755cd35552942225232a9a8849,68906,macapa,AP
09d35a85e870a6f5425234574a0ae1c9,61ef8f0d68325c9d33434d23239086ba,36340,resende costa,MG
c34a5917571c7ffe960785111bfa4061,2c8902a45e7bbf222692f46e0e9e5513,28994,saquarema,RJ
c532bde5e3c7e9665dd16a0ff0d084b2,bfe4ef000df13f0c32eb421714b1934e,62430,granja,CE
f23c940b811f63b4520de56d87da449c,2de02fb5e57b59a6027451cf321658e0,09850,sao bernardo do campo,SP
fdb0f83896fae5207bdd32d4f3d9fe48,7753646c2db2acc96fe089f951cfc31e,18950,ipaussu,SP
2312b7bbf7f097b43ba5e3feb3429f59,ac64c33e439eba6713e1743e070ef50e,02335,sao paulo,SP
26e1fa61b30f55d0ad6603ce7dfa685a,11df73b7b6e5b5dc4d8b23b812d406aa,93216,sapucaia do sul,RS
832246fccea224e010c498bb6823bb5e,55c7627afc2e425ff7fd01624d15c453,11350,sao vicente,SP
518a8554eb5cbe488d4232c6b5385aa1,d9102c0ae3ddbbf40ce0bc570ecd409a,35700,sete lagoas,MG
d76831a8621f75ed2c625ebf14d32f4a,a5193126476d6add0588e22815f2fc59,26297,nova iguacu,RJ
ee5e2b6de40de307606e7b4941522281,9d62781deeb1060adc0f47a86d4a2ef3,20541,rio de janeiro,RJ
c70629e28f9196e2b7b939613b1279f7,e568685b57089a4602f3a470c799b782,14020,ribeirao preto,SP
af9aa4e50115ed72395d60c9c79077e7,639d81ef92e376197b38521f0dea8f15,93145,sao leopoldo,RS
551f65d9a0bd47db036ed3b52149c3f2,2b058add3301e8d10ad00dc699df6d33,25070,duque de caxias,RJ
b5d690a89f3a144487f8630df7cf567f,88bc2f177d920aa13a40e92c630cc439,05133,sao paulo,SP
892531dd80efb5118f754ca4edaa3a74,ac788b5db69082746eb204f6edd349a0,94510,viamao,RS
78b2c378bfab658007bb6c5ae2b09829,1ee2784815618a9115a6f5ef12a69d1a,03507,sao paulo,SP
2d7ec557413376c4c299fbe64f6868a4,4268e61cd0e6ffa364ad1ea504f9329f,05853,sao paulo,SP
9582c5bbecc65eb568e2c1d839b5cba1,0e634b16e4c585acbd7b2e8276ce6677,11701,praia grande,SP
767e7728e2f0597fadd6651fae991b42,90c066c2bf4b7db62318ace373c8387f,12120,tremembe,SP
9d0d0f4397e1a7210fd1d0bca983843a,185c802abcb321b6e84427a0376d7dea,70760,brasilia,DF
1dcc60dd188374880a488973252e96f7,9e7b0067b40b164e01731e084fbb595a,30170,belo horizonte,MG
e1f20ecfeac4826af6cc57666a2707b0,f6795c60a86e760e327548accfcdec80,78600,barra do garcas,MT
4a12d191a342a5dcc0cf27866bc9478c,a64012382321fce9efe25476d026d290,08664,suzano,SP
20c75fffe6b40dbb0972b96951be2c4a,743c1d6d376c4b17b364149592f739d7,82130,curitiba,PR
499887816fac561f0a3977725ea707fb,757c1f54f0e618e1736fcee19a0e4fcf,78325,aripuana,MT
c2d4ca05c1058ed1b1f59df1255cd148,41dabaa1150218952d2c8b00f459aa61,78435,sao jose do rio claro,MT
c6955e041a62b1c6ff9bfe57c4ce5b31,d6b2a67c98eb8644a1d3b8c74be35001,21321,rio de janeiro,RJ
41756d493deef8b61c61dd340806f16e,5a073c7f8c64f64c90e08200465e0ad7,04210,sao paulo,SP
1353b6db7e448ecfad1a4cd13b95f832,8fcf63613662e902d775fa5aa245c5e0,24436,sao goncalo,RJ
379a02efdc6a56bd27f99b95fc2f6c06,43fb4e33ebe4ac765e99c7b57e5d6940,79200,aquidauana,MS
d0c3324f488ecab081d2b40e9cc7ff52,86df00dc5fd68f4dd5d5945ca19f3ed6,90240,porto alegre,RS
daee9ceb68799b045600899b74629ee4,cc325e9b074bc941ca5cf18c2787559d,36301,sao joao del rei,MG
f427d28a18c6f9b3de330badbb801c32,5dcf470ed431d559dcb412853ccea471,12225,sao jose dos campos,SP
6d207800b2bf351d5589a2355a5b86d8,a3f3cf61aacf1e74c0d821c5c5d46749,30640,belo horizonte,MG
2effd138ecdcb406ded5b94ae2381d6c,7f989dba6c114e944159f7eb5e42cd73,29092,vitoria,ES
6ce60503e530d8a67926e9b8e3fdb635,5c338a1f817634937de82b48141a62a3,20770,rio de janeiro,RJ
0d0a49286a8610cff0b0ca481ac5d14b,3e7a68a9a380c6802aa79a54be7c2e70,65025,sao luis,MA
df7338a04458506a3b2f23056c466e88,2bb098f6ef443af3c2cec6f2a5d73441,02230,sao paulo,SP
ea881d44e7e735dd3b154baba6917f3b,5a86385578ed60106d47b031a96b5f62,89252,jaragua do sul,SC
73969b20fe25029e7ffabb98d15fd650,46ed566acfe7af7f285fc5280bdcc87e,30431,belo horizonte,MG
b503b349a145e75d7b6fb083b221a5cb,6d87972291cbdd4532d88cc819172cde,15051,sao jose do rio preto,SP
b3d2b8f5c7c8a411254329fb7c2e5e0b,a2f8f1f8f4ecb24e5d416bc3195eb21b,26600,paracambi,RJ
f3908b6f7fb3faf818a27d8deaa73560,dad9e634284872d012677965e512b57d,16010,aracatuba,SP
1bce535b7751324cecb6cedb616dbfe5,1480295206423f95fbc45b79ab1b9ace,04735,sao paulo,SP
e899bf2f5f7da06cc412595d8ce11351,6b74235847b7a508ddd9c7dd81735501,23095,rio de janeiro,RJ
4f48789f76d0b81afbbc50209b157740,bd1925ab08d786bbf347e7ee961d2da7,30130,belo horizonte,MG
958f2d1bc9c1a5094e03d5dc379909bf,ece0b40c5b595641ed47315c368a34bb,38465,arapora,MG
b4739566d73bf2c8a647f55e9aaa4ffd,b3a25c346185399faa6dffb029a9d8b6,04757,sao paulo,SP
db29e72564815db5aa89037daf547c81,e7074f297dd4e0a17f2cc685a0b55ce5,88135,palhoca,SC
b88ecfa0e624d3175e5ddd104af149d0,b8a871c20119098879d1138ab15f9de2,24460,sao goncalo,RJ
40932d7d15803d195250596068d8d173,fd05973072fea1cc92b52a1abb7cff18,64240,piracuruca,PI
cc24ed2ed67ceb1f6d4878edeea3aae8,966f8a8d003e2fec8c00e7bfc1e117ac,04278,sao paulo,SP
13f086098e5127ccae2a020e4fabbdc5,3aa3735d9b66e6722198fc49064304a3,09111,santo andre,SP
ef5c01ebdd912188ba1f81f4a6b9a902,820fdd31b7c5630cecb51be081a686ac,76801,porto velho,RO
a6452bb0e152682d913a9503da689131,8bb27b06ee3a26237082d3edf726f4d6,78068,cuiaba,MT
f8e05a045de09e7855c9df3bb8815e0e,012452d40dafae4df401bced74cdb490,03220,sao paulo,SP
dbaf23b654a0bbedc2781c69f0c6f03c,2fc09b16746a702ba0aab85c6a9a7438,13256,itatiba,SP
25dbbf0c477fd4ae0880aaffbb12e8b3,46450c74a0d8c5ca9395da1daac6c120,88034,florianopolis,SC
8d933eba83acbc93f97094191540b136,409fffcdaf4d0eb689458f1df6b2c240,09530,sao caetano do sul,SP
431aa8450d30ae25badcaf4186f88281,f7b9c283c33747e2cacd9c4c4d87e291,02721,sao paulo,SP
d726d2482113e66adf5e9cb61b6b4a91,48b511caf413b87a24afcd5a4749c238,25660,petropolis,RJ
2f008bc4e4cb2b5e4aaafbe427468c07,b1767ae2e851903267781886bd02f23b,15140,balsamo,SP
24239aa9e44e1461b902453c03425010,cb6c8ae257a14ef1d9472afefc5b896a,28924,cabo frio,RJ
c99b0d13ba87e0a2a17cd0a907cab66c,c27284bd896b69adb3246df8e2c387b8,36740,recreio,MG
75306b74ca7ebe07b42a7e1eec7eca79,6ac62b3b82e135386057da83c9ff44b3,95560,torres,RS
97e0d5ec767e81e08e764aadbcb96206,4f55b0df4702aaad2c50ea5e061b53ca,06730,vargem grande paulista,SP
f0e3b37d5ca2fc5c28ba3f66c71a3aaf,aeadc34e89c894f08e1c9e5fcc4b8f49,07749,caieiras,SP
aa7573a3dbeb2e4863bbee49cec0cb95,a36eced8c1d3ccd1ae371f1439ec5d5d,17506,marilia,SP
348e44614598924fe73dd13f6b3f63ab,bf296a611150240c6372649343a7e9d7,38240,itapagipe,MG
eb172b63b901dc5dd76bbb694ce13ff4,b684d9c419a4db568d2ef8afd7b79c71,07121,guarulhos,SP
990bde3076343bfd17ad481ad171ba5e,ed110097b38e746ff14266740fc1bf49,66615,belem,PA
c8276c7dea2e79481adcd0bb48873ec9,ae469831156348e5cca94ed8c71719a1,59014,natal,RN
c3a3a2272d4a506284d12747fef057c7,81392bc3fcef510028c3d42423f730d4,36201,barbacena,MG
b74584aa39691bb6fdd0f68571d3ba0b,f72b7208452f18c74743c34dfdfcb37d,62400,camocim,CE
0b92c3b2085fc6ca1af7d396612a2a93,f9e8fc5cd9cda3d485692b6dd3fa662c,30160,belo horizonte,MG
f529a0fbe1ebd4622fb563b430cac7f5,90db37be54fd796a0fa73b7678e8b795,40150,salvador,BA
3f58c477b8cfc3c37266e353151cbbd3,c60f8d96eee11521297484a6e8f988f6,29702,colatina,ES
8359a4e1beea4fed5c5fa85bafe7f41f,d3e7a4dfd598ce2561ed0ae85d866f8b,88048,florianopolis,SC
299d5fa155bf62327d231c130280cbec,fd70d1f2f07e5d95f522ebb31441264f,03980,sao paulo,SP
fcad74a7e0dff27c33e36cbd78280bf9,1e57acebf9849b1d7af7c21c14c1b99f,71936,brasilia,DF
4927883c993298a88d03d81f70052459,ca1f033f8b3498b97ea9d229159d75e2,36030,juiz de fora,MG
6d57ec6cb7ed54490d99bf28d64aca94,9f0d0fb71d7bc7118f796cd153025e35,11070,santos,SP
35cf4ef1e6641e62f6b7c29c8620c436,eedb33201c850f695e3b545eeee83be4,12609,lorena,SP
4ad5a269a2d59d2c83ac551b5c948c0a,fb6534d42a2fbd05aae76186fe8bec4f,45078,vitoria da conquista,BA
cf514939041cb2b8724a3e685e2bb43b,9235718f885c9bf03e05ab387f3d82cf,78380,denise,MT
82a84647c8a0b823e43329e50966c0f9,2687af27f5b55c66b1cbfd45fb7b81b9,72872,valparaiso de goias,GO
04c834ed53ed3ebdf68fa561bdc20e5e,09c7e80b1e64aef42787f124fa7b987f,01548,sao paulo,SP
cf30e087aa47a8348ecf72af4a2c63eb,bac0786721127ff99da67f071a9c914c,88309,itajai,SC
435638f4628d4cce72d5ed0a416974ba,f7d22abe5ca8992157a31d272d02e1ea,48590,coronel joao sa,BA
e3702794d8a26f52191ff4badd7f40c4,d5ddf34cf6c2c4b17510f778b7335e1d,71520,brasilia,DF
9cc17bb45c605dc49e16aeb5ae3be739,ac0dbe4690cc1531621c13593ca9e4fd,05782,sao paulo,SP
22053a23a1d965f983d462b3ad3cccba,6e8f80c1dc7e94f0b40485163cc07068,20230,rio de janeiro,RJ
8bb7adfbcfbc35d2577ced908736ddca,caa717bed0bd136cb1ef7050c35c444d,28910,cabo frio,RJ
5f3789bef735a3dd4cc9a85f08b69fc5,48806103f609b2bb022644d2853a57f5,78045,cuiaba,MT
9b581e0364d30b233f7653122203e387,29c8fe182fa5d31ddaf0d32285d2a0a3,73083,brasilia,DF
5e6ef5df32d231c3564df878e325d301,a62e9bd0a19a1c311ee28321033c1208,37704,pocos de caldas,MG
e162ea5e3db128f80dd38e4641ba94d7,cf3baa9f2ceba3e753593b491e376b6a,13081,campinas,SP
338389b4ce5ff565c680373d416b9a5e,31b1fd044f076791b32378e1f8dc3d41,32641,betim,MG
0b165e2187ea84f69dd139344260d974,db342a4737f95bcf63ea219f3809a9c2,72803,luziania,GO
5b5a8855830a3f6bf125706aad389a44,8c6882c7b349b49ba05d5cf9bb85a45b,03665,sao paulo,SP
40635ca19a9ac706c671229712c6f76c,812c25b1fb68b022482748e24a1a74c6,05005,sao paulo,SP
db4c18dc639572a181079c0cb47fded4,4ea8a44dd97886a1e97c0237cb93be6f,60050,fortaleza,CE
d49398157dec1751afd66073d61c5443,cf5312d1e36fd9513965c68fe57619a3,13736,mococa,SP
42133d569eb767022f294492c6f552f8,ce2aec5ecc8db2dcc7609457c598f43d,27525,resende,RJ
7a60d482d82b2ff409a49d3c0529048d,195abc208e67b0b558e46b5614f385b9,38411,uberlandia,MG
795212349b7312d0372f15dbae9c6973,472852e151389ee34481299bc2831b4e,95890,teutonia,RS
539d8feb518ae3873de2b32e491ae05f,80c4f7a937cdfc17cbf34d76ea7df26a,48400,ribeira do pombal,BA
23ef610d8b7fac1024a8e4159496b90c,be683d989a3fbeef3364e8c0682c0cc3,09402,ribeirao pires,SP
77650ab2482dc921150e09bea05890b6,02b2ee0aa7ac4b3db5463ec3863ff8f7,05640,sao paulo,SP
8011a155cb0947b59d0e199dd4474428,155622f6141435b9cbdb9cd89886200f,03564,sao paulo,SP
a4850b2f860df2ca227654e927a7f34d,21c2111e13a20ae0b1d6ef693f40768c,09862,sao bernardo do campo,SP
456664e611e20956682bafced4ecdb19,9e64023fa21c8dc095fdbd1a0568ae62,64009,teresina,PI
58ea963c191e6d553f030709aabcda9c,597670a69730b96454e967a2e86c819c,37925,piumhii,MG
abd1cbc79c4a8e29986772e6ac493431,38e88914df81a235886f2aec90904cc9,83880,rio negro,PR
5d7bf0dcf8306abcdd063a7883e23ae1,6358b15ef7fa9b1210f1a5735cabd3d9,02111,sao paulo,SP
ee5623f1e838be7d736d0592a4e870f3,cdd0d5ff8d5f98ba3fc6fb384bb1e4cb,11718,praia grande,SP
e8fff6456a357707eba84dae9ef01dd5,ac3d0170d3ca79e7512a06a516f4621d,74911,aparecida de goiania,GO
687dba758662ac064303b3087930c12d,8f9be157066c7df744a08964198d16a4,29560,guacui,ES
a17c332f183bf79f07c8df13174259c9,cfa354e3a62c39f23bb751dd7685a432,23052,rio de janeiro,RJ
9ba3e5e41bcce8de62bb57563aeb6086,3602e0472e2ec22ab176b0b211e7c306,90440,porto alegre,RS
758599b2798e7015e13f582498131b91,735d40216b665dcc9cbe088420b1b80e,22730,rio de janeiro,RJ
37ae206bb3c1fb4f09b26efdfea782a6,f76e008f92f0fea80b3d30be49945788,13630,pirassununga,SP
4514de42f20ab295bfb4509ce083b763,570d69ff587dc3a79d90851c0bbc80a2,78300,tangara da serra,MT
5bc6e9dbf378d29fafefd17256337238,14a2bf78b51753a482ddda8df6ccbdd8,07600,mairipora,SP
613386a8d17fbcb4e293f69172cc9a36,79123436facaa9208911e94a1565bc86,03911,sao paulo,SP
6d8b841ea5c42e4fcdd1c45ebd7db0f2,32577238d3b75592e45c026e57ce20eb,38970,campos altos,MG
c19f7da4784ab55d1332e7ebf7132534,39bd5891db7b87eb546edc28933505c8,34800,caete,MG
56252fddbb6af46b87f5a070d68afd95,ac47e75188c54637af42ae4dc4f37468,13225,varzea paulista,SP
7df0b66f0f2cba22ba501317ba7c69f9,70601471b692cc0879300373118041ff,37640,extrema,MG
50577f33200de8b27ca46bf8ec17d82b,1e85ad2cf60fcd8b3668f0f9a403e846,90620,porto alegre,RS
4cf87362654eb863bfe2d0544539cf79,9830142fb807d072f7d8171ab69833ad,29980,pinheiros,ES
f71163ca2d359b4946347969445ee4d1,9daf56a98a44009bba4f7f2a64ba849f,46400,caetite,BA
b6e5cac4424fac86b44df6506dc10334,4cf559e0a7081c064403a190f0984939,24451,sao goncalo,RJ
b90b0b7a2e5f7b78057247cd0db0ed51,bf5deed757c6d9bd3a2bf7d2a2d9c4a7,13990,espirito santo do pinhal,SP
f896e70d84f6db9a56b86a47dd8718f0,f0dc35f1b6b60a5a4718b2420b92333d,31255,belo horizonte,MG
864a2a7ce82f1570f7c43d4f63b19e13,bf40121319b0e8cb4523bd47915046cd,02618,sao paulo,SP
64eb9409c29c87a0a90ee1e08ce05065,000949456b182f53c18b68d6babc79c1,09613,sao bernardo do campo,SP
daf0a508037d7f807f72808b1d720a40,f791bb72858d19fd93fffcf98e6920b3,04564,sao paulo,SP
1f3cf47ae4ff41e66b69ed15d8807e77,214b0a4ab9181f6b8d921a5af1ecee38,28880,barra de sao joao,RJ
65587a73fe6ed4b379bdbf1f27f95bb3,afb67883736c4bfd7bf65d0a1bf6d372,13403,piracicaba,SP
49c03cf95fc171d13848ae72107de156,1e1afff9bfc695b6e4e3c627e0c9d442,89010,blumenau,SC
e950ef013e9b3faa6329f91e341a5453,30108a53eacd43b6eec6e61547a4d6ba,96700,sao jeronimo,RS
f4b583877f26ed2e5eb4f1a1d9369695,7a24fd342a3a7e2cd960a902a81a1c57,15130,mirassol,SP
8f939afa25f8867ec54f75175da0af11,6994bd18f921604a7f0df000dc82392e,02530,sao paulo,SP
2af98151e0af3bd04148413da9c0ef49,94e15fa48dd526f5e540fb9b5332e5de,45203,jequie,BA
5a968869bd6a16f0a56d22cdd8b40435,65037427c770e4cfac3181e3ab9cf5ff,48400,ribeira do pombal,BA
355474d121f6ea4623bbf34bbe80739b,68ba0fa3c02bfada4ebd0f37d1aee37f,88302,itajai,SC
5976aae2978512e829135e2df9024756,35461ead8c98a12af227e4ce9efcfb0d,24830,itaborai,RJ
c27c8019d63fffbc54405a4c07cdd5dd,105d32c5e369fd40105cc2fddb470d0f,24110,niteroi,RJ
e0b3f7b124e73c8b50ce6ad2bed45362,31f49e069c399db9c3a0bdf8653e4e8f,36772,cataguases,MG
0e8332eff7b8fa0210bf0350bd2fd5d3,34b6da1369177d2df961695e0116c6a3,26425,japeri,RJ
fd8a857412d572142654875ac852e343,9d8684bf332648a6a65fa5341befc931,04296,sao paulo,SP
57fd533504f8465baa7d22a08b659f9e,c7bf8f8c92f3dc02e746be6a5c8fad5b,01259,sao paulo,SP
56c92a5f90b752d7a863d762a08bb3a3,946178bfa58226df3e62cff2ccc87a48,27320,barra mansa,RJ
a7cf3a94b9f48cade9a9e38fa3fffee4,eb70a327f5690fdf8d90df9cbf90d4a0,49037,aracaju,SE
a7ca11bb456bde34525e2c9049530c8e,ec4a487ef4b548924b589a37beb39a3c,29380,muniz freire,ES
33e66871536941873f7c041f120012be,d50c10b739ca1b20e38519852508ad9b,55024,caruaru,PE
e54968e88e7710a302367e395a6462d0,cf8cc1f67b03b2a3b4c1e5973136f12f,12940,atibaia,SP
6414161f0e2343acc074959dad08b373,796d1c459382fbc03c2012eb91584ee3,30411,belo horizonte,MG
d247ffe58f195ed4a80b16c53d4692ce,058b4f94b9f3d56dfed6db3bc7e68590,13278,valinhos,SP
d2f2ab0eca82f59cdbbdbcbc3c194b01,1f8df0992e6a3201b946e9305478887c,74463,goiania,GO
eb145cd67c4e238afb003b9017111f0d,b315c704f799731eedfcf4672a2c1337,35680,itauna,MG
3d6c5d2b414180c36624a70e6884e9c8,48e14578ccade39106a4c595eabc0e7a,11630,ilhabela,SP
3c89cc8ee29eeafc70dc2d36cc523bda,0697142614905a50813d854fa08b8eaf,11425,guaruja,SP
ac6fcaa127ca5433e6df97fde1892428,0b4d732ce0d9fae6a22b9971f74a2149,20780,rio de janeiro,RJ
fe5b0bd5dd8f0e4258e49860f41afb30,2e4bd6186f3be0240f647d0cab2f8ae0,13560,sao carlos,SP
a4bb40b4e438a106bb16b7724273e120,b37b0c57ba17d7a0ee6a63c3cc171af3,12922,braganca paulista,SP
e35998e9688518ac4b2098a9c159e8b4,dabe38e4ae9a8a8c473a04248ffc047c,13403,piracicaba,SP
fdc56d367c0c7399e18dfd4d0baf7e6f,1ae011e097a6953c8c2aa2cc719886f4,64018,teresina,PI
c027cf60049626bfb9eff599becb848a,4fb0b7d66f3fb460536ec2d7e448cc74,88701,tubarao,SC
7d3fa362783fe9c69627a0144ae78ab1,edfe746c5a3e8c21a335c77d047a013f,71680,brasilia,DF
f0c4303cda50a26c785fb217713ebd0b,0dbd8ab8acc3621736020f69c5b9bc72,14031,ribeirao preto,SP
73fed2db5e8ab1b25ba0efebbe3d628d,de5587795832036cf8f0e1911060526f,35680,itauna,MG
58178a46a84b4313b9a859185a228113,f1844513d950400294c26e9b0056b238,34007,nova lima,MG
ac55147578581612a3f796fe48be77d8,1808e751aa698286626ce3c3396387c3,12233,sao jose dos campos,SP
0a663660b4e386d4cdc7f69376912e1e,092d9a82f879163bc21cc66a73145b96,02131,sao paulo,SP
3e72cf70e1b7a330665422959c3fe43b,189cdfe31d28958f68dfc2ba695ed5ba,14060,ribeirao preto,SP
ae02fa353f4acf44f4d31787553b46d0,08782186a7dea8dcead7823a2a511e0d,04268,sao paulo,SP
61917d02d985f97864380b56245d461f,0ac94433561d5331d9c5aad9045bcc45,97870,santo antonio das missoes,RS
616fffdb091c791e3b001da68172eb2c,ab4bce9595da4adaeb3a4e541900f4a2,87540,perola,PR
efd8fc506b3614e1912ea2b6a5a50f47,74cc05ee67b445dccb11257db3ab0b45,02131,sao paulo,SP
62f3d61a58b432e64c4cc26e78685bae,894efa8a425be9356724b866215f1e43,95940,arroio do meio,RS
acad8cb48b2abf7b314130560a9906fa,8e53779cffd8f7d180756205dfa2bf3f,02036,sao paulo,SP
303020d38fd6cf2ffae75ad54e1b7a8b,da9f08fdfda2affa2913cfd587f50841,14091,ribeirao preto,SP
a66e526a17860943206e0228567a2a1a,37d537a20fa2fa2de974af98c552fdfd,87555,sao jorge do patrocinio,PR
a927ff01b2ce8eda3341ba16a1e80068,f423d666a14b78372731db1f37426bb4,09330,maua,SP
aab107994b53982ce98d1b528a33fbdf,743afbc068980db1534b9b1d01d80043,95032,caxias do sul,RS
36907fae21e0e2580f53529e419203e5,5d34d24e04df6b3113de895541d2b1bc,01423,sao paulo,SP
3d1d66accf98c118e170e779aab66b67,3564c4748fd6c1097ba1a7e7c6fa5ff1,89825,xaxim,SC
8b718fe1aa1275c0f776af5b39001309,52b09be0ba9316e29bcc8bf687612b19,45603,itabuna,BA
13e0a2bb02a7e89185cb36c53db4473a,a1b01fabc8021bbbcaf914595e62cc10,88058,florianopolis,SC
507f4a747b0dabc6ab5d6806bb70759b,07d743c857ab9a05f2863d4aca57db81,12970,piracaia,SP
feaad759d81ebdfbb1bb6d805eac5da1,7d0687ed097422bd5a290b232348931d,65760,presidente dutra,MA
74d926a57beb2bbd42d8b69f723128a8,96cf220edbef6511206b99931a4aa254,80730,curitiba,PR
3cbddb468c2c94411d34e16e19446cf8,f04266cecb4cbe61fe2f5b74cef61fca,04842,sao paulo,SP
21fc955fb24ddc67285298ece594906a,155575f6890bc0e1e91b3c9103166bea,05440,sao paulo,SP
674a4d874e368f09a9760046e9e4a3e0,473d9165586cfc6708841d07adf6c020,02735,sao paulo,SP
9bee4741cacc6088a036a3068f485287,237c9df24439ea1dd91d2feba11ea067,25900,mage,RJ
87a588f4d6a77083c035a56a392b1f56,8338340a8f7154c52932012830e0f7d9,05596,sao paulo,SP
236bb83b33c437ad931a944fe9f8c659,b235f3663dcbf4c7afc36a1ed91090c1,22261,rio de janeiro,RJ
f1b5fefd2603e754ff40d1a48290080b,00626f29f9b57d3ef7c1739ff03e944e,64048,teresina,PI
6d8551f3b072783a0527d92b481c0c47,a35c02408dac436b2911579509bbfce2,70755,brasilia,DF
ac5fce3f511bfbc2099eeed240a1194d,85333adc71614d177d3ac54662b036b2,18044,sorocaba,SP
39378689a58075dd0304d79ee3ae0cfd,525236008daa62b6022f35142ef864d3,76450,minacu,GO
3caac0647292a8ce09b6ab64320754d1,23b9a655ff10edb2d784aea93e460ae2,82840,curitiba,PR
024d9375532751f84d5bb83ac936b3f8,c9d749b8bec5051db8a1d50a7a9f261e,81730,curitiba,PR
a53e6d8f6610cc95f21f5ee30693f5e8,aca0c2999aa30466160dd7ee8570a998,88034,florianopolis,SC
73b498b492637e3ff6343c2c63bb5dd8,d95eb25776c0166da43320d9ef6b2bb1,38060,uberaba,MG
170b45af48b6abcfa4e0bede1e10a78a,53448444dde1ffd4734e3c65fc5f5374,79812,dourados,MS
172f539a0c9bfe31c70b898b31af1036,9cd9ceb92b924354f445bbd452c4c462,57035,maceio,AL
5e7f31c7eb308dde013b9cd6f31ac8bb,9f5c219d3a2c143182670f3f363ac039,30240,belo horizonte,MG
24cfe14401b47e09e68d7d61040878b9,bc5513bc2455c654f4426b1079f4faf3,68997,porto grande,AP
fa305e19e383f4e01fde3e554221cdb8,99584cf6d5a0ad620c6fcaff24ce0358,18040,sorocaba,SP
7997f044ffbdd14949dfd8c786c051f8,02b7724060835bd13b499a886cbbcef5,13736,mococa,SP
6e9e87f482aa06c630751b6c0956d271,fd0973921b50c01984ebf2202e21b942,04623,sao paulo,SP
c79c8d356d92bb1b74efb6c4a7766527,bc19782d13a3729e8ebcd477e849034f,04571,sao paulo,SP
e8ac28789133afe8f118a6cb8776d322,133e20311ec257bda38f1798250d38c5,57740,paulo jacinto,AL
3419efae8346d22881e9f6f4a8d61e17,0db78b80aaf30b86bfedaa0553c28a5c,13058,campinas,SP
db55e22111b4944405ed812da9fa96d2,d0483da4154d89d9654d16a60060ff0b,09220,santo andre,SP
00573ea7a2ac9dff51ac3d177cd6eaea,2a86852b89b186bb8aed750efd95ce73,01222,sao paulo,SP
0f8291de5ba3ebaf8fab41277da00105,fdbb6178e0fae91c15cda0b59d437487,96090,pelotas,RS
6cb82041991c34e22c481ba240faeffc,bc56b256243f67b07c7d5a62faf968d9,22753,rio de janeiro,RJ
66b14b570f80d68efd68d0d0af74447c,25cc177af76414e81821879fc131bfd0,35030,governador valadares,MG
9b208d7e04cbcce3ee8db0e48376ba02,5d107b2273cde9e18c6977a4d14bf83d,13085,campinas,SP
728360ac750d7ab3031c6c0e377eab22,5759e41ba42319bf0af03ea488526df8,13042,campinas,SP
072c4dcd0f16b2e0d13dc2dd1549d17a,bc75ced76ca29e9e5e3e0e267b79dea7,04550,sao paulo,SP
67ca8a588d64d60990648ca5e2e61c73,30f26a52896033a63b34125e91ce5c59,21832,rio de janeiro,RJ
73afc72acd21df38d6370f85e399dc31,076cec8e5fb147404b927d1d291ca1fd,99795,barra do rio azul,RS
88196bd808ae8abe1b944efe1807b508,251e658613a224723f8a077946183b20,04363,sao paulo,SP
f5daceec98cca88eaaec8c148a16d726,346396cf7ea625170715c7d1e97dc405,08121,sao paulo,SP
611ea8e4e26938cb284901657e69d880,08b0b8222f06e9807749fafdabfd2e38,95500,santo antonio da patrulha,RS
d8fb8c9aa1bcbcbb0b883be6c45f2ea1,65f95ff8f1b2f2a617b558f0917da27c,09241,santo andre,SP
d1f24011654af00df1a8326c6cb8aac1,d1c843178ca07004edbe2ac277b35bcc,20261,rio de janeiro,RJ
0306418261763252d46c47f9251e76e2,470adde7d91f2694e38b79cb314252fb,88351,brusque,SC
963d351c455e0aa38af6e2628c4e6eb4,89bf48036b70590930a0aa95057e75b0,45880,camacan,BA
8bcd806bfdc8aec049be3a61872fb021,96db4f64b11a0cdf4efc838caf6c30cd,47960,angical,BA
52034a152a5128faf4ba7137633d3d0f,b251f1695246ae73cfe87d0be4dbdf11,28906,cabo frio,RJ
632716214ea050e8e513962866f8ed80,c434d58759026b0620ae7f5b73ee7125,06693,itapevi,SP
f989f9ccb450d003391f92b8babdd038,faafb6a591b24c37f50a58e0b4a71719,91040,porto alegre,RS
cd8f48109c28d43afef65248182f9c77,657817ab4bf53e51683fcf4054561e66,62884,horizonte,CE
669fa2dbff38c196161e330c91842143,20225309debb0a9e1031b180d6133758,86020,londrina,PR
a338acc085a7c727f37ea35006506b32,bb2add746d6597c110ef6d831abaeb17,04509,sao paulo,SP
01288d72df4b2a4fb61182da4113ceab,5b93d204e1d3130dd6ede5da588c0bcb,50050,recife,PE
c84260b7f095d358bf8725ea674e334b,7d1896f17c7534a97baf63bc24855d71,45930,mucuri,BA
c4d58f849d0a6d8fd0eb4c6743febc27,6b5dba0a19b5dd475c7f6cd2005df975,23580,rio de janeiro,RJ
6346f4f79b657f6256dcdf1e63a46992,f38b63854efc52fa742823a70b6bb616,24722,sao goncalo,RJ
540414af4996cfdbb392622b3c082294,05fe98c073d657f481413609d094ab71,06045,osasco,SP
3c39516a1b33d6d890f3d1094267e54e,14cbaed6f27a7aab94b666fefa33d5d4,56780,tabira,PE
fa1b9531a23ed747b30acc5ff7bf4f54,cef354e35d130e1452229886c37e5b7d,18160,salto de pirapora,SP
9897219aecb9d3f94e1e37783c5eccdc,9f5fc81cad6a74218a3b5ceeae59fcda,40480,salvador,BA
5fc7418ce4819fe3478f17feed6e5c71,c9ec7638cb8f2dd8e4439fa8374d89e4,94510,viamao,RS
176e4214bb992cb6ecb6d426f39db3b1,6fc0d32375bbbe60599f0817445e4f62,36010,juiz de fora,MG
d7c999073dcd1bce8c712cbbee9e30b2,3961601c287bdf0fe34304b40c5692d4,30320,belo horizonte,MG
3cb6790fc75cf9ce39b0af0dcb962c63,2f943c4d1927d20a8e0bfdf937673e33,31990,belo horizonte,MG
4babb868246b861f9f4acb33650d5505,6409bccd4062c7105e9fd94c9a72082c,13214,jundiai,SP
0c7f99b2ed02dba92c6ea518906ab90c,0d2d2dc4e760037b354d794b53321cc8,09400,ribeirao pires,SP
5a108f7c19bf77ac04a7d2a1ebb73a6c,e950ca588d23086360f34f4326e3e3c4,89300,mafra,SC
68aac507de4c0f73c322d085b709741a,9b4cb2f18b8f2cb6adbd4294ebe8c24a,28022,campos dos goytacazes,RJ
cd6c72d5cf170f3b0a80de4c6e087303,e43e7031cd89dd0ac61dd44b840c311f,35498,jeceaba,MG
90eb27e381d8c75dd3acf2f87fd8aa50,5d2dc9ddc1b45859fcf6ab31a54bd668,05074,sao paulo,SP
b4a2eabc4ac6b82d0f3aa2961fc9220b,8639374fa74fade3b0f3f5381297b88d,01534,sao paulo,SP
43bd79aef01361fa6eae728bf2919215,2b7af693337e3fb22615306dbe54432c,54440,jaboatao dos guararapes,PE
6886b8efab55c00b82862fbe3104cbc2,1f26d46c30c7f3d52ca405738e5323b8,17209,jau,SP
4ee0a72b930299554e3075347735147e,4a92ba1c862cac631ed27c29f6cd7fb5,79440,jaraguari,MS
a8c83ac2daecf7bd93935aba418f8cd2,986d0721d7862ed532a09b74d6fa1dc2,69047,manaus,AM
8452aca15fe14314fbacbda44b8b0cd6,f6679de1eaaa725bfb50939bccc7a2e8,28660,bom jardim,RJ
58f5438d2d90acfb562eca64525bceda,87c7ba6365ad2daa9ac5370e376ea61a,64082,teresina,PI
68d6e716c2094764c7c6c283ef692fa8,3dd017e92853d903c1e8307af6356aba,50970,recife,PE
f73eae10382b7e2d8bd624402eeba301,4297601e222fb22f81e6fa0cb596c4e7,06693,itapevi,SP
9bba7a44753204629a5884736b7d5c74,a7309e1c247f7b464fd2d9fb8eb019e4,12530,cunha,SP
9957ecb94949e7bdbdf431e5d1388543,439624e26bc73309799fd718773bdb8a,21330,rio de janeiro,RJ
e0c153dd9802d047fc86fbbc9da1a59b,2663a303bd9e9b360ebaa9e12aee0b98,59151,parnamirim,RN
6c26b354ab5504cde0dc2acd7b5f43f4,e1e247c029966da1829deb0d6d689bdc,45605,itabuna,BA
de76e6d1ae61d169d594df213610559a,dc066efc5d97d0ddf6d4cc1794cf1fd8,18116,votorantim,SP
d9cb8278a776ac48ff885e81a08e93d7,39cdaeada25d8130a121c1f70f70c25f,11030,santos,SP
f7aab1004ed655882ef7d1478446011c,689037cc14fea584c0cf9ef5a5ed7d84,60750,fortaleza,CE
de8ab444bbafe90954b80fd7187a2821,738cfb86b8ccf4b231f8095a8cd463aa,35200,aimores,MG
60f940bfe3cbbe38b1f7fe69d303e768,8e2cbe0458411443853166c1a81d2f9d,03029,sao paulo,SP
41bed71284d7cc85ac0654ffaffdb186,7c116ffe807ee0cb524bbe52cea68a60,26433,japeri,RJ
dad2b21e16e7936b4b84162eba89a991,a1c19f4670090ac5c4ab1dff8d235866,12209,sao jose dos campos,SP
60c16eb41f3a799f846a7789e5ff7346,62723280acb06d0262089399552c8f20,01154,sao paulo,SP
28c8cd18a3ff842d291c265fd0972698,177014bc78f1488de6c8f665bc9499af,14025,ribeirao preto,SP
768fc1fbc64588a761d7c91844052984,b6d976529b37a9921a398fea60d5a6a4,12955,bom jesus dos perdoes,SP
ec2d96d8dd0823d489423155370a247e,e8663abca66edfe7b18d03a921637578,24020,niteroi,RJ
7aa9979edeecc4c0748cfb942a7850db,29a3dfd056ce4de7aebfe9f2e78f8268,88805,criciuma,SC
d660cc394eb24b0a1fbf68174a1531e3,621eb93c6f92739b0b64dadac3d3c9aa,58039,joao pessoa,PB
fbc42f9ed93a277c32801fbf815fe9fd,9487192740d9b604f250eaf27f37be1f,28250,italva,RJ
584f7f6c5c35ae99caabdaa223783764,499a526473db72c33f89ed8ad779c129,04161,sao paulo,SP
a81158b76309e2a18d9585b7bfcbde88,ba3a6f1c69c6d20c3dcfab171e5fea81,25255,duque de caxias,RJ
e4a9dbf01cbf4d9ad855747b7b32e2da,ed3266bad826f9bf2ceac0ca16492459,28380,natividade,RJ
12e5815197a9e9eee704d54acaccdc27,3893e39857769a60e6f5bfe4badba6f8,97950,guarani das missoes,RS
79d9a9799118ba3d40c7ffb9969e5d1d,489cbf698f88a3358e24a52a1c494587,22743,rio de janeiro,RJ
706cb4fa45140c2466f192e6d449f656,00651d97d964127ccfc0e2e55464876d,13042,campinas,SP
c490bef02137db10e5a2d0095bee13bb,c98f13bd8800b42134db9d3867aabe2f,42806,camacari,BA
ab4764e19b0376c21427606045dc6ca9,3c548f8815ccc730a538bd754b555dfb,84430,imbituva,PR
02c6b472654adef5ac65870849c73444,0078108af1d2dc4b1601c744ca581b4f,13930,serra negra,SP
7912eb3afaedbf090b4dcf04d7457ff1,19ab19d33d1e9bfd3f14121ee71ed9e1,40140,salvador,BA
eb947ab711d08fa53b7a1418b230677a,eda5215eb097c777188c8afb9eb4274b,03452,sao paulo,SP
0b37f01a95740e5ffc068dfae2738630,5c65a2076c901f375b01aad3a60c7447,25730,petropolis,RJ
1b985d3713dd6d3170040e3d0aaf8cc9,4d769103760f32a58c919aa3c3f9d5b1,89203,joinville,SC
5fc1453ae536f0da12b0b1d8986c0555,4a60461ed6324f617857f7f09e41c629,45400,valenca,BA
947726cce590ac43ebb3ddfc6f361726,fa48193455b8343f70c496fb93062213,90040,porto alegre,RS
63eaea1a0349793e34d1227d845d1f99,73bb26a904faa09c298db6deb320c15f,11040,santos,SP
7a629fdfaab8a550e6b9ee97c4ec25de,34ef07a3a4fab34cfa5c1a90e38b1f7e,14790,guaira,SP
ff73a759cba534dba02faaffdeb00e61,cf96f6830f6e50b7dcba257a163e465c,12701,cruzeiro,SP
929e321fd1897048b1bc0825d394f9ae,2b542e9d53c87acac31bfb965c7c3ae0,28970,araruama,RJ
8b63238f689ca4597d7b3f4aaf5cd29c,373e6c141f9ebfe5f8e0f9be221e3a22,44645,capela do alto alegre,BA
71cc26bc7864619a4a736dd09806d067,3315d8e49b74ffaddbd56646fb5e79ee,25515,sao joao de meriti,RJ
6cc74c60ca9f1e86a7116ade13075729,910928b04ad1ac577b9c81554ae01b05,48967,nucleo residencial pilar,BA
2b9aee680f290817677da223b212f7df,c9f630948a29571339069519adb0630d,26310,queimados,RJ
1ab919b1eac72cbf11b55217f5ae9210,710f4a9bafd6c4635b13c7ab1e690233,31650,belo horizonte,MG
90aae7cae26e53acf3981e1de033e188,61d7c2a1f734f7e8ff8a5271162941ef,57480,delmiro gouveia,AL
d42e6d6ecf34bc3f0d2dfe281274e4ad,ed2ff3e9f802fd7efb2635cb48694ea0,13835,conchal,SP
e8c09dff0635a09514761a21369d9c88,ece908ca0502def5dd56deca8a5c67d5,07600,mairipora,SP
a4b9cf3f37a5d01524a8d5108b9226da,43df6dd4767b8fb2471fb6e5e378b29f,04896,sao paulo,SP
71df09adbf0c0596daad8db41fc45bb7,34384f751847d472786c7e4a13f2e6d9,71680,brasilia,DF
0a791f1725cf14521669d11593be474a,965f06741901098ff2f2b542a257f308,78200,caceres,MT
88804b4c3da363a0429636e65591ed68,3dfefd315855cd80170b7fe60d6279f8,15285,lourdes,SP
e3955fa3e47f671daee67a0d145e119e,56b8bce3a1cdfd951580e8e6b2e6500e,27700,vassouras,RJ
ef9b3510ba80873dd2e3fd3984ad1665,01541e2754a6e7830b2871d7191d27e2,97040,santa maria,RS
bcea74fac119bda14e26149fd05c050d,d475944af0836622b8f8e4c8bbdbaa4b,16301,penapolis,SP
498d10271008cca804780b5d186d2d82,c91276cc83f4daf0cec3bda5ce666df2,26216,nova iguacu,RJ
fba07e232b15cccc3eacff2e597905e9,6d5e4477b9757cc918e0ead36a80643e,09531,sao caetano do sul,SP
9232215e0cd2e157268266f474ca3f11,2ea138252e398496437ad1596662e56b,15350,auriflama,SP
41cf71109d64452d0b2a886144df4b19,1f508e60fbbe74dbec28e4013599d0ff,09941,diadema,SP
f12a3695295c75b962b9fda0c33fe1fd,196a7627a072a15b539f0e25302cb3d3,05376,sao paulo,SP
9b72c30ea879e3e2b599dfbd4e8f71c2,6df2852275aab34523dd35a3041c9378,24220,niteroi,RJ
16c9cbb7083e73d565e74dcd7278d349,8d74a4db61bd2fac0908bfc45a79bd0c,14570,buritizal,SP
3f632d0fdd1a8ff580710beca22094d4,5bd73a00d0cef6e2bf17ef04b6020ae2,22780,rio de janeiro,RJ
ab8cc597748aa43d9e07953a78c5c303,346ca5c91ad72e1c2048fbf18a31c983,21940,rio de janeiro,RJ
cac55ff10981d6526f8745b3b2061ea5,032ff47a960cc0d8b45d16e35b703a51,13720,sao jose do rio pardo,SP
7de50105907ead194db12267a68e38ee,b0c27febbb53484c00de26adb031b1d1,80510,curitiba,PR
f84a6add7992918046f7c1fed62de3d2,7c698527aa752b7a039424e9edebb84c,06704,cotia,SP
00a49178247b91322bdca02625e81f7a,feaa8891b941fef98112c26ef7c19cee,49530,ribeiropolis,SE
396465e3756fb18143009cbe0b8cb558,0fa7bb0a93409fa4394c7cffbe49f59c,40300,salvador,BA
d7ee2abd77a06c14710da7bc5233f234,c67df09a52ff426b340ee10ee03c9656,88353,brusque,SC
c70796021032284b2a81ee9fb544ebcc,0145c2c66ea8f764ed8d8015ce149af7,25936,mage,RJ
54d964b83ac779bf3ab0fdb1877a51bc,26021fbea24c3916e675f0dceb0951d9,55340,aguas belas,PE
0be9b4ddd7658cd89af3775f8109da15,7d11793f8c691eecbe91eabf56d0f3f6,12711,cruzeiro,SP
1c1d5c08e6bb5c421cca6e2639ea456d,c9d1ed29e069516e35930be2a09ff499,95555,capao da canoa,RS
d629cc87a70ae77b43bdc72304263923,863a1f1d3e8cb3ba2c5235aff0b4f157,01244,sao paulo,SP
8fbbbfec010bde32cd194f99deed1d71,e714c31427ab2ce5c68113b038189fae,22231,rio de janeiro,RJ
88913416ba9c9be4c8217d461ab5b7af,3a490364604f6817e258f127c19eec63,20031,rio de janeiro,RJ
6ffa46811511c3d264c6a0069b27eb83,8c0e78ab5a2a69bbe7978365c53f8154,81510,curitiba,PR
565eda93808d23d3f35e5adef155148b,61d4cbbc787dae7c88b2d66f665ebff4,04215,sao paulo,SP
f0bc088c671f31458f73cc1a6a347842,0a0c4bf0b7fcb55a0d43abff1ea4569f,03150,sao paulo,SP
54322bcbbe4a873c3d349672ad52239c,7dd2b4b514736153529f13234cc007f4,31140,belo horizonte,MG
e2bbf69f932758880f88508bea6207a4,ba09e7352cbed201af6d123d7366f3ef,11085,santos,SP
6088e30c1c0d0283351b49a68d7646ae,c0f5525767aa3a4902f27f6a266e72c5,02883,sao paulo,SP
4682711611a149a9f288e05f7093a526,559620bb304bfa901a54939d04dd203f,12244,sao jose dos campos,SP
108a0f20bc27c6072be5931b83fe52ae,f68f6dcac1a7eede9b27479ea3c96c83,05158,sao paulo,SP
621c4375f33e843ba4111a6fc493fd0d,eda1dce5c553ce29ab7bcd3247392e87,76980,vilhena,RO
4aa97f509896f79aa3ca9dd294f02990,3ef7989405f00bb74c7d463b0357abfd,59151,parnamirim,RN
43439ea445b4e95e19e7d6b93d384ae8,fe6b273b109be3711e9ab252d3173aa1,11950,cajati,SP
48cb41a28af5b64c305fe8c1f1adec3a,15be5104d4c41b5e0dada09bfa5215d9,39510,espinosa,MG
2c13b31ed30512fc84164e15692dcf53,9935b7e2683de890a208026f020e54d3,07713,caieiras,SP
76a2c465801a86857ade2a8da9852345,ee5beb3f3fa2de43e24d813975d5541e,25561,sao joao de meriti,RJ
d83be21cf2ad5d2997d771d69411cf68,bb5229b359016fac21322cd7789dafad,30240,belo horizonte,MG
af0f2e3b32ac271dcd35a658be51c3c4,33d03a27f57497a1f9f27b2b31d5b6f0,48280,mata de sao joao,BA
0cffa37771adf197371fc9f829c6573d,c856450197a312c307ee94c49d3bdeba,85685,nova prata do iguacu,PR
3c3bc627f354b5eaecaa3ee60f387981,8dc6a5f3957a8e49ca53f311222d1193,64530,novo oriente do piaui,PI
8b446468b342f514b8dc401c8041cb6e,bd37f43b2dce7b70028c686513bf4d9d,88040,florianopolis,SC
36563caf711bd050e626f4d58e144159,068d4c8ab0671a7cfe81a0ea95e5e895,37901,passos,MG
bbe35ecb54adfb96b16d95c719c756c6,3184d07c9bb680de9f812e750965cfa2,60165,fortaleza,CE
d503771c01369a24b04e6151ca9882cc,6bfe7126e980a78dad3d22f225055fe9,96200,rio grande,RS
7f25f39f0ad8473a2c14772e1056b885,04875f2cdd7a412f2b6902245bd7b3a3,92480,nova santa rita,RS
33b28a041517bfa554ac9cf2556210d5,3ba8d36bd11c56cddc1f638858d4bf7c,16220,gabriel monteiro,SP
0c5ce79848f718f81dec0ee02829d074,7aaf11fd37a9580e5a7e74c59eec9428,12042,taubate,SP
21ce8c10c9805097875674f79709391b,96374f646d28819bf0cc4e607c977602,30315,belo horizonte,MG
68de073035ed0aab6fef7c0a8e449cb7,a49f83bbf9e0bd13f416aa737411ae4a,03880,sao paulo,SP
88255d1ee3d1b15b26adb2fd286b08ae,3e289161c6bc38d180daea28b588181f,06365,carapicuiba,SP
bfe91080846bf422f0f38f6f2ecdf1c8,8e91711488bb4f319a13913326f72227,07110,guarulhos,SP
0bd97783f923de852985314ab0ef2f53,983a584e1adcb4f3fad8211db435b162,68682,quatro bocas,PA
dadfaecf6c09eda0dcbe4e61de02f4fe,7588c20c457369de8caad958afc1cc06,76824,porto velho,RO
9e7736550d54dfeaae924986ae031c75,154195e324368142c80258e5ea05961a,13877,sao joao da boa vista,SP
754cdd12a072b7cd037ad32aee11db02,f57447503d39554110de485b2ece7769,63100,crato,CE
fcc3fb30171d96c085ddc50e5809af46,308c2f67178f4f7987ffe371abd7cba0,78200,caceres,MT
0c6402878bcf4a5a361d9008210101d4,94093e4a8945e283282180e6aaae4fc3,32015,contagem,MG
21c65acee925fe47efde9bb2c75b7577,9aee6b37f8fa9c10b367610df2c97cb8,04117,sao paulo,SP
00be672c9d26099d6fd918cf76a4ef67,6dfec7f36b7045b17ff80348337f75dc,73350,brasilia,DF
98a1a1e41310f70974831b79bf01e4e6,e6797b7d4c35624ef13982ab27d3255b,04140,sao paulo,SP
70612c268ba10cb7aa25bad5766dbafe,60f0e8e07eb44ce41befa83b8379ac1d,33125,santa luzia,MG
e9624a808ce6214efe9b4b0e15d50dd1,cfffb20cea7b66ffd6fd1217b4605628,13631,pirassununga,SP
db4f1408d600f8309bcc822caefba43e,c03dd574c7ba647edd64e7ee79d1dc7d,89805,chapeco,SC
74cc0991cc984f49ffb3f1027a04f85c,8f5b910d850445710a1e3e465694816f,89490,tres barras,SC
e624987b8f8a9424f614771d13698100,ce035dc4c675ac090c8a0ea03097d1f0,78850,primavera do leste,MT
b4ed1c11c23a299162324b493730eb52,0e0962c6edb63ee9c5ea0f4f8d73a86e,01327,sao paulo,SP
a6a4a92ed2dfb40d31282925d93feebd,6469f99c1f9dfae7733b25662e7f1782,11065,santos,SP
ca9a6ae226341827c9614ce7568db46c,15b521471c36ed411359347ff8257b79,03080,sao paulo,SP
71fe216d275d8c767aee76cda3b5a04e,048afeb603cb6f95968487df5fadfec7,04607,sao paulo,SP
84ff6882397b2bfccaca1644c4c9f37d,7aae4a80365ca3d33b239e57884d9508,13280,vinhedo,SP
6e0d24cca09d3e293781b6fb16fb5a3c,0c061e779ae6c21a1c561eb2ebc5caf7,37960,sao tomas de aquino,MG
3614b14d84a7dff8478e262ed746837b,591f835a0f1e740b3d75ad7b0ffdffaa,26011,nova iguacu,RJ
091f379e0aa95540e88e00f455738fd6,367804e9c1dfed544cbf1a457f88fe84,53080,olinda,PE
4785f22240da3deb7f7f1fa70664fd83,8c3d5f1918f1c3f03642c376627fda5e,29060,vitoria,ES
0df19a6654aeb18d2951d9e08ce18145,6307616c25e28a633c336e41e4053661,68020,santarem,PA
3609e81d0c4d558c178307ccd23540a5,e62ea6d493a177361b35e9d0a743c61b,98792,santa rosa,RS
fb701899863331f841d102ec35e0f4be,2ff85a88d2a10e213a173eeb015e8d20,70855,brasilia,DF
d34922703108424a82c0905c11cb8cca,2efdab402b57b0040f1f04c74cf3bef3,02405,sao paulo,SP
427d898b8a06d03e1e805f09d82f250b,ed6a4793620d46099bce82f61611c6f9,77021,palmas,TO
a897c59227049657ec35b6e7d03edeed,2737c3941b1bc81f8e5b636640b71ddf,04104,sao paulo,SP
8e48478c4e940ece3f60237f748b9091,3ab4482a775b369d2c068eb2661a6098,13221,varzea paulista,SP
d81c79479192992a07033707560d6598,2da1a627d2ec3b57ecabc9249d7266ed,64002,teresina,PI
00e3fdbce18ef97f5b13e1cc27e9dc98,aabcd181e8b68df20212829acc386a2f,28680,cachoeiras de macacu,RJ
85ae2de087457515b13ff3c7c21940f5,929d7b144da6193da36c0390e00992f3,22050,rio de janeiro,RJ
5692183efd941e64a6d688e5130545b9,3b92b8617254e581d164b5d213d437a2,36205,barbacena,MG
d203640f43b16ed84faf7c5895e28202,fb6dbb9417d65096d0f78e7c1551a9b6,64078,teresina,PI
3fa5e2b281cc8eddbeb536357a9e5f2e,ddc8f013aa0b28c46230152ce041a74e,89221,joinville,SC
3f947876eeaf431cc48e9751af9c6ed8,ac38c74aeb019552b01767cd6e3dd5ea,64007,teresina,PI
e3e78349eb9adb90eb3168e8bc30d029,dcd27efb93b723b301f8bac00e5d7e01,91350,porto alegre,RS
df4f07a5f5156cebd0e1a5aa69206b2a,a8df36747a3188cb3c38b13c67c8da2e,13418,piracicaba,SP
0a6f43d2b03473a5c59ba520a15eb44c,5fbbfaa43eeceb5cca3ce8e4b61f139d,24241,niteroi,RJ
a7c6653654e36720ded54cb3f92432a3,fe81bb32c243a86b2f86fbf053fe6140,01453,sao paulo,SP
b546ec7b6ff311b43fd72d1cd665dc68,bfdeb4323b60dd883932f1cd4f71a582,04119,sao paulo,SP
7428ebf9b65a9179a769e6954befa195,00776f3807b128beca64cd0b27138d92,03568,sao paulo,SP
ef5a6ca97d80cfe694da8576c7442cbf,53ebb9ee8a331049f639d1a92c908eb8,79013,campo grande,MS
f231cefbb88b5be18dbc7b6da2fa5366,4681829483318507ed55682649de6571,01219,sao paulo,SP
f4c1daadf5d94cf9f1fa530df0992dea,9388f972d450c2bd01da5f04b2c4e16e,26277,nova iguacu,RJ
eccf5f0bc39613de60c5ca015a5541c6,f34cd7fd85a1f8baff886edf09567be3,89120,timbo,SC
7ee8a4fb1f82a72a8be3b69fccb683b6,e61a2dec56d5ac6c3216edd21b1c92db,38600,paracatu,MG
4ad1e822e74d474a35edfb2cfb76f954,77d4f556ebda0b4b6afb35ee72a5c902,25900,mage,RJ
6ef9293859bc2196ec83b03fc2d54249,75dcb0d962fe29f930d6a38e1d0a0b2a,07270,guarulhos,SP
189f361b8be0044c229467d2f95bdfb4,6dfc63132c9a5db7c97d35e854eba529,21910,rio de janeiro,RJ
7d7074852c030d222553c809a7eb3699,14674077585bcf2cddbde9a8378e2ea9,93520,novo hamburgo,RS
0a4570cba5c976d25642d380f906327a,7d87ba0bd6466390cf5d4c9735236086,06530,santana de parnaiba,SP
1f73a986d985bf8c6ace5bd5a3e0b1e8,3e0ec51549acef5abeb76a89812e834c,24900,marica,RJ
983155c4c0cc44b685df66df2e9f8e78,7db4d22fd27d6b46393385f8a951fd21,32603,betim,MG
cd9777ad835df5e47c10aa975226e716,53e4d5ab8287848319f0220d47ee7ca0,27170,ipiabas,RJ
ea665ac5a97f1a3987a5f9629be6e9c0,37275a94f166f52c1c25c5a68a12309e,05366,sao paulo,SP
5eb5291405a282b505795bf56d385a16,d3cd39310c2e0c80bc7ec4127f8b6465,06704,cotia,SP
2d90e35c08e9844be3e33d7be88d5d7b,bfc84496b1100cbbd83a6f8087526168,03585,sao paulo,SP
be66ef8e04a0f8fd5e10434aa0b53fb6,275fd80a923b1bf97db8979ad8e254d8,31010,belo horizonte,MG
2d48c2c84b9087df5df0815193fa1ed6,f5f0d3e28165a2902358c69aa059ce1e,83030,sao jose dos pinhais,PR
1db9b4524b0798a3ee902d3bcbe087fd,be63b3d8a2f5a9a657f1bb24295d5f56,76265,santa fe de goias,GO
f3752fccfb8cc4e9383c875b00bff397,8a9a406f05659971d083f93017a109f6,05024,sao paulo,SP
0d3d95013b7a4c460a17c5e041aa0680,b4a365450bf1efc7d7935fb4d838c3e7,24220,niteroi,RJ
e65ce9b007466b457e8b7bc5004b1186,bae2d36f7119de90a1f3f9aa995e5c5f,37655,itapeva,MG
51ef11dc522f9e3e2874a7678e7e7a1d,ad67869b898bbeb8fa7b8cb5f6106b7b,57242,sao miguel dos campos,AL
8f061069ee6bdea1be38ac7fb3de2d1c,5a8e6eb55797c7b5e267339218b77883,15091,sao jose do rio preto,SP
167db18e4fbd9ba3dec2aa5a7b79969b,53af1cb6dfe5bb4d37657200449e9134,86690,colorado,PR
1e487116feb9361b3221c3e93fde4d7f,45a638e49125f9e17944eca6097399ec,29166,serra,ES
196eb7a5f5948157db8803bf9a4ea2bb,40769bc3677cca7d4648972391818d2e,06147,osasco,SP
a8d604c2782c27e60c3023fa86567794,4b949caa9d931d9810f3547ee5384291,56600,sertania,PE
b9657b7cc5027452b17e328656a8d069,ecce6e1f0ea39149a8f87a8d3e0f0870,77015,palmas,TO
24d73607e41d0612c0183973e08f211d,aae31ecc3f2805fcc4890910744da4ed,15075,sao jose do rio preto,SP
800e0a5881496753a6583daf93f88fa2,4719fba0799495f29a6bd750e76ff63d,58046,joao pessoa,PB
3771dfd1e9b145a2459775515f01d34b,c541681bb8f119d61fd87bd2c06e2931,91040,porto alegre,RS
0bfdd26f029a368b463a48a56b65f560,25314849bf706df0e00da89ccff9bdc3,17516,marilia,SP
4bc9e1c13c2695b5f6c90be398a40021,adb6aadaed41fbc09826834e0357ee22,08011,sao paulo,SP
076879610b2df756d7bfaf2b8422d327,79efc9cf72a5541b50300206e6e3642e,12515,guaratingueta,SP
6842592a4cdd735bf3fd43ce522773ef,376fc5da2c32f3f7b67de2f142d38c5f,01228,sao paulo,SP
e621c805f6e84be0117cc09ee0187667,3bc2cbcf3d4baefa76c260d5cb5dff60,83900,sao mateus do sul,PR
82b07eb04567873d275e64c6517407aa,e833bd17118e328c76633e24cf2e0337,60822,fortaleza,CE
8de1e48bcdf39b47ab42e9b32b9772d5,2d07a93ef92e366b7591ca1ee99da5dc,11086,santos,SP
752ce9de228d0aa05ded6c88c1b176df,160323ca3c6c7ff39742d1a949ff2df6,21931,rio de janeiro,RJ
37e7c79dd2b11c3d0fdc8fd3b4981bf8,927996801414016890c94b1b26a483d5,22430,rio de janeiro,RJ
68de9ab6df869e6c10cac725487ff831,f4eccb8dace4acec8e518c4efe0e4478,01311,sao paulo,SP
3441b9aa98014569ee95cbff82a03abb,b218733357b8317b5738bf9fe3c77b07,06449,barueri,SP
7f6dac815cfedce002223f96e81506ca,3afc35abd693ca1d18989f0165776d5d,16300,penapolis,SP
3f6ce43251da42235d19df7ad5d7a197,969dd25b9d814d90fcfc93a163ef5316,31340,belo horizonte,MG
e8255a31f2ce6fc4e82b8360a8c919ee,553f3ea5d1e743cd91146d3d06e944f0,04357,sao paulo,SP
0499e8d702425ef8b10da2172f9fec96,fae05fe601dcbdbc9d5888b0f9c4b732,81270,curitiba,PR
bfe86e6e37b9485c767b72380d165412,4fd1beb4e95a893ae955635ffaa1a861,13214,jundiai,SP
d82ced55e620b6568183a611fb3b71d1,a2b7ff1b78e90acd6810d2f646d38cb7,46875,itatim,BA
32cce0517ae46ccab825ee186eb8734e,acf584f769dffdbc8e1ffcf59f1c5329,14401,franca,SP
d7bcf7eb4974e8da00d2107856aa0f5a,5409c2bf5e95b530152808d6608183a4,96830,santa cruz do sul,RS
70fd0299eba8564ad88ff541dbfd9854,be37c06cafca7de4303cdfc8aba6f455,79102,campo grande,MS
41e8e79dff11a420fa5f43a7fb053034,91c67a811772d808280aef6376d4062b,38410,uberlandia,MG
2f73503d3f3d923095acec18ce04c30e,aa5d6d18f850e370ea0c876268d71d68,89284,sao bento do sul,SC
533363729bbb70f47f8324cc1079350a,859e6dcbe7240d1465c094366131b28b,05813,sao paulo,SP
288333d294560ba3dadb8466fcdb0a02,e76d6c93570569915c2e1fdb834998c9,07600,mairipora,SP
a17033054d84cb831e8b33dc63682ba1,9c7bc34fa4b2fd8e3f132a6337ba8828,12050,taubate,SP
5c3cb5ad39b8fee43aa5c64898cb49b3,a11fab839d5f019d86ad3c2970545a5f,76822,porto velho,RO
3eb6b717fd80b094c121c4ce049cd3c3,a020e0fa38c4bd302abcbd88e4f6bca4,91050,porto alegre,RS
54f4999e6a74c50d068be44d1fdef23e,4fe8f494962fa2d40d2b0f4ff7839cdf,70744,brasilia,DF
9176004cfff177c805ac4a76bef471f4,df9186bb707702970febf194eefa749c,22031,rio de janeiro,RJ
5e34825621e2f665d50b4cee28e37023,d0b7a41ff188f16fce4f7ffb2c67a5a3,04777,sao paulo,SP
f2e6426b75732148c1fceb5131c79ac8,8c9f8b4839d69680fb42ed79cb9a45f8,16057,aracatuba,SP
9f6ce93bf74532714cde036e2695fb54,af36dabeab187f855f484f521fdd1bac,15720,palmeira d'oeste,SP
94f050fb387af0b4c3a6780278db299e,c6d8bd30273b1712b80c20e4f936b667,88020,florianopolis,SC
65885bec34b119129adba2ed3f4ea68c,59a2137051ddcd0ba1bc643a585a29e5,01536,sao paulo,SP
35b1a3161577151979b495f826641469,47911c12fe5b77683f7cb593c027c479,05212,sao paulo,SP
b6021af6074c8657c467992429b9a368,80faf0a4dd69bfb39d05727aa42f2331,31070,belo horizonte,MG
a78dbe709d090a217ee4cd255a883277,3d4f7632205878799d358053cb53473b,13275,valinhos,SP
1f465a9c67eae2c93ea1dd105785b9a6,d41354e6a6ae039648012f25e66af000,59619,mossoro,RN
8dcd5de336c4e2f3696512b107ccdb12,167e91a3ff733bf37d2aa4faad2e11c2,36212,barroso,MG
30bc4543eddb2d5677f3ef3245826c2f,019890d2ead42f267a2c66919d9dedce,14680,jardinopolis,SP
3fee04b174cda902c48f94ac50b0d0a3,cd2c19552d986262458bd8b02bf15463,35162,ipatinga,MG
8d3051d40086f3777d72074bdc4a2036,4450df4851dd72d51199417669c6ec7b,18117,votorantim,SP
28a45e2875e825355a024a856016bc2b,2bc5699d49315864b9444fe4ab2ba6c5,35179,santana do paraiso,MG
30ff74ba6ed04c0069481436021bc4aa,5cfc9643603c095fd7ed86a50fa17887,04911,sao paulo,SP
e5b126f41141f1f935266d68e6df0fad,10cbd23925cae38cebb4118a425b1fd9,27335,barra mansa,RJ
d2d354a32e8cd619c0466eeefabd826a,4dbbae8a27b6628f4afd33cf4dde89d9,22795,rio de janeiro,RJ
e24936459392dc2e3f09cfacc083fbfe,978b2c4adaf76833873cf3f16c08882a,11025,santos,SP
fbc396cb345064e2f0c3c9ef89a1f230,49b702edd43e581908cdd191e75c35da,07793,cajamar,SP
0e27a2aeccb3a049d9d3acf1b9561fc3,d1ab24ff7d73637cd27b282b4ac5ace5,04514,sao paulo,SP
74c13a9a97a7c47cb019e0321d632c21,e43dcfbe118afc9d85fcb1c70d0c027f,60750,fortaleza,CE
bd7cb78e215c62dd6de90af929ce719b,5c6869e88d93c5c95f03f7553701861e,15600,fernandopolis,SP
a5a79d9745f4fa50300664e5a4efd247,706806c8617b39ccf0b7d8d1a7c9dbce,21832,rio de janeiro,RJ
7dfa5f2f758adf5d769a3941649e733e,bc3f3fac842dbb77e8fde0b3dfeceb8d,08461,sao paulo,SP
3fac8674cafdee6b7a6e33ae7503824c,51355830b30df6fabc4fbc1dde209dbb,19880,candido mota,SP
cacf7efbb5d03425e739ddee564d1e24,7bab247a7271978e5729c676500da4cd,86047,londrina,PR
4f5a13c3e2ce9cc5ae2e77fc2f2716f4,155304c4e15546f6fa2cd1d665e7012e,11740,itanhaem,SP
fe9a30a8c40ddbb91c3399e7bd78c50f,630d405d49ee8c61534aaf26bdecf841,04724,sao paulo,SP
3306b138f542d4f9ad7d9b59ffe3b83e,9f0db3c84e4abda5988e129be3fd2ec2,23943,angra dos reis,RJ
96f28de095b89e2ea36a96baf583ac8b,a23525d52048ec120a6c0020e16a0105,15802,catanduva,SP
729b8930036e5f2c3883bc38d7cae018,aa4fc6bd5cf9d541b5a808cdada1301c,12401,pindamonhangaba,SP
40f3d39b72c64330683a6cefcd65219e,67f9b5c523158399b3d195486f8ff93f,09015,santo andre,SP
9d0b431db3b8f71e53aecf9af8ea0b27,9641f1cf48626e09ff0d94f3029b55bf,26520,nilopolis,RJ
03d01c3308507d5d861af0d89b65beee,7a74f59a3969e7ccb6ba0eacef87d838,03312,sao paulo,SP
14f4838109a4347385f8b3e8e8aff0ce,e226254ce0c6d5b7a7ef7218c9b5b518,13607,araras,SP
54918590c1343b0ed2380a9a48596493,12d8b5ed661190a3a08183644dfc504d,29890,montanha,ES
f34242a0bf7d9691e3ca46e8eb3f2ddc,2928d77d6c80350ea0b8e912c9defeb1,02976,sao paulo,SP
0b00caf6f0d239c5bf7d9f992cae22d4,443ff1d55c98c47d9b5532cd4c693434,11930,pariquera-acu,SP
90bd3163f91abddea340d03ca4eaf140,bddc05c034061c84f92fe1710bfa5fe4,14600,sao joaquim da barra,SP
658803300e83c073de1a1f06079a0328,aace3fc2e9d8fcae39a30aaf6c7620ce,18115,votorantim,SP
517fd134276aa9d129443e66a4ec12c5,de9d828cd09c8f103622fe8f2d444a19,88820,icara,SC
e82bab9bfcad4584028d4ce864f9cf74,ab7ae9884df2154576add5a47eda7984,30270,belo horizonte,MG
3f11d1b5ece70ee5d68c4648f3e4eaa8,003d56767e53e08671de00da3fba8d40,37505,itajuba,MG
eb113d359a9ae4ba112d2cfc3568b085,68d76261557363db8fff7c48e29fcf8f,22221,rio de janeiro,RJ
65b3d39ada427bd2eb9747ba626036a9,d72736cd521d57c3f4881a71eb2885d7,13500,rio claro,SP
165928f38e41598f6ffd3af0c864ca27,4118b91e5342b4c4fa0192a131cfba90,78200,caceres,MT
28b7628af94d87b54d95f2efb458188d,0bbe4568c7e18eb81469730d78138833,15025,sao jose do rio preto,SP
4a7c91686b03dd70aca918a3a3ffdebd,d624dc7e18df5c268ea0a76fe0b01974,88036,florianopolis,SC
6e46150f461f2f295fe792668fc3dc4c,999f73c83406dbc29f4c830fdb87b26b,12260,paraibuna,SP
9e805c4826699827157bef24eeb29bcc,79d1314cd6322fd92e63f377e1b66493,81480,curitiba,PR
5fdd52bd1a451a378de455742ab4d752,e4507501ba82f0fffb9028344e2c00f2,14094,ribeirao preto,SP
1f65ffa28b17071b335111d630ac7837,336bd71cd5332454e90feb840c7c24e9,04105,sao paulo,SP
03fe220603b22a09e5114a70616b9c66,f923792a9b3154481124949cf5766406,22440,rio de janeiro,RJ
a7a769e89cc6af5bcc4ea18ac329ccab,96114299d8e4c646c24552fb5ab23f80,83480,tunas do parana,PR
424f7679f29b230ce525eb325dce49a4,de7cad0a39eabfa2285ef0b891ef404a,03877,sao paulo,SP
478778636c75019554439f75286a22e3,a712a430955027da5bc257a10073a390,06036,osasco,SP
57cd7f8752db725b97feba09655b9a2d,0451ef5a31cea3e14ce02d768d7c9943,41635,salvador,BA
d707f0c570bead47049c3a517b657b95,abb248e062ac0172f20687bc019bed89,22420,rio de janeiro,RJ
d231f1ac967fe67f2853f0075012744f,e5ef105b0d7651ba4159de0ca6c2aeab,03422,sao paulo,SP
e4896be76a13751b29781085cd8fee98,175d31d99e3c9cda3a97b4a228688c54,78580,alta floresta,MT
7f9cf0ed8393054038c883ea7171ea8c,4c78e1b1723e4144f76a00609f312fc2,87900,loanda,PR
a6fe690d5608de5a62f7d88b87fafba0,e2feae83e7cb814bfd71fa89982a9b16,01229,sao paulo,SP
70ad007674b8e65f57884f8deed264ee,a1b05c826252ff73fbcc6b5ceeed99af,08753,mogi das cruzes,SP
b477202dca6a3ad89828fdd5748dc849,dc9ccd8be2d922f8583d97933b06c5f4,13087,campinas,SP
49a5030caa1df00e0bdd14302ef076a9,cc4580537b346363ceacc548801d1f0a,18704,avare,SP
d0e385087b9413d7f74a518fb55c56f9,d32cc3e0e4e7f8b40a58fae2fc9f8150,71940,brasilia,DF
e09c21241771690bb28899cf1dc646ed,2c7c4b71fc0021f5d62f46945c7bcae2,04278,sao paulo,SP
1c95e915c23145ea7853a7a64bd396ca,c843b255e98911eb5a8c0062e6b0894b,07745,caieiras,SP
de6dff97e5f1ba84a3cd9a3bc97df5f6,c8cf6cb6b838dc7a33ed199b825e8616,88735,gravatal,SC
e4d71181686b734c0c6c10eb9a77e8d9,f4f0ab82bfe4450ddf9867607d6ec6ec,01155,sao paulo,SP
af0b8113382552fc46061dd3a2e1c186,76b008b32aff5aa8cb57b5e2c9a0ed87,40285,salvador,BA
f427fb5c3dde65b7d92a9bf57c2d9dd1,e4e1fdd77c8df5faf29c1a8f637b6afd,41650,salvador,BA
6bf45280537c119fa70ed4a4fb7dd688,d444c6bb524716bab7b278241c0e2109,29045,vitoria,ES
cdb833f7133ef2039a36e2cf5bd7a009,724f1b32e4be91e47f76c0abe137742f,13097,campinas,SP
3d63c534551c85a62bc51417745dc81c,f2448344c2a190b26825350f579343b6,22610,rio de janeiro,RJ
c69b97811a2d5a883fbd35751cef395d,fd93f2eea668441ab945859b206925ff,88331,balneario camboriu,SC
10b6ca8551febff6407d7331aa0c95e8,b3446540ddd2f45621cc3b34b6b1b5f5,89010,blumenau,SC
57ae8be4f9aabcffb5c7cc4d3b9ff87b,954b8f1bfe20cb7145539dd65e8f89ff,53900,ilha de itamaraca,PE
71470c77752ae4d613157eadefe91165,227d47f085083b8fa3b3f1540a4fdb05,91260,porto alegre,RS
ab53dab22635ae74adb0baa0689afcc0,a6d070c5bb1625afedbac4c019de0176,05783,sao paulo,SP
3d455fb7aa499fd0cea2a2306b4c43ad,c0779cfb3d6695eb9a6c14772852e10e,29300,cachoeiro de itapemirim,ES
5cbe9410f3ea413f95d0858d75f0a42c,14296c52ecd7063d06a69f915d801299,15700,jales,SP
9c29746c15ba972bc51e23fcdc498216,e449489aac70922208e33e080712941c,27533,resende,RJ
d26d89d0d45d511f89d1edcfa7399862,ab0b5685586300e1786c7d85f206744f,41613,salvador,BA
39e6eb3d7b6113d9a44bed5583ec3860,33211978916fd3f524fbe438870d5756,41635,salvador,BA
4f3ada4edfb7f58e81325c5e59f1eab0,a59dc1bc590098f3c263f2334b8d152f,14091,ribeirao preto,SP
b22ca452dbb41139048975084d8a8f1e,1e13be066b12fd9fd852bbbfb790dfae,88132,palhoca,SC
3f2e4716a82393a3277d0ca84e9392ca,4993ac622709f72e8eae01b5878e5c4a,31015,belo horizonte,MG
1575a1538d2879dce4c6c8669c661ed5,b3c720e51f24e70b2d260f4cb108d20e,30431,belo horizonte,MG
cfa09ee8fa4d55dbb7d299db2bc05444,90f74982f94f654eeab0e62fe63e3f86,37200,lavras,MG
ef7d4b5c8d765528a471e7bfbf61c046,92385bd699ffad1dd208090d6286a2a7,36305,sao joao del rei,MG
df1c0d10b952370cfaf589b4f7c615b5,f63ba17b6bf60a96c5b82a5106a10fee,03471,sao paulo,SP
d7b642a97f26bd8fb05f71512ba0226a,33b1e3d60d978c51b6564b59532167ab,38140,prata,MG
f115c9fb49045355c502f201e83f432c,da50337a5fb6694f66d5dabc0b5b2b45,09390,maua,SP
8ddaf104fc2cc74dea6222727b0c67e8,cc35f31069218feda2996b0f96eafe79,09180,santo andre,SP
d8a5ae7ff5b505f9d400d1c5b73cf2d8,7a1751f98e25f665fc0130c7b001e18f,60762,fortaleza,CE
117a305bbf1e9a2f1f590e4561842469,e2cbf5327ce406109ed55e1ce087d090,41706,salvador,BA
04128fa0eb7d1b35ff952cfc5a0fa971,713d710e9e78884aafe392f75e375a3e,11533,cubatao,SP
35c305ab657a51a698c1abd317c59db2,cec59a9201f7222b20a58da8c2def1ab,09230,santo andre,SP
fef2e5a93a464f4daf5d2b2ab16a7753,79c7571ac55fccbba44b6c73cf773829,09371,maua,SP
01e8d5326e968623bf4f1b620709c1c4,6888ba03f09a0db7f9511eb287ed410e,15025,sao jose do rio preto,SP
57779073c7aca208b56979cc2280c5ca,056260ac28220b475caa0c4f02cc6137,05783,sao paulo,SP
7c98c68d6cc9df555079f55937b795ef,3b64be5960c5390421d0768b629e50fa,38750,presidente olegario,MG
c116f2069fcf54d5e5d4864cc29f628a,2a7c99cd9f9eaf9822451457f1fcba32,18300,capao bonito,SP
eb9e4ffb14ee9484e33031726c7ec185,8637ac34deb9ac3edb1dd11e7680379e,86037,londrina,PR
83bb6f200a22a5d13ba06eb2968ab899,e57ee0110899c25ce93ffc9752424efb,01227,sao paulo,SP
98c2fd3ae186615edec73fb0e8927c74,c3c7224b48e457b76828e0b8202732bc,78300,tangara da serra,MT
d856ccf69b8f0994e5fb89921311e788,031ad880dd5103525d47b17bd7572d69,79290,bonito,MS
56ca9dd30b41a32667730b7b3c9b7ad8,74775b185d083e023e791aa9b00acc08,56180,cabrobo,PE
fa3b701e87d5470f0caa38474274f11f,7f5fd837ad25b075bd3b583481e11df6,64545,santa cruz do piaui,PI
4e48950dc929261767232307f8fb3306,e2bd52a0e097a71a26d69e14537e128e,13905,amparo,SP
190b3a7bceb7d7529c7013d8d25202ad,26642f255960d9ec6775f88524238e45,02615,sao paulo,SP
265f3c6cbff516cd8fdb6c4caa566860,cfc3985c3b87a7738830a0997c9d61c3,13190,monte mor,SP
19eb2ff94ef3470db204adaae3d6cd99,a26dbad393f0b90afd1675b027730df0,45023,vitoria da conquista,BA
7e25c3cc2fb867d3fef223c50fddc713,9bf986817c20eaeccf70a4cabfc7994a,18745,coronel macedo,SP
29a76ce04ca2385854757fd2c16facc7,727fe706d6d39e6f4b4444ace02a3c82,04339,sao paulo,SP
01deaf187077254cacc4e7b4d9d7bf87,a27b2dae72cdb40af6acf3b3389a9c2b,14955,borborema,SP
cce1958e8abce973e3d29474e46c3a14,6d5d58a5892a5ce6f002010853e552fe,06790,taboao da serra,SP
31ac6792817138d9e3f44b2999f57ae4,8c632a369aa25d9e99b0e3f7488a738b,75955,indiara,GO
5c45631cfaa5711b78f3f1e24b125a7e,3f1696ddc8b0b1091190ce0fa1aecde3,53130,olinda,PE
d6c42f56690e13e859a8b1f901aa0228,532dd1e9cd53b7d23c8b57bcf260671e,75165,ouro verde de goias,GO
4e1466d23cf154bc57e343db77279d5a,d1ffb6aa264f79f277904708f328cfc6,21215,rio de janeiro,RJ
ad57616784916759b6c24f3e5305bbf0,1385b7bcfc8be8cb226920e97744e72a,60833,fortaleza,CE
3da978bdc9235f7e0b3ae3e0415bbdc1,e070f55914479b58495552e7d90e7c18,13650,santa cruz das palmeiras,SP
31f9366e8fbe2412ddbae2d9c49d8adf,aec9d2bee598a5e8f88b3e9a8b29bc86,88220,itapema,SC
cafaf59bd14e7535e7b6620739ac144a,2be5dce8b491a7bc6a65d6e91bf49812,16013,aracatuba,SP
e56af368707175509455ff15952b61bf,0c32aa09e8eced3ea26c2a013b7b75e9,71929,brasilia,DF
351123eeaba93a8a1d45b42c188d6eee,83a0ebd6bbd70127a0f79dd01c41052a,01329,sao paulo,SP
19140d8fdce1418ec14108400b6bdd72,59b565d3b00cd765305cfa0b574ce74f,11065,santos,SP
69000206943522203193343fda85d3a0,0e81b4d6355f0cdec4bc81b5dd1f410f,38910,iguatama,MG
f75cda7d644f2586d2f3f5e83c00415f,3a131e6c88849b1d0b28020c3809ea29,80410,curitiba,PR
e19ec9633dd14e28d7a23a4fcad2a945,fba088c00c6128006534056c7b4b3a85,09370,maua,SP
b635957da0091ef9421c4405050ca614,b88ab79fafd93f0ae465d82e71e69962,04049,sao paulo,SP
b0cc40c22e5ab8d8ea653c4412384eed,51c5862005fe9f8eb9e63c1584bfc06d,03190,sao paulo,SP
8c812604bb36f468870e6b5c50d70531,122cc1d03e2d44b142fd5a849bbd3ade,13213,jundiai,SP
4ea8dcc1472a40a7ed05115927623357,0ed2d69974cbfc46cbc72d3a5fea043e,02451,sao paulo,SP
5d9f867c9b754341a52dfb264a455c96,fcab07ead0f666753cacef7321c9c739,22010,rio de janeiro,RJ
cf0b03b5cceb5984281a0f1a4cc62bf9,f5dc277198269046768e02dda2f5e4a7,39801,teofilo otoni,MG
b5e68fb5e0d12c368f0c52b434a69cf9,23fe80fda1bda7d8bf1b161dcd63f74e,86620,guaraci,PR
136dbac56cabaf131db79d6032ade0c2,97b408a555f76002001e4f673f6fe8c0,37902,passos,MG
7d6a26a363174157427589ce4e439d02,a14013572052647bb2e247d67662b4c5,13890,aguas da prata,SP
5656c0f19d8894f19e73e8a285136a1c,5acfe875aea7ae054fa88c103e42141d,66620,belem,PA
bcfe21a120bbae5d45cf229b1329b5ec,6680f380f3c92293b4c6a12435d0ebbd,44002,feira de santana,BA
499b6b14e548e15a51fc4c38061f7e13,bca2c11d85a065aba0a329a4438807f7,21940,rio de janeiro,RJ
046a5261421159f926af159485832725,ca072da22ab6c6a14608c9d12c00595c,37950,sao sebastiao do paraiso,MG
02fcee476755e629f2a4113550450b24,38fb3a44470e308a1f68847d62cf00b7,06766,taboao da serra,SP
a90c43658051589ad5e37955a0c2a681,0e4c314bf70adc07db976ac1131a8d0e,04904,sao paulo,SP
01d444480a8e7ed180b6c5cb5993a273,7ee80de1a077e0aeae1783715ec36476,06900,embu-guacu,SP
36cdc8dbf199fc4fed2822ddc0d07c7d,60465f85e451c9712f1d256a6127702a,26030,nova iguacu,RJ
634a4e35cb377fa096c26eaee2add85a,b2e08e8b5bdf73af23a2934907bb7631,06328,carapicuiba,SP
f0536d444683d894060a91bbb434fe2b,a8013fd4e4acf9c0c679bda6d572eeee,75902,rio verde,GO
17226a88d569de01674b6790dd3d6fbc,d0f6a442ee95ea8674c2d8ba325f41c0,92500,guaiba,RS
af1f25102280108074d2a310ffe4bd1e,d8914408a1f960155489582d080bb52a,21941,rio de janeiro,RJ
24c40b316f28ac7b0a7fa59e21e6b52b,336fbe323de0c0baffb8e80f3f5257a7,18706,avare,SP
e0d0e51f1bc61b27465dd7c88d25874d,a984da262e44d5df9e224ee3072c3717,13481,limeira,SP
c8c018e212ca340cf5be63635e834e25,ae551e288551e65e0b2cf6717e872086,04078,sao paulo,SP
db704f7d5f899dac38fc1465f266694e,2c75af924f40be14f1ce86edf46b0ba0,97700,santiago,RS
5a4e6b9af6ad6e44591022085ed62a7b,ea3bc531491303af49fba79aab775963,80030,curitiba,PR
4c5f600b0af36d34eecc8e2b1bb63ff8,edf6a00a60c87f3c34e79120133fe44c,22231,rio de janeiro,RJ
4e01a32f9dc37358cf6abbb15917a96c,b9b827b003be252370d4f851f603b58d,88160,biguacu,SC
e01fb276effc1ae50c020ac93fd19a1e,ef66a7ecc4470c581d1380081e1182eb,12230,sao jose dos campos,SP
e91d82bbb0f6fd7e6e30511456357ce1,6bb535b0906b43e0041916897667aeed,88495,garopaba,SC
6e2f130b4259627650baa0c9ce0bd645,957cf06cd9d8e6f5fafc6750f0dbbc6d,13960,socorro,SP
c727fb82883e584942d94eaac9d45186,0f2bf926e0f3cdc9092f3388063eec2e,13295,itupeva,SP
7283505b00797306818c085c6baf0752,6f6e521d574ed02393ce4bab51b9a0b8,04330,sao paulo,SP
c0789eee49fe7d5d93d5e412c14181ce,debe6716f0bcb2325600aa2bfa0bc0b6,04024,sao paulo,SP
bfe06b878acbfa50da99152d9319b0b3,c00aff7458f86f4bc66622fd9af50697,08615,suzano,SP
5258ddb267b5d4cd0ebb504ebc69b804,fda3a3eb3370c1295a4fc3f6cd3d7604,20220,rio de janeiro,RJ
3f564a14c326f9a681d340e75246b775,88914cd8ecf222c3d2b5915960f5abb9,01421,sao paulo,SP
52501cba96d41957f1daa67592b41a74,f71da337f7e2b3a70c74fa505f0f6ac9,98170,tupancireta,RS
6ae6a02cb961932c6c3b32f1d03612d2,07bccc0697ffd0f287859d8805de97f0,01531,sao paulo,SP
4d56e224cc6d838eef5727af0298d4a1,f243eed691a2628733a8f9d2ddd1d4bb,04117,sao paulo,SP
2328fde11c9510cb7674a4bc73ce2075,962f59f16192af55bb1832221274ad74,09834,sao bernardo do campo,SP
bc6b9c888681765f177cacee35b6157d,6a326f2cc3adfd1a93e2e033530c653a,95044,caxias do sul,RS
43f2176981dddf6c658f92c81be1dc72,671bcf6087437b77056bd95e29ba22ec,28633,nova friburgo,RJ
a1eef3423bc0e8339b67cb2208aa3f94,6b3456281f27545556e7b915c8d19c23,07700,caieiras,SP
8dd004e002cffd59133bc9db7f3a9b1a,7baaee8aafd5bba3b6263829676af496,03188,sao paulo,SP
decec7e48f3d663f795b78721893f388,a96f5d509dc3ca9346055e773006bfd2,88598,celso ramos,SC
97a0936bd145e77b88c0a49c7d38add5,8eba3049a30f185094556febe5a0b1fb,22793,rio de janeiro,RJ
d20bb6bc2efe556cf5222d6b177cbbb4,76b45ab62a0c9c730d33b84745c3e875,21535,rio de janeiro,RJ
94ee7783d2f05e72a85fe65e13e96c9c,0c136ce7164e9351a4dc6686edd52c19,02928,sao paulo,SP
45b4e602cae9db1a6d047d8dfcf8fe46,9f25bf3abc2308165affa650cd99d5a8,36260,alto rio doce,MG
b9c44a9648797a0f874382d85596da91,32ac2a355ade922e2fca78d840b5e2a4,06385,carapicuiba,SP
4239915703664cce7690bd8ae0f82839,2cc3e6469a75824947c490779342dd94,39403,montes claros,MG
82f0b47bafae8118df842b125aa0fc54,8698752d731db8f1961309a1fa72cf5e,20211,rio de janeiro,RJ
29be48f5de0efaa0edc2d8741bd6a218,b48287e135b544e8cda94aa7bd4cb343,74645,goiania,GO
13f86f2817ad6c0bf092ec8b98c42012,b10181bfee799fe0af124582bfd85176,01532,sao paulo,SP
fed67945c09986de880e4b3fdd1d3f07,7d7ad5db91f5354ba6993f053d38c4f9,09760,sao bernardo do campo,SP
278c63ede99698eb4838f0df378d9adf,deea7416e5baacd083b67f25fe2cd142,70862,brasilia,DF
238a5f6c34460fd3626df27cfb0d0ab9,a2f0cc1002e7b9182fc9eaed0b8f153d,25520,sao joao de meriti,RJ
c031d16bef68d49702691e07ceb849ce,68f04becbd320e5837a2df880095bb04,07190,guarulhos,SP
219a14804135f9a0b4e76c88de0b5cae,22e38ff4e27e7377d727eee723e12b00,28625,nova friburgo,RJ
5670e8edb5152237d23bfc18f0c96e72,9e5c0aa8fea0b95101919e8381480c75,35700,sete lagoas,MG
9969ad5edcaec4c09cd4e4021d5feed9,d129d88f16acf0312d290f959563acae,50740,recife,PE
9538bc63a8c734af9f456e5e932af9e9,f5dcd5178c6c7ce8b09aa0b13589bb62,92310,canoas,RS
3f3e1ecfa168cfaffdf4bbdc26c8fd35,51e32dbab59f703df32796cb616dc90d,78020,cuiaba,MT
16f09deb508bd78385f0589498ded0be,280c34dc057ff9f3cd17360673d4b87c,95914,lajeado,RS
cc385515e1e2e16798c876b78a024190,afabf6c6816e00a5d0edb86c3de3ed46,27340,barra mansa,RJ
2e0d77f644907523f5bc77ae90791cc2,fc770c52dafcf252a79d2dea5bdc2e97,41830,salvador,BA
877de6b09e86d78beb4236871620906c,19a792d3d544bf534045106b02280725,79560,chapadao do sul,MS
a20abc59a2b88e8284dea1ee1cb11b10,b0fcd51ba7c5a5640b29bb17a5bc023c,81880,curitiba,PR
d120c21be52a1136c423dad6a50a75a4,fcabb707b5321219a0a8f54beff496ee,52011,recife,PE
4b60b3ade055c6ad88a00758c8e8a162,b88b78a413e70182e18b032361b24f91,44900,irece,BA
6b39b1d56b466e46aeb889194235e77d,2755ddcc281dce018ef19e1f8e54716d,13530,itirapina,SP
394c35ecce8f2fc1cd69d1eef55659db,47875c5a4c68a629e1b81e551fa564f6,21311,rio de janeiro,RJ
e6f0f3f195361a841b434de6d1e1103a,c42e4b64a57931fdcad245a1ca004728,17900,dracena,SP
96530093e1f224383da249e21be5787b,f20d03ab638209de28eec4076c1958ae,73015,brasilia,DF
19ac278967f42fe0240c4823824594aa,5a95daf3900225ffe545478a36feea4d,22745,rio de janeiro,RJ
dd4f0fe50c8b7c85ef603903c5e2e383,6f14e7220dd419f2659f0aaf9430d9af,22230,rio de janeiro,RJ
7230de3e56839c3629d3f5112470b85a,0ef696905278c52ffe087778e1457d97,13171,sumare,SP
53aeda88537c0ec7534ebf145d399cc0,de33bec53d9ef966e610993d9981e01e,16200,birigui,SP
5e629f5cad9941c1f83b0ac0e287348a,dfcf48a95422aaa787e7a3200b38c8fd,14750,pitangueiras,SP
af7945915ed20b1c68b178280bfacfd4,fbf32aaf0ae5abe6f9ad3aa638c1af43,06436,barueri,SP
f3faad339b52d207bed5cfadeb6ae797,c22a7089b53d7c76d7e051d7d081c504,03090,sao paulo,SP
06d99479baac3413561b21bd7ac27767,55e2a75ae371722e048b5e9ef87e83c3,04571,sao paulo,SP
887ee2fb1f315de3bae3937191851612,02ce856522310e96cddf763e086f3221,22071,rio de janeiro,RJ
ff3fe3b5d1013960feb8306734a10ee0,1a7124f3d60ffcc44e20dd296462b48d,20270,rio de janeiro,RJ
7aadf2d7394cd9b911f7b1fbc9d85bd9,f273c9986f56530612169a7a40dd9140,14098,ribeirao preto,SP
3aea78863339fe213efa7be1ed4299e2,482be954c9c0f36c8f97df55f7359a8f,04472,sao paulo,SP
8b6f7ba395e5eb6b7f722e8f329b25c7,f29d39e1f3bf25b0a4998540baf4e7ad,35900,itabira,MG
7e22aa38ee8f6869c7efd3348b63be3d,17e0f8c75b7598d7786a43f257e5453f,02919,sao paulo,SP
dd3ea9d48ebef85eeeeebc41d577bdac,2980e715a2e720d19190f580767b129f,28925,cabo frio,RJ
89a4039536234dda76270ebb007d3d6b,e51f7a0bf2bc5a3fcf6ef18319cd4456,06705,cotia,SP
6ba66a8857593089687875fd781e8efb,55c84cb5528ed1469244767c831c678d,03186,sao paulo,SP
e2c58f1e51bd85bcbd584fa798847e49,69af5b34eefd62df6f605f2effc5524a,81460,curitiba,PR
cb196971e6f67237a41f2fe6235bbaf4,ed0ab782b03b402c0cafde88067ff9d2,75830,mineiros,GO
6bdc6bd2a184acd029712b3ab0037565,5f45aa4ef9b8fb99b95d33a970bb64a7,02337,sao paulo,SP
84b76e9f9c9791f2ca2756bf99e471b1,f37230f81e6b31a1c64bb65973fe4cc1,32685,betim,MG
b50b3f5a150ebce5280859bebc2f1d36,9715d0f044b4ba619431cc31193ac755,38412,uberlandia,MG
23c6ca6150d5e6f0bd50b6fd7ac82aeb,bac9812cea1445d4a6fb6259a117932f,02998,sao paulo,SP
3ad50050643d2d0351f42e42776550c6,71f7fb7836de1ce6de5598840d851b86,38401,uberlandia,MG
5d7dc2dff569dcf724eb12ec50740e2e,60799935920e33ddbc14527820597e2e,88750,braco do norte,SC
96d1f87fec96475ce25b292d7f76a557,8e2360ce3c3421a492ef3701226a64d8,27255,volta redonda,RJ
cae507afa38570ca8b08ae0cbcadd5d5,490aaedd703d157551ba484dbf0ec17c,13145,paulinia,SP
20d25a697a5ffc1a641fa0fa5d455b51,51edd9d3ebf61099b23bbe25d4d81956,07272,guarulhos,SP
da6cb7e84bfcd07e870786f37895b6d2,748023de9f80b6385f2873e3e492253c,40255,salvador,BA
0f070cc92828460113c3fa4bc1d16968,b4b4e358607756abc368c63ae6e284bd,12327,jacarei,SP
5a69025bd00a6950e3aa782b2213aadd,5e2d8aec6009ce6b41ff04c47cbcf314,28897,rio das ostras,RJ
613e5140d40c87bfd6d9f39f0892ea94,383d3467a4c68eb30648087a9373525b,38810,rio paranaiba,MG
2f68abf93405bd413b5007660467e113,f69d38aa20836e5f4af31b007cd73783,01231,sao paulo,SP
b9c84df370dea836ec452ed49cca4c78,340031e96a08c8ef82c884b9348b9dc9,11065,santos,SP
1e40588bb4f9eae6bd4d49e929ef2b0b,c1ee2cabea2c6689bd3f4fec359e76f9,03320,sao paulo,SP
d13a7286a1134d92e5683129e5cad53e,f15a9046c797a0d3fe984e85941b7db1,12215,sao jose dos campos,SP
988f1b1b4d7922adb1b70297950c5da3,9b52ac9b6af1646f9370e15052f6c639,24913,marica,RJ
3a161bae49880d0ddb3a1e151496d90b,3f74ef65226422546cf47a8de224c41e,83260,matinhos,PR
84fe777cc65bf2b45cfaa88b6c1188e7,4a080fbb39cea0bbc34236191a82140a,40110,salvador,BA
05690e3a455d0a0ce461ba6f50b39fba,236dacbc1f324d6a99fb16c7a7fa22cd,27350,barra mansa,RJ
420c703f3f1139bbf850bd6d8b31490d,55c5978e98d0ab56ad296f581dc0b65a,05867,sao paulo,SP
70b9a93d19b044822d5e5af9e673f250,d5f10de578a314bd35362e14c61a7bc0,35701,sete lagoas,MG
ae9b61a69c752fc15eb4944d0c7f0544,4365cd5635c5ccbfe74f5d39fb3c7830,01412,sao paulo,SP
9e28e7712d72035236cfbd785851e4b1,47c05993d6a2369558d2f63dddabcf0e,86900,jandaia do sul,PR
4e5e4764ac759e7ff338f5908eadae5f,7aa19c73fd757e2a018d239546c93fcb,06365,carapicuiba,SP
c9c174ab040e0d410c0c32e94582ef5d,a14591d44d31cea5b4132c698b961067,20241,rio de janeiro,RJ
a5b454391a2ec8f9245882a258186cda,492f1b0229ac29e6f4fc11e9753f5d79,03404,sao paulo,SP
cfeb304b0bb336936928474f8969a5a1,084366719c9127e938b149e75dd48ad8,33400,lagoa santa,MG
fa60dc846cc1ab755dd1768fc500b400,f8abc116dfd2fedc52825bae1ab37a67,01027,sao paulo,SP
4e6fbf386c2076b95813eea3cb438a14,2692df37eaab6026ceb6a2e141152d4a,86031,londrina,PR
6b1155994bef28cfc2294616b033dfcd,4ed7886e919c46e34863657e510bf495,77023,palmas,TO
b249a228615f39c7b6fa3bf1f2ecba9a,5306c9497d6578586cf8497b93007e90,25882,anta,RJ
d0fd1441f726eb4b038f33dce66e981d,a227b1b32efb18bce6c5d3cbf9096e2a,02420,sao paulo,SP
3a10ca9fdb3b43cecc4b8e24f9759e20,87c8862d8281c68f56ca235fd93fd0a9,79980,mundo novo,MS
e6bc52e3e443d2ac256c764962bf842f,f0e51cdddda58afe98518088e2bb964c,14805,araraquara,SP
b6ba2c8d887b9586b6f9dcd3d7ddfd56,13276b6aef4e9feb6042608046877493,83501,almirante tamandare,PR
1e12cab34d9cf45bc63eeba696c4ee3c,659212e1ec89c7d2bdeea02f8f027dd9,04160,sao paulo,SP
19964f5b33d31824f50a1ee628f5191e,7731e526b6e7ba255e67ee322a49b940,99190,pontao,RS
1479ff715a4d0d50f559fb434ffaac23,67d6a4689d69970e70ea9a37ec01b17e,22753,rio de janeiro,RJ
5419456ce86985adf34fb7fbb0d22daf,4b2a90f97fb6d4022044367a62d2aa0f,80730,curitiba,PR
bb59f210055141397a6926e0a060e48a,10848dcd8f3dcfe4f7de0b6e301f10d7,03220,sao paulo,SP
6a3bdf004ca96338fb5fad1b8d93c2e6,40d1c2a6b8ac6ccc102d473ff51cc46d,29156,cariacica,ES
9aaad80a9eba88d21766074b44eeea1b,e9d9c528e20f40315ee397c988b10997,22730,rio de janeiro,RJ
1c6579ddbb2f786b7e5749ee5a227b14,812507a0e65151f744bc39ee47915ac2,12223,sao jose dos campos,SP
6143a8e0179e0771a2338d843163b338,15fcdf53d7a8d73fe5e95abe5d965b6c,11055,santos,SP
6bba6f64977c6b367a97039f2cc7cc64,4e8cd1c9fa889e1cd9622b87615d5251,01230,sao paulo,SP
bbfcd35b7bde08b872286d6b3d74e254,8b562fe20fc1a0a18898b2dcd62008d5,13601,araras,SP
772f51102a1110989a91e1d3a62a8ef2,d7b66c27f706dffaafadbbbb84b704b8,23070,rio de janeiro,RJ
b710fefc4bde32cf4e439ecb01c0745b,9dc0bcfa8496ea146adfca26ce1ce551,45200,jequie,BA
c60e3aaf686d1977964fb0f7120b21e0,661e47af64e226f008685d742e52c2a4,38700,patos de minas,MG
bc71e53f95bc23680e841afa02fbc89b,1a24342603dbcfc1c5be4e2e574f9e9b,25963,teresopolis,RJ
2bec50359568aa1da8a53641e3d74e78,4fbac054b50006ce51a42ce03c73d863,87301,campo mourao,PR
ffc261b1c1e12a951ee0fc9d27463d3d,161a05ac5d836586e915d1c3840f7ec3,07991,francisco morato,SP
ea5cb9da00ef93de9dc60b6b4286589e,1a35f28e0a73098a686e8cfa59cdfb34,18087,sorocaba,SP
eeaaac21f40da9814f3b09b3829fb4e9,c80e8eba85e03db9cf73f0ed349d18bd,84130,palmeira,PR
1a6fdce580e785d2b1348c0efd45504e,0400cd54f629df117d18b4104f4d125a,29704,colatina,ES
92b28c41e27f5ad13c88675d208d3d3a,427e0d240e383d4a63ae6ab7dfece988,02206,sao paulo,SP
23a1cd84da198975ae1eac2ce6e03b9a,502120816b4348a2c08e2618a41c93e2,03930,sao paulo,SP
9a2c29ec1dc69081f67b635a67e36231,428e8bd29641652d41f0584016e0be0f,19830,echapora,SP
f1bdf27d218c669055685957b5910511,060d045d6d20b218921ded6f8ea42748,36530,sao geraldo,MG
b99655875e88535e49976ea21cb258a1,ecebb5627b6336378511917b54a81405,31525,belo horizonte,MG
421e69b9c8a123f396f26466112eafeb,ae13cecbe00bba4580ba29e567f9ce2b,07075,guarulhos,SP
196589770e3a1f3bec937543f965046b,384ffc528dd30fd49eff3dda9f00ce86,13875,sao joao da boa vista,SP
63fd4451626a55e8cf2354c7fcf7d70e,1341ca108c9d2fb138f7d15fca516c70,42807,camacari,BA
29ee61d7bce36b9cf564afc6bede150f,20001d07954025179c613496803181a6,67200,marituba,PA
17393f9d8000b7d8b8b0fd32265ddc57,d1e94934bdb1861489d364a2523e3829,13050,campinas,SP
79dd597ff7e371b512f0a22caf4a08dd,b7bd50b8601e700f94572209518a9744,74433,goiania,GO
1582c109fe600f17495e417900294900,3fc2292112ca0cfe78318b9ce6593e30,59380,currais novos,RN
e5540278ba88da3db9ae1482cb3135bd,7f3f4e92260ec6fcb7e9cdfdc2b231ac,14780,barretos,SP
ef81ebfc786a732f1f6df171799c30a5,c59724996ebd7942901f11a2ec90defe,85460,quedas do iguacu,PR
0ad9634a1ba9f9a346b6925bcdde7ae0,3daab7e95e835a293a9cf858627e7c24,89700,concordia,SC
ecfb9ec7bad30c391472451deed6aa92,95a3ac562ffc17755618fb67ce57ef9a,95041,caxias do sul,RS
e9ea2cfc8b1f20bdae40c9d48f4c964e,e06f90c2401f2cee50f73a0ac5bc8741,22753,rio de janeiro,RJ
4b339b812b88b697ecbe6f20baae7e99,397c43786b70d47098b02f72c2ced573,18113,votorantim,SP
d499816665f38ec594f2b11a3d732079,e90b08b050dbdfea652ac5acc8bff261,76400,uruacu,GO
669a87ed9830ed7d79b3a22210a1a52d,29eb806efe56d9cb4c9532edcc33ef15,13974,itapira,SP
ce63721c88f1ef79883255c7d1e7b1d2,a3557c41add815192a02cf3429cbe2a5,12245,sao jose dos campos,SP
b797f0849d0dfec16d6bebfae8db6cf6,db03f5d6cbe86098fe06a3e26d6b4c6e,03929,sao paulo,SP
8780d1856b962bc12e671a8fae923127,fa95b90dd09a507f7f3047fc9ebd3b11,09271,santo andre,SP
18538d4c5ba3cf1a66b9a8c4aceb5e84,9c7751553d42cb89579f028bfbbe55ca,13800,mogi mirim,SP
e6483e4d87d4b29e45d299d8c2cce5c9,2aedf0bc7d7202ac00a0d7bea68a310f,24440,sao goncalo,RJ
c0a56dec29214ca8e10a81ae440b6c5a,53d9311d650a3e6bdba4696a36ac72f8,74810,goiania,GO
0b9607b0407236a9a7ef6f47227fc5c6,a60896ee4449908b09333a08c2113604,03307,sao paulo,SP
95478f5c3c6dd56be5a6b7fdbda36f6f,d6790cba989a1b34d2044f342a1594a4,87705,paranavai,PR
77dcfcff30320d1bd63923be4386dd45,2884368bba31a6960805867d52547bc0,02212,sao paulo,SP
a9e6c48378ae343339cc2c6f85fb6cab,0dfc182ea3002b05977bc575edf36c82,05441,sao paulo,SP
6a53479026877bec7081573c4fb9489f,459750d77f1b60728d05658220c0fa04,61602,caucaia,CE
bad68e8c4f52ff74e43fc36f3c1e2978,ec7e97fbf38a66669f8e1764b9c7dee8,31872,belo horizonte,MG
5a6ae5b68fd27c687c4fe130b679691b,8303ded906a12765f58a59e11386acf4,27283,volta redonda,RJ
f3f5f2c750c64c3bb2a8d10e7c511d46,d6bb6368cab327143f1b8976431bea2a,28400,sao fidelis,RJ
b67a2c02b5d02f770e322cf5961378f9,22e968b0b5052b75b8b34f2c798192b7,58315,lucena,PB
679f235b5bc8e927fc1279ace1e97ab5,4d7e5b2aa896e8fe0b2a85070b6558cb,07083,guarulhos,SP
3f8814ad16cab376ba05899ce60ab113,387374337b75210c1655087cd3f6d089,04131,sao paulo,SP
c5293253d2861ddfc7811223b6dcbfcc,c9600276c55089ccd37cb1a360609101,13450,santa barbara d oeste,SP
f4e030ebe8c888648220fc053b482cfe,e8342c41a4f898c625f00dae5a8c41ad,22031,rio de janeiro,RJ
2d5bf8c06b76ea4c7e4dcb478b2fee54,04f54cb09b4216795433e4fc5d0db66e,04104,sao paulo,SP
7dbd177b3fa902ebeb7755430b402694,854cc8f6c40c2505c9e1518fbe671245,28460,miracema,RJ
e747a1f3f5d2a25522b4d67db7cc6a13,5c5ebcddcf017f5536c19c8e3c55da4e,53170,olinda,PE
84e743e64c00de51fbca1961b407c3e1,743d54d53beaf9bba644cf4538595bc3,15230,adolfo,SP
5562b9ca12dd2d9bc4deaadb6774e3eb,5de99aeb246c239dfdb3db80bd8d8379,45400,valenca,BA
c9443c7ba953a58193efcf1a2a447c00,4400e681a699edfa0228e7a79cd3a945,89224,joinville,SC
7c6f85d218c8e1b11d5850ab745c18ad,1246050d2638f9e4be53786f32294650,18460,itarare,SP
068789693897e19b35ea3b9e71613c75,34a7a16320425b76238d17b877418323,19780,quata,SP
e8b75845a700bb574b2346b8f489736a,7983fe58c2fbc0c8ef3ebd2afc39a7cd,05051,sao paulo,SP
dba5c5d9224fbc1791410059bcd839c6,e2dd3f430fbd6082c265b8d1909377b9,96770,cerro grande do sul,RS
758d50f309f2f5f92b1d45497b54bfb6,b8363ff39b2e549ce62a62b0197ddfe3,18080,sorocaba,SP
1a66bf0ca8926c664ad542e9d551805d,31ced9dcf0b9cb2bcf848efa71a57e6a,84032,ponta grossa,PR
6da5b0e51a41b4d08009f2ff650695b0,0e46cea94f0f8f05954e2eab866835b1,88020,florianopolis,SC
0d7632a160295b6f335a091a24a15cca,0dc3a4327bacc5b339d49aa33120365b,15084,sao jose do rio preto,SP
bfe5554fa64e090da51911511e22c72a,4f2aaa36996969aa483891d275816f43,86490,ribeirao do pinhal,PR
a68b51c78cf1152a678a8c76f6fa10e2,4e54fcb327bc9d17225409a411114e58,07072,guarulhos,SP
f6e8c30f4b6a4708456c8a47279a22cd,0545ab6349de18e6a015b68c6eb2a377,46190,paramirim,BA
09a0d5917164e6feca0c77b00f6c7a1c,640e0d867e85601bd8e64029df6034b5,02534,sao paulo,SP
c9a6817d5766512b8b059a88d3e64bde,a5011800048558a00163a858afe02674,77016,palmas,TO
71179eaf4b20880be945cfd2a5bc6084,25c136107d37f6ce7ee99dbda316c4f7,02925,sao paulo,SP
e9bfc2119e76c4d6a8effe8e9ce67033,796ac95511a7315f314e0a4459bbc411,19061,presidente prudente,SP
60134a69479bd4d54c03fd5076bbe984,8232307186e5914a3bcf85d23e5f447a,28800,rio bonito,RJ
7d0e8b3cece66d111fc2d6921b068abd,7ff16ad2e795bbfc09bd07c19f45712a,18480,itaporanga,SP
1627d83d75ddd45965f796d873ff4c1d,fedec1d849bb1610d1af0bc083437f63,60120,fortaleza,CE
18d11dc3fad6c82dfcec94b649579acb,5bb8a67ac07b79525183f566a4bd4af1,07865,franco da rocha,SP
f51367b72c767679f023f314616c1e6f,54f3534b06647f1edaf5eea3d12c698f,35162,ipatinga,MG
5cc48607521a18de6b6e2eeaace14501,69d53f96fa1fd127565c68e0c98bb4fd,89750,peritiba,SC
3e9076ccb5adcbd5279603dd989c2f70,05af29c66d8591d7e3d1c6e8331e60da,83310,piraquara,PR
9ef02e0bb31e88a1fde897b4adc31233,abc44d14ce112d264ff9637967e98106,84925,pinhalao,PR
91b789900931079575ec4039758423d5,2bc046cc2566b168abea7da506a657c2,88815,criciuma,SC
3d611418d3317f83cc72fa55120c25a8,02105a58e384edb89a9827dfd3b8173b,02550,sao paulo,SP
dede148f17af49188c0b9b70e3fa7f69,ae464baddae45d845430d35a6793582f,09061,santo andre,SP
0308cb020fb67d56a42bf1296f77dfce,31f587e5afb9ca5efad537ab69de67d6,11350,sao vicente,SP
1fc40138df3260f59a3626133e0c57d9,66aafcbc412f342016995fc0b5e502e8,29101,vila velha,ES
2835fc229807133f646ae4245e5e6150,c65c16639de33db814f8b384177c0ba3,13060,campinas,SP
36fa9776dee38b20734cac9f7a382be4,857104e1bfb81cb14e88ff07d1b22c70,26012,nova iguacu,RJ
4b9dd5c5b1842454d365eea181e77012,10f249e9347c9e7da03a93fa0169e177,08544,ferraz de vasconcelos,SP
d28767001f8090e62a952170fab647e7,7379b57a7a2b9aa2741a1c564138b99a,03072,sao paulo,SP
4bb0b6ffdc48ed8752a69999f1229f33,ac776301a506fa86fb52a5e08c282df3,46875,itatim,BA
7cd543411d01eb7daaaf8079121163ab,7325b16be35dfdd5f02f3101aba87282,29106,vila velha,ES
f13262e493e128d15dc1b5de35fcc5e6,7aae9c32de3a1de4e4b4a6ee7479eee8,24725,sao goncalo,RJ
2b807a72efe83313165d8483f02d95dd,36e0e119cc6c81d22ec365f13c156ba1,13720,sao jose do rio pardo,SP
9dcd979236ca7ee761d401e452d75665,0a88ebbe1aa2ed7fc135986ced8a6b5e,72241,brasilia,DF
56a5e4fa7055699b07bde561183ea999,a30978aee433167a339b46d2463b81b9,22745,rio de janeiro,RJ
442a8d84f052ca755b763932022a8bdf,b179fc545496f717862f81b86b2525fa,07081,guarulhos,SP
40fb1854bd3c770f504f315619aa2805,8d7a9e15cab735c9f85a8611ff5a06b9,23059,rio de janeiro,RJ
2bc510226c45dbedc779fd0c67b98bf1,8b2c813f715b59ee04ab0139bd9da817,20771,rio de janeiro,RJ
1bb5205b5301fb7f65cb391f83869615,59e7a0c3c4ffaa250125946deb8d534e,86770,santa fe,PR
02e6202903c54e4ad1b6cd9d9bc61680,6968fc3480e60596b29c56b9f4a003cf,13900,amparo,SP
efcd7d8360b578ca5bc76b33ab4b3aa9,e32adc31eb7d235070c49ce1f8a946db,29101,vila velha,ES
38a501b835a42c582bb16868630cba84,d7fb53d13ae254079b07326898c76667,18072,sorocaba,SP
fba700a28090dd4cef5433076c454f4e,4054e1e82fd95a834500737c196bf542,35171,coronel fabriciano,MG
8d0cefcf69559a014ec1ea6e8ebca2ae,27da09a1dfd834f3c6888caa2319063c,24457,sao goncalo,RJ
18da0750bf5bb2807da88223aaf6117f,c9a4840a344c95379a7250c3ae869612,11432,guaruja,SP
bc418db9d598dfdd2b30fdd33bf541d0,a2284b353c301135e29370ee886454be,24230,niteroi,RJ
3b25473eceecbba95c66443d85075e94,c7d59691aea3698faf39f497c1ced56a,81230,curitiba,PR
ef3da544901e9868b3e3c78075f99386,27eb793afb099ccb5d1fd07f314fbf77,20540,rio de janeiro,RJ
6d9200d982960db3b28ffbff6daf37f8,7d12a2c663520d57f42558364063db4b,28400,sao fidelis,RJ
d375691b753ce7bc99190bc08b813003,cef29e793e232d30250331804cdb7000,30620,belo horizonte,MG
52b56e381d745120ffdd216f8b484675,f0f881d6e90b9cccee6316ba9a29a00c,03243,sao paulo,SP
841ac05302de635820f01b00bda1a57d,eff6192c48d07995aeac0af479965353,21330,rio de janeiro,RJ
e1f09167be22498491232558d51453d3,5bdb6f56a8fb4272b802f504bb6d1287,12980,joanopolis,SP
69dfabaf85cc92de6ad47cc49070642c,ba6864262a43be8c0c998cfc68016bc6,51130,recife,PE
3aa067bb9a756282ef198ae577298bd9,eaff5cd23fd2561c791fbf1e492f5dc5,88133,palhoca,SC
b7bf1e5068f7f1f96b79256cf09a6f56,a69bc3bdf000ea4e9d4ab48291597c2e,01535,sao paulo,SP
e2ed480f78062552abbe7d7ce1fd9dcf,ed0194ae2851ca488607134c34708713,07155,guarulhos,SP
18dfbce3c934e6aa3a004c654b328852,853d38a8f618cdf86041279dad2d178b,38183,araxa,MG
0b60138b038f460baefa261d66dac712,40aa7c86550b02c4f65d3e5ca344c7d6,38810,rio paranaiba,MG
bd07f957967b0f67e147585478c3f2c0,6627423ddfa79c28e4488b16b7b9d6c2,30865,belo horizonte,MG
11c261f43a86acaf623959e3dc1ae433,bf8679a3ec7925ac3dc88943877facde,08471,sao paulo,SP
1d8301ecbc5e43043f66ed6b8bfc8009,16afed47cbc3a3f82bb8147db7ad6fad,27935,macae,RJ
8ad90dfef2848906ab9e9f32cc6a7f3e,d5987794c00a42cb575f6479508295c0,18087,sorocaba,SP
4bdf8269eff0f30a5f8c14e9df179854,564ac5c8787de7b833ff45639347e145,19400,presidente venceslau,SP
ee1fb534e64d33fcb16a1023dc721a24,1bd9a5bbb6bd58aff597ffaab9d16cb5,86702,arapongas,PR
63f7aa07b0f29e88dcc81b0b18853618,8c14c2641f8b24e5968e868dce6f7922,31744,belo horizonte,MG
f6eb8f504aabaa9ff9bfe57d5200dbe6,2ec0c3eb092b2cffb5eb4c61299b71fc,14096,ribeirao preto,SP
61c13a14055ae790011592fbbd0a4f2e,06d610825adb0c6137385eb866026d46,62670,sao goncalo do amarante,CE
31d3659dde39e27a3ad1ffe5335ac5ba,9bc158770d28e135f48b0c3fb2c21d27,97590,rosario do sul,RS
2c5cbda7de463d91a3ceaf9ed04f9239,755ea1c336d6f25e8baaa2116a24510b,21760,rio de janeiro,RJ
3c77dd4951dba1fe8d9bb591b12abec2,8c865dea8e5392bf8a4cfbe878e9e4dd,08567,poa,SP
7959f0273106fae265f111d071c1fbfa,4349311ed52d9cf8918d3ad57c7ad1b7,15360,sud mennucci,SP
1b4ad35cb1feaa66c6c7e1cca7efc4c5,0079b7407a428543a7f178cc09164035,18017,sorocaba,SP
67a973fd5fbad181639e544e6edfefd1,d17092d3f5a13376e9c95fa77289fa8f,73368,brasilia,DF
0781659176c3bdef80a6e2fe1fbd24a0,0cb6bcb4572e64a3394ede6448db0482,84600,uniao da vitoria,PR
d74d925687122c0d1cc677e244620341,b2a394fea93b8eb9996e841e9b1f3328,31540,belo horizonte,MG
a8e0a1db9067553bedd48e45e9d20320,f5bed7cb6bc615441e6ff7cbec4cced2,12910,braganca paulista,SP
f3f75a99e48d4da981cae17479d41504,f13b1455570e2ee131c0c69f578e1dd9,91750,porto alegre,RS
c6e3f283e7657e8d92765c2ae986e1a9,b7eabe511ea06d25e67e1f9ca3890620,05128,sao paulo,SP
340fcfd738e48095daf5a9afec990096,e63bca828db25447c5563f2f580c7dda,66055,belem,PA
e024d0495b6a3a0ad665becb6452206f,942507885a441e329ab26f393af451ba,14020,ribeirao preto,SP
24a9d9ed5262306de7a4b0925ada06dc,2548ce8e60025afcdc81a1a44c3caa9b,21230,rio de janeiro,RJ
b2e698c6de7b1c259c522cdd740bff4a,81c78213baff061d679332c8b524a1ba,05176,sao paulo,SP
1fe4c3902c5bd6510a869b3d4fd3843b,123ecbb4fb560cff85dd1072dd0a613d,22421,rio de janeiro,RJ
1925b748fac75d83dfbef4179ce1b880,491202fa41b373be7a3ee51c73d80949,22221,rio de janeiro,RJ
2aa80ed97e46eea9e72138907912799f,ca4c819244dcfc89d532bed6e629c80a,06540,santana de parnaiba,SP
1292d40b311ed71dfb5ee06f351b6fc1,485934e16363d40b17da7b832d237ce5,28930,arraial do cabo,RJ
3ce5345931105e4e5e8710d5ad3739e4,7fb6db76737f019f045f48f7b9c9d3c0,12710,cruzeiro,SP
06201fb5b7821133eab9fe2113d7e6b5,8704d77f2ebfc69c6059aa7954b10c5d,96070,pelotas,RS
a0e47f67969c2f4a301e64a2e191456f,86d4ade546938f7f81621ac41a89cc5d,04504,sao paulo,SP
3f0990509a5132d2af23ecbec28c0ef1,77d56f7ed5168978a17035fbd536b2f2,03275,sao paulo,SP
3b9bd84c3c4f91e956798211b3860c6c,af72ae566718246c26cfd38929653084,83206,paranagua,PR
3135962ee745ef39b85576df7ddbaa99,00b2ca23369b68c4d4105ecea9c0cb93,62970,alto santo,CE
41d9228d4afa508a91c5fc354ce6bca1,819c65629034acc8a0e1c096c2c6715d,25900,mage,RJ
24c696d961e37f3e72e7ab2a766390b8,576c48dba65a0dfb073b5e9f38fb0d17,88508,lages,SC
bf5194ba2c7eaa75eee856b4b61114c0,0c708157885d07ce329f4fe6dd44f8eb,06213,osasco,SP
986e4efa44089b9cafd44fc27ba74244,a4c5933f802852e4550538611058917c,45990,teixeira de freitas,BA
8eae9b7ce7fe19155f390b90d7f1f750,c7fff60b671adc83799c3a87c0edc6bb,09071,santo andre,SP
5679e316d4dc59bd429d5851c36ed6c4,31e53ad1c93542be3d4eed51f677cac0,96835,santa cruz do sul,RS
f4f32a1d492eb00e6139fdf985548136,76ab1b49391ce566431f4ce1d52b3f6d,57300,arapiraca,AL
c1f66c1aa023b8b5a0f65327465efc7c,4f114ef058f9d3a854fec64219e8d91f,08150,sao paulo,SP
783d233e64f5c36e45794c0aa2c99401,063e563c60e718859ed7a9708d0819c1,35790,curvelo,MG
afdd9ed40f5403d7cb0718d376907908,e3e39a09d1b8ba13831288a02a07f01e,39440,janauba,MG
4810aaf21cbaf4e6a887e42cae0039e0,c9ff95ec8ee314da72d3b0bbea265616,18270,tatui,SP
13d1ebce1606cc152181e65978d1e7f5,f78a3ca3b592aed753aa6e98ca754552,25615,petropolis,RJ
b83d1e4c6e630ab8dd058360d47b4c17,088c8450e52617191d11971c40e388f2,18600,botucatu,SP
4d1bb864d2216b84ec6b54fdfa3694fa,a647801658ecc65c5bd7555564398b82,22021,rio de janeiro,RJ
a62629887d7ef9dfe2a8a23124af269f,6cd4d3c1e9b752a01acff6c8f55dc5b3,83408,colombo,PR
6915b266c843d2173c26493656177e5d,a5afb1cd8d3b8126d2d39a7a29880c09,99615,trindade do sul,RS
93ad62fc1229e9099881648f34813706,5506de51d8ddcf415bd12d9824c38eed,39644,francisco badaro,MG
9b678f5f6f471e1282c0524ebbefa782,fb71ed60806ae68abb00194fa02647a4,66055,belem,PA
2794c46b0d52ec2f9a14871b669cfd51,44339aa4c4b08945b97eef04d26efca9,08257,sao paulo,SP
b7d2c0ccf5e66c2d1c496d6a8250eae4,0367371b350d144bb2c4efd70458249d,82010,curitiba,PR
922c46a72c518d3188451f4970736540,b9c40cf57e5c906df8abfd8682864943,37548,conceicao dos ouros,MG
62ffae18a7ca4b2e681c6296180ae346,81cfe11d1b667c768e77b6a9db5fe9b3,22790,rio de janeiro,RJ
690726d495b268cc7b83e2134970f7d5,e629d342945b71c06114c559dfa37b9b,14825,santa lucia,SP
a48b14b74f4daa3f589086dd35afe553,e2492e4188991b6276a4a62a287a5451,08880,mogi das cruzes,SP
8ef068a69681113e7a8d59ce98f23c24,ea963389a3d0298f11f13b19de11dc37,05415,sao paulo,SP
cceee7ffa972348a332be8e08842dfb5,a5ef603007d4cbe6d648f289e29811c5,20540,rio de janeiro,RJ
1651d9c8b1860f3af49d1a908b8b47c2,1373e04979cfa0fb2092909abbd57f25,45400,valenca,BA
f976a6aa7c97f6713c9b39e5bd74e04d,d7a86208b8dd2e697ddf825c386a0402,12246,sao jose dos campos,SP
40f690829946d9fc65bd911b9f353be0,99a7f4c7ca680cba9733a56f1ee33986,01508,sao paulo,SP
bd66d303f3c88fec12d78e527e6935b6,81842ed372f4a8873582eac1ed85f51b,04112,sao paulo,SP
391896deec196c10c6829f9f4e4ce719,fb55cc0d232e5396cd8c083dafc0ef1a,88990,praia grande,SC
28a451491753dc3f4c52bb8dfea902aa,40cbf2d82a88f3a67c2c60fa1def7157,88106,sao jose,SC
a5f596b7a0f0b2b04aea6e8c4d809be6,edb7c3435d0e6dadfeaf333ba1199f29,22790,rio de janeiro,RJ
12c50c22a6f04953fceda99928b56847,3bf09bc70fd7722cf5d9f48503375cd0,31140,belo horizonte,MG
92af427e290117f39d9ff908566072e0,e61f0f032bc92cadf0ec55f9c1c8b5ec,13848,mogi-guacu,SP
b1456aef554ace51083ee1a97fcbdade,ea9dbe6719ce1f77f6b030a306f4fb84,39403,montes claros,MG
a15995cdfba8c4758aeec7fc37f1df17,602e339dbd10f74605b5da37c4c9d5ca,45928,posto da mata,BA
048c357b7c10797e94b41047a42c351b,221ae88140600106a982acb69a0add50,96506,cachoeira do sul,RS
d8b3ef6f73de33ae716e94d2478cc080,9ef06526b8e57a567ed6f1dce7ab0320,65365,ze doca,MA
dceda171b3a9fcb7eef3e274f6f2ac94,8d5f799945d96f307c8726415cb4decc,79104,campo grande,MS
054ab203cd9764221a28a41cce1e8cd0,57e86b52c7ce571e809f885b2d802f1a,33015,santa luzia,MG
934bab8309cb5fe3e752f21cea484530,d17aaee81356e6783a7df632a79aab57,29015,vitoria,ES
00aee581138f207eb71f58811aae25d1,7cdad7ad32a8ed3d160ca312e16d29f1,09750,sao bernardo do campo,SP
57205a3f55644a1df9ea81f81aaba2c9,5994b30cf00d1fa01b52e85a243cd175,97390,lavras do sul,RS
c8ba8e335e38b67f23ff297491aca48f,ddd6f16f9c6bf7becbdb7cde411c18ec,04194,sao paulo,SP
ebfb52120d564ecc1fd3fb67e810af7a,7b9bf77fe1fad37925fd6dc435c6c3e2,13400,piracicaba,SP
4ccd5436cac2c43451cdc82952924d45,7aedc0c20e98c4d80e7d02230c90f53e,15390,itapura,SP
18216abe719d24c5faf04c82abdf5e31,1159db37e256a4e27f777ebd08b4da05,59025,natal,RN
494470233a81ff4009dfb307706f48eb,bba5c297d23d1cae96e35ac3784d2801,59067,natal,RN
deb1182dcf5719b1a643649a2029846f,b94a3a62951ea50358ba1f0a6ed8f280,01047,sao paulo,SP
d5fb71112470ab15d46a457c3351454e,f484bc3a7e26658d421563bd1c4b6a14,20230,rio de janeiro,RJ
d72100dfddbecb3d8a9d74d3e35fd472,8582e99b42ea335c76a514143eac3bd6,06790,taboao da serra,SP
717745a08d23a23e66d92be837d3719a,b5cbb082f005ef8136d2b17f85fbbda8,01325,sao paulo,SP
4f7d9e4445d5919ca479fd6859374094,98eef1a36389d4148039ece41431831a,11668,caraguatatuba,SP
f374a23494f580eda86c55a7443f6e28,c9c2b386068c88ba3b35f6620b25a8f6,17060,bauru,SP
3180f06ec3182fe3f19c1450b62eb93b,22406430c77e3c5c701a349da37d27e7,31340,belo horizonte,MG
da7fc451a51f38c8c1b8b48dede669be,b7423e030079ba9035bee9855919f420,89711,concordia,SC
597eca837a19d2288235ca7df2966f4f,22b9c86ac8badf29636e4c9e9e6745bf,25802,tres rios,RJ
e1e49b430a59e70670e977664c8f2f8f,fad61b77c26ecaf96813bf7dc9e3ee80,85815,cascavel,PR
8d3adb13caefd60c8e611cb3f2a69da9,338b4e6aeffb2e61a252a00b59b23c33,81580,curitiba,PR
9253f3129e589ba0f06b50c306a2d2c8,4b163b67a4953c1234e7d932d6a8cad2,31741,belo horizonte,MG
1834fd3fd3fd0ed679587598e8b6d980,f8bc84f159a83e22ee092f005a852475,71918,brasilia,DF
79f89bb6e2b2dd5e459520e2622eb135,b68052fd1baff3a078738bae9a62589f,76974,espigao do oeste,RO
6e4b305e5412b2204719639379f38b35,84bce7ce9999b331f8c18d359fa0ba0d,58155,soledade,PB
84f73ca99a149e5a5d3f5eb3b83e2e8b,7eabee8b879288dd8c4da1840d3ea248,95778,vale real,RS
f687f0de29ec2bd67dc6505ff1fccaf7,675b73004011c9f3b49fe9e1c2529fb4,28860,casimiro de abreu,RJ
150c000d94442e397f21cc978f925d40,158987cc282bbecf5e0b1b4aaf9a8854,96820,santa cruz do sul,RS
f89df6ef365783b667b626aeaffc5e2d,20b3cac71a94917246f3ec368d36776f,09550,sao caetano do sul,SP
62c77341170e799a09752c9d636074f7,9dd1f1334f5687ab0e9196d943c5f81d,66825,belem,PA
8bd08da271c08b2d77b4184d4e5855f6,9fbc6085aef8a6c39c5c177e7634c4e4,75570,bom jesus,GO
2e3c87a1fe28dc56e695f7584818c62b,bfb7efceb9d7151266cdbaee986d2296,07023,guarulhos,SP
a9b64930cc252ddc772d8fd2db472fb5,4615825a69abba2fd1e57b84581856a3,39690,malacacheta,MG
e5679d11d9af9e08cce677c25c832ce1,b7a2132e279043f2c25eb4e588cc0e25,24431,sao goncalo,RJ
76e4b20577a9afb78dc9b7dd335316ed,4704cb39c34e6ce5e70d69d37a2e1431,05366,sao paulo,SP
1b93e31aac5baddd05b3188a82db777a,ffe76cb2f4bb39384c432d65ece67441,42801,camacari,BA
298bca5aff2d6407e8f6f356da8f4353,14a43f7b39e8f46a5e39cbebb4d38a6e,89057,blumenau,SC
21a9772e10934cf4598522d6ec827697,e46ab8ba305f9f4551ef55f7d461c28a,39400,montes claros,MG
e98719d1f6780ce146828b440839781e,3b82170500b55585ed1e146663291132,08235,sao paulo,SP
d6f6c463e4a50601d5e92eef94beeb1c,9ee39c01aec519de9494804d727b6ac7,23580,rio de janeiro,RJ
4ceb21edf64c0b960eafca68dab32de0,9b1d34d16dab9716505efa1e87a48e5d,04210,sao paulo,SP
494581655b5393bdb9195817e1314b43,26b10452a17da7c4a3f0c0ee7e975601,06890,sao lourenco da serra,SP
ef064585c1de7fab6cae13fae7ec85b8,97c1288b2191298ebb5cb2b254b6ee7d,39400,montes claros,MG
2cf9f0e26346fdac8219b33a076b4e3b,1de2c7d4f6c4c4a93ce7eefb314e6ba9,54440,jaboatao dos guararapes,PE
e89521c12ed7a8a782acfd80881f3b3e,7249013c9e600dd351fbb2c074d85c6b,60140,fortaleza,CE
7258ea0b59cf99de570d9c32c8c88560,e5a0a6fcda91e9d7bb406fdf31c90fd5,95098,caxias do sul,RS
a495090e1f5e00fb6e1301fafb05f43c,3d6da4b2af2bad3025b6f32d44c15ad3,22020,rio de janeiro,RJ
1b9aa90d016ad2968af5de5ec7cf0d64,e2fd4c6781935ad89e8781943f266cfd,23953,angra dos reis,RJ
d398ba7b07e152f0a90538e6c0a9be96,ee4544f656aed462ebbaecd9d3e7deb1,38446,araguari,MG
b1d8402502c16ac1fda54e0b6cd42549,deccdf437a66e6321442264be7bd60a6,19770,oscar bressane,SP
8b39f67a1a2670341656024a1b0a5d55,e015aa99a5c509c4aac63a2b6150d0c8,03694,sao paulo,SP
d80e4ee14e2b5400fd2ea5a2ea821be1,900effdcb9f6a5134421cdc91dd321e9,78053,cuiaba,MT
f6eacc4b1de6e9b5187151afed99c320,bdfd9830640a09302510bfe1d82e8ac7,12944,atibaia,SP
43e4aa8f5e956f0169a62f4b708872ac,ec980e080537095bce473c5265771fad,02258,sao paulo,SP
e1785c14638ae4ba1af6b80b9a123ce3,f5ff85b902f67682997fe98003cd134e,07095,guarulhos,SP
6bc095de9379a75fe58a5aff2570f2a8,4c4b590239dda8bbb2765ef508567504,15990,matao,SP
9fa5945995475c5ea3d5770681c7e394,e9ee8e9f531c542a00135750ac616b53,29215,guarapari,ES
91489087a2f86dd3476f0d949946aea2,7b1af6c1d00a207d73873832fc6d18a4,06112,osasco,SP
cb38837f9b2d114a6f916ce7a46a7120,d36ed360de4a062b46eb28b5c3c7392e,08090,sao paulo,SP
ac2d501a519f765a4b944b5142a19a33,7d1eb66fe2264dfe67bd847126a3eb05,13401,piracicaba,SP
806f3e02b4efdcdc15863987086d5519,c96ddd4f4ec5f80283f27a9eb6e8943b,13140,paulinia,SP
96b643bb9f71e44bd5c1a6681f7cc81d,080afd32070de419f334fd7f7014fa0e,31060,belo horizonte,MG
652401990964326fac92dbdf8ebd673a,d06c02b1ffc8eec2c5a45d968354cb19,85010,guarapuava,PR
7cfb0a73dcdd12e435a0f51414aa3e07,7042db5d6dda6bef228aa51b708f3579,45822,eunapolis,BA
7b633708bc80fd33de7fc84fd3d8b8d6,345805bb009291bfdf72f59df7392c4d,26950,paty do alferes,RJ
fef52039b5d18cbb16606c9793a55101,6df04ad467f4a36275f1f986295a264a,90450,porto alegre,RS
ef14b2612bcb6c6c79574ab9caee3a97,011733687890faf081be6fde9e7cc7a0,06810,embu das artes,SP
d376e6706fefb872f640b60550d25323,473e74969de69a321454f7ac201651e7,04313,sao paulo,SP
ca1f3487e758f630ec135b5e82d8ec36,57e8d047ad2beffb5ba6943bc16a5fb5,88359,brusque,SC
d419776edf19bf4f7f2498b72d0c40fc,9cb5815e09a510d171950eeb02fcd932,86850,rosario do ivai,PR
aeff643ffe546230ea975de5740197fd,027d5c59887b8a32f409adb105c9cee8,75828,chapadao do ceu,GO
b69013f022544024af2ed8bf7fae976c,535e76c08668acc7f9c8dff6161c866d,74475,goiania,GO
cbf6862136b197affc013850088fbfb9,95baecb5aa54613f5f12d62b712e4ca1,11630,ilhabela,SP
4ce93a796c27842ddee5e831d267d05c,a68740c8c404205075f2e4c589b63d72,85802,cascavel,PR
4b58a44a25cb035cb195b50c40342172,275f6350f78c24ddabb404ab4866ec44,04344,sao paulo,SP
5cf62d2467f616db098ec254256a4e81,b2aa4f0117159ab81f623ce0b1e128c6,08223,sao paulo,SP
1192e459b7704058b8f86356c4a332a2,ff14bb68fd1d4b35423407c2bac01081,05060,sao paulo,SP
62ba6f8841829d032db206fd02c03406,5a61458586c926813840fbc48a62112f,90640,porto alegre,RS
b5886d8a3edaa4855c042bccd5f1a554,baf56a409972153c8315a2d31b113bc5,06381,carapicuiba,SP
2754a7cefac9fb43b30e62440b7f41a4,062933ff315c2b7a8c4a302a115be4c4,81925,curitiba,PR
704fb26a9d85d9ad8fd8b167eee000fd,aff615cb1dd35d6595b30bf00097e2eb,19400,presidente venceslau,SP
e7936bc511477310739929f93589b2f7,e374f0ed9ec35b9af339460a75c4d096,74932,aparecida de goiania,GO
bf9756f8172240e70bdf6b8474b9f3ee,75dbc0a73e8b75de8da60c17a2c78699,09782,sao bernardo do campo,SP
6bc288325c7902dcbd0a803fc6f26a79,fcfdc97aedff78de5cd4101c0228cc7a,15990,matao,SP
9bf9b7910168a6981da76b34bb832835,cf35b90d78da6c06141d5a841c122beb,13802,mogi mirim,SP
0155478730861c69019d0a41d9bc98f6,d12bace10e873f0f8c045c9f1b2ebffb,89050,blumenau,SC
81904fe0847fa79d876547cd0c859156,381d90c0fc95218ddb163a90d9db3358,13098,campinas,SP
ca266cfd5f21fa533d2f62ece8ae9844,644ccb24779a8aab82039d2f3f6578c4,88161,biguacu,SC
83e1602374f1c008027bbf8828fc785b,7f77e7790a5b56e40a0ba156506a517c,27264,volta redonda,RJ
5b4489210a3c398e04cae27e1179bf3f,52aa0755ad415270afb55d873f4cf425,26291,nova iguacu,RJ
c51f405288b3495a09849d62a83e5cf9,3e668d1b083949f2e7e72a9cbb3d6079,46190,paramirim,BA
a87d45ca887d3d335a94649960190869,194372be77b95cc7e9e0d96e6d9bfb07,17032,bauru,SP
0096dd625383caa8afe2c028018bf4ce,8d78819a02ccaa0243dbdb0888c7ba8b,23013,rio de janeiro,RJ
58b3208913cae35dadfac41929721901,c4d9ec8c227594222eedd980cb28a6f4,28380,natividade,RJ
87f02a067e858106e8bc1ee503540c83,33fac23a6ca3d5af1cdb94eedc9218e0,27660,rio das flores,RJ
746cb47767f7817cb0d5347862cecc08,aba50a72a3cf5de33e66ca1f9a2231d0,41650,salvador,BA
6b6dfbbc6ce8a28d6551efb5b39f74b4,5dd95c39ad6f85ea561f7fb60740fedc,46100,brumado,BA
bac16e90b915fdd3cb0a5371bb122bd0,c8b743276cb7ecd127e265d3faaf5e77,14403,franca,SP
9e6da2ee3df481b6390e3d404a72b5c0,ab10e9f940aee13c952a78e570f2486a,09861,sao bernardo do campo,SP
d242973fcc51203ce6f07da575139a0f,7ba1d7225056b4b2bca4f688bcb5c88d,05187,sao paulo,SP
bd0d2079cb36016dae8d436be53fc4cb,5672c6fdd65ff5e7c7dcb85e5c9a5996,29901,linhares,ES
96b26852f269357c7f9f7657a77d1a9c,26b63382453df47a051e4104978f18df,90250,porto alegre,RS
b008592aaf5565d7b24c16d319c278a7,6b0bda174d6efb969f9aa1bac970c5fe,45028,vitoria da conquista,BA
6f511bdde13d8de37379becebabb7fd2,994cd2f6a90026d5b74debc9fa41a5c6,17625,tupa,SP
86b214427e26d756475ac622671c0d30,1955d312393ef9e65b54ab90881066a8,04187,sao paulo,SP
8fc9381fb48de46be39e00f9cac972fd,2c137b2f03299b962587ea9bd06a6fef,75780,ipameri,GO
bf4fe999a2d7bc0465cbd817fac3bbee,9ba98a3b2aa42ee6dcb06da4ef7733c5,08740,mogi das cruzes,SP
c9de6921188c1882c48bb6ed884809b7,7ce9430381c6ca969742479727f2be50,35550,itapecerica,MG
195f30dba556ad925afba1ecca917439,2e49a3bbeb76297ee0ff49df39c2456c,21832,rio de janeiro,RJ
67b040308c4180844a54dea16ef1c5eb,9be5b995f1ace01deb236a6958ac3836,30626,belo horizonte,MG
1a8ac03511051d7e9c5491b970972897,09bef2bc8648a1dedf9172fa46b0ed81,13175,sumare,SP
e9551525103a8ece4e698e666dba69c8,7db22f1b0e415ebfd32b82773121e6f8,66050,belem,PA
60fabe9f92e0b77b6925cdc291cb5b96,c0786d36f210da800628d3be5100578b,29032,vitoria,ES
fa8aaa18814fdd364807cf2de3b57fa5,840739182853bbdd69938b37f6d87c1e,28770,santa maria madalena,RJ
a949e48c89ff4cf4e5f14fba155eb16c,cd7afa33f1a58f6d0fc7ec806d22d4b2,54070,jaboatao dos guararapes,PE
472b42bf049d640a9187977e0836c697,96608443191b8d6ed17cb64b5a654130,04531,sao paulo,SP
f9e8bac3b69529d543bf179ce64ca6d7,d6779a4b34d196a59ad0d562c5333dfb,03582,sao paulo,SP
670e4a4f769d3645007a5ece3e9a7c2a,bcd14224f909d2162f4b95f47b5b6b88,61925,maracanau,CE
34aa9b747ada10d1a37c7efd209f31d6,1a84c1d89100cd72996805f917b7f8b7,94955,cachoeirinha,RS
2877d92a0925bf30fe19e44ef779e533,9d5a965adb4373036f892cd149e37395,37600,cambui,MG
c3e90d8bbcb4c24eb869cbfadf8d4ab3,7551f2efd4c2254a09a1bbf8f6f85e2e,04829,sao paulo,SP
7302aa13024a3e490ad2f22b23bb2bc1,703d68159ad7ef05ffb804d0fccedfcb,06660,itapevi,SP
c19544a0aaa63e206f1ca0f2ac5d4431,0336a6b865d6d804127fd89d84ffcde1,35501,divinopolis,MG
8cbf66cca73b0d09dc57991cabbf63b6,f21b205103d577b9f70d53cb1ae85f86,78550,sinop,MT
f128ed11b295f1d94750deca9a92b354,7bac6eccf7d44be2e87d13a24e1499f4,94185,gravatai,RS
87e0bfecdb562b3802e43060c7e5b532,77e76fbd0f38350efca6121965fc5d55,65270,bacuri,MA
ce8131ee1a45966150c199dbbc23370a,1e0485a764c41b09c71400c3b74c4c50,11750,peruibe,SP
1909e865c04d42c1e5e5295c9890a779,c6f4477475d8880485fe593056e1bbff,13141,paulinia,SP
f73659091d1789c9a866de63725a5e4b,664ec9c8b5f1cece2918b17cd2ee6249,29216,guarapari,ES
606adeb1561d4d6a7c6632eb4f0fb7b7,3f94aa715c1fbf7fa123eb0e79db991f,38183,araxa,MG
5ab0cf98530afe73920c05b432a8311a,cc8df0bacd74eef703f761bf52a32606,35300,caratinga,MG
a51e47ac951463f4271e64d41b628a7a,339f4919a71b0fc8390b936db62e85ae,96415,bage,RS
0e59f0cd0c6c20fd1420f27021796dfb,71b672666a6ec8d6d1df8f6bb0766b90,51030,recife,PE
1ec264df7a63b93ee299b3e17c356e3b,623674d39fd0350df92b1f91c469ba39,23075,rio de janeiro,RJ
643eef272290bb07a700d92a22096e37,b684b5160d8661dcc3ea1a0a90f9f000,13070,campinas,SP
3ea99345369a3d2eee4b0e3ab06c445e,5f09c28765baf8911aa0036f3657de6b,07193,guarulhos,SP
5e223ba2e969f6c316d104a99db67a71,f96fba562401ffaedb60f667b56c60d2,22061,rio de janeiro,RJ
843a1bf7449148a26bfcc7e20c644aeb,1d6ba895c8a433aa37d46a5b40034825,58037,joao pessoa,PB
6c8a03b35eb1de3c0012232b0ff0522d,700a5f7e65dfd8b3fb6be10dff7e1065,65306,santa ines,MA
414e2ac71d455f634d69e610e2fd3b39,4b574b50f96b492fe261cc9755359f27,08331,sao paulo,SP
3773bcf1a6fbd29233ea1c1b573c4f22,f5f088001070650f9e9a8cd773621f35,13208,jundiai,SP
3e3aac425794c9d8f210c7fe2daff787,ddb324b9d7fab6376d67c9939db4c0fc,21320,rio de janeiro,RJ
79c9f17f45207ca205c42da2b03a7359,6bd028da9cd084e0f486788a386c61ba,29170,serra,ES
8f056c120647ff44d360ba69b0619898,223c97ccbce9be6184d48379f0362e48,04709,sao paulo,SP
5c8f393ae866c2a2d2e775dbc2409a59,d87ea5e1e23e42953de9a2e6aa31c80e,75800,jatai,GO
7c81feec196651cac071d56928d4c2e8,61e9946a028638d3990617f7bddcad05,06406,barueri,SP
825c03d459e494071103e0d699ea943d,54dc0a3c7979417b2a46f53b13099929,29175,serra,ES
5181e6f1eb922ea7daaec1d9f06aa7d7,0a8c1dca34c99bbb023b3b1b09735bfa,76460,trombas,GO
b5dff22ad6f2531a66adde7810935f70,4034aa08d48695a538b7030910aae5d5,88137,palhoca,SC
687e088f2576ce1e7c576beacd01c1fc,19090a836e2392cd957ed43d61804ba3,03420,sao paulo,SP
789866f98a4d051812a2ad7e9c2443c0,d61c923fff01b0e448672a2159ed5757,38412,uberlandia,MG
aa6ea53126c88a731fd84dec4d4f3500,7a19b0145549f450df2d15588c93efe6,33600,pedro leopoldo,MG
a89e53e23892b105599b8701f6353a5a,3e2e0129ccee0dbc042204185452ab8d,37945,sao jose da barra,MG
1304ac93f1f11eea17208a52de500b24,9de471f333d264cb6e1971a6dbdfb073,16901,andradina,SP
45a730fd8d9383eb647641fed4b90354,77b5c062502dd14e828afd70925d3fa0,93546,novo hamburgo,RS
fdf25da38a22a7f03d508437155e8bb3,65f81e95242df10c2069114a421b851a,13501,rio claro,SP
874dc4a508727925e855857a24f95ee5,f4c659ec6db0bd31138440116e500c4b,59091,natal,RN
ee2c31a4c90527567a8583ca52a12631,81bd8eafd9a96d3e52b7254f4d383b81,21073,rio de janeiro,RJ
5476109112a6909ea3fcce7c37cb2e37,5d63628c95182301765aa1482b0293aa,12246,sao jose dos campos,SP
dccf3db0a9cf098d12b4c4addd47de01,5319caaec279e6335b7c7e872cb0972d,68515,parauapebas,PA
b8413f7f4483d2539434ada199471a33,f94b83157ce2162d5eabd54f242d6065,96810,santa cruz do sul,RS
fab37fa4a0d46b371b157c6ba187b76f,8075ac5dac32f3ca8ee418af1ad45c0d,03960,sao paulo,SP
c2da460f1f7e4a5023452f6bfa2ae656,753fd2847cd950be551bee66c494d8f1,29902,linhares,ES
57bf63f1aab0e77102a9b23e53bc4446,328528c2f1990123f1c0074b312046ef,88330,balneario camboriu,SC
72f7e1911ed992b03dcaab4c0edf7e1b,e338b0b74ad651688b815dbbd8c4a965,03268,sao paulo,SP
d5667e555d7e4093f1470362e13f37ca,e446eea0f05db4b20f5a954ff925c1bd,48700,serrinha,BA
f199293a1cd17c4e0c71a13f02a34a7c,90446df9d52ddfa1dbc02298941b2fbe,12524,guaratingueta,SP
73d9b153e7d371a64270388b832f3ae4,0bec996c01ab41b9409121a4b16d38e8,50850,recife,PE
56d6226f23b849ac14f6386041dc492e,a327e19095ffb086d25f7ee477c9d3c6,26276,nova iguacu,RJ
6e2243e81dfbcf77269277d8b90834ed,02aff8daa5b3527989a29500ff1e8e10,09530,sao caetano do sul,SP
a99ec4e97b0e06139d5e40154fe73745,0fb3c4d7715e48f761d6124fd9afdbba,32673,betim,MG
9cedc0766adf91a041f5723a74bdbf87,409367b1a051437ef0d5ddb568ed5bd1,26220,nova iguacu,RJ
b845e05f89bce49c4cbe5377b63e9e86,0a6071598b19e6244a86c4b20e6c63ca,37561,pouso alegre,MG
8aaad69c0f33504ee7c6bad3ae9e20a6,e7b917f42818ddf2ff52d21a2270ca76,18405,itapeva,SP
8b31c427777a285b016a851797b2a21d,77bd7afca5514b5d711b8cbaa5c21c00,13088,campinas,SP
b4faff20637c50dcdc36d25a424c50d7,50e28f08674f193684e807f8f27551e5,13184,hortolandia,SP
f780f03bf6d456e6da8e0eed971b60fa,1085f6b722fc9b27136d022ba46e1d72,05009,sao paulo,SP
bc514ba92bc9b2d6c439bd09cc68e18b,628d378a089ec7bda0bb7132d982d206,41927,salvador,BA
f9025103c99f5cce0da8705a6d5b548a,2a253d7dc6aa130546950a79ea0267e9,92500,guaiba,RS
e7ebbd0d2040c613833b41293f81ca8f,d1cef5e76eb0afdb1bf1868fa9bf227f,30315,belo horizonte,MG
7a4d4a91643c3ed808af700c41364e3e,d3fc984c5a92922652079a947bcdd508,20251,rio de janeiro,RJ
c2141e86f308c7b00d8ec297ada8f7c6,a3310372f0f120f96ba94abfaab7eea5,41194,salvador,BA
7c890e1074247209ab7d32ff9a295ed1,24ecf66a0e174ce35a6af20ccfb310a9,71200,brasilia,DF
22b28d7e0b56c8b79532c5799afd05ca,b70ea7c5b322c1277bd6ecaf91d800f1,05083,sao paulo,SP
b0cdc7ec79e9ddd066fd35f00add602b,25c69d0f4bff4ad0b1ef59a2c17e4d88,18540,porto feliz,SP
af58009ddcc58bc7c167a25e7172e423,7e8aeee428a0d1aa0586279be4291446,80060,curitiba,PR
03b5e23eae0971b9eb46cd97cff21a60,bd2c96a76503e424d97c858681ab7cb0,22631,rio de janeiro,RJ
7c2a55810a39cd8421f6fd48f88210ac,5b1ccb22b017dc7b926bc2de7a6ae857,79420,camapua,MS
ce73c680985391372a7b4c9688a1add4,ae8c6a7c717f09a067a47b157854c4f3,55920,itambe,PE
7df479fc612c759bcdda62339fbf65dd,fcdb6edf8d140075cd5d7ef869ab4795,04173,sao paulo,SP
5b30f5a19fb29264a538243d78caea18,d20381d4f0606d4b381e971904ec455e,36512,tocantins,MG
e91aaba52c45b2044c6dc4319af54a5c,595e86ccb5e139b87f2585257597b82a,13050,campinas,SP
94747b8a0c77eb8947fecdfa5b717435,81720bfb69887fe95390723af9748e9f,22780,rio de janeiro,RJ
