order_id,customer_id,order_status,order_purchase_timestamp,order_approved_at,order_delivered_carrier_date,order_delivered_customer_date,order_estimated_delivery_date
40c5e18f7d112b59b3e5113a59a905b3,67407057a7d5ee17d1cd09523f484d13,delivered,2018-06-11 10:25:52,2018-06-11 10:58:32,2018-06-14 13:03:00,2018-06-19 00:31:13,2018-07-16 00:00:00
77e9941864fc840be8e4b1ba5347c0f7,3135962ee745ef39b85576df7ddbaa99,delivered,2018-08-03 08:59:39,2018-08-03 09:31:36,2018-08-03 10:10:00,2018-08-17 00:49:41,2018-08-27 00:00:00
b16cec67cb3f5a4bb31abe8988b43d19,62ffae18a7ca4b2e681c6296180ae346,delivered,2018-03-26 09:14:26,2018-03-26 09:28:24,2018-03-27 17:21:48,2018-03-29 20:08:43,2018-04-20 00:00:00
6d7de866a140b19d09e825b2a4e944c7,9e5ce657315b2bdb94033a494041ac25,delivered,2018-04-16 21:07:16,2018-04-16 22:10:15,2018-04-17 20:54:27,2018-04-24 20:38:55,2018-05-15 00:00:00
40001f4b6e1a35f0b99fc4f44078ab27,1690401c1e48c9526a79e72ba8c069a2,delivered,2017-12-09 17:27:58,2017-12-09 17:37:27,2017-12-12 17:17:24,2018-01-04 21:23:53,2018-02-01 00:00:00
1e8c81805b92ff169971231458670460,33b0d5c2438d9cd6426c6568dfbb908d,delivered,2018-05-04 10:29:14,2018-05-04 10:51:52,2018-05-07 14:14:00,2018-05-16 20:37:03,2018-05-23 00:00:00
3ef7c7b43ae449415675a6c34720b78e,cae507afa38570ca8b08ae0cbcadd5d5,delivered,2018-06-16 19:05:54,2018-06-18 12:37:24,2018-06-21 14:12:00,2018-06-26 17:08:45,2018-07-12 00:00:00
5a00ef28abf9645038a7d37c1639d2c2,60134a69479bd4d54c03fd5076bbe984,delivered,2018-06-11 13:00:02,2018-06-11 13:33:26,2018-06-15 16:40:00,2018-06-25 15:26:32,2018-07-13 00:00:00
93b82c635931ca55e5d20e0d095507ce,7e22aa38ee8f6869c7efd3348b63be3d,delivered,2017-08-31 05:31:43,2017-08-31 05:44:41,2017-09-11 17:26:41,2017-09-12 19:43:56,2017-09-13 00:00:00
31426d292a5d34315a18ac11d6eef7eb,bf4fe999a2d7bc0465cbd817fac3bbee,delivered,2018-01-22 19:19:21,2018-01-22 19:36:36,2018-01-24 16:28:58,2018-01-26 18:59:01,2018-02-14 00:00:00
c272bcd21c287498b4883c7512019702,9582c5bbecc65eb568e2c1d839b5cba1,unavailable,2018-01-31 11:31:37,2018-01-31 14:23:50,,,2018-02-16 00:00:00
2e1b28b55908e9904e59370fa0ecbb8e,e0c153dd9802d047fc86fbbc9da1a59b,delivered,2017-12-20 14:00:18,2017-12-20 14:31:37,2017-12-20 23:28:11,2018-01-09 00:45:19,2018-01-24 00:00:00
75d4b0b71e66d09b6070bd54c61e20fd,88196bd808ae8abe1b944efe1807b508,delivered,2017-11-19 20:06:12,2017-11-19 20:15:27,2017-11-22 17:08:54,2017-11-23 16:39:05,2017-12-01 00:00:00
4190ab61a7fced69f3ee84d1da1120cc,3df7ff0b86935d5249e4d6cd56b89131,delivered,2017-12-08 11:38:00,2017-12-09 02:36:21,2018-01-12 00:35:33,2018-01-31 19:08:40,2018-01-11 00:00:00
b323a1bf3949211f3d9fbc43772534e6,4ad5a269a2d59d2c83ac551b5c948c0a,delivered,2018-05-07 10:59:47,2018-05-07 17:56:21,2018-05-16 11:00:00,2018-06-09 19:36:43,2018-05-30 00:00:00
39e9813f11fbc948f71cfaf189976662,355474d121f6ea4623bbf34bbe80739b,delivered,2017-04-24 09:37:26,2017-04-26 09:37:59,2017-04-28 09:14:05,2017-05-11 20:16:48,2017-05-16 00:00:00
d8a7be3bdd16ebaf4601bc8252f54a08,0308cb020fb67d56a42bf1296f77dfce,delivered,2018-08-14 01:13:48,2018-08-14 01:25:13,2018-08-14 15:01:00,2018-08-16 19:58:31,2018-08-20 00:00:00
7535955a5fee70328e9fe079653e03f1,68de9ab6df869e6c10cac725487ff831,delivered,2017-04-30 14:48:53,2017-04-30 15:02:33,2017-05-03 14:12:58,2017-05-09 08:03:01,2017-05-30 00:00:00
51c68b0aedaa22a0b426f5635ac439b1,80f5dbd6c402fa67462768a508de4168,delivered,2017-05-22 10:27:43,2017-05-24 03:05:23,2017-05-24 15:09:40,2017-06-03 09:39:37,2017-06-29 00:00:00
1c07c0999a3f88b8c1b95e9a07cf5564,b83d1e4c6e630ab8dd058360d47b4c17,delivered,2018-07-16 15:24:53,2018-07-16 15:40:17,2018-07-17 14:28:00,2018-07-27 17:56:37,2018-08-01 00:00:00
d0bec96aad189992b278688279ba1511,f4302056f0c58570522590f8181de2c7,delivered,2018-05-08 21:04:16,2018-05-08 21:15:28,2018-05-10 18:29:00,2018-05-21 13:06:35,2018-06-05 00:00:00
906aae501a08de5072a4db9471da01a9,b8db3ed2d28a258de61b1db21e042868,delivered,2018-02-19 22:35:48,2018-02-19 23:47:21,2018-02-21 21:45:39,2018-03-01 14:49:12,2018-03-14 00:00:00
72bd19ef4fa285334b95bda01a3718c7,df0aa5b8586495e0ddf6b601122e43a1,delivered,2018-05-09 13:01:24,2018-05-09 13:11:21,2018-05-11 14:03:00,2018-05-16 16:58:37,2018-05-25 00:00:00
8187896518689722d7c05bfbaeed0933,c499f24d5aca03c90fa6ee05d32d0988,delivered,2017-11-29 14:11:10,2017-12-01 11:31:32,2017-12-01 18:11:50,2017-12-26 19:22:50,2017-12-22 00:00:00
4c342c53eed805e5712a130cccf665ee,fa3b701e87d5470f0caa38474274f11f,delivered,2017-10-04 21:45:01,2017-10-06 02:25:13,2017-10-06 19:28:49,2017-10-17 20:47:50,2017-11-06 00:00:00
3860898db238028285b1e05b5ab31238,2fb25213583070dd575f4d64ceb760d4,delivered,2018-07-19 08:45:23,2018-07-19 08:55:29,2018-07-19 14:45:00,2018-07-24 23:08:38,2018-08-08 00:00:00
78ab727370e07aaf73b362897c8c6e3d,e8fff6456a357707eba84dae9ef01dd5,delivered,2018-05-16 14:15:12,2018-05-16 15:19:21,2018-05-17 14:36:00,2018-05-23 18:31:41,2018-06-04 00:00:00
f09d0203a51785e9ba9279607c38958c,90abf5b0ac7c7b7bb763da066ca7e60b,delivered,2017-02-13 13:00:36,2017-02-15 02:45:08,2017-02-17 16:03:20,2017-03-06 10:36:41,2017-03-16 00:00:00
9c30d1a4692fbd9418f2404ada176ccd,c6c138e91cd9b75b300f8d5181f622c5,delivered,2017-11-28 00:37:52,2017-11-28 01:31:28,2017-11-29 19:10:11,2017-12-06 17:57:03,2017-12-18 00:00:00
ed9ddf13b205161d8ca32de15a50a5c7,0c6402878bcf4a5a361d9008210101d4,delivered,2017-12-03 19:38:53,2017-12-05 04:17:40,2017-12-05 14:52:37,2017-12-19 20:38:23,2017-12-27 00:00:00
dbb786f88b6d4e52fe3cb5d771b979d6,478778636c75019554439f75286a22e3,delivered,2018-08-28 21:56:30,2018-08-28 22:10:12,2018-08-29 19:02:00,2018-08-30 18:22:45,2018-09-05 00:00:00
4ce4fb772277f3a13a61a93b7f19d62e,595a590ba9c0127d59855c4dba71a69e,delivered,2018-06-13 16:19:00,2018-06-13 16:39:29,2018-06-19 09:33:00,2018-06-22 18:28:38,2018-07-05 00:00:00
6a233c2059af7138039e43722cde5874,7f9cf0ed8393054038c883ea7171ea8c,delivered,2018-03-10 20:03:59,2018-03-10 20:15:31,2018-03-13 18:48:51,2018-03-20 20:08:30,2018-03-28 00:00:00
d2e1e475eb8219af9fae283307d88860,0bfdd26f029a368b463a48a56b65f560,delivered,2018-07-21 21:41:25,2018-07-21 22:24:12,2018-07-23 14:24:00,2018-07-26 18:17:43,2018-08-08 00:00:00
2f6c001bbacba3575b0852b17b0c3dd1,b2b863015dad63b56e3b9dae12d52f71,delivered,2017-06-04 20:44:34,2017-06-04 20:55:16,2017-06-06 18:38:23,2017-06-14 16:38:06,2017-06-28 00:00:00
db88396cf9aab6635eb909ed423d6662,167db18e4fbd9ba3dec2aa5a7b79969b,delivered,2017-05-26 14:36:30,2017-05-26 14:50:14,2017-05-31 15:47:23,2017-06-13 13:52:05,2017-06-20 00:00:00
efff0f02714bda94c05b552d6603f6f9,8cad893a6771fcbf107ffedd147bc71d,delivered,2018-02-06 07:02:11,2018-02-06 07:10:24,2018-02-06 19:19:10,2018-02-09 22:39:55,2018-03-02 00:00:00
9021cf1919f615a121410790dcce848f,7acf55df0298e1d2c31200fb4f6fb93b,canceled,2018-07-04 16:05:56,2018-07-06 02:55:16,,,2018-08-22 00:00:00
51b0dccc8596ce37a930dff2d63a10a2,31bf1057b00f14804278590bbac18b1b,invoiced,2017-05-05 22:34:48,2017-05-05 22:45:12,,,2017-06-06 00:00:00
9eda5cd4fa8caf92f0886bcc15b98577,e414cf673d7803bcddf9263feed7c535,delivered,2018-08-08 11:30:30,2018-08-08 11:45:23,2018-08-08 14:36:00,2018-08-13 22:41:59,2018-08-16 00:00:00
f384f4edb05c390598d9010ea97f7f4e,db8d12f33acf6a08a434eda169d25106,delivered,2018-04-20 14:45:57,2018-04-24 18:39:10,2018-04-21 01:32:06,2018-04-30 13:12:39,2018-05-16 00:00:00
dac8bbf73624993402c1e7481bb37ee5,e65ce9b007466b457e8b7bc5004b1186,delivered,2017-06-06 23:08:04,2017-06-06 23:22:37,2017-06-07 10:44:34,2017-06-14 14:42:13,2017-06-29 00:00:00
07c33a9470d0df2a30cc8a8ebd0288d1,b4a2eabc4ac6b82d0f3aa2961fc9220b,delivered,2018-05-16 18:29:24,2018-05-18 05:16:30,2018-05-21 15:02:00,2018-05-23 14:58:36,2018-05-25 00:00:00
6522386fefd98cf9293642fb5dcf9342,bfe86e6e37b9485c767b72380d165412,delivered,2017-12-18 15:35:10,2017-12-18 16:36:45,2017-12-20 23:43:31,2017-12-29 19:37:46,2018-01-11 00:00:00
e55981b5cea8072097093592652571ca,728360ac750d7ab3031c6c0e377eab22,delivered,2017-11-18 20:19:18,2017-11-18 20:30:39,2017-11-22 00:32:25,2017-11-27 20:15:53,2017-12-14 00:00:00
5d5a92f1288cfea0501ef343c74591a9,b5886d8a3edaa4855c042bccd5f1a554,delivered,2018-03-09 12:18:15,2018-03-09 13:08:47,2018-03-12 20:06:56,2018-04-04 19:32:31,2018-03-27 00:00:00
56dc7f1b8195b7fbdd6479f055a203bb,71e31bd9c37b8a1cacc557b87b3e50cb,delivered,2018-03-16 15:49:44,2018-03-17 15:48:40,2018-03-19 21:08:50,2018-03-28 16:07:47,2018-04-06 00:00:00
c768b1d3a1541f992ff2a94488a364d7,a1ba2dee740fb5aba74232d9c94f810d,delivered,2017-10-03 09:08:42,2017-10-04 02:56:25,2017-10-04 16:25:10,2017-10-22 14:25:06,2017-10-31 00:00:00
0a18d00cb652fc5698d4e3c3e01e7da0,e2bbf69f932758880f88508bea6207a4,delivered,2017-09-12 02:24:31,2017-09-12 02:35:11,2017-09-12 17:41:42,2017-09-14 11:53:12,2017-09-22 00:00:00
3fa59277573f0fe06ece044ebec2eb02,ee1fb534e64d33fcb16a1023dc721a24,delivered,2018-01-12 21:59:20,2018-01-16 03:34:38,2018-01-17 19:19:04,2018-01-22 18:29:14,2018-02-07 00:00:00
48ac627a65c15df7cebf426bda6e6077,b5dff22ad6f2531a66adde7810935f70,delivered,2017-10-18 23:22:31,2017-10-19 00:40:57,2017-10-23 15:52:58,2017-10-28 13:21:46,2017-11-14 00:00:00
00471463a6106056c1a2a809f70de640,fcad74a7e0dff27c33e36cbd78280bf9,delivered,2017-09-21 22:00:44,2017-09-21 22:46:14,2017-10-04 14:45:15,2017-10-12 12:29:59,2017-10-20 00:00:00
47f3a8b9c3d8dffb6f878768c73b0971,26d51363d20344386df9fb922a155a26,delivered,2018-04-06 12:10:51,2018-04-07 02:35:15,2018-04-11 16:42:21,2018-04-17 22:20:54,2018-05-03 00:00:00
7ca00d9cf45a4e8501cdc625899d7633,2d5bf8c06b76ea4c7e4dcb478b2fee54,delivered,2018-08-01 21:22:53,2018-08-01 21:35:18,2018-08-03 12:09:00,2018-08-08 13:14:52,2018-08-13 00:00:00
5506c622c9692ec1a2145b8b8f712eba,69000206943522203193343fda85d3a0,delivered,2017-05-07 22:09:14,2017-05-07 22:25:11,2017-05-09 10:31:15,2017-05-23 06:27:39,2017-06-05 00:00:00
02ea547b6d2ee25305588fd50df58b46,ff4545a3148f5a22667f301e00cb5ad7,shipped,2017-03-23 22:03:43,2017-03-23 22:10:24,2017-03-28 11:43:01,,2017-04-18 00:00:00
d2ae2653b9dbc7b50f11bf3e4001ec8e,647eb903d7836d450ec6bcc175838567,delivered,2018-05-02 18:19:06,2018-05-02 18:58:11,2018-05-03 13:46:00,2018-05-14 17:58:43,2018-05-17 00:00:00
89451210b2cc4272b890f6f79cd9f065,6a53479026877bec7081573c4fb9489f,delivered,2018-01-13 14:57:54,2018-01-13 15:09:03,2018-01-15 15:46:53,2018-02-08 18:34:09,2018-02-15 00:00:00
810c5451b24e7565d14608ed85dd3624,507f4a747b0dabc6ab5d6806bb70759b,delivered,2017-09-10 17:57:28,2017-09-10 20:33:36,2017-09-11 21:23:06,2017-09-18 22:53:53,2017-10-04 00:00:00
6c2c28420cb6865ced69f6c260c27c24,f2b049ff24281feb3783cdc603ce75e8,delivered,2018-04-11 15:12:12,2018-04-11 16:51:02,2018-04-12 21:46:26,2018-04-13 13:34:46,2018-04-27 00:00:00
f237e8ddc05a21386ec9441d40f8e09e,c5293253d2861ddfc7811223b6dcbfcc,delivered,2017-02-09 23:19:27,2017-02-09 23:30:16,2017-02-13 16:07:51,2017-02-17 13:58:00,2017-03-08 00:00:00
67c8cb7add4e205c9021501079bc5f66,c1f66c1aa023b8b5a0f65327465efc7c,delivered,2018-08-16 15:35:40,2018-08-17 15:30:33,2018-08-20 15:53:00,2018-08-27 20:50:56,2018-08-28 00:00:00
6b8d21bbe1e219c7b5039f232ca30e46,2da3c88ac9284b3bf9bea4cb79fd0e47,delivered,2018-01-04 14:33:41,2018-01-06 02:07:54,2018-01-08 23:04:38,2018-01-16 23:31:52,2018-02-06 00:00:00
52432d42fb818ca588e38c5067f73c3f,045178794d4eb65a4b79f34dee26374a,delivered,2017-12-12 13:20:01,2017-12-12 13:31:36,2017-12-13 22:27:51,2017-12-17 11:26:00,2018-01-12 00:00:00
70af5c624ad6c3daf236b9acb1ada8d0,9ce954c266d631d96fca00f1eb740ef7,delivered,2017-08-11 11:59:04,2017-08-12 02:45:55,2017-08-15 17:13:00,2017-08-21 22:53:44,2017-09-06 00:00:00
2cb80b6bb30641c14665e1bb8a910872,69dfabaf85cc92de6ad47cc49070642c,delivered,2018-08-13 09:39:23,2018-08-13 19:04:07,2018-08-14 15:27:00,2018-08-22 17:36:52,2018-09-05 00:00:00
0e748699edd544eb244d173a5658b7a8,a17033054d84cb831e8b33dc63682ba1,delivered,2017-11-15 11:41:07,2017-11-17 03:46:26,2017-11-21 10:19:56,2017-11-27 18:42:48,2017-12-05 00:00:00
5290c34bd38a8a095b885f13958db1e1,92af427e290117f39d9ff908566072e0,canceled,2018-08-21 10:25:18,,,,2018-09-06 00:00:00
b4c9f083bce61caf47fb38f9ba058bce,6ce60503e530d8a67926e9b8e3fdb635,invoiced,2017-08-05 16:00:56,2017-08-05 16:15:16,,,2017-08-30 00:00:00
4cc22fa6b7267027aac4151271636112,d2352eb89c2f0a1e01fca14e007aeb87,delivered,2018-08-14 19:39:04,2018-08-14 19:50:22,2018-08-16 13:08:00,2018-08-24 00:06:59,2018-09-12 00:00:00
257a853e3afe9bee83a67f4798e6db79,6e0d24cca09d3e293781b6fb16fb5a3c,delivered,2018-05-08 14:09:32,2018-05-08 14:30:07,2018-05-08 15:18:00,2018-05-16 19:16:40,2018-05-28 00:00:00
d7273b44707722d534c868f279e235cb,c32080bd1442f65f3859a01f865bdf93,delivered,2017-11-08 12:09:31,2017-11-08 12:30:56,2017-11-08 17:56:47,2017-11-22 14:57:19,2017-12-06 00:00:00
650ca3873d0a09fb4604deef7817ef60,5181e6f1eb922ea7daaec1d9f06aa7d7,delivered,2017-11-12 18:56:02,2017-11-12 19:10:39,2017-11-16 17:19:33,2017-11-27 20:16:49,2017-12-08 00:00:00
daec7c006304b60ca87044f26409ef2e,9232215e0cd2e157268266f474ca3f11,delivered,2017-08-16 13:12:14,2017-08-17 13:30:13,2017-08-18 17:42:53,2017-08-23 21:30:05,2017-09-05 00:00:00
1e73093ee708ed2b782f359056925208,3f3e1ecfa168cfaffdf4bbdc26c8fd35,delivered,2017-08-14 18:54:04,2017-08-14 19:30:12,2017-08-15 17:13:14,2017-08-18 16:59:34,2017-09-14 00:00:00
cd073a09b3f9f8f60fe4b7aa998f2ca0,992827c0798eac56fbf32454152b47b5,delivered,2018-06-20 08:57:50,2018-06-20 09:20:29,2018-06-20 13:11:00,2018-06-25 15:16:38,2018-07-12 00:00:00
15261e1a4e2be405c49fb08d7e07773c,944ad7299db6b270609f52b1114ec87b,delivered,2017-11-24 19:51:55,2017-11-24 22:59:11,2017-11-29 23:04:05,2017-12-05 17:52:09,2017-12-19 00:00:00
86f3eab0f6458fbf53389a14fc8ce71a,994c8f911235968e88a5249a81909121,delivered,2017-04-12 18:49:13,2017-04-12 19:02:25,2017-04-13 15:46:31,2017-04-19 13:24:54,2017-05-08 00:00:00
d1f60863289ae7cd6e47fd70eae9bec4,175231d5968a57218468d2517a6a4621,delivered,2017-08-15 15:23:30,2017-08-15 16:24:37,2017-08-18 10:07:55,2017-08-24 21:40:06,2017-09-19 00:00:00
6e3c8fe2572e4a01c43ef9970e59fef2,19eb2ff94ef3470db204adaae3d6cd99,delivered,2018-04-16 16:47:33,2018-04-17 10:31:18,2018-04-17 22:07:19,2018-04-25 21:21:15,2018-05-16 00:00:00
36995f50cacc28693fffcdb6af6cfedc,3d455fb7aa499fd0cea2a2306b4c43ad,delivered,2017-02-18 17:47:36,2017-02-18 17:55:21,2017-02-20 12:44:09,2017-03-01 13:47:58,2017-03-30 00:00:00
9c5b6f458d5e5f8e372c112f8b658af6,e8376bb0980c62f2368025ec10161e4a,delivered,2018-03-07 22:26:43,2018-03-07 22:35:36,2018-03-08 18:42:34,2018-03-22 23:58:49,2018-03-23 00:00:00
e210480a7951a7968ea2a32e38c6dd70,6cc74c60ca9f1e86a7116ade13075729,delivered,2018-07-13 16:49:46,2018-07-13 17:23:46,2018-07-24 16:07:00,2018-08-13 22:16:43,2018-08-15 00:00:00
db37a79f21c59753d1ba93cc44d6cc4a,77650ab2482dc921150e09bea05890b6,delivered,2018-05-08 10:40:42,2018-05-08 10:56:19,2018-05-08 14:36:00,2018-05-12 00:08:51,2018-05-23 00:00:00
aa45e41799067f67755e2e4e41925aa3,ecbe0bf872587f3cb5633f2b5d9b9fcf,delivered,2017-12-08 21:27:38,2017-12-09 07:11:08,2017-12-11 17:38:45,2017-12-18 16:58:32,2018-01-08 00:00:00
3b3c727f2f017c3efa05f74a729727d0,5419456ce86985adf34fb7fbb0d22daf,delivered,2018-03-16 09:46:00,2018-03-16 10:24:37,2018-03-16 20:21:54,2018-04-05 17:02:55,2018-04-05 00:00:00
03310aa823a66056268a3bab36e827fb,25dbbf0c477fd4ae0880aaffbb12e8b3,canceled,2018-08-07 16:33:59,,,,2018-09-04 00:00:00
7ec6638456231f1eec19f7de8723f269,c4ac275898e0ba063e3b67f168ed2d80,delivered,2017-11-30 20:37:10,2017-12-01 10:30:57,2017-12-01 22:22:21,2017-12-11 23:22:52,2017-12-26 00:00:00
2e21f1cfb4d53ac6710fdd9956f35f54,75c8bc2109f5fb856317aad61dca2dfe,delivered,2017-12-10 19:16:56,2017-12-12 03:51:25,2017-12-12 23:41:39,2018-01-05 22:11:22,2018-01-18 00:00:00
4a0217620e6f7eeca8f035dbbd03a174,4ce93a796c27842ddee5e831d267d05c,delivered,2018-06-04 20:54:32,2018-06-04 21:12:50,2018-06-05 14:51:00,2018-06-12 21:22:44,2018-07-13 00:00:00
0d387b5d8e636190398548a221d4185d,3aa067bb9a756282ef198ae577298bd9,delivered,2018-06-09 21:15:14,2018-06-09 21:38:23,2018-06-11 13:21:00,2018-06-13 13:34:40,2018-07-12 00:00:00
06ca213ef85421d96ee0fe529d0f5885,4e1466d23cf154bc57e343db77279d5a,delivered,2017-07-11 16:36:24,2017-07-11 17:30:24,2017-07-12 20:13:54,2017-07-18 19:35:34,2017-08-02 00:00:00
79398f97f77a8ba43fdb4e00b1d44cc0,45b4e602cae9db1a6d047d8dfcf8fe46,delivered,2017-11-13 17:04:41,2017-11-13 17:27:04,2017-11-21 20:07:11,2017-11-30 20:03:01,2017-12-08 00:00:00
a0e03cdf46a28b86f2d93ccecaeca421,068789693897e19b35ea3b9e71613c75,delivered,2018-01-06 17:55:03,2018-01-06 18:06:41,2018-01-08 21:54:12,2018-01-17 18:28:58,2018-01-31 00:00:00
d2ce2764e877473355ddb49af8eb3bc5,def6003502bb7701e2cdc0cb5af42cfe,delivered,2018-08-28 14:32:59,2018-08-28 14:45:17,2018-08-29 11:01:00,2018-08-30 15:02:39,2018-08-31 00:00:00
2ae6e5a2da4078c84661d1289e22742b,dbd74dc83297f0301be2f721a409b758,delivered,2017-03-30 21:59:17,2017-04-04 05:45:23,2017-04-07 14:42:21,2017-04-13 16:57:42,2017-04-25 00:00:00
58fb05058cf15a3f9eaeb29497841a33,92ac3fb7d7452e72343e49885a19368c,delivered,2017-02-20 00:34:48,2017-02-20 01:05:28,2017-02-21 08:35:19,2017-02-24 10:08:00,2017-03-21 00:00:00
a50baa42994364594f0a002918035aeb,8f80eddc73b9b5abd87ce7a45d829b8f,delivered,2017-05-09 20:57:22,2017-05-10 02:45:11,2017-05-12 13:57:38,2017-05-20 08:29:49,2017-05-31 00:00:00
b62fb8675350e9d26562d21d74f310bc,196589770e3a1f3bec937543f965046b,delivered,2018-04-27 15:42:08,2018-05-01 05:32:24,2018-05-02 15:20:00,2018-05-08 19:44:57,2018-05-22 00:00:00
c7d894c7be2eb461fb04d81e82f0814d,d74d925687122c0d1cc677e244620341,delivered,2018-02-28 20:09:30,2018-02-28 20:20:48,2018-03-06 01:08:51,2018-03-14 23:48:42,2018-03-19 00:00:00
6b4063646aa51aca70fd0c745ded2155,f010f1ad40cdde76194f3c124c532db2,delivered,2018-02-14 00:16:24,2018-02-14 00:30:25,2018-02-14 23:28:46,2018-02-16 23:03:40,2018-02-26 00:00:00
fdb3ef83ea6f7bef7d13bdd9b38da661,fbc1bec47970c387d5f4962d518dd268,delivered,2017-01-17 21:09:40,2017-01-17 21:21:39,2017-01-24 14:49:32,2017-01-26 16:25:11,2017-03-13 00:00:00
55b360b9aeaf1fcec58a18a82b21b957,57205a3f55644a1df9ea81f81aaba2c9,delivered,2018-01-03 16:29:43,2018-01-03 16:46:46,2018-01-05 18:47:46,2018-01-18 13:46:22,2018-02-07 00:00:00
fa6d3eb110ceb1c2b98c7d158c6d1671,7959f0273106fae265f111d071c1fbfa,delivered,2017-02-06 14:56:42,2017-02-06 15:05:25,2017-02-07 14:43:50,2017-02-13 07:15:09,2017-03-06 00:00:00
64b644100b812930de2286f0b999ece7,aa9d79a05d874fe96ece63ecf1ec008a,delivered,2018-04-19 11:28:09,2018-04-19 11:49:26,2018-04-20 18:46:46,2018-04-27 18:04:24,2018-05-15 00:00:00
122804b6e70597eca700595473d8297b,e24936459392dc2e3f09cfacc083fbfe,delivered,2017-07-15 12:41:12,2017-07-15 12:55:13,2017-07-17 21:23:26,2017-07-24 20:46:30,2017-08-08 00:00:00
57829c554e00894996ac7cdc85692e8f,58c91b2ec8eb157ed2315e16df70d236,delivered,2018-04-14 18:58:28,2018-04-14 19:11:06,2018-04-16 22:06:38,2018-04-24 21:18:53,2018-05-23 00:00:00
10cba0be7bc27288b512d87a719b97e5,5e7f31c7eb308dde013b9cd6f31ac8bb,delivered,2017-05-12 15:01:20,2017-05-12 15:10:17,2017-05-15 14:39:40,2017-05-16 18:21:37,2017-05-22 00:00:00
3b4ccaa47ae0c0d6966133bcdb0c8ad4,d7c999073dcd1bce8c712cbbee9e30b2,delivered,2017-12-03 16:06:11,2017-12-05 04:11:39,2017-12-06 18:58:56,2017-12-29 15:43:34,2017-12-27 00:00:00
bc1719cc645341cf9ae61983e31f26bd,1f525c90c7df6b890e6f7ca5707815f7,delivered,2017-05-28 23:17:07,2017-05-28 23:30:10,2017-06-07 14:09:18,2017-06-08 11:15:44,2017-06-09 00:00:00
2fd30a0079e9100628c92bb583ff56ec,5a4e6b9af6ad6e44591022085ed62a7b,delivered,2018-08-06 14:38:01,2018-08-07 08:35:13,2018-08-09 14:21:00,2018-08-14 20:18:24,2018-08-16 00:00:00
5c94016e2e826e386554fe7e183161e0,ebfdcae3d5d2907f9f860407e64869ed,delivered,2017-07-16 23:14:44,2017-07-18 05:50:44,2017-07-18 18:25:49,2017-07-24 21:05:57,2017-08-10 00:00:00
0b941db180b52d77ad40655b465e6632,30bc4543eddb2d5677f3ef3245826c2f,delivered,2018-01-08 15:11:51,2018-01-08 15:19:26,2018-01-08 22:56:54,2018-01-11 16:28:56,2018-02-05 00:00:00
e72598a24e84f85f6b47b99c7fcb32fb,f5daceec98cca88eaaec8c148a16d726,delivered,2017-12-21 11:27:57,2017-12-21 11:50:00,2017-12-22 22:59:04,2017-12-27 15:13:14,2018-01-10 00:00:00
d48af423b2e9d7e208f37ba365eebc1a,4babb868246b861f9f4acb33650d5505,delivered,2017-07-07 09:14:09,2017-07-07 09:25:20,2017-07-07 18:17:25,2017-07-19 21:33:35,2017-08-11 00:00:00
a5a315fbb356c78710a6c0c4129525d0,601e4637ee77e342cd967dab2de46cab,delivered,2017-07-26 07:54:12,2017-07-26 08:10:07,2017-07-26 15:09:59,2017-08-04 18:57:30,2017-08-21 00:00:00
6bdd3d39bb6fb16ef69ef3141a3b13f6,0a2883594e4e7a4a978b205dd7bcf909,delivered,2018-03-24 00:58:46,2018-03-24 01:48:15,2018-03-27 03:04:44,2018-04-04 17:54:48,2018-04-12 00:00:00
b467baaa7d5fb3f77eed1cda6438100e,072c4dcd0f16b2e0d13dc2dd1549d17a,delivered,2018-01-07 14:49:19,2018-01-07 15:07:13,2018-01-09 18:28:45,2018-01-11 16:37:25,2018-01-31 00:00:00
e8ab363cd45a4e68e65455199d62b45a,3b1c9e911722f3a2afa426394cae0ddd,delivered,2017-12-23 13:37:52,2017-12-23 13:50:39,2017-12-26 17:52:43,2017-12-28 15:28:46,2018-01-16 00:00:00
2bd2198690a2c150fe5fdc4e064ba521,01288d72df4b2a4fb61182da4113ceab,delivered,2018-02-18 11:02:12,2018-02-18 11:15:31,2018-02-20 21:49:23,2018-03-20 23:34:54,2018-03-19 00:00:00
eb1d71600650b42be71f555e11a2a470,c031d16bef68d49702691e07ceb849ce,delivered,2018-02-09 21:38:41,2018-02-09 21:50:21,2018-02-14 21:59:09,2018-02-15 21:08:02,2018-02-23 00:00:00
34e43b05d79a814bd90a43250ff10094,2f008bc4e4cb2b5e4aaafbe427468c07,delivered,2017-12-05 09:51:38,2017-12-05 11:12:10,2017-12-07 18:37:21,2017-12-19 20:18:59,2017-12-28 00:00:00
2de8870a0b861a9ff5ccb128784abf2e,3d6c5d2b414180c36624a70e6884e9c8,delivered,2017-09-01 00:18:40,2017-09-02 00:25:43,2017-09-06 21:10:14,2017-09-12 18:46:42,2017-09-20 00:00:00
539dddb1ac06e5b2d492d27c95d05504,43bd79aef01361fa6eae728bf2919215,delivered,2018-02-07 14:16:13,2018-02-07 14:32:10,2018-02-09 20:58:45,2018-02-27 23:19:28,2018-03-16 00:00:00
fee5a1127dde04aca98c3dd84e96d471,fba07e232b15cccc3eacff2e597905e9,delivered,2017-09-29 11:08:33,2017-09-30 11:14:21,2017-10-04 20:52:11,2017-10-11 19:45:09,2017-10-23 00:00:00
d37b53698d3839a94cb33273bb8c0241,e5a30eeaa4e287b87b1354d3d3fd4779,delivered,2018-02-22 09:43:00,2018-02-22 10:15:42,2018-02-23 18:19:17,2018-03-06 19:24:25,2018-03-23 00:00:00
63a529c7538a58649327440872ef8b2d,c634752b39f45cf4ea21793800be5de2,delivered,2017-12-18 18:37:30,2017-12-18 20:30:32,2017-12-20 19:23:12,2017-12-27 19:22:28,2018-01-16 00:00:00
0713f1dd3cdb0f62e71d9a1f01c2bc0b,e1e49b430a59e70670e977664c8f2f8f,delivered,2017-08-01 07:31:32,2017-08-03 16:50:08,2017-08-04 19:19:47,2017-08-10 19:44:26,2017-08-24 00:00:00
e7c984c7684388a750178a7187b29cc4,46a6f3ff9a9f8c8786c705af91edcbb7,delivered,2017-07-25 17:26:12,2017-07-25 17:42:50,2017-07-26 17:19:58,2017-07-31 21:24:36,2017-08-16 00:00:00
b033a34245ae159e80dd599b3c5cb92f,cd9844b06a03c881a223281b601ed8eb,delivered,2017-01-30 19:25:23,2017-01-30 20:33:57,2017-02-09 15:38:02,2017-02-13 10:15:34,2017-03-17 00:00:00
6045586df3b03485018e77a6a16bf689,236ba35fd1ff094313a131337c5141b0,delivered,2018-03-18 17:34:34,2018-03-18 17:50:33,2018-03-21 21:09:23,2018-04-04 18:23:45,2018-04-17 00:00:00
3783fa21a4b027e3da0b6b3db6e1dc3f,b4ed1c11c23a299162324b493730eb52,delivered,2018-06-19 17:32:14,2018-06-19 18:03:59,2018-06-25 13:57:00,2018-06-26 20:27:34,2018-07-04 00:00:00
f4660b7c97cbe88dc80816c67548c5ee,910e75746f7d748a58424e3c66dde8ab,delivered,2017-09-19 16:44:34,2017-09-19 16:55:18,2017-09-20 20:44:53,2017-09-22 15:08:09,2017-10-09 00:00:00
cc4687e4e102c1c8c606a5a0a8e475db,079e85f42f5af80c74240b97b7a4dee1,delivered,2017-10-31 20:13:41,2017-11-01 20:25:18,2017-11-03 22:25:53,2017-11-16 19:37:04,2017-12-06 00:00:00
daf610999defe00407d9c3178f42b819,064e2cb3bff15053eb0e4afc471e7f2c,delivered,2018-02-01 17:45:05,2018-02-01 18:31:03,2018-02-06 22:17:05,2018-02-07 20:44:03,2018-02-23 00:00:00
55b2e390d5d80ada31ad1b795ebeb087,055e117cce871c681f903f52d7a866d4,delivered,2017-01-26 00:20:23,2017-01-26 00:30:24,2017-01-26 11:53:42,2017-02-07 16:31:33,2017-03-14 00:00:00
96ed110f6c91b349ff7ab376c8fa9400,67ca8a588d64d60990648ca5e2e61c73,delivered,2017-06-10 22:04:51,2017-06-10 22:15:22,2017-06-20 09:59:19,2017-07-03 16:32:18,2017-07-19 00:00:00
f2dd5f15184c73c0d45c02941c7c23d1,4b60b3ade055c6ad88a00758c8e8a162,delivered,2017-01-05 22:52:33,2017-01-05 23:05:27,2017-01-06 16:08:45,2017-01-13 17:06:48,2017-02-23 00:00:00
9f9337d4e1debd68a43a89ee594a732c,4a448fac9d75ee6ea42d3f9d8f27b41e,delivered,2018-08-23 00:53:00,2018-08-23 01:10:08,2018-08-23 13:55:00,2018-08-29 16:26:40,2018-09-10 00:00:00
36750bfd3e70a5f8f95edf2e28f1d60e,352960fe6741c7944bd2007d8d1d3f64,delivered,2018-06-22 21:30:06,2018-06-22 21:58:42,2018-06-27 12:04:00,2018-07-03 01:58:38,2018-07-23 00:00:00
10b26ae59835a2a63aa53e2da4ebefa9,ee5e2b6de40de307606e7b4941522281,shipped,2017-05-05 23:41:13,2017-05-05 23:50:14,2017-05-10 09:16:59,,2017-06-06 00:00:00
0877034e4780ed6345f93f2c0e0d48ec,e3e78349eb9adb90eb3168e8bc30d029,delivered,2018-05-14 09:11:00,2018-05-14 09:32:22,2018-05-16 08:14:00,2018-05-22 20:22:10,2018-06-14 00:00:00
08edff712f0cd04883215bdb5b0d7c7f,230787cbf8da57cbd10d7c223cde6f1f,delivered,2016-10-08 13:54:03,2016-10-08 16:34:43,2016-10-12 16:34:44,2016-10-15 16:34:44,2016-11-30 00:00:00
d342d7bad292d68d41d58ffb594cf431,64eb9409c29c87a0a90ee1e08ce05065,delivered,2018-04-23 09:55:46,2018-04-24 18:38:57,2018-04-24 18:32:41,2018-04-30 15:35:03,2018-05-15 00:00:00
0b8dbb26699a171be239666299d2174f,c5761e080ba22e9bb19972bd1d3901a3,delivered,2017-03-09 20:48:23,2017-03-09 20:48:23,2017-03-13 14:16:18,2017-03-28 14:20:11,2017-04-07 00:00:00
6f91e4738284a9312089fd89f0d61648,506ad507afe195802c80197c61b37ebe,processing,2017-12-26 14:03:42,2017-12-27 04:12:34,,,2018-01-19 00:00:00
50c148a26a1b15414632c64a2942374a,8dd004e002cffd59133bc9db7f3a9b1a,delivered,2018-03-11 12:25:17,2018-03-11 12:35:53,2018-03-12 18:26:25,2018-03-15 21:27:23,2018-03-22 00:00:00
432c5d90dae98b9496ac75c5108c530a,13d1ebce1606cc152181e65978d1e7f5,delivered,2018-02-10 22:17:58,2018-02-10 23:29:40,2018-02-14 20:45:14,2018-02-25 10:48:59,2018-03-08 00:00:00
c02f449466eb42e245b4ec9287aeb987,7543ff80325e1ca05504561b28bb8ac0,delivered,2017-09-15 17:40:08,2017-09-16 02:55:32,2017-09-18 15:53:47,2017-09-24 13:09:43,2017-10-05 00:00:00
4f9b8c1bedc66f4bd34725cfdee6833b,e09c21241771690bb28899cf1dc646ed,delivered,2017-10-22 12:16:54,2017-10-22 12:28:20,2017-10-24 16:07:44,2017-10-28 15:43:32,2017-11-09 00:00:00
72e57d0b326731ddd25d0d44212a42cb,d82ced55e620b6568183a611fb3b71d1,delivered,2018-08-17 15:55:36,2018-08-17 16:10:18,2018-08-20 12:28:00,2018-08-28 20:29:32,2018-09-14 00:00:00
6ad7cdd50237385fec54699a2834eda3,2e0d77f644907523f5bc77ae90791cc2,delivered,2018-03-16 17:28:29,2018-03-16 17:49:48,2018-03-21 22:46:52,2018-04-01 16:32:37,2018-04-10 00:00:00
0068fb0e223115e911d362627e8b8800,f0bc088c671f31458f73cc1a6a347842,delivered,2018-07-18 10:46:09,2018-07-19 02:50:11,2018-07-19 12:50:00,2018-07-25 21:04:16,2018-08-15 00:00:00
de28971a284d4d1aef005e7f16b36a52,da16a9b6d9f5be7c2266a76de19516e3,delivered,2018-02-01 14:49:34,2018-02-01 15:10:22,2018-02-02 20:19:08,2018-02-05 20:28:59,2018-02-23 00:00:00
0f4100ceeb7e6c856edfbb660c06757d,88804b4c3da363a0429636e65591ed68,delivered,2017-09-20 09:25:49,2017-09-20 09:35:19,2017-09-26 15:02:51,2017-09-29 19:58:56,2017-10-06 00:00:00
bcbead00f0c2dfabaf82fa4af5611f71,4810aaf21cbaf4e6a887e42cae0039e0,delivered,2017-12-01 16:45:57,2017-12-01 17:19:05,2017-12-05 13:09:00,2017-12-20 17:44:03,2017-12-27 00:00:00
be0d2b44b80b01ebe58d57028bc5bcd6,a78dbe709d090a217ee4cd255a883277,delivered,2017-04-17 13:20:28,2017-04-17 13:30:10,2017-04-20 10:34:47,2017-05-03 12:46:03,2017-05-11 00:00:00
1aa06061f2abdc063d3ab58ff9e86cde,7fe9ea575758e6ab4e34b67eb1015c48,delivered,2018-03-07 21:39:17,2018-03-07 22:20:26,2018-03-08 19:54:29,2018-03-09 20:51:13,2018-03-19 00:00:00
d9644b981a4d023c5392dd06bfc8cdc0,5a0dc6805a195218a4e448653dee4740,delivered,2017-05-27 04:22:55,2017-05-30 04:30:27,2017-06-01 13:32:39,2017-06-22 18:34:35,2017-07-12 00:00:00
250587cf0cafce7892b56a47a1697833,8ef068a69681113e7a8d59ce98f23c24,delivered,2018-02-15 17:42:18,2018-02-15 17:50:37,2018-02-21 23:29:05,2018-02-22 23:36:37,2018-03-08 00:00:00
289d1ce30c672184ba3722d783df7628,f23c940b811f63b4520de56d87da449c,delivered,2018-02-07 19:31:22,2018-02-08 19:28:40,2018-02-09 22:14:39,2018-02-25 17:32:48,2018-03-05 00:00:00
54b803c77b3baa82c6541268b252cc0a,fef2e5a93a464f4daf5d2b2ab16a7753,delivered,2018-01-20 23:56:19,2018-01-21 04:55:43,2018-01-24 13:22:13,2018-01-26 22:29:48,2018-02-06 00:00:00
65f4f976c2281eb3c5f69547ca21893d,775e5b39bea2cf3e7080071ddbf9d708,delivered,2017-04-09 09:52:05,2017-04-09 11:05:17,2017-04-10 15:56:25,2017-04-18 10:50:10,2017-05-03 00:00:00
e3be8e7970afa286e942ea4273061bae,7258ea0b59cf99de570d9c32c8c88560,delivered,2018-07-04 13:08:42,2018-07-05 16:10:41,2018-07-05 14:45:00,2018-07-10 21:24:51,2018-08-08 00:00:00
fc8cfb0445794a015aae85ee6bdcf12b,b1456aef554ace51083ee1a97fcbdade,delivered,2017-07-15 13:10:41,2017-07-15 13:25:19,2017-07-18 18:38:52,2017-07-26 10:24:06,2017-08-08 00:00:00
e1c58cc2bf1f241d4ab2e557f7ab52a6,b2f309350aa5ab290783442c219a4248,delivered,2017-09-13 11:07:38,2017-09-14 02:43:53,2017-09-14 18:41:30,2017-09-19 14:53:39,2017-09-29 00:00:00
0d06a5815afe53875fb7bf4b7437fe8b,1dcc60dd188374880a488973252e96f7,delivered,2017-11-24 14:16:11,2017-11-24 16:19:06,2017-11-24 22:36:42,2017-12-07 16:29:39,2017-12-15 00:00:00
69fd81b0cd556f5da5000c1ed874ed19,6ad71323c11ba8a83737ccc3ea31fbc3,delivered,2017-09-25 10:53:40,2017-09-25 11:05:35,2017-09-25 18:06:56,2017-09-28 18:53:14,2017-10-19 00:00:00
ca674a7cd949c98c9e02bc4c5922836d,5a6ae5b68fd27c687c4fe130b679691b,delivered,2017-02-09 20:19:47,2017-02-09 20:30:17,2017-02-21 11:40:42,2017-03-03 15:52:06,2017-03-10 00:00:00
f9114a9615fd4c8a09fa0768afb4a8f6,5656c0f19d8894f19e73e8a285136a1c,delivered,2018-02-26 17:51:06,2018-02-28 09:51:12,2018-02-28 19:23:52,2018-03-21 19:07:40,2018-04-02 00:00:00
91df6f3cf26d70ab6a918d29d0a0b906,d99d4916f321d6691a8aee32b3d09b95,delivered,2018-03-22 16:15:09,2018-03-23 02:15:51,2018-03-23 18:36:29,2018-04-11 19:47:48,2018-04-13 00:00:00
43ac8d91a0749b176f9c311545881aa7,f6eb8f504aabaa9ff9bfe57d5200dbe6,delivered,2017-12-25 22:27:52,2017-12-25 22:36:29,2018-01-03 14:22:49,2018-02-01 16:12:12,2018-01-19 00:00:00
8da93bf6304b1fbbb6ab15bb7644394e,da41a6aa006587987cde84876b62a097,delivered,2017-11-24 19:34:56,2017-11-24 22:57:13,2017-11-27 15:05:02,2017-12-19 00:22:15,2017-12-28 00:00:00
89e02379eee525e09813dc8e5ba99213,dceda171b3a9fcb7eef3e274f6f2ac94,delivered,2018-03-02 16:18:46,2018-03-03 02:51:09,2018-03-06 00:23:05,2018-04-04 02:49:02,2018-03-23 00:00:00
6593a7ca55b089cc240f79d582e3300a,eeaaac21f40da9814f3b09b3829fb4e9,delivered,2018-04-22 13:43:01,2018-04-24 19:24:33,2018-04-25 02:24:27,2018-05-03 18:43:50,2018-05-24 00:00:00
95c5d1b9ef8c0cfe5851a7e8130b66db,80f248b141558614b2049ce6d47a13d6,delivered,2017-10-22 15:57:15,2017-10-22 16:14:45,2017-10-25 19:52:29,2017-10-31 18:54:42,2017-11-10 00:00:00
4a9c9be798acfc1e1539c75f2477b9b3,83bb6f200a22a5d13ba06eb2968ab899,delivered,2017-12-14 10:21:55,2017-12-14 10:33:31,2017-12-15 15:30:11,2017-12-23 13:53:25,2018-01-18 00:00:00
0c2cbbfae44e4f2bd7c747a2c2b05bbe,a4bb40b4e438a106bb16b7724273e120,delivered,2018-07-24 18:50:07,2018-07-24 19:04:23,2018-07-25 13:27:00,2018-07-26 16:32:43,2018-08-01 00:00:00
8f6d779c78b777b6e9c03cd848b87acd,5e268a2b106c3c6a1e57dbcaa12a4013,delivered,2017-09-15 17:15:08,2017-09-15 17:30:30,2017-09-18 19:57:42,2017-10-02 18:35:51,2017-10-16 00:00:00
ac6e61336e852cdc45fe59ada3763a66,e1f09167be22498491232558d51453d3,delivered,2018-02-06 12:16:52,2018-02-06 12:30:44,2018-02-07 17:56:37,2018-02-14 14:03:40,2018-03-06 00:00:00
64c8d713a96944349d954eb4bd62e6d5,da6cb7e84bfcd07e870786f37895b6d2,delivered,2018-08-10 17:01:31,2018-08-11 11:30:06,2018-08-13 15:25:00,2018-08-22 23:08:27,2018-09-04 00:00:00
e95c17e37b96427efd69412b0cc4a881,ec7ec1275ebdd28f29b049a22925adf9,delivered,2017-04-23 12:45:18,2017-04-25 08:15:29,2017-04-25 08:45:25,2017-05-06 10:55:35,2017-05-12 00:00:00
ee972a8714e62c729101427fc247d37e,062d455086a1666bca3aa1c7d6ba7a66,delivered,2018-01-18 14:09:59,2018-01-18 14:33:01,2018-01-23 23:18:58,2018-01-31 00:41:45,2018-02-02 00:00:00
562076d60c251c77097429565cbec0de,57779073c7aca208b56979cc2280c5ca,delivered,2018-02-26 21:53:05,2018-02-26 22:08:50,2018-03-05 19:14:22,2018-03-17 16:55:41,2018-03-21 00:00:00
0745201fea5d6f4aabd42e92a7d3b3b6,9b72c30ea879e3e2b599dfbd4e8f71c2,delivered,2017-08-21 11:19:48,2017-08-21 11:35:37,2017-08-21 19:17:43,2017-09-01 16:39:56,2017-09-13 00:00:00
41d9fff5e0bfa8712b28b761fa2f6bee,5d6235d00d8bf6288320b2d69f1378ad,delivered,2017-02-08 10:42:58,2017-02-10 02:45:22,2017-02-10 13:27:48,2017-02-13 10:04:47,2017-03-07 00:00:00
6233c53ce8bfd732fc643c0443741c5b,6ccce4e10da6d4a5f2ccfe737da95442,delivered,2018-06-21 09:17:40,2018-06-21 09:43:02,2018-06-21 14:39:00,2018-06-27 13:32:21,2018-07-20 00:00:00
70e51d3f5d7998b5e5dc66bf35d31425,50117c5a5e5835462f0b883c2deca4e6,delivered,2017-05-03 13:06:02,2017-05-04 10:30:39,2017-05-08 15:28:51,2017-05-16 09:49:40,2017-06-02 00:00:00
2f722ee8f3d3db0d19cee8ebea6fa69e,174db9ba66f0e37b60919b93076844e2,delivered,2017-08-16 17:13:40,2017-08-16 18:45:20,2017-08-18 20:34:54,2017-08-28 19:03:20,2017-09-08 00:00:00
9fce3cd33d8928808f389d86ea7556e6,41756d493deef8b61c61dd340806f16e,delivered,2018-08-21 13:37:56,2018-08-21 13:51:12,2018-08-27 09:41:00,2018-08-28 19:14:39,2018-08-27 00:00:00
942bfba61040fe93e3038099eb60fe31,d83be21cf2ad5d2997d771d69411cf68,delivered,2018-08-21 09:52:42,2018-08-22 03:44:19,2018-08-23 07:33:00,2018-08-28 14:03:31,2018-09-12 00:00:00
f174b7bb70b31bea3dbfdf7cf9719ce5,fa02a9d0399654a2a97b861ec8ef7897,delivered,2018-01-26 22:44:20,2018-01-26 22:52:21,2018-01-29 18:13:04,2018-02-01 22:38:59,2018-03-05 00:00:00
497dd86000dbe348d33b6fa239f2521b,540414af4996cfdbb392622b3c082294,delivered,2018-06-21 13:57:12,2018-06-21 14:22:16,2018-06-22 15:52:00,2018-06-26 01:40:32,2018-07-12 00:00:00
8006b152280a7ed38378fc8eaa989a7c,2de44491346ab7fcc2819ddd069a54e4,delivered,2018-08-03 14:20:29,2018-08-03 14:30:14,2018-08-03 14:53:00,2018-08-06 19:18:48,2018-08-13 00:00:00
99835a9f07d63f83120175303229a57e,5efdf84ed5c48021ba94801310a6514a,delivered,2018-08-08 23:05:02,2018-08-10 03:24:39,2018-08-13 15:11:00,2018-08-15 04:08:39,2018-08-21 00:00:00
e5467d4750f397c79149b122be02fb1e,b54a3497f7d74ec5e0ba9e086a06260b,delivered,2017-06-15 19:25:50,2017-06-15 19:35:34,2017-06-20 10:32:09,2017-06-30 16:07:37,2017-07-12 00:00:00
e8aae0a8c069453ead56360bfdf31d76,887ee2fb1f315de3bae3937191851612,delivered,2018-02-23 10:21:19,2018-02-23 10:35:50,2018-02-26 21:25:19,2018-04-20 23:03:39,2018-03-23 00:00:00
80d83b7a6c9a79612f4957850ec91be4,af589f330821cdeba520d83f6db139da,shipped,2018-03-09 16:54:10,2018-03-09 17:11:01,2018-03-13 20:51:56,,2018-04-19 00:00:00
76a34d13a444dc9e514d59482291ba07,ac5fce3f511bfbc2099eeed240a1194d,delivered,2017-12-15 18:51:54,2017-12-15 19:21:37,2017-12-19 19:30:10,2017-12-22 18:44:47,2018-01-15 00:00:00
0e717e310af82d130a1d253cd5fe8c7c,bd66d303f3c88fec12d78e527e6935b6,delivered,2018-03-11 14:54:00,2018-03-11 15:08:02,2018-03-12 23:08:35,2018-03-16 17:38:48,2018-03-22 00:00:00
8d48de810012d2cb59c59d5c4e0442a3,c72f55c752ec2f83a27201eadbb210c9,delivered,2018-05-17 16:54:04,2018-05-18 00:37:31,2018-05-18 13:57:00,2018-06-07 19:46:20,2018-06-08 00:00:00
3a23294a91e71ba11196b90c9e51d44d,ed8f8a87bb796cbcb23eac0300635d62,delivered,2017-06-07 13:22:27,2017-06-07 13:35:18,2017-06-13 10:27:46,2017-06-19 11:34:49,2017-06-30 00:00:00
8b2f6212e3a5681805601bad0a43905c,8f939afa25f8867ec54f75175da0af11,delivered,2017-03-08 13:19:21,2017-03-08 13:30:09,2017-03-09 09:40:27,2017-03-13 12:21:55,2017-03-30 00:00:00
e53a8a6728d3ba5c3662929455d7a6d3,f2620c7f70e8cf8c8c53de4ad4a80ff1,delivered,2018-08-16 22:03:02,2018-08-18 02:50:59,2018-08-21 15:11:00,2018-08-27 22:18:43,2018-09-03 00:00:00
bd0ece9767b9088d339d9f68ed6a4738,baf6ad0e2d1f7703ffa952b94ace7f81,delivered,2017-10-07 19:25:21,2017-10-07 19:49:59,2017-10-10 18:08:13,2017-10-20 20:33:48,2017-11-08 00:00:00
7c8582fc7ce51a091fe83cb5efa4e84e,78b2c378bfab658007bb6c5ae2b09829,delivered,2018-01-12 14:57:31,2018-01-13 14:52:30,2018-01-15 17:24:46,2018-01-17 22:23:33,2018-01-31 00:00:00
80341e701b91f4e9f068a3ec40fb0440,006d300ffcb82917c9866dd5a507dbe6,delivered,2017-02-16 15:53:00,2017-02-17 02:25:15,2017-02-20 15:17:35,2017-02-24 16:07:25,2017-03-24 00:00:00
386566ace975071b7888fe4ef940d582,82a84647c8a0b823e43329e50966c0f9,delivered,2018-07-17 21:37:47,2018-07-17 21:50:18,2018-07-18 10:04:00,2018-07-25 13:08:52,2018-08-03 00:00:00
47c3ce4efeeff5eae692f5d31ef009e3,cfc5c8672fd109e453982d27a4678e62,delivered,2017-07-02 19:07:13,2017-07-04 04:05:23,2017-07-05 14:09:42,2017-07-14 16:37:57,2017-08-03 00:00:00
6dc5cd36ae0ca772e70e387e25f032e9,96b643bb9f71e44bd5c1a6681f7cc81d,delivered,2018-06-16 18:56:43,2018-06-16 19:18:04,2018-06-18 15:04:00,2018-06-20 12:04:37,2018-07-11 00:00:00
ff027db47fd74b1bcf2dd6c24f0b809e,951cca7b29b84f6f11fa7856a19544ed,delivered,2017-08-18 22:10:07,2017-08-18 22:25:21,2017-08-22 13:40:07,2017-08-31 19:20:50,2017-09-13 00:00:00
db145d39d51668d2934a47dbae8e5e66,8bcd806bfdc8aec049be3a61872fb021,delivered,2018-03-19 14:29:39,2018-03-20 03:48:59,2018-03-20 21:22:07,2018-04-11 12:36:42,2018-04-12 00:00:00
bbb1b6d02445bc2786f24be1f048612f,3854e2234eed2d10978e229b5ba9d738,shipped,2017-05-29 12:07:06,2017-05-30 02:05:08,2017-05-31 10:39:52,,2017-06-19 00:00:00
74ef6fad7ff108e20c28937b7e1b7c3c,ca796f0554b7f816f58ae0417a9f6fa0,delivered,2018-03-20 16:56:19,2018-03-22 02:56:23,2018-03-23 13:11:59,2018-03-29 20:03:49,2018-04-06 00:00:00
e3ad77f2683cf57ced740ece64eea3b7,ea665ac5a97f1a3987a5f9629be6e9c0,delivered,2017-07-29 22:17:46,2017-07-29 22:25:10,2017-07-31 20:17:53,2017-08-05 18:27:52,2017-08-18 00:00:00
30a12d3b9e19a16ac0298cc7bcb5a322,019f698e086a468627af26baa7babf16,delivered,2017-08-26 15:05:10,2017-08-26 15:24:44,2017-08-31 09:43:18,2017-09-08 15:22:00,2017-09-19 00:00:00
17b13ec883d7ff8ef2c2882644854aa5,dc0dff8cd3ed15ad2039e0bbe4982e42,delivered,2017-08-04 12:49:03,2017-08-04 13:03:10,2017-08-05 11:25:53,2017-08-07 19:22:38,2017-08-17 00:00:00
7965b290cc7fe4790d45eaeded895967,3f11d1b5ece70ee5d68c4648f3e4eaa8,delivered,2017-12-01 12:48:21,2017-12-01 13:18:24,2017-12-11 19:13:06,2017-12-22 15:49:14,2017-12-26 00:00:00
be604de4ce5e2e8658c03895db0621a9,7df479fc612c759bcdda62339fbf65dd,delivered,2018-08-20 10:18:24,2018-08-20 14:55:33,2018-08-21 13:36:00,2018-08-31 14:41:58,2018-08-23 00:00:00
88d8024d811be666f66e7199e27a830b,3875a06057658fadbb8715a4f25eeaba,delivered,2018-08-12 01:10:43,2018-08-12 01:25:10,2018-08-14 13:24:00,2018-08-18 16:52:48,2018-08-24 00:00:00
ccafddb54a91c4cebc1ab1ba6fa5f68d,4b1e4c6aa9b00cc930f4ef5f7b622ba2,delivered,2018-03-01 16:47:48,2018-03-02 02:10:51,2018-03-07 21:26:33,2018-03-23 20:38:39,2018-03-28 00:00:00
a73de8635a0cb0aee3da3736197f76b2,d1f24011654af00df1a8326c6cb8aac1,delivered,2017-10-02 22:45:12,2017-10-02 22:56:20,2017-10-04 21:03:48,2017-10-09 17:20:24,2017-10-25 00:00:00
57abb1f66732171fe6a0c44a796f747e,3f8814ad16cab376ba05899ce60ab113,delivered,2018-05-14 14:53:51,2018-05-14 15:17:38,2018-05-14 16:16:00,2018-05-17 19:03:16,2018-05-28 00:00:00
52c1dd5de2f994e2979bb421330763ad,fc6970358133b4ddd73d4fe57cfe6737,shipped,2017-11-24 19:36:27,2017-11-24 22:55:04,2017-12-01 12:42:21,,2017-12-19 00:00:00
b89f21041d3c9c9b84a3c6b65b7ffcdb,ef7d4b5c8d765528a471e7bfbf61c046,delivered,2018-02-26 15:50:21,2018-02-28 09:40:24,2018-03-02 18:12:14,2018-03-08 23:20:47,2018-03-19 00:00:00
19d9d8655f9dc49d4a10954a7cee5bbc,b3c56127c49edf102af3ed7a80e74e84,delivered,2018-02-03 17:08:22,2018-02-03 17:30:03,2018-02-09 19:26:26,2018-03-06 07:14:36,2018-03-13 00:00:00
f5f3d42a187a504d4c574ba759ef3dbd,8dcd5de336c4e2f3696512b107ccdb12,delivered,2017-10-03 14:44:56,2017-10-05 02:49:21,2017-10-06 22:44:56,2017-10-11 19:07:45,2017-11-01 00:00:00
dc17a6461db14f3625728b10493ef332,8b446468b342f514b8dc401c8041cb6e,delivered,2018-07-15 23:07:38,2018-07-15 23:24:02,2018-07-16 15:32:00,2018-08-15 17:41:09,2018-07-24 00:00:00
07e2a9d486a8394f2700230396e8d5f0,0d0a49286a8610cff0b0ca481ac5d14b,delivered,2018-02-17 22:29:16,2018-02-17 22:46:57,2018-02-26 11:49:00,2018-04-02 22:32:10,2018-03-23 00:00:00
bf5d8018171eeb0788be7f1c871eb981,704fb26a9d85d9ad8fd8b167eee000fd,delivered,2017-07-26 00:34:16,2017-07-26 00:45:10,2017-07-26 19:13:52,2017-08-04 18:07:43,2017-08-17 00:00:00
f1b1a53088d15140959d9ed6d98c7107,877de6b09e86d78beb4236871620906c,delivered,2017-06-28 17:07:38,2017-06-28 17:32:42,2017-06-29 17:07:54,2017-07-10 20:02:52,2017-07-24 00:00:00
73e47be0498a4d9f19d88a0113af23fd,31ac6792817138d9e3f44b2999f57ae4,delivered,2018-08-17 15:11:32,2018-08-20 14:11:09,2018-08-21 14:17:00,2018-08-25 00:21:37,2018-08-28 00:00:00
bdfe267d7e21481ae5368d063e313f6a,a62629887d7ef9dfe2a8a23124af269f,delivered,2018-03-14 23:35:43,2018-03-14 23:50:20,2018-03-16 21:12:55,2018-04-10 21:12:33,2018-04-05 00:00:00
4d5cefeb0501de96acd522c3742d3d04,60f940bfe3cbbe38b1f7fe69d303e768,delivered,2018-08-22 15:14:14,2018-08-22 15:25:18,2018-08-24 09:09:00,2018-08-29 20:21:53,2018-08-31 00:00:00
3811f683228f7e91c35b0fd2a705af27,0cf6af50873c8ab4f2f4d4279c144860,delivered,2018-08-26 13:25:25,2018-08-26 13:44:08,2018-08-29 11:11:00,2018-08-30 20:04:52,2018-09-17 00:00:00
231e08dd8d9fc8f16332da72a3375893,79d9a9799118ba3d40c7ffb9969e5d1d,delivered,2018-06-27 21:04:14,2018-06-27 21:31:45,2018-07-02 10:33:00,2018-08-01 20:41:57,2018-08-03 00:00:00
ca4c4373c93ec75ed15c1dbd97278ddb,3fce8cb477f908ca1fb25ec11ec0ca36,delivered,2018-02-20 00:47:08,2018-02-20 01:46:59,2018-02-21 18:54:58,2018-02-23 23:13:03,2018-03-06 00:00:00
cb5945f4563c333d6e2c23de7b26af14,dad2b21e16e7936b4b84162eba89a991,delivered,2017-12-02 01:01:11,2017-12-02 01:14:24,2017-12-06 20:05:02,2017-12-08 23:42:19,2017-12-20 00:00:00
8faff12af96ce78eba0d5b1597d5baa9,4fa01e0af9f436cc5b6b2eb3fbbb6b1d,delivered,2018-08-11 22:51:13,2018-08-11 23:04:20,2018-08-13 14:50:00,2018-08-16 18:42:48,2018-08-28 00:00:00
960dbad4c14e64cd6b327fdccdb2d231,8fc9381fb48de46be39e00f9cac972fd,delivered,2017-11-23 16:06:57,2017-11-23 16:19:36,2017-11-24 20:18:23,2017-12-07 20:22:24,2017-12-20 00:00:00
3ec5435a1c3bff282e994441ee5ee69d,11c261f43a86acaf623959e3dc1ae433,delivered,2018-08-09 11:45:34,2018-08-10 11:44:55,2018-08-15 15:19:00,2018-08-21 14:58:41,2018-08-31 00:00:00
34e52c9f5c9ec68a599473a73c06a782,62f7542360ee7d4be52633831421ca1a,delivered,2018-02-22 07:51:44,2018-02-22 08:08:13,2018-02-24 01:33:30,2018-03-08 19:58:20,2018-03-16 00:00:00
22021e0f490fa77f0ccb20d9e8b50f22,5c45631cfaa5711b78f3f1e24b125a7e,delivered,2017-07-14 23:32:47,2017-07-15 15:15:16,2017-07-18 13:36:04,2017-08-08 17:16:33,2017-08-21 00:00:00
1dc23ddb9b0da103fa2b711855d60c76,feaad759d81ebdfbb1bb6d805eac5da1,delivered,2017-05-02 03:31:23,2017-05-03 11:10:18,2017-05-03 13:17:24,2017-05-19 11:11:51,2017-06-06 00:00:00
72221bc9de65dc6a45b9156909d2b6c9,62ba6f8841829d032db206fd02c03406,delivered,2017-07-22 18:37:52,2017-07-25 03:35:09,2017-07-26 11:12:32,2017-07-31 19:19:59,2017-08-15 00:00:00
05ad157e8f606d82b474fd05703b7610,6346f4f79b657f6256dcdf1e63a46992,delivered,2018-05-08 19:48:36,2018-05-09 19:52:30,2018-05-11 13:05:00,2018-05-20 11:52:38,2018-05-24 00:00:00
40c4ddc2d5c871c28df2d3f804f02340,97a0936bd145e77b88c0a49c7d38add5,delivered,2017-07-24 09:04:36,2017-07-24 09:22:57,2017-07-27 14:28:49,2017-08-09 21:46:18,2017-08-15 00:00:00
e4d96e6ad34780ade40c4b6dc2745a04,f231cefbb88b5be18dbc7b6da2fa5366,delivered,2018-01-30 13:05:27,2018-01-30 13:15:35,2018-01-31 22:48:49,2018-02-01 23:08:38,2018-02-15 00:00:00
e64772f0c75da6c3c6622cb989961c9e,f2bd2cabe7df5eb5e8330b464942277d,delivered,2017-02-27 21:33:10,2017-02-27 21:45:08,2017-03-01 14:44:05,2017-03-03 06:38:49,2017-03-22 00:00:00
e0fb4639f54bdaa580ed4511c8d7b778,679f235b5bc8e927fc1279ace1e97ab5,delivered,2018-04-16 18:14:33,2018-04-16 19:11:26,2018-04-25 00:44:55,2018-04-26 17:34:48,2018-05-04 00:00:00
a81ac812819d3c3e98ff62b3a8e4e75d,37e7c79dd2b11c3d0fdc8fd3b4981bf8,delivered,2017-11-23 06:34:25,2017-11-23 06:47:27,2017-12-27 09:31:46,2017-12-27 16:18:37,2017-12-05 00:00:00
b8cddbe53f3a227da27064bc722cffa3,c4d58f849d0a6d8fd0eb4c6743febc27,delivered,2017-09-03 10:58:40,2017-09-03 11:45:33,2017-09-12 17:14:58,2017-09-22 18:32:39,2017-09-27 00:00:00
f6ec769c796ea963843da58718ada694,af9aa4e50115ed72395d60c9c79077e7,delivered,2018-04-18 12:46:02,2018-04-18 13:10:33,2018-04-23 22:28:57,2018-05-16 22:48:47,2018-05-15 00:00:00
065ac4b340bafd4f6bee041c63e10aef,9c29746c15ba972bc51e23fcdc498216,delivered,2017-06-02 12:37:27,2017-06-02 13:10:55,2017-06-03 09:38:18,2017-06-13 17:29:55,2017-06-27 00:00:00
683eec123803850e3e35c40fb6d5dbf4,74ba954cb6ddb61646da9c8e94fc6477,delivered,2018-06-07 20:28:33,2018-06-08 07:54:32,2018-06-08 15:13:00,2018-06-14 23:29:41,2018-07-05 00:00:00
4fee0b89c704a8bb6a4431a63025b6da,29a76ce04ca2385854757fd2c16facc7,delivered,2017-11-21 07:34:00,2017-11-21 07:53:32,2017-11-24 23:12:08,2017-12-06 18:18:54,2017-12-08 00:00:00
3bb7e15f832b43684ecf3640069145d2,efd8fc506b3614e1912ea2b6a5a50f47,delivered,2018-05-30 20:23:23,2018-05-31 03:36:12,2018-06-01 11:53:00,2018-06-06 19:58:37,2018-07-04 00:00:00
1f87ac3f856bae9e742538bc551bdf5b,2c32dba7a49f14ff6c477b91e8a7fb06,delivered,2017-10-27 12:38:18,2017-10-28 12:50:11,2017-11-10 00:06:49,2017-11-11 12:57:46,2017-11-13 00:00:00
af267dd4b62acc26802a30eef78e7afb,39794e843253693e05251852876efc86,delivered,2018-06-13 11:40:00,2018-06-13 13:01:02,2018-06-13 15:12:00,2018-06-20 15:52:30,2018-07-25 00:00:00
016e4acfc34b9f2abc69795f47c92f0e,ab53dab22635ae74adb0baa0689afcc0,delivered,2017-09-15 13:53:55,2017-09-15 14:10:19,2017-09-15 20:02:46,2017-09-18 21:40:44,2017-09-27 00:00:00
b57278e94a17f53f5a91bb0aab49c397,8c812604bb36f468870e6b5c50d70531,delivered,2017-02-20 21:56:46,2017-02-22 03:05:08,2017-02-24 07:12:45,2017-04-20 12:08:20,2017-04-04 00:00:00
5f98eca70415773e1187c9309b38acda,028ec50772515edd2a7c7e6f212cc27f,delivered,2018-08-06 22:12:52,2018-08-07 22:10:22,2018-08-09 19:30:00,2018-08-14 17:56:59,2018-08-31 00:00:00
72c3f657842e35f5d5279cc0fd06826b,2b807a72efe83313165d8483f02d95dd,delivered,2017-09-01 10:26:27,2017-09-01 10:44:48,2017-09-04 13:57:56,2017-09-11 18:52:51,2017-09-26 00:00:00
df54015966b3fa00a42222b5a0e21348,a100558331df579cc459520c1e39fd0f,delivered,2017-09-11 16:11:41,2017-09-11 17:45:21,2017-09-12 22:13:27,2017-09-18 20:11:57,2017-09-27 00:00:00
dde21840bf52f7327e815543b86afacc,3428f4c30457380e2fed1f1b46120813,delivered,2018-01-23 15:55:32,2018-01-25 02:57:31,2018-01-26 06:32:43,2018-02-01 11:22:44,2018-02-15 00:00:00
46bbd69cb8d68f6c34fc754e569b4630,677dbf5ff3bed8560f9156c76f8d0a88,delivered,2018-06-26 08:30:04,2018-06-26 11:56:57,2018-06-26 10:51:00,2018-07-03 16:28:47,2018-07-19 00:00:00
2c6d7710827b473b87550d228500098d,b94afa1536154b937c32785ad8263141,delivered,2017-05-01 12:25:44,2017-05-01 13:05:26,2017-05-02 07:57:11,2017-05-25 12:42:22,2017-05-31 00:00:00
19c69edb627a5967124863535d497453,3fa5e2b281cc8eddbeb536357a9e5f2e,delivered,2018-05-18 08:49:05,2018-05-18 09:16:21,2018-05-22 12:43:00,2018-06-08 17:14:48,2018-06-12 00:00:00
13badfaf0fa0a80d7dc85eee772ffc98,0cffa37771adf197371fc9f829c6573d,delivered,2018-03-18 23:01:00,2018-03-18 23:10:34,2018-03-20 14:17:21,2018-04-04 20:28:38,2018-04-12 00:00:00
95bdac6e96f88756554972d72c5d9591,57ae8be4f9aabcffb5c7cc4d3b9ff87b,delivered,2018-04-19 20:25:20,2018-04-20 07:15:24,2018-04-26 14:31:00,2018-05-29 20:33:11,2018-05-21 00:00:00
e49d0607832db7c3b1343764225d8df6,f8e05a045de09e7855c9df3bb8815e0e,delivered,2018-05-14 12:12:45,2018-05-14 12:40:00,2018-05-15 14:04:00,2018-05-17 11:35:59,2018-05-23 00:00:00
1a6d8f9122fec35f3e394f0b47abfdef,3f97fed1e37bd0bf66b6edf820af2cf1,delivered,2018-04-08 10:59:17,2018-04-08 11:15:08,2018-04-10 15:41:43,2018-04-13 17:08:38,2018-05-16 00:00:00
fb30f702a40235635b55552094ce6f88,e1f20ecfeac4826af6cc57666a2707b0,delivered,2017-05-07 14:22:11,2017-05-09 09:25:16,2017-05-15 13:32:24,2017-05-22 20:51:14,2017-06-16 00:00:00
1b55d5825b9f0ea76d9f105222eb6910,7230de3e56839c3629d3f5112470b85a,delivered,2018-02-22 22:46:46,2018-02-22 23:28:08,2018-02-23 23:28:50,2018-02-26 19:55:42,2018-03-08 00:00:00
3358a4c41e5feb5bb73829eb6cf42ba4,606adeb1561d4d6a7c6632eb4f0fb7b7,delivered,2017-09-27 16:00:07,2017-09-27 16:14:18,2017-10-03 17:54:56,2017-10-09 19:37:55,2017-10-31 00:00:00
47eb4e8c8baad88de8c4eec4c107c698,f34578af93a5e63ae03ebcb41e05e7eb,delivered,2018-01-14 17:39:10,2018-01-16 16:32:36,2018-01-17 22:56:39,2018-01-19 18:06:36,2018-01-30 00:00:00
097dcfb34c6a0d697daa747d943dc1e8,465b31d7c23135270135b437d3d15fdb,delivered,2018-03-18 17:44:13,2018-03-18 18:08:00,2018-03-19 20:38:10,2018-03-23 01:20:59,2018-04-02 00:00:00
770be1c6a043c4e99e830bee3f5eb024,a46f748a19e1184d21a589f764a055e2,delivered,2017-05-01 23:51:42,2017-05-02 01:03:02,2017-05-02 16:47:37,2017-05-11 09:53:07,2017-06-01 00:00:00
245edde3bd6cdd0590cdfba00d88234f,7997f044ffbdd14949dfd8c786c051f8,delivered,2017-09-11 16:51:37,2017-09-11 17:24:29,2017-09-13 20:42:49,2017-09-22 18:06:08,2017-09-27 00:00:00
45a6db7c0c90c420e4659ae681f7e761,37ae206bb3c1fb4f09b26efdfea782a6,delivered,2017-05-09 22:05:09,2017-05-09 22:22:48,2017-05-10 15:30:08,2017-05-15 11:24:41,2017-05-26 00:00:00
d8a72b506828f3aed76e36c3f4fd47bc,bffdf95e4245d60c87bf158396ce1005,delivered,2017-09-21 13:59:28,2017-09-21 14:10:18,2017-09-26 16:41:50,2017-10-17 23:02:44,2017-10-19 00:00:00
7ad7466bf5dc89ce001a735997506fcb,f542b8c433c24036f7c50b5857b8f72c,delivered,2017-11-25 11:46:39,2017-11-28 03:46:59,2017-11-29 22:22:20,2017-12-05 01:17:51,2017-12-21 00:00:00
dce5adb99dbd09afb1a7b9a402df9f98,217fd8f56b30bdad4ee2d74dc623ee13,shipped,2018-03-21 13:50:42,2018-03-23 02:10:53,2018-03-23 21:43:54,,2018-04-17 00:00:00
eea3254200d621b24b7741950693e956,717745a08d23a23e66d92be837d3719a,delivered,2018-07-26 07:16:24,2018-07-28 02:45:09,2018-07-30 14:26:00,2018-07-31 16:16:34,2018-08-03 00:00:00
cb459c6af32347f6dd511553117bd080,7b0b3ff8c45390829d0e80dcc2a0079b,delivered,2017-03-01 09:56:20,2017-03-01 10:05:20,2017-03-01 10:17:03,2017-03-08 14:54:01,2017-03-24 00:00:00
08d862895d238cb8405dffe9b981df25,83e1602374f1c008027bbf8828fc785b,delivered,2018-06-01 19:57:06,2018-06-01 20:11:26,2018-06-05 14:15:00,2018-06-14 19:38:41,2018-07-05 00:00:00
6dd0712b5d9d31ab2b006f7b510e8720,f0c4303cda50a26c785fb217713ebd0b,delivered,2018-06-20 07:52:05,2018-06-20 08:16:52,2018-06-20 12:36:00,2018-06-22 21:52:28,2018-07-12 00:00:00
f2fd4e0fc194bc29e11d7d3f83151996,69af39aa7ea31fa28a84d12409e4a019,delivered,2017-12-23 18:17:06,2017-12-23 18:29:08,2017-12-26 17:32:27,2018-01-04 21:41:37,2018-01-24 00:00:00
48fe5083b6d757cea683f2f5f35e6703,04128fa0eb7d1b35ff952cfc5a0fa971,delivered,2017-08-27 10:26:05,2017-08-29 04:26:02,2017-09-04 19:39:13,2017-09-05 22:39:45,2017-09-11 00:00:00
3c49ac24936ce58ff09050d9878c2130,e92cab1b223966170902cdc2fab8c41c,delivered,2018-08-16 01:10:07,2018-08-16 01:25:14,2018-08-16 08:52:00,2018-08-17 18:02:29,2018-08-30 00:00:00
dcb29bfbbef4b1df25a15c4e182e8dd4,ee393ae9eb936e1c6b67cf63937a1c19,delivered,2018-07-18 09:37:45,2018-07-19 09:30:20,2018-07-19 13:05:00,2018-07-26 20:59:44,2018-08-06 00:00:00
b6f0a8d06c025c6aed95229f1bb0421f,537e341fa7460c3734d91fc0b65cbdd0,delivered,2018-06-11 21:55:13,2018-06-11 22:19:17,2018-06-18 11:55:00,2018-06-19 18:46:31,2018-06-29 00:00:00
a2cc46310eb1cf60d0032c6c78443368,63f7aa07b0f29e88dcc81b0b18853618,delivered,2017-12-03 11:30:36,2017-12-03 11:37:31,2017-12-04 10:53:27,2017-12-11 22:44:53,2017-12-27 00:00:00
5077d279a7a371e5e70eae983cb3bccf,bd07f957967b0f67e147585478c3f2c0,delivered,2018-04-25 06:11:28,2018-04-25 06:30:56,2018-04-25 13:48:00,2018-05-05 01:08:34,2018-05-17 00:00:00
319ccdc182a8c5d60b228310a6432460,f9e8bac3b69529d543bf179ce64ca6d7,delivered,2017-01-22 16:03:50,2017-01-22 16:15:20,2017-01-26 12:06:47,2017-02-01 12:32:27,2017-02-20 00:00:00
22a4e269c7e62e9aab7536d9f1180d09,4d132450980ea1d6d7d7ba282e4c7626,delivered,2018-06-11 08:33:53,2018-06-11 08:58:13,2018-06-12 15:24:00,2018-06-21 16:26:49,2018-06-29 00:00:00
91c52e15672343c61768b4d10597eea8,56d6226f23b849ac14f6386041dc492e,delivered,2017-01-29 18:35:23,2017-01-29 19:31:06,2017-02-02 13:56:33,2017-02-08 11:32:48,2017-03-17 00:00:00
6711d32f6b3652ef28afeb71bcf586f3,3e9076ccb5adcbd5279603dd989c2f70,delivered,2018-08-05 11:59:59,2018-08-05 12:10:26,2018-08-13 11:53:00,2018-08-17 16:32:31,2018-08-31 00:00:00
b54fae7a3880a8421f9f38a8aba5e745,28a45e2875e825355a024a856016bc2b,delivered,2018-05-07 10:45:23,2018-05-07 17:56:10,2018-05-08 14:11:00,2018-05-17 20:40:40,2018-06-01 00:00:00
116f5088fd9393bef556fc932533e3dc,ea5cb9da00ef93de9dc60b6b4286589e,delivered,2018-08-07 23:02:24,2018-08-07 23:15:16,2018-08-09 12:37:00,2018-08-16 23:41:10,2018-08-30 00:00:00
87362ced3e155e82485e17f95f7f79c6,cdc8a72f10450759bd9aafd76c7a11b5,delivered,2018-03-28 11:29:56,2018-03-29 03:29:24,2018-04-04 13:58:55,2018-04-05 15:07:51,2018-04-10 00:00:00
a887a98a44fd41090859072971661ece,1909e865c04d42c1e5e5295c9890a779,delivered,2018-08-02 12:06:09,2018-08-02 13:04:12,2018-08-02 16:30:00,2018-08-03 14:45:00,2018-08-08 00:00:00
9e844ac3fb9440b1393bf80ab5b59860,b5e540c572020f7fbe4801e8f0a807ad,delivered,2017-11-03 22:18:57,2017-11-03 22:31:32,2017-11-07 20:21:15,2017-11-21 16:38:45,2017-11-28 00:00:00
28e7148abde825a20fa617db02f92c99,89a4039536234dda76270ebb007d3d6b,delivered,2018-05-13 20:23:19,2018-05-13 21:35:21,2018-05-14 14:57:00,2018-05-16 01:22:39,2018-05-22 00:00:00
14f71e03c472d2b37384b55708ac8354,4c218eca2a721ce320b45f9cd190d7b5,delivered,2018-07-19 15:44:59,2018-07-20 05:03:25,2018-07-20 10:08:00,2018-07-25 20:48:43,2018-08-09 00:00:00
67b2796561ac2c941f6daf9881b510ae,e9624a808ce6214efe9b4b0e15d50dd1,delivered,2017-02-14 21:00:15,2017-02-15 02:45:42,2017-02-16 03:37:44,2017-02-24 08:53:48,2017-03-13 00:00:00
8da21fa53a570d0624c7a5d0c14c617a,df7338a04458506a3b2f23056c466e88,shipped,2017-06-07 17:02:27,2017-06-07 17:10:20,2017-06-09 12:03:00,,2017-06-28 00:00:00
af19069eeb42e10ffc3f2eadee886c49,b635957da0091ef9421c4405050ca614,delivered,2017-11-26 22:11:05,2017-11-26 22:33:41,2017-11-28 22:03:59,2017-12-04 20:27:04,2017-12-18 00:00:00
035a721e5bfc1bc3f4e1ba0d7923cc84,fb701899863331f841d102ec35e0f4be,delivered,2018-08-10 11:16:45,2018-08-11 04:35:14,2018-08-13 14:53:00,2018-08-14 20:06:45,2018-08-15 00:00:00
a5a854651cfe0d8da9f1669266fd4063,d9cb8278a776ac48ff885e81a08e93d7,delivered,2018-05-06 17:45:59,2018-05-07 22:52:27,2018-05-08 13:58:00,2018-05-15 02:38:43,2018-05-29 00:00:00
bb45d77c66b6a32f77813252457545a5,0b10808638c701826d8c83ed1a123fb1,delivered,2018-03-15 14:19:11,2018-03-15 14:35:19,2018-03-16 17:03:00,2018-03-21 00:11:47,2018-03-27 00:00:00
e31ea4183de6b416446423888f5dc3d8,02c6b472654adef5ac65870849c73444,delivered,2018-05-07 13:51:40,2018-05-07 15:54:33,2018-05-07 16:17:00,2018-05-17 16:38:02,2018-05-24 00:00:00
cf90a0857f3c111d3fcc73aea40c7d11,3888015de3760a1c1c74aca7e48eb4cb,delivered,2018-05-14 12:44:20,2018-05-14 12:55:34,2018-05-15 12:16:00,2018-05-21 22:40:45,2018-06-01 00:00:00
36f03c686bcee7c593f6227fb80b7109,f6e8c30f4b6a4708456c8a47279a22cd,delivered,2017-04-07 19:33:15,2017-04-07 19:45:11,2017-04-25 16:35:08,2017-05-12 12:13:00,2017-05-09 00:00:00
ad36f179defc59af185b045c6e700ada,dd5e48c0ef4682875574ee7b9c6c2f81,delivered,2018-03-17 18:15:46,2018-03-17 18:28:33,2018-03-19 19:52:50,2018-04-02 22:31:11,2018-04-10 00:00:00
612d5630822f4796875619b3a6a7b481,1651d9c8b1860f3af49d1a908b8b47c2,delivered,2018-05-03 10:55:03,2018-05-03 12:19:51,2018-05-03 15:28:00,2018-05-14 17:16:00,2018-05-25 00:00:00
7741a0c0ccbb42c74fb27c570c7e5354,07cbe547b6dec2535abda65b57733754,delivered,2018-03-04 13:00:43,2018-03-04 13:40:28,2018-03-14 19:21:21,2018-03-16 20:16:47,2018-04-02 00:00:00
2b4b69b119c4446626f617bd54ff3147,456664e611e20956682bafced4ecdb19,delivered,2017-09-05 18:28:30,2017-09-05 18:44:08,2017-09-06 17:06:54,2017-09-19 21:43:03,2017-09-26 00:00:00
af6cf105471a4c8fc88ae0af594fde44,4804d03d9f6e3df5e2ca9f8cf6b07758,delivered,2017-06-30 14:49:14,2017-06-30 15:03:57,2017-07-03 12:35:47,2017-07-08 15:11:57,2017-07-26 00:00:00
586acfc7e057938293e006ece947648c,747a389f1dccc08597ac02849b08acc9,delivered,2018-03-31 18:18:07,2018-04-03 05:15:30,2018-04-03 21:48:43,2018-04-23 21:32:12,2018-04-18 00:00:00
1f448aec779fffc0060134f9c1c19370,b7bf1e5068f7f1f96b79256cf09a6f56,delivered,2017-11-24 15:56:20,2017-11-24 19:37:56,2017-11-28 20:37:09,2017-12-06 02:08:57,2017-12-14 00:00:00
75d87a7050b2959f4d5c51a28525e2d7,b69013f022544024af2ed8bf7fae976c,delivered,2018-01-08 20:04:04,2018-01-08 20:12:32,2018-01-10 18:45:17,2018-01-24 18:42:59,2018-02-02 00:00:00
bca2c019b40c204248a56707eabb2a2c,abd1cbc79c4a8e29986772e6ac493431,delivered,2017-03-29 20:06:38,2017-03-30 10:22:37,2017-03-30 18:46:09,2017-04-07 16:28:24,2017-04-20 00:00:00
9f2c1798fe24e69bf3317bc7b319c96c,150a3d642b9738fe8f8d6876a7168f96,delivered,2017-09-20 15:08:28,2017-09-21 03:04:47,2017-09-22 17:23:06,2017-10-04 19:46:33,2017-10-05 00:00:00
d1ce1812e480013ad383372f2326fbb3,c9c174ab040e0d410c0c32e94582ef5d,delivered,2017-11-16 21:34:10,2017-11-18 02:29:13,2017-11-21 18:38:47,2017-11-23 18:47:42,2017-12-05 00:00:00
8acc03c83b14de718a6f275727b3001d,cc0dc6660942e0b9ba94d4ef6e6a18ff,delivered,2017-05-17 18:29:03,2017-05-17 18:42:20,2017-05-24 11:17:48,2017-05-29 13:53:44,2017-06-08 00:00:00
0f884853f408247bc673050f33f2c5e5,652401990964326fac92dbdf8ebd673a,delivered,2017-08-11 14:40:12,2017-08-11 14:55:14,2017-08-14 19:53:40,2017-08-21 20:36:23,2017-09-04 00:00:00
974fd219891927f0d01b357f4400a622,a1938d6eb0dc6c5fdf04e33f6e7c74f8,delivered,2018-03-15 18:22:41,2018-03-15 18:35:34,2018-03-16 19:06:01,2018-04-14 09:34:45,2018-04-09 00:00:00
c844ef91766997bb8837db54617f605c,c60e3aaf686d1977964fb0f7120b21e0,delivered,2018-03-19 10:39:22,2018-03-21 02:56:08,2018-03-23 01:58:38,2018-03-27 15:07:44,2018-04-10 00:00:00
2446d3b0814e1baa4253e67f59f9c509,32cec5605991647cfc79741f0aad7279,delivered,2018-02-05 21:05:31,2018-02-05 21:15:30,2018-02-06 22:48:34,2018-02-26 21:05:18,2018-03-02 00:00:00
723e462ce1ee50e024887c0b403130f3,1353b6db7e448ecfad1a4cd13b95f832,delivered,2018-01-06 20:03:11,2018-01-06 20:17:25,2018-01-10 18:09:48,2018-01-22 23:18:57,2018-02-08 00:00:00
f45fbe1612ac86ee79745d5cdd1ae56f,1778fcb0be86a03114cb65eb6dd45a71,delivered,2017-08-27 22:00:21,2017-08-29 04:44:39,2017-08-29 19:49:01,2017-08-30 19:44:48,2017-09-08 00:00:00
8cf765eeef8f04ca929a1cf64ffa2584,b8fca18186053a557dba3904f6015856,delivered,2018-08-17 15:14:20,2018-08-17 15:29:37,2018-08-22 14:52:00,2018-08-27 16:04:29,2018-09-05 00:00:00
6b092965cc5bcd955107ed81c1acd489,303020d38fd6cf2ffae75ad54e1b7a8b,delivered,2018-07-20 10:39:19,2018-07-20 10:50:16,2018-07-20 13:19:00,2018-07-24 17:59:39,2018-08-03 00:00:00
d10471750e335e783fff1bc755988a86,3c89cc8ee29eeafc70dc2d36cc523bda,delivered,2018-07-23 15:53:16,2018-07-23 16:46:14,2018-07-24 13:34:00,2018-07-25 17:38:55,2018-07-31 00:00:00
376cc9a8f827d17966ea7c4b182f4426,e9a5cb5d9783e1fc38e23730ff24c51d,delivered,2016-10-07 19:16:49,2016-10-07 19:28:39,2016-10-11 19:28:40,2016-10-14 19:28:40,2016-11-29 00:00:00
777fcaf946b6f903bc6549785d3b3c2d,9253f3129e589ba0f06b50c306a2d2c8,delivered,2018-06-07 22:05:22,2018-06-07 22:16:28,2018-06-08 12:05:00,2018-06-15 23:32:27,2018-07-03 00:00:00
a103ca0d5926c0afb6a2892545f93a7c,9bee4741cacc6088a036a3068f485287,delivered,2018-05-16 14:37:16,2018-05-16 15:18:06,2018-05-16 14:05:00,2018-06-02 17:27:55,2018-06-07 00:00:00
43776dfb549a4d0a2d069bfabfc4b134,93e860f59b9c3f64328ee86718f7612d,delivered,2018-02-05 07:13:25,2018-02-07 02:35:46,2018-02-08 15:05:08,2018-02-19 20:58:52,2018-03-01 00:00:00
fa584838f0f64e25b892b5e883b2c606,05690e3a455d0a0ce461ba6f50b39fba,delivered,2017-12-04 02:45:49,2017-12-04 02:53:22,2017-12-05 00:56:58,2018-01-22 16:44:17,2017-12-29 00:00:00
bf3a60e4735ec22f0cb309856fedfdf1,745ebc5319fd96d44439c0dc56a2fb62,delivered,2018-01-30 18:11:27,2018-01-31 16:15:22,2018-02-02 02:05:27,2018-02-16 15:21:47,2018-02-23 00:00:00
31a9fc3107df7fca6d3e9d14f7b2da84,1d350be5c2a21f6aed74c0f3ecea8f45,delivered,2018-07-26 13:59:24,2018-07-26 14:40:05,2018-07-27 12:52:00,2018-07-30 18:08:01,2018-08-10 00:00:00
92e569b96881cdc062cc199bc7465002,6b50e8e8f944c111ed859a1df91e8138,delivered,2017-12-01 15:52:41,2017-12-01 16:10:20,2017-12-04 18:13:41,2017-12-13 00:09:36,2018-01-04 00:00:00
ce9ab4cfbb50936abf90ef14408b41c7,43310f2ccac055857c45f0158299a2e8,delivered,2017-05-01 13:11:44,2017-05-01 13:25:11,2017-05-05 14:36:50,2017-05-13 11:57:46,2017-05-30 00:00:00
52586b1b9916f51d8bf0d76295da9f6a,5976aae2978512e829135e2df9024756,delivered,2017-03-02 20:42:10,2017-03-02 20:55:13,2017-03-03 13:51:31,2017-03-08 10:03:34,2017-03-31 00:00:00
458d8f9336efffc85b1efa5dd18aa86f,9b581e0364d30b233f7653122203e387,delivered,2017-11-30 14:37:08,2017-11-30 14:56:46,2017-12-01 22:35:10,2017-12-20 01:17:00,2017-12-28 00:00:00
bbc23131aab4b505c48b17061d069db2,d3c09791fc7ede919353f0488a3375a6,delivered,2017-11-25 20:35:09,2017-11-25 20:51:53,2017-11-28 19:11:31,2017-12-11 18:33:32,2017-12-19 00:00:00
e1b4ee0e390fbac1dec439d72b45a115,31f9366e8fbe2412ddbae2d9c49d8adf,delivered,2017-07-21 19:32:03,2017-07-21 19:45:12,2017-07-24 20:05:42,2017-07-28 19:26:44,2017-08-11 00:00:00
1d08b0ef8f21fe7710ecb1e433e25c0f,e0a064d0e84cf242e93460ee647aaed7,delivered,2017-08-11 21:39:53,2017-08-12 02:55:38,2017-08-15 21:08:07,2017-08-18 16:47:53,2017-08-31 00:00:00
ea5a4621227b0158f41da12e948e6267,6e9e87f482aa06c630751b6c0956d271,delivered,2018-01-11 19:22:42,2018-01-11 19:31:36,2018-01-13 02:51:32,2018-01-16 00:54:57,2018-01-30 00:00:00
094960a25bb327dca31de0e2b9a788f9,6bc095de9379a75fe58a5aff2570f2a8,delivered,2017-05-29 23:02:55,2017-05-29 23:15:11,2017-06-01 13:48:39,2017-06-05 15:58:04,2017-06-19 00:00:00
bb464b973005de9d4a87e205925f5751,e4d71181686b734c0c6c10eb9a77e8d9,delivered,2018-04-10 19:59:28,2018-04-10 20:15:13,2018-04-12 01:38:42,2018-04-12 18:04:56,2018-04-26 00:00:00
49db7943d60b6805c3a41f5474772a09,9cff8d557e02418fe939f23fafe35735,shipped,2017-05-13 21:23:34,2017-05-14 02:10:09,2017-05-20 07:43:42,,2017-06-27 00:00:00
7b3a63734004e1615b3f06417de1fe09,7c890e1074247209ab7d32ff9a295ed1,delivered,2018-04-15 23:35:17,2018-04-15 23:49:54,2018-04-18 02:14:39,2018-04-23 17:07:31,2018-05-09 00:00:00
bcc354647b3aa17143479db9c57f1ce9,78b9904267ee1f823cc8ae2d8e95cc8e,delivered,2017-11-12 19:14:43,2017-11-12 19:30:54,2017-11-17 13:44:58,2017-12-02 15:43:09,2017-12-06 00:00:00
60402252b419752cfe565a2a99f9cb55,172f539a0c9bfe31c70b898b31af1036,delivered,2017-12-27 09:21:16,2017-12-27 09:31:26,2017-12-27 20:56:37,2018-01-08 20:50:17,2018-01-30 00:00:00
2e22dc2fce65e5b9d73a11d717f41724,61293d3c42c2bfad777bcedcab7c3bd5,shipped,2017-01-21 20:53:19,2017-01-21 21:05:17,2017-02-09 14:28:33,,2017-03-14 00:00:00
02624f7cd7272b3e027320023dbdc99b,5cc48607521a18de6b6e2eeaace14501,delivered,2017-10-10 09:37:51,2017-10-12 02:31:56,2017-10-18 21:52:10,2017-10-25 17:44:06,2017-11-17 00:00:00
771f66be24ca215d4d3415b63bae9d97,52501cba96d41957f1daa67592b41a74,delivered,2018-08-21 20:59:11,2018-08-21 21:15:16,2018-08-23 15:37:00,2018-08-29 18:04:59,2018-09-26 00:00:00
084d2c70d33f8b9a1e21393471844591,65b3d39ada427bd2eb9747ba626036a9,unavailable,2017-05-16 21:56:29,2017-05-16 22:05:12,,,2017-06-05 00:00:00
4a7187a003cd08090bc8effb19765333,7d0e8b3cece66d111fc2d6921b068abd,delivered,2018-04-15 13:07:36,2018-04-15 13:30:29,2018-04-16 22:51:50,2018-04-20 15:36:36,2018-05-09 00:00:00
60260cf275316912451558bb743bbfc7,9bba7a44753204629a5884736b7d5c74,unavailable,2017-06-27 10:51:39,2017-06-27 11:11:16,,,2017-07-17 00:00:00
cb7c837f8c5240816176dc115c21a746,d60805f01a84d8b2d5acae981e3c770f,delivered,2018-06-21 20:27:51,2018-06-26 04:58:46,2018-06-27 10:28:00,2018-07-04 19:04:37,2018-07-27 00:00:00
4ed72b48d55c5cb2ad3a63f2b96dca12,21f278eb70a67b20a0ef209cef3e47dc,delivered,2017-12-01 18:02:11,2017-12-03 17:56:33,2017-12-04 22:46:49,2017-12-09 14:16:57,2017-12-27 00:00:00
934ef038209c91cc0ca47c0fb29e2f40,4778a939ea8fd1445e8eced0ce1b4b5b,delivered,2018-05-06 11:40:50,2018-05-06 12:20:22,2018-05-07 13:16:00,2018-05-09 22:53:49,2018-05-23 00:00:00
cc0c2816e800ee2d10ad0d51f37ab289,c2da460f1f7e4a5023452f6bfa2ae656,delivered,2018-07-17 15:36:30,2018-07-17 15:45:29,2018-07-26 11:05:00,2018-07-31 22:12:24,2018-08-10 00:00:00
62bffd187fdcb56c61d7980953e3ceb7,26e1fa61b30f55d0ad6603ce7dfa685a,delivered,2018-03-17 12:48:15,2018-03-17 13:08:59,2018-03-21 19:05:31,2018-04-27 15:38:59,2018-04-13 00:00:00
2c4b5d8af3d0c95e934891481c0a87fb,6b749659e420100652965c9690c82e91,delivered,2018-01-16 01:05:58,2018-01-17 00:57:19,2018-01-17 16:22:49,2018-02-20 22:55:04,2018-02-23 00:00:00
c6f9707802d8df093005d7b1e9e8f9ec,0e59f0cd0c6c20fd1420f27021796dfb,delivered,2018-04-10 00:09:42,2018-04-10 00:49:49,2018-04-10 20:21:28,2018-04-26 19:21:58,2018-05-11 00:00:00
9f7b07e872a431807e81c38d6328502a,d8fb8c9aa1bcbcbb0b883be6c45f2ea1,delivered,2018-06-10 09:02:12,2018-06-12 07:37:09,2018-06-12 14:23:00,2018-06-18 13:48:23,2018-07-12 00:00:00
7312e901d22a5fa199104da9e0996c2d,a630b62b4be91e3f264e1da67f6ab181,delivered,2018-08-16 17:34:56,2018-08-16 17:49:21,2018-08-17 14:00:00,2018-08-22 23:47:25,2018-08-29 00:00:00
456ed1919e7baeb18f95d9c1ab8d2cca,125a2560ed26caa1aaa75eebd3f97be1,delivered,2018-04-01 10:01:52,2018-04-03 05:50:29,2018-04-05 22:49:31,2018-04-10 21:37:40,2018-04-18 00:00:00
9680ba40609bc32c996a447ba7564621,f687f0de29ec2bd67dc6505ff1fccaf7,delivered,2017-05-15 08:50:44,2017-05-16 03:42:25,2017-05-16 13:07:54,2017-05-22 07:17:46,2017-06-02 00:00:00
9270e213f22a5c0c65322feea6979af1,0d254ca5e31c93f075a64202bb785bd9,delivered,2018-08-13 13:16:34,2018-08-13 13:25:14,2018-08-16 08:23:00,2018-08-23 20:12:00,2018-09-03 00:00:00
0607a1c003c16725855f65d6b738028a,45f07bb06fb8930061926add48c58d6f,delivered,2017-08-19 23:08:25,2017-08-19 23:24:33,2017-08-22 15:36:16,2017-08-23 15:18:43,2017-09-12 00:00:00
4431c5cb9924f46deb9eccfb159cf340,b3d2b8f5c7c8a411254329fb7c2e5e0b,delivered,2017-12-05 10:28:45,2017-12-05 11:05:29,2017-12-06 22:37:02,2017-12-28 21:34:23,2018-01-05 00:00:00
f979267a9c0c47a8c7ad427ba7cf3407,90e62e6099a2dad9ded0f79af4e9f980,delivered,2017-08-03 17:11:26,2017-08-04 17:15:16,2017-08-07 18:35:57,2017-08-11 11:20:09,2017-08-23 00:00:00
a1e92d086f682e6d8a328e19e14e0621,f8a1cb0051331f57beaf3523f2c17b63,delivered,2018-01-18 12:24:47,2018-01-18 12:34:28,2018-01-23 22:33:52,2018-01-30 01:22:02,2018-02-08 00:00:00
71ebd46bcd6c3ff32ce6da77c9a6702a,6d211b5da3df5fbef51e82591642870d,delivered,2017-10-29 21:22:35,2017-10-31 03:50:42,2017-11-03 22:52:40,2017-11-21 22:29:50,2017-11-23 00:00:00
390e5f12e01c2af04027580e4cdde515,5e2ebf449bbe52d961a2a13e898eb175,delivered,2018-04-01 10:03:01,2018-04-01 10:15:11,2018-04-02 20:52:48,2018-04-23 13:50:58,2018-04-24 00:00:00
ed6104a0027e6a269ce0269f21c67f0c,14f9068e637206960a557817377830f8,delivered,2017-07-15 01:33:53,2017-07-15 01:45:11,2017-07-19 18:33:25,2017-08-04 18:55:47,2017-08-18 00:00:00
9461cf76c19c4a544a3e384ba1e4fef4,23a1cd84da198975ae1eac2ce6e03b9a,delivered,2017-03-09 14:27:38,2017-03-09 14:27:38,2017-03-10 12:19:57,2017-03-14 13:54:06,2017-03-28 00:00:00
2ba265d6ef87c9d7e11c3e3b142b3136,52b56e381d745120ffdd216f8b484675,delivered,2018-04-24 20:44:47,2018-04-24 20:55:46,2018-04-26 12:30:00,2018-04-30 19:02:41,2018-05-04 00:00:00
c820d5fbb72e2b0a48074c0f7f08a295,e8ac28789133afe8f118a6cb8776d322,delivered,2017-05-08 08:06:54,2017-05-08 08:22:16,2017-05-11 13:07:48,2017-05-24 12:51:45,2017-06-08 00:00:00
867318eda451a721d23a5e0fbc82fcc9,0d3d95013b7a4c460a17c5e041aa0680,delivered,2018-07-10 19:51:58,2018-07-10 20:07:34,2018-07-16 14:20:00,2018-07-20 20:11:44,2018-07-30 00:00:00
8c8527960c6b98fe66936cff2603d394,7b7e1565386ae5a382118296494338ab,unavailable,2017-07-03 09:12:25,2017-07-03 09:25:11,,,2017-07-14 00:00:00
b82ba1f1f32eec47bc90651a5bb6dbbe,3242e4ca5a7e5c19c48f28d93a4ecffd,delivered,2017-07-28 02:13:47,2017-07-28 02:43:31,2017-08-03 18:34:34,2017-08-05 14:05:35,2017-08-10 00:00:00
9ccd75b5f3444a2dbf104b9cdc1183a1,f2e6426b75732148c1fceb5131c79ac8,delivered,2017-07-25 23:49:05,2017-07-26 00:45:07,2017-07-26 14:28:35,2017-08-03 17:02:57,2017-08-16 00:00:00
d67fdefdd78c824692a1f0cab56e71c5,a8cf4ecb273e117353b346df0f23d3b8,delivered,2018-04-16 11:57:42,2018-04-17 12:30:12,2018-04-20 19:03:56,2018-04-30 22:38:37,2018-05-17 00:00:00
fa6e00b909d5805dc02b5456fa40778b,0926ef97ab333a4afea77827d3cbe32c,delivered,2018-05-16 02:24:49,2018-05-16 03:35:24,2018-05-16 13:03:00,2018-05-29 18:47:47,2018-06-04 00:00:00
c11daae957ee4447f2aa894fcdf28cac,2189f0dd0756c03dbfcb33d3ec290ffe,delivered,2017-12-09 08:08:22,2017-12-09 10:59:31,2017-12-12 13:21:50,2017-12-27 18:45:12,2018-01-09 00:00:00
73b1defe09cb47bd521306b506af7d3a,7d3fa362783fe9c69627a0144ae78ab1,delivered,2018-07-03 09:44:18,2018-07-05 16:25:48,2018-07-06 09:09:00,2018-07-12 16:51:29,2018-07-25 00:00:00
a45fc977eae1ef0ed4504f346d31a0fb,71d5c11f717991ad5b289870f3a5690c,delivered,2017-05-02 15:15:54,2017-05-02 15:25:13,2017-05-10 09:21:52,2017-06-02 09:49:53,2017-06-02 00:00:00
04730e3327a051a939ae815e14e482e1,1f73a986d985bf8c6ace5bd5a3e0b1e8,delivered,2017-11-24 21:44:07,2017-11-25 00:37:48,2017-11-29 20:35:48,2017-12-13 19:12:23,2017-12-20 00:00:00
c60a42174ebe36481da792fbb7da904f,22b3e24d43b6f9a27af8c5f1b17f9e04,delivered,2017-04-19 23:39:20,2017-04-19 23:51:17,2017-04-24 18:18:10,2017-04-28 11:42:55,2017-05-12 00:00:00
0bb5af1f3b46e6ec23dd85506fa8175f,2f73503d3f3d923095acec18ce04c30e,delivered,2017-11-09 13:22:06,2017-11-09 13:35:31,2017-11-10 17:51:37,2017-11-22 16:40:36,2017-12-15 00:00:00
f5b1cfba9fe979f87dcfefc578010e8a,34c58715f182abe848f018fa420a72ed,delivered,2017-09-16 16:11:55,2017-09-16 16:25:12,2017-09-18 17:04:54,2017-09-29 20:13:41,2017-10-06 00:00:00
a3d314d074a652024b6b7ce9cf5e9275,e54968e88e7710a302367e395a6462d0,delivered,2018-01-16 17:48:51,2018-01-17 17:39:22,2018-01-18 16:52:02,2018-01-19 22:39:07,2018-01-31 00:00:00
b4d85d4356b0ece0e421f5c58d757107,595ead2f37e147dbd839131586555223,delivered,2017-12-14 19:40:20,2017-12-16 02:37:35,2017-12-18 18:34:13,2018-01-10 13:23:11,2018-01-15 00:00:00
bf375386af3b1f89486a565f182219a8,396465e3756fb18143009cbe0b8cb558,delivered,2017-04-17 14:04:59,2017-04-17 14:15:18,2017-04-17 15:16:44,2017-05-01 12:34:00,2017-05-18 00:00:00
995f4fdaa0eeb0d3c4ac475f47a8c271,b1114c131b839082de98f115dee1369f,delivered,2018-03-25 17:03:01,2018-03-26 16:28:56,2018-03-27 22:51:23,2018-04-18 17:55:51,2018-04-18 00:00:00
f0cd3d160659eabeeb6afba44c0c04f7,24cfe14401b47e09e68d7d61040878b9,delivered,2017-08-17 13:50:10,2017-08-19 02:25:38,2017-08-22 19:33:18,2017-09-08 19:42:27,2017-09-28 00:00:00
29e51ca4b5b37a60b607bde44f24d37e,bcea74fac119bda14e26149fd05c050d,delivered,2018-06-26 21:26:08,2018-06-26 21:35:17,2018-06-28 07:30:00,2018-07-03 22:22:05,2018-07-23 00:00:00
66aac47537a2b6a195103fcd5690996d,5692183efd941e64a6d688e5130545b9,delivered,2018-01-08 12:54:10,2018-01-08 13:04:27,2018-01-12 20:17:51,2018-01-22 17:46:23,2018-02-05 00:00:00
700ed360aae6dff713da1178cdbdfec6,04ca9bac2d66158857714c87d46e71d3,delivered,2017-09-19 23:06:49,2017-09-21 02:46:14,2017-09-22 18:39:05,2017-09-25 19:52:06,2017-09-29 00:00:00
d1a9489720f6071530979a98e14b2772,eb145cd67c4e238afb003b9017111f0d,delivered,2018-05-14 22:17:39,2018-05-16 03:15:03,2018-05-16 14:44:00,2018-06-02 12:58:46,2018-05-30 00:00:00
8a9c4879d3cde9fe810bdc06fb38b671,7dbd177b3fa902ebeb7755430b402694,delivered,2017-08-01 12:56:53,2017-08-01 13:10:16,2017-08-02 20:52:09,2017-08-08 16:35:57,2017-08-30 00:00:00
8c6eb35c6bb5e1a9dbf00531ab9404e3,5679d50d0154613a2fe16d2fe8fdf33e,shipped,2018-04-06 12:17:13,2018-04-07 02:50:13,2018-04-09 20:04:19,,2018-05-02 00:00:00
a8011c5b1b6536063a53c05cabf56bb0,e8b75845a700bb574b2346b8f489736a,delivered,2018-01-20 13:31:12,2018-01-20 13:42:13,2018-01-23 00:19:03,2018-01-24 18:49:05,2018-02-09 00:00:00
0573f0fe44a09808d06e716ae1a478ed,6b6432e5ac54b7e774417246c1e9bbde,delivered,2018-06-23 16:55:16,2018-06-23 17:16:00,2018-06-26 13:06:00,2018-07-02 17:41:58,2018-07-16 00:00:00
0a9c633395c19d5fa38b9e5313db37a6,13e0a2bb02a7e89185cb36c53db4473a,delivered,2018-03-01 21:21:22,2018-03-01 21:30:48,2018-03-02 19:52:12,2018-03-21 01:51:55,2018-03-22 00:00:00
774847476ad545e9bcb605a75dd40de6,97e0d5ec767e81e08e764aadbcb96206,delivered,2017-09-22 18:07:29,2017-09-22 18:24:33,2017-09-27 11:13:21,2017-09-30 16:32:40,2017-10-23 00:00:00
d6e170b889c3bb4770d46aaa63e498eb,961606fc288ebba02a054162558075c8,delivered,2018-06-22 15:05:24,2018-06-22 15:20:58,2018-06-25 11:23:00,2018-07-03 03:52:01,2018-07-25 00:00:00
407b45a96cb1a7bdc352d2a499647b84,95478f5c3c6dd56be5a6b7fdbda36f6f,delivered,2018-03-14 22:15:27,2018-03-16 03:45:18,2018-03-20 17:44:36,2018-04-12 19:50:39,2018-04-06 00:00:00
64d142a53c93d55b6809d20d06dcd951,bfe91080846bf422f0f38f6f2ecdf1c8,delivered,2018-01-25 10:12:25,2018-01-25 10:32:11,2018-01-30 21:08:54,2018-01-31 19:09:36,2018-02-09 00:00:00
943980abcbc522eb49346398ee2594b4,96530093e1f224383da249e21be5787b,delivered,2018-03-23 21:19:37,2018-03-24 02:10:44,2018-03-28 01:46:58,2018-04-05 15:28:43,2018-04-17 00:00:00
e22988df4a8a5e701f32adc32b5d5fb4,62561829cb4eb66eddee23af1e7d4570,delivered,2017-12-04 11:06:11,2017-12-04 16:30:35,2017-12-05 00:58:36,2017-12-19 21:09:14,2018-01-02 00:00:00
fb1d06cccaa9f157355d83d52634c957,ee5623f1e838be7d736d0592a4e870f3,delivered,2018-03-22 14:41:57,2018-03-22 15:31:20,2018-03-23 20:41:31,2018-03-27 23:48:33,2018-04-04 00:00:00
3609efe3e67d76fc425ba5fd19fd4bd5,b0a138fd5010ba7c97075d71001e87c3,delivered,2018-02-19 19:34:43,2018-02-19 20:35:34,2018-02-20 18:18:53,2018-03-15 21:07:32,2018-03-16 00:00:00
29d99fdabd0cb6b4e9d82f2f38c04a5a,c64e943126adfabb1c2ae21b4bc1e650,delivered,2017-01-25 19:44:48,2017-01-25 19:55:09,2017-01-26 14:03:04,2017-01-30 10:57:44,2017-02-22 00:00:00
3e209a35ca9fb429434e538d9a015df5,7de50105907ead194db12267a68e38ee,delivered,2018-02-11 10:56:41,2018-02-11 11:08:27,2018-02-14 19:09:06,2018-02-19 19:30:27,2018-03-21 00:00:00
1f67d1f09d1858b5d12a7548b258fe95,4e832907204b4a6d1d7643f89969aff2,delivered,2018-06-12 20:46:51,2018-06-12 21:23:43,2018-06-13 15:13:00,2018-06-19 15:18:52,2018-07-11 00:00:00
3ea85b54f4c54ccc998b38bebf6c2c15,0096dd625383caa8afe2c028018bf4ce,delivered,2018-04-11 13:27:29,2018-04-11 13:50:26,2018-04-17 13:08:57,2018-04-30 15:51:46,2018-05-25 00:00:00
92b2185ad7819322fe1488669fcb1f31,23ef610d8b7fac1024a8e4159496b90c,delivered,2018-01-20 18:40:21,2018-01-20 19:09:34,2018-01-24 18:44:32,2018-01-30 15:44:29,2018-02-14 00:00:00
d199e989bbb5f7b410c1a717d589499e,b5d690a89f3a144487f8630df7cf567f,delivered,2018-07-30 15:26:34,2018-07-30 15:44:53,2018-07-31 14:43:00,2018-08-01 19:20:01,2018-08-23 00:00:00
4be3435a18d709c7bec9b8d5651088b4,a87d45ca887d3d335a94649960190869,delivered,2017-10-07 12:52:12,2017-10-07 13:05:02,2017-10-20 12:13:06,2017-10-28 01:24:51,2017-11-09 00:00:00
35f1c7a905180687002390a212d166be,4d76d67924ecadc4b2aa91d302dd020b,delivered,2018-04-02 21:48:56,2018-04-04 03:08:55,2018-04-04 18:11:12,2018-04-16 18:08:46,2018-04-18 00:00:00
38ceb430670a97a62dda6e748ec94f69,5606c8ed3e243a47aa96c3206cd14b18,delivered,2017-09-28 09:48:29,2017-09-30 09:49:22,2017-10-02 20:49:58,2017-10-11 18:53:06,2017-10-26 00:00:00
3785ffb02b0b201a23df7daf357c271d,7cba2705c01b76fa986e0efd815d3b09,delivered,2017-10-03 13:27:13,2017-10-03 13:49:19,2017-10-04 16:41:36,2017-10-07 16:29:03,2017-10-19 00:00:00
0c83ae77e6509fbaec6d9ae8844ccef7,3eb6b717fd80b094c121c4ce049cd3c3,delivered,2017-07-21 14:57:04,2017-07-21 15:23:16,2017-07-21 20:03:33,2017-08-08 19:16:10,2017-08-17 00:00:00
45ca85d3a9ce8406d3291753acce966d,ac7f2420ab4a76a90d70be194cce22cf,delivered,2018-07-05 23:14:26,2018-07-05 23:30:55,2018-07-06 10:08:00,2018-07-10 21:45:24,2018-07-18 00:00:00
34c419515123f11b048d07c0f8e4cf4c,fd8a857412d572142654875ac852e343,delivered,2017-05-04 15:27:52,2017-05-06 02:22:52,2017-05-09 07:47:58,2017-05-11 14:29:45,2017-05-29 00:00:00
2a8d11469aa193477a4c0c3e79f09d18,62f3d61a58b432e64c4cc26e78685bae,delivered,2018-04-06 07:08:14,2018-04-06 07:48:06,2018-04-11 17:19:42,2018-04-18 15:56:46,2018-05-07 00:00:00
e94753fb36e53fd8e0ed80fd513faa16,c9215c202f283f26558cc8e3b469ade1,delivered,2018-08-22 12:44:03,2018-08-22 12:55:30,2018-08-23 14:39:00,2018-08-28 14:33:26,2018-09-05 00:00:00
e02dc68ec812b53123f583c142466f0f,57cd7f8752db725b97feba09655b9a2d,delivered,2017-06-18 20:00:47,2017-06-18 20:15:10,2017-06-20 16:23:43,2017-07-13 19:06:06,2017-07-19 00:00:00
01f48b2a27229e667db384b5b9d5dfa4,1f4e48d20f0deaacefd7fc19a4382c65,delivered,2018-05-16 22:32:50,2018-05-16 22:55:50,2018-05-17 15:21:00,2018-05-18 15:46:42,2018-05-28 00:00:00
25dbb5b0e8fffe7add495cf01a2893d0,cc24ed2ed67ceb1f6d4878edeea3aae8,delivered,2017-11-28 12:01:21,2017-11-28 12:14:36,2017-11-29 22:08:04,2017-12-04 15:55:00,2017-12-18 00:00:00
e36d390b90de532ec095695e0fab74e5,3a2ac61c7ff1ebc42bc360b249e43d53,delivered,2017-08-29 18:48:37,2017-08-31 02:44:54,2017-09-01 15:14:02,2017-09-02 11:44:57,2017-09-12 00:00:00
a749acbc328952e55d87733a869f2817,bf10128e5ecdd3a1ebfe697aa8084da0,delivered,2017-08-23 13:21:35,2017-08-25 02:50:51,2017-08-29 15:47:49,2017-09-06 19:07:59,2017-09-13 00:00:00
e1df06d2e0fcfed2ec12f002d54da4f0,ce8131ee1a45966150c199dbbc23370a,delivered,2018-06-04 19:49:44,2018-06-06 03:11:02,2018-06-22 09:29:00,2018-06-29 20:05:24,2018-07-18 00:00:00
1e62cc7c75b9ab770d8ade06089fed44,c01f50d3efd1bf4bc960ac76cd51c7ac,delivered,2018-02-19 18:56:21,2018-02-19 19:55:33,2018-02-23 20:17:49,2018-03-01 00:54:46,2018-03-09 00:00:00
fb0c01b2efee313f5231a89c4a55e498,36fa9776dee38b20734cac9f7a382be4,delivered,2017-12-02 10:36:19,2017-12-02 10:57:09,2017-12-04 16:29:54,2017-12-21 17:12:40,2018-01-03 00:00:00
6e089ddde2c178b6b61fcdda22c9e84e,ce73c680985391372a7b4c9688a1add4,shipped,2017-06-15 11:10:41,2017-06-16 11:10:20,2017-06-22 08:44:11,,2017-07-24 00:00:00
24257d104a3908bfd7b8bc9f6e1a2039,9957ecb94949e7bdbdf431e5d1388543,delivered,2017-08-03 20:07:27,2017-08-05 03:03:45,2017-08-09 17:52:51,2017-08-17 20:06:11,2017-08-29 00:00:00
2e3258f81be08e497abb202cef0c0303,2b52fe2c8577aa99f7dadca0efbaafaa,delivered,2018-03-01 08:11:25,2018-03-01 08:48:25,2018-03-02 21:35:28,2018-03-12 23:26:38,2018-03-19 00:00:00
0cc14454cb400b7b154e0a45ffd5c2f9,6500983182f0ed3a2e92fcb7522a4832,delivered,2017-12-17 17:24:50,2017-12-17 18:34:05,2017-12-18 20:03:12,2017-12-20 15:27:45,2018-01-05 00:00:00
87ab9ab3d80a94a8bf706297277c0f16,a53e6d8f6610cc95f21f5ee30693f5e8,delivered,2018-02-26 21:43:45,2018-02-26 21:55:30,2018-03-01 00:06:51,2018-03-19 22:21:55,2018-03-22 00:00:00
171494d5a0a3d21f98268f2aa9314a18,b0cdc7ec79e9ddd066fd35f00add602b,delivered,2017-12-22 12:05:52,2017-12-22 12:13:18,2017-12-22 21:07:07,2018-01-03 18:37:44,2018-01-18 00:00:00
bc7378e3329da5c228531efaaabb18ae,5562b9ca12dd2d9bc4deaadb6774e3eb,delivered,2018-05-12 10:17:50,2018-05-12 10:34:36,2018-05-14 13:46:00,2018-05-18 12:16:47,2018-06-12 00:00:00
87cf2adfb8afa786cac2d49bab89d389,1c6579ddbb2f786b7e5749ee5a227b14,delivered,2018-02-14 15:27:34,2018-02-14 15:48:04,2018-02-20 20:26:50,2018-03-14 11:56:41,2018-03-16 00:00:00
e9df4254faf2fe70bfbff4c0abe4fb7c,3d1d66accf98c118e170e779aab66b67,delivered,2017-01-21 14:22:49,2017-01-24 03:45:13,2017-01-27 08:58:51,2017-02-07 11:28:05,2017-02-20 00:00:00
26e7606527e710486939428227c703cb,acad8cb48b2abf7b314130560a9906fa,delivered,2018-03-05 22:00:55,2018-03-05 22:15:32,2018-03-06 20:58:32,2018-03-07 14:26:51,2018-03-15 00:00:00
0987ca7d6618e8d1a3bcc49207d6f713,8ccdac7eb0c1dc6e6263c1cfdb97420f,delivered,2017-12-05 19:40:10,2017-12-05 19:55:05,2017-12-18 17:55:37,2018-01-06 13:37:43,2018-01-08 00:00:00
1b4130478aee169922ebb0b0a9ef919c,c2141e86f308c7b00d8ec297ada8f7c6,delivered,2018-01-12 23:08:41,2018-01-13 23:09:10,2018-01-17 22:17:09,2018-02-06 22:18:27,2018-02-19 00:00:00
491f5fabbd1c4d86ab4ae7a2024d7368,4d60b9bf2c64e3e1b29c297752050aa2,delivered,2018-01-12 16:57:17,2018-01-16 03:50:24,2018-01-18 00:27:55,2018-01-30 21:04:30,2018-02-07 00:00:00
bef79681fbe33b2789095e966c159563,eb947ab711d08fa53b7a1418b230677a,delivered,2018-02-05 10:33:26,2018-02-05 10:50:06,2018-02-06 22:07:23,2018-02-14 16:47:06,2018-03-01 00:00:00
41601ce3031e924168afb94d2758f80a,12c50c22a6f04953fceda99928b56847,delivered,2018-01-16 11:53:00,2018-01-16 12:16:50,2018-01-19 20:28:59,2018-01-26 00:26:27,2018-02-09 00:00:00
2b28c958aceae6cdb1ba4ad008963b78,a4767447abb2ab008dcbc5b3eb8865ae,delivered,2017-04-29 20:13:00,2017-04-29 20:22:42,2017-05-03 13:56:50,2017-05-10 08:46:36,2017-05-26 00:00:00
1d0ec3f28fc4f0dfe429d70f0f2acf7f,96a609f65bb190005427d012320e45cf,delivered,2018-08-18 15:25:36,2018-08-21 04:35:26,2018-08-21 14:44:00,2018-08-27 17:30:28,2018-09-05 00:00:00
7d6dd21206d2e43674aa0c6b6e573cf6,eee08cb8f295121937e6c8ec1b89661f,delivered,2018-07-31 13:59:51,2018-07-31 14:31:37,2018-07-31 14:54:00,2018-08-03 17:48:54,2018-08-23 00:00:00
a9e41421a906ed1a2e2c882a0cfecf48,219a14804135f9a0b4e76c88de0b5cae,delivered,2018-05-09 00:07:59,2018-05-10 03:10:14,2018-05-10 15:24:00,2018-05-18 19:06:44,2018-05-29 00:00:00
6a561b1f3b2ed85c05e55494271c7061,c116f2069fcf54d5e5d4864cc29f628a,delivered,2017-05-09 22:42:23,2017-05-11 03:55:16,2017-05-11 16:15:00,2017-05-18 16:15:00,2017-05-25 00:00:00
11ff2af78a9ec50c26f9cbbc62a10d38,a48b14b74f4daa3f589086dd35afe553,delivered,2018-02-01 08:52:15,2018-02-03 02:53:47,2018-02-06 00:45:55,2018-02-16 15:35:44,2018-02-23 00:00:00
c50e269f3f05dc460ee457106f787b7f,bdb3e5fd8dc8c30b7fdbe43e818bb2ec,delivered,2017-12-11 16:18:48,2017-12-11 16:30:32,2017-12-12 19:57:15,2018-01-03 16:55:15,2018-01-10 00:00:00
2c55979729e848c9614426ba49826183,4f807878f4cbc724cc06a0857fbb1134,delivered,2018-02-06 11:08:33,2018-02-07 02:55:55,2018-02-07 18:38:51,2018-02-09 15:11:54,2018-02-22 00:00:00
c5ea69eb816127590a14c3d848e1679c,9e682deddb164563d50532ebab34306c,delivered,2017-05-14 05:55:24,2017-05-14 06:10:06,2017-05-17 14:21:39,2017-05-23 11:55:48,2017-06-07 00:00:00
7bfe238bd2ede94073ec8c6c64509b90,44c14ab4c4d0144041d639254fcf13d9,delivered,2017-04-19 21:08:35,2017-04-19 21:25:14,2017-04-20 09:59:07,2017-05-02 15:46:49,2017-05-18 00:00:00
3ceec142bbeb4de9939d371d6182d5d6,b9cc7bff1ac00970ba1247f36be4879d,delivered,2018-05-10 14:50:58,2018-05-10 15:11:42,2018-05-11 15:02:00,2018-05-14 17:21:52,2018-06-08 00:00:00
1c19fe562ab8176385b8e5fb6566aea2,06d99479baac3413561b21bd7ac27767,delivered,2018-05-02 22:40:22,2018-05-03 00:30:38,2018-05-03 14:50:00,2018-05-07 19:26:36,2018-05-18 00:00:00
1721eb90ee8c1fb7d6c2f81e8acd2a22,544c28b6508aec0819b39515c115ecc8,delivered,2017-07-03 08:56:17,2017-07-04 09:05:12,2017-07-06 12:12:35,2017-07-10 22:46:49,2017-07-24 00:00:00
b392178525db3323c13bd67d9dee38ff,8144e16e04d00723d22ff69e9c08bb49,delivered,2017-11-03 23:11:29,2017-11-04 23:05:46,2017-11-07 17:03:31,2017-11-13 20:44:46,2017-11-24 00:00:00
dca9c66e66baef1acdb9d05297bf59e3,5db7ba0d9c75f6e67a904e1419cfc183,delivered,2017-07-18 19:24:03,2017-07-18 19:43:14,2017-07-20 15:27:38,2017-08-01 11:07:29,2017-08-14 00:00:00
310e89c32f0c576eb9e50723c1c23e19,551f65d9a0bd47db036ed3b52149c3f2,delivered,2018-05-05 18:56:01,2018-05-07 08:55:42,2018-05-08 14:38:00,2018-05-12 16:38:56,2018-05-29 00:00:00
f2a150c813c1eb96fd1883c1ed8fd9e5,e624987b8f8a9424f614771d13698100,delivered,2018-06-19 10:14:30,2018-06-19 10:37:37,2018-06-19 10:14:00,2018-06-27 17:04:42,2018-07-24 00:00:00
07684a430f124ffa76c3415f04fb2ed5,f374a23494f580eda86c55a7443f6e28,delivered,2017-07-27 10:29:11,2017-07-28 08:35:41,2017-07-28 18:18:15,2017-08-04 22:27:39,2017-08-22 00:00:00
1d9c50c894c0353c480222a9de8512a4,9b019db873f6ac74abb726288163456d,delivered,2017-12-21 07:48:42,2017-12-21 07:58:25,2017-12-21 15:28:35,2017-12-28 19:35:11,2018-01-16 00:00:00
34688497162fbb53b24e10738f912fa4,35b1a3161577151979b495f826641469,delivered,2018-08-14 21:28:20,2018-08-14 21:44:02,2018-08-15 14:04:00,2018-09-04 21:33:01,2018-08-22 00:00:00
952dfc4bcc1dce2062c0b0575ec23db7,8de1e48bcdf39b47ab42e9b32b9772d5,delivered,2017-11-17 08:02:20,2017-11-18 09:29:17,2017-11-24 18:35:23,2017-11-30 18:27:14,2017-11-30 00:00:00
6bf23bc0b1c629639c42e76d525ea1a0,fe90652327c5b552bf56d431f882ad20,delivered,2017-11-09 13:21:04,2017-11-09 13:35:30,2017-11-13 22:56:46,2017-11-21 22:07:40,2017-12-04 00:00:00
bbec0e8ff27f20abbd5b2fc0ab8a82c6,b90b0b7a2e5f7b78057247cd0db0ed51,delivered,2018-08-21 12:19:11,2018-08-21 12:31:35,2018-08-21 14:14:00,2018-08-28 22:51:30,2018-09-05 00:00:00
f38176af08190044aef2fe48eb38365b,36563caf711bd050e626f4d58e144159,delivered,2017-03-03 16:49:00,2017-03-03 17:02:25,2017-03-07 11:18:17,2017-03-16 11:47:50,2017-03-24 00:00:00
77df84f9195be22a4e9cb72ca9e8b4c2,1205480caca6c37f55954da838933b8a,delivered,2018-08-16 04:29:53,2018-08-16 04:44:00,2018-08-16 16:21:00,2018-08-17 13:21:18,2018-09-18 00:00:00
d243808e23f60f3895c6a696df710642,f311cdd5c8f22cae58ea2495cebbf047,delivered,2018-07-16 11:01:26,2018-07-16 11:15:18,2018-07-20 12:16:00,2018-07-30 17:18:42,2018-07-30 00:00:00
28a58d10c5ce66e99e4edf25548e1a0f,d120c21be52a1136c423dad6a50a75a4,delivered,2017-05-04 14:51:10,2017-05-04 15:03:25,2017-05-05 16:26:54,2017-05-21 08:37:37,2017-06-08 00:00:00
3a5271b57335b6f18985d213924b3ca0,53885730087107b7a4dd579001c918e6,delivered,2017-05-24 12:43:47,2017-05-26 02:25:25,2017-05-26 16:12:42,2017-06-08 14:22:22,2017-06-13 00:00:00
0c71a69769943ff74326682f85d34be9,8e2ca602bd712bb232afd470752cef62,delivered,2017-08-08 08:49:10,2017-08-08 09:03:18,2017-08-08 15:53:30,2017-08-17 17:53:11,2017-08-30 00:00:00
889508c3700be6eebc597a173a99c250,57fd533504f8465baa7d22a08b659f9e,delivered,2018-02-03 19:28:45,2018-02-04 00:09:40,2018-02-08 20:58:07,2018-02-18 12:50:59,2018-03-05 00:00:00
9c4dfa7a4f01d5042e9363edd0c7c7b9,176e4214bb992cb6ecb6d426f39db3b1,delivered,2017-03-13 14:00:28,2017-03-13 14:00:28,2017-03-20 11:42:32,2017-03-29 16:35:47,2017-04-10 00:00:00
963ed653f00e0f3db85dc163baac579c,9ca6194429e983e3d30bf20c15eec582,delivered,2018-05-07 20:20:40,2018-05-07 20:35:21,2018-05-08 10:19:00,2018-05-09 16:42:08,2018-05-16 00:00:00
b4ef4b05fef13db5a94b0ccd497c521c,046a5261421159f926af159485832725,unavailable,2018-07-12 09:41:54,2018-07-12 09:50:20,,,2018-08-01 00:00:00
b11277967c91e971b81a787a51849320,6552cd640a76d503cd18ed9b10adc740,delivered,2017-03-02 15:22:55,2017-03-04 02:23:28,2017-03-08 15:30:31,2017-03-14 13:12:23,2017-03-31 00:00:00
b26d0e4b269b9370121538ab116bb04a,18538d4c5ba3cf1a66b9a8c4aceb5e84,delivered,2017-07-09 17:53:12,2017-07-09 18:05:28,2017-07-12 16:57:45,2017-07-17 19:43:31,2017-07-31 00:00:00
e3f593928ae2e5fc7463fe3603dd3e85,60f02d86ffb0ecb42c3f2c45036d9a1d,delivered,2017-05-23 21:31:24,2017-05-24 13:05:38,2017-05-25 09:53:12,2017-05-31 09:07:42,2017-06-22 00:00:00
1ba067e676f52a18b8b2fdba56eecae7,d2d354a32e8cd619c0466eeefabd826a,delivered,2018-02-23 15:18:25,2018-02-23 15:32:08,2018-02-27 02:09:04,2018-03-26 18:58:23,2018-03-29 00:00:00
ae7f30650fe9c91685d2fb23a527df97,94dc77420394cc2e94c816422c0c720e,delivered,2018-05-14 17:53:13,2018-05-15 03:55:59,2018-05-15 15:06:00,2018-05-23 20:12:20,2018-06-04 00:00:00
202ecd14054c7ca8c26634abe19ace58,503c0a508e852f0479e3719b5816bacd,delivered,2018-08-02 14:09:57,2018-08-02 14:44:05,2018-08-03 15:10:00,2018-08-09 18:38:43,2018-08-13 00:00:00
f94e0e7c18de77db38fbde857fa75be1,04bceafd0111719988603d18dbac84fc,delivered,2018-02-11 20:04:59,2018-02-11 20:28:08,2018-02-14 20:07:35,2018-02-19 20:58:42,2018-03-09 00:00:00
4ef3c842b74a91b2524df4e621606c94,02dfd8931ac72171c45b5c8522cf4082,delivered,2017-06-07 07:29:40,2017-06-07 07:42:40,2017-06-08 06:26:41,2017-06-13 16:09:34,2017-07-12 00:00:00
1ac18d97e1b6b6735f1c5ff4f4757380,7f6dac815cfedce002223f96e81506ca,delivered,2017-11-13 23:10:55,2017-11-13 23:31:12,2017-11-17 20:09:16,2017-11-22 22:04:45,2017-12-01 00:00:00
327c17fe3bf926f72f592503b52e3b5a,b9c84df370dea836ec452ed49cca4c78,delivered,2018-01-07 23:42:15,2018-01-07 23:53:40,2018-01-08 21:27:00,2018-01-26 18:58:59,2018-01-31 00:00:00
12656ffa174ee7dd1434940b8e538f32,fd33257e245d8ffd4281adc1ffd97f88,delivered,2018-03-27 14:02:04,2018-03-27 14:10:21,2018-03-28 23:03:40,2018-04-02 14:32:43,2018-04-09 00:00:00
0cc4a0e7b03976348e97bf0721a96376,aab107994b53982ce98d1b528a33fbdf,delivered,2017-12-03 22:24:30,2017-12-05 04:13:22,2017-12-07 13:42:25,2017-12-22 15:36:32,2018-01-09 00:00:00
0c63a4c9a17deeff24d65bec51f3a5ec,a23a0e710e605ff1704284b0152e0bfc,delivered,2017-09-30 21:44:37,2017-09-30 21:56:14,2017-10-02 17:43:39,2017-10-06 19:13:43,2017-10-27 00:00:00
2025b5bad835a500f8422436e24bd78f,1677712a7d16c75d46e54b6c5c9218b1,processing,2017-02-22 09:59:09,2017-02-22 10:05:51,,,2017-03-27 00:00:00
ab2bdf1229c8b790d6ebf0f703023f01,efcd7d8360b578ca5bc76b33ab4b3aa9,delivered,2018-03-27 13:25:46,2018-03-27 13:47:53,2018-03-28 17:21:48,2018-04-12 23:32:21,2018-04-23 00:00:00
b9f31e3a32f182587fd629c681118d79,d602a0c12e9023bd9f13bed51e8d4caa,delivered,2018-01-11 11:19:49,2018-01-11 11:28:36,2018-01-15 16:28:42,2018-01-22 12:59:31,2018-02-09 00:00:00
611422343cc9f16ead16e75de8622dab,56ca9dd30b41a32667730b7b3c9b7ad8,delivered,2018-04-03 13:39:06,2018-04-04 03:29:26,2018-04-05 01:33:14,2018-04-28 00:44:52,2018-05-02 00:00:00
15443e6c36bee0191bba44f93f55c1fe,5e34825621e2f665d50b4cee28e37023,delivered,2017-12-09 09:02:05,2017-12-09 12:51:07,2017-12-13 19:47:25,2017-12-23 15:38:53,2018-01-12 00:00:00
62899f7b8e4122204fc3d26d8d2c3737,551adb1ab4dd9254a79d487f163c9629,delivered,2017-07-19 11:34:45,2017-07-20 11:43:36,2017-07-20 17:54:52,2017-08-04 22:19:45,2017-08-14 00:00:00
dae72058c85d67deae51d329e5b5938d,a4b9d0ad5ba0ebeca7c9e701a4c61e3c,delivered,2017-08-03 09:22:20,2017-08-03 09:30:15,2017-08-07 15:45:45,2017-08-11 18:06:01,2017-09-01 00:00:00
833eedb56c32640feb0446e2e042b42a,87655477e8726517d4bb95d4540576a7,delivered,2018-04-23 07:20:15,2018-04-24 18:38:55,2018-04-24 19:02:30,2018-05-05 16:56:33,2018-05-22 00:00:00
90540cf8cf4df7ed6e10425cdfd522c9,98721c618b43935849baec57ffb8dda0,delivered,2018-05-09 18:14:31,2018-05-10 18:18:17,2018-05-14 14:35:00,2018-05-15 17:34:59,2018-05-18 00:00:00
08c3c0d49b3cb66764234e0fa980e850,24a9d9ed5262306de7a4b0925ada06dc,delivered,2017-12-05 13:29:49,2017-12-05 13:53:42,2017-12-06 12:52:09,2017-12-20 20:19:12,2018-01-03 00:00:00
60e3a3852eb45dfe8e9cce6c97c1a1b1,61248acbe7cdec04b7ae3a3beb69a171,delivered,2018-03-04 15:57:57,2018-03-04 16:10:34,2018-03-07 23:32:50,2018-03-27 19:36:44,2018-03-21 00:00:00
84db939b1ab9686533e9a06a0354beb6,c0789eee49fe7d5d93d5e412c14181ce,delivered,2018-07-20 13:14:25,2018-07-20 13:25:09,2018-07-25 13:27:00,2018-09-17 13:49:04,2018-08-16 00:00:00
bc6d2ee01d1daa8441fc48b586bcd985,754cdd12a072b7cd037ad32aee11db02,delivered,2017-11-24 10:09:50,2017-11-24 10:31:05,2017-11-24 23:11:35,2017-12-04 21:37:42,2017-12-20 00:00:00
534e2b783c1e84bc830f3f372a31ba0b,53c312b1cd2febb91dedfdcce49bd1d0,delivered,2018-06-15 22:50:54,2018-06-15 23:21:13,2018-06-18 14:55:00,2018-06-19 18:28:29,2018-06-28 00:00:00
48d230e6c8bd3de6e2c702e6869fea67,71179eaf4b20880be945cfd2a5bc6084,delivered,2017-03-19 22:22:24,2017-03-19 22:22:24,2017-03-21 09:17:46,2017-03-24 11:56:23,2017-04-10 00:00:00
911e973fcd823c79ed2f924eef8b0874,6ba66a8857593089687875fd781e8efb,delivered,2018-02-19 15:19:49,2018-02-19 16:27:25,2018-02-20 20:39:14,2018-02-21 22:12:50,2018-03-05 00:00:00
e5700a52207ef266413e9f43a7b0d5f6,82f0b47bafae8118df842b125aa0fc54,delivered,2018-08-14 21:21:39,2018-08-14 21:35:11,2018-08-17 13:25:00,2018-08-23 18:38:31,2018-09-10 00:00:00
16b6123f7077419424bf89af74e2d054,e3702794d8a26f52191ff4badd7f40c4,delivered,2017-07-01 18:42:10,2017-07-02 18:35:07,2017-07-04 18:09:55,2017-07-24 17:29:32,2017-07-31 00:00:00
b93e694316954c82db60cf84faf9c694,719838a3dee4775a7054b8dfe43cf7a6,delivered,2017-12-09 14:21:59,2017-12-09 14:32:20,2017-12-12 22:06:00,2017-12-26 14:35:37,2018-01-11 00:00:00
970f01d4d6e42b5dbaaf975d2d45f913,746cb47767f7817cb0d5347862cecc08,delivered,2018-02-21 10:21:33,2018-02-21 12:05:35,2018-02-22 18:47:10,2018-02-28 19:22:42,2018-03-16 00:00:00
6b9d30f0b006a467142d46f2280c7fe7,cfeb304b0bb336936928474f8969a5a1,delivered,2017-04-28 13:14:01,2017-04-28 13:25:16,2017-04-28 13:44:15,2017-05-05 12:12:28,2017-05-24 00:00:00
120142f868b25baf05430c42ed963a99,a20abc59a2b88e8284dea1ee1cb11b10,delivered,2018-04-22 13:27:41,2018-04-24 18:39:30,2018-04-24 21:51:40,2018-05-04 21:41:13,2018-05-21 00:00:00
fa42a34be61fe1ded5df8a8079ce8a52,5a69025bd00a6950e3aa782b2213aadd,delivered,2017-05-06 10:24:55,2017-05-06 10:42:29,2017-05-11 14:46:57,2017-05-19 09:31:47,2017-05-31 00:00:00
19247443a7dfd6e4475b0e9b3fae86de,db44d450b483eeccdc0873434be0b954,delivered,2017-09-22 16:15:54,2017-09-22 16:30:22,2017-09-25 22:06:33,2017-10-05 19:45:52,2017-11-01 00:00:00
5fab73b31e4fd43344a3f2fa650807ce,10d723bb23836f3aeaba6c95810b120c,delivered,2018-01-02 17:47:14,2018-01-02 17:56:42,2018-01-05 21:38:33,2018-01-13 00:56:03,2018-01-26 00:00:00
343249b827e700995c0f620f5b51c15c,20d25a697a5ffc1a641fa0fa5d455b51,delivered,2018-04-15 11:34:42,2018-04-17 06:11:36,2018-04-17 18:16:48,2018-04-18 18:16:53,2018-05-03 00:00:00
e0aa66d7588bc46f68bf32d34ab6562d,03e5e57dd377a3da84cec48a7bbfba2a,delivered,2018-04-27 03:45:31,2018-04-27 03:55:20,2018-04-27 12:50:00,2018-05-07 20:38:51,2018-06-07 00:00:00
410d704bdcbe2893fd5ad73fe8166f43,0424e2f81bdfb77d7c11c3f447c7b241,unavailable,2017-12-10 15:25:51,2017-12-10 15:32:40,,,2018-01-04 00:00:00
ad47c55e7dc71d935ccff9650ff1beb6,77e155485a013b9fa61ac6b8305c4882,delivered,2017-10-21 20:39:37,2017-10-21 20:49:30,2017-10-23 20:47:42,2017-10-28 14:42:51,2017-11-10 00:00:00
7dbbb0cf6abae430040bc4914055c036,365d8633820f3d1ba6f2aa3628f623a1,delivered,2018-05-21 15:54:51,2018-05-21 16:56:27,2018-05-22 12:25:00,2018-05-23 14:58:42,2018-05-29 00:00:00
8e1e1daffbcfac661558e71878b2780c,431aa8450d30ae25badcaf4186f88281,delivered,2018-02-01 12:22:13,2018-02-01 12:35:29,2018-02-01 23:17:31,2018-02-06 13:04:57,2018-02-26 00:00:00
65fc7195f2f70e60bd81a12c69d7389d,f0e3b37d5ca2fc5c28ba3f66c71a3aaf,canceled,2017-07-25 10:11:21,2017-07-26 20:45:57,,,2017-08-08 00:00:00
3da8b1bbe6650411cf568285bb956f90,885d7e16b3febef0a036aa5ebbba9659,delivered,2018-04-17 15:50:16,2018-04-19 02:10:45,2018-04-24 17:19:26,2018-04-25 18:28:53,2018-05-04 00:00:00
8c17e98f67708928c1b03bb705c14b3e,41dab101e63cf0c1866b20cdff40471a,delivered,2018-06-22 12:04:50,2018-06-22 12:36:22,2018-06-27 11:42:00,2018-07-04 14:33:01,2018-07-30 00:00:00
77749ba00bdd3c6d19363c493a38bea5,9142192904c10ab30d79a1c1956fd5a2,delivered,2018-05-15 16:37:39,2018-05-16 03:15:00,2018-05-18 16:57:00,2018-05-21 22:16:35,2018-05-24 00:00:00
75769af508ae5e105845b3b4813fa07a,a4850b2f860df2ca227654e927a7f34d,delivered,2017-05-20 09:56:04,2017-05-20 10:05:10,2017-05-23 17:08:46,2017-05-27 11:09:45,2017-06-14 00:00:00
0d33a1e4f7c4426e2adf540cb219baef,1e487116feb9361b3221c3e93fde4d7f,delivered,2018-06-24 17:53:16,2018-06-24 18:15:03,2018-06-28 14:27:00,2018-07-04 00:59:43,2018-07-20 00:00:00
11b6318ec732b94b5593c66ef1f37863,2eeafd9d0467198f7d94fabf020d86e1,delivered,2018-05-16 10:47:06,2018-05-16 11:19:00,2018-05-17 13:07:00,2018-05-18 22:12:44,2018-05-24 00:00:00
fa5dc4c3b8326a0da88dc49b20e0ed27,6311060a7264023c715502f1608b1147,unavailable,2017-11-17 20:08:03,2017-11-21 05:09:15,,,2017-12-06 00:00:00
b002261c1b562472adb57d81cc90995d,41e6032fd1fb2f76526323b4c68f0e93,delivered,2017-11-04 09:44:23,2017-11-07 07:30:38,2017-11-07 20:16:44,2017-11-13 22:58:40,2017-11-24 00:00:00
123eb6c42fb774382bf82e6a332af592,7e25c3cc2fb867d3fef223c50fddc713,delivered,2018-02-25 15:54:36,2018-02-25 16:08:19,2018-02-27 18:12:29,2018-03-05 19:58:32,2018-04-02 00:00:00
410cfb42b9a36728a695fe883df04ebf,b74584aa39691bb6fdd0f68571d3ba0b,delivered,2018-06-04 20:28:14,2018-06-05 04:15:17,2018-06-11 14:23:00,2018-06-28 20:25:51,2018-08-08 00:00:00
d0c925dd85481e3b99bbc725dc56e1a9,fba700a28090dd4cef5433076c454f4e,delivered,2017-09-18 00:03:47,2017-09-19 00:10:18,2017-09-19 16:37:43,2017-09-30 16:58:54,2017-10-06 00:00:00
b837d07aca063bfa379766bb6740fdf9,56252fddbb6af46b87f5a070d68afd95,unavailable,2018-05-06 20:12:33,2018-05-07 09:56:42,,,2018-05-30 00:00:00
80380dcab14d7ec024883b76a82f04b2,c0be31fb57f9c3424f2207e69b48f305,delivered,2017-09-01 12:06:54,2017-09-02 12:15:17,2017-09-04 17:36:47,2017-09-08 18:35:47,2017-09-26 00:00:00
4a0d049ee6c82b3348a21bb211c0a44d,4bdf8269eff0f30a5f8c14e9df179854,unavailable,2017-06-07 09:53:30,2017-06-07 10:05:15,,,2017-06-28 00:00:00
24a6cba94937d6908dec93e82249d67e,a99ec4e97b0e06139d5e40154fe73745,delivered,2017-12-12 20:44:45,2017-12-14 14:35:27,2017-12-29 00:25:08,2018-01-13 12:52:14,2018-01-08 00:00:00
49e4c4907bdae7153ea492e2827fe5ab,09d35a85e870a6f5425234574a0ae1c9,delivered,2018-08-02 17:13:46,2018-08-02 17:30:24,2018-08-03 13:56:00,2018-08-10 06:08:36,2018-08-16 00:00:00
582fcbf6c15d85c705d101b4a3b6c25f,934bab8309cb5fe3e752f21cea484530,delivered,2018-02-21 17:06:23,2018-02-21 18:00:22,2018-02-22 21:35:48,2018-03-02 17:27:41,2018-03-14 00:00:00
f161d2927f0847f8fd74ebeb8a7b3a80,00a49178247b91322bdca02625e81f7a,delivered,2017-07-02 09:51:03,2017-07-04 04:10:17,2017-07-05 15:12:45,2017-07-19 16:45:52,2017-08-02 00:00:00
0f30dd4c9af7aabbce81fc381ce2e807,c18a4cb3f8ff37151c8e3dacada355a4,delivered,2017-10-10 11:11:11,2017-10-10 11:35:25,2017-10-11 13:52:18,2017-10-23 15:57:07,2017-11-01 00:00:00
de11314f84cd5578a36ab8312ab5b5df,9e5336e351aa9e91f0be9f38f189d097,invoiced,2018-08-03 22:15:39,2018-08-03 22:30:14,,,2018-08-10 00:00:00
cf1b24b9c3eb7257436b2e7b176444a8,394c35ecce8f2fc1cd69d1eef55659db,delivered,2018-04-04 09:25:30,2018-04-04 09:35:20,2018-04-05 00:27:26,2018-04-10 16:38:39,2018-05-08 00:00:00
8e0e3b77770b10f595b5c27e62efd4e4,ac0d00f96a6aacf450f7760968d811c9,delivered,2018-06-01 23:40:02,2018-06-01 23:55:08,2018-06-11 14:16:00,2018-06-12 21:14:43,2018-06-19 00:00:00
72683b144c2feca63881b49b5afd2bc4,61c13a14055ae790011592fbbd0a4f2e,delivered,2017-08-17 00:19:34,2017-08-17 01:50:50,2017-08-17 17:13:10,2017-09-04 21:03:00,2017-09-21 00:00:00
c6af04c6a72b5d587a620ad29c41dcad,b8413f7f4483d2539434ada199471a33,delivered,2017-10-27 09:51:37,2017-10-31 03:50:20,2017-11-03 21:55:56,2017-11-16 22:32:34,2017-11-16 00:00:00
ada8c993c9ef5f3e6705c9ea4af1a1d9,e5774bc03685e61b1a33c24e43e28a3c,invoiced,2017-04-24 13:37:12,2017-04-24 13:50:22,,,2017-05-18 00:00:00
33c011fdacf02b14181fcd81f4b5ece0,0c5ce79848f718f81dec0ee02829d074,delivered,2017-03-22 21:08:57,2017-03-22 21:08:57,2017-03-24 10:08:16,2017-03-30 12:28:05,2017-04-10 00:00:00
bb9552306cf6879fde49f4ba3bd94299,5e6ef5df32d231c3564df878e325d301,delivered,2017-12-14 20:30:29,2017-12-14 20:38:29,2017-12-16 00:19:10,2017-12-23 14:33:14,2018-01-12 00:00:00
901b7d3834c0b94a93d48cba6f2e3ce4,d3c7d2b32f278d3699a3e7376f85155b,delivered,2018-04-12 22:52:26,2018-04-12 23:11:22,2018-04-13 17:18:31,2018-04-23 22:22:44,2018-05-07 00:00:00
d643210fc3ba60faf761d5a9c9e3f8b8,f73eae10382b7e2d8bd624402eeba301,delivered,2018-01-28 18:34:40,2018-01-28 18:50:23,2018-01-29 20:58:54,2018-02-02 01:40:59,2018-02-20 00:00:00
4d73a326dfc780a0a459f4ca37111749,40443fa34ffdf6e08864f0e327ba3fd5,delivered,2017-11-15 13:36:39,2017-11-15 14:06:26,2017-11-17 20:32:29,2017-11-22 21:48:32,2017-12-05 00:00:00
bde485bef13be8b3bd38071e027e954f,7afaa65f4cd64d06fcebc3ece0a240be,delivered,2017-05-10 11:43:18,2017-05-11 11:42:35,2017-05-15 06:03:07,2017-05-31 07:54:51,2017-06-09 00:00:00
ed35c6ec36a7b59c5e1f902280143fcd,5fc1453ae536f0da12b0b1d8986c0555,delivered,2018-02-04 22:27:44,2018-02-04 22:35:37,2018-02-06 18:38:49,2018-02-22 19:35:43,2018-03-09 00:00:00
4e801b3860564f02745ba49a886fbc0d,2805aecd7250141468fc9e256aa3fa6c,delivered,2018-04-24 11:10:59,2018-04-24 18:56:28,2018-04-24 23:47:50,2018-05-09 18:48:40,2018-05-30 00:00:00
224bd0a94ce4f3eeebe2ef447e596863,dffe34ca3527d5eb4d985e7a3ace6b27,delivered,2017-07-11 09:15:43,2017-07-12 02:10:47,2017-07-13 19:24:39,2017-07-21 17:27:56,2017-08-02 00:00:00
b52c2a6044367f51b1e6f7d5bb8bca7e,02e6202903c54e4ad1b6cd9d9bc61680,delivered,2018-05-07 21:00:33,2018-05-08 17:51:47,2018-05-10 14:20:00,2018-05-15 17:27:52,2018-05-23 00:00:00
e008eec42c3cdeca3e9b47a91fbc848a,30c94c942e84899e8508e065325e382d,delivered,2017-10-03 12:36:36,2017-10-05 03:04:07,2017-10-09 22:12:35,2017-10-25 19:04:48,2017-10-27 00:00:00
ea418b9e7145f9d09282bcd0f281b2c5,0ebb41b53df7726b1f2b00a27a169ae1,delivered,2018-01-13 21:04:16,2018-01-13 21:15:28,2018-01-18 19:12:50,2018-01-27 01:52:33,2018-02-15 00:00:00
e8ab4523e5661e8945b938ccc4d89553,cd6c124956591100b92fe3f3f55450a6,delivered,2018-06-27 11:21:36,2018-06-27 11:35:15,2018-06-28 14:00:00,2018-07-06 18:03:34,2018-07-27 00:00:00
518556dca9ef8c42a63ae02ced2a479b,b0cc40c22e5ab8d8ea653c4412384eed,delivered,2017-07-31 10:42:49,2017-07-31 10:55:21,2017-07-31 16:56:18,2017-08-03 19:03:03,2017-08-11 00:00:00
640ca05ba049e9ed749671747bf9de74,1944b4d00cd7782e2302cb0c6405c0c8,delivered,2017-03-29 12:27:55,2017-03-29 13:05:56,2017-03-30 16:32:10,2017-04-18 13:44:59,2017-04-20 00:00:00
90f3963bbaa0e66ce36c4f9be2ed2914,687e088f2576ce1e7c576beacd01c1fc,delivered,2017-09-30 22:52:23,2017-09-30 23:07:10,2017-10-02 16:11:30,2017-10-03 16:12:24,2017-10-18 00:00:00
505bb60c12a248aa8c995503ec264554,8b718fe1aa1275c0f776af5b39001309,delivered,2018-08-07 20:16:13,2018-08-08 20:10:21,2018-08-09 13:21:00,2018-08-20 17:42:39,2018-09-11 00:00:00
0cfb8d2b2200481e6ce460c76ffa262d,7cd543411d01eb7daaaf8079121163ab,delivered,2017-11-28 23:09:49,2017-11-28 23:38:01,2017-11-30 20:38:55,2017-12-29 17:18:45,2017-12-20 00:00:00
bd311764a2c2a541c99f90f076923b34,9dfbbf80c6ae9741c9576d3371f58282,delivered,2018-05-15 09:20:18,2018-05-16 09:16:33,2018-05-17 11:58:00,2018-05-24 20:28:18,2018-06-05 00:00:00
b8c6d75388bad0d20626aa31f173d5fb,7d7074852c030d222553c809a7eb3699,delivered,2017-06-14 12:25:49,2017-06-14 12:42:46,2017-06-14 14:19:52,2017-06-26 15:04:47,2017-07-11 00:00:00
c28cc812db8e9acb713843bb0470b7cf,eb172b63b901dc5dd76bbb694ce13ff4,delivered,2017-09-10 00:34:50,2017-09-10 00:50:11,2017-09-12 19:35:01,2017-09-14 13:36:06,2017-09-27 00:00:00
eee612addb28b4837f3a8d9ce54e31f8,29898bc3bd6a526500f6a9f478141873,delivered,2018-04-19 18:56:58,2018-04-19 19:10:57,2018-04-21 00:39:45,2018-04-25 14:39:00,2018-05-11 00:00:00
03181fddac1b424c893821ec539b2abf,2e3c87a1fe28dc56e695f7584818c62b,delivered,2018-05-05 16:35:57,2018-05-05 16:53:39,2018-05-07 11:37:00,2018-05-08 16:08:40,2018-05-18 00:00:00
2f1d5b7529ef8603fe34724e65a9f03e,4b58a44a25cb035cb195b50c40342172,delivered,2018-03-11 11:01:36,2018-03-13 04:15:50,2018-03-27 20:03:47,2018-03-28 21:42:38,2018-04-20 00:00:00
b74d9d05094d192b78eec20610faec65,3b9bd84c3c4f91e956798211b3860c6c,delivered,2018-02-27 23:43:21,2018-02-28 23:35:49,2018-03-01 21:39:28,2018-03-27 21:26:36,2018-03-22 00:00:00
3cab5c70f370e7fa810658c551f8e2ce,54918590c1343b0ed2380a9a48596493,delivered,2017-03-26 18:25:32,2017-03-26 18:35:12,2017-03-28 14:28:13,2017-04-03 13:05:55,2017-04-18 00:00:00
69aeb590d8f4455ab0bb6b95154c2742,d11cf65608cde4907102879070a75f70,delivered,2017-08-29 23:15:51,2017-08-29 23:25:33,2017-08-31 17:23:08,2017-09-04 18:28:09,2017-09-15 00:00:00
7b1900e11427a097af75a1ae0932b993,15963a62cb3a9bcf6fc25d700bc8a8d4,delivered,2017-12-11 22:24:14,2017-12-12 03:49:35,2017-12-18 17:18:33,2018-01-03 21:07:05,2018-01-09 00:00:00
62ab60742c7a27d40b3791436f197bd4,9e805c4826699827157bef24eeb29bcc,delivered,2018-03-18 21:27:53,2018-03-18 21:48:10,2018-03-22 20:38:33,2018-03-28 20:28:39,2018-04-12 00:00:00
aac103aa82ea3fbc312b34cbc349859f,930a7d6b31016f869dd9d953667feaad,delivered,2018-04-10 18:45:08,2018-04-10 18:55:16,2018-04-11 22:38:42,2018-04-18 21:11:23,2018-05-10 00:00:00
d4bec1a24c97bd17be18d77297a0f6a0,33e66871536941873f7c041f120012be,delivered,2018-08-09 20:31:52,2018-08-11 11:45:11,2018-08-14 15:54:00,2018-08-22 17:52:38,2018-09-03 00:00:00
50dcbb2a2604b38d231b84bde3f62227,39378689a58075dd0304d79ee3ae0cfd,delivered,2017-10-05 17:40:46,2017-10-05 17:49:32,2017-10-11 18:49:43,2017-10-17 18:43:43,2017-11-07 00:00:00
7b73889e40574f23f35f71c026fb141c,ae9b61a69c752fc15eb4944d0c7f0544,delivered,2018-03-31 12:09:11,2018-03-31 12:50:20,2018-04-06 00:34:40,2018-04-10 23:41:30,2018-04-17 00:00:00
e752e06086626026b152f99c6f51fb65,ce63721c88f1ef79883255c7d1e7b1d2,delivered,2018-06-28 20:16:04,2018-06-28 20:31:14,2018-07-03 11:20:00,2018-07-10 17:24:45,2018-07-12 00:00:00
72d242bd537df6df087634f6065d7f62,03d01c3308507d5d861af0d89b65beee,delivered,2018-06-11 15:01:51,2018-06-11 15:20:52,2018-06-12 15:24:00,2018-06-13 18:56:38,2018-06-20 00:00:00
7b6d60ef9f4bea8469da80168c894820,613e5140d40c87bfd6d9f39f0892ea94,delivered,2018-08-08 16:44:41,2018-08-09 03:35:20,2018-08-09 14:36:00,2018-08-14 23:02:55,2018-08-21 00:00:00
1b7d6a3703a98513b60768df8d6c30b7,150c000d94442e397f21cc978f925d40,delivered,2017-07-05 22:40:50,2017-07-07 02:45:50,2017-07-07 18:21:23,2017-07-24 15:41:44,2017-08-04 00:00:00
9ea31bc786d569fb961d6aca5b8ac618,ac41dfafea25769214d7e659ae04882e,delivered,2017-03-17 09:32:47,2017-03-17 09:32:47,2017-03-20 10:26:57,2017-03-22 14:47:14,2017-04-05 00:00:00
c6e183c4386da59878bbec724d046491,8780d1856b962bc12e671a8fae923127,delivered,2018-06-20 20:30:31,2018-06-20 20:58:01,2018-06-21 14:27:00,2018-06-22 18:17:46,2018-07-03 00:00:00
3df9a0706897e062e91f253fa132b6dd,04c834ed53ed3ebdf68fa561bdc20e5e,delivered,2018-08-16 12:49:01,2018-08-16 13:05:15,2018-08-17 15:32:00,2018-08-20 20:33:08,2018-08-21 00:00:00
2121cb62043eb2269ab8bc218100c2e4,1fc40138df3260f59a3626133e0c57d9,delivered,2017-10-23 22:10:42,2017-10-25 02:08:21,2017-10-26 21:26:53,2017-11-07 18:07:01,2017-11-17 00:00:00
658677c97b385a9be170737859d3511b,de6dff97e5f1ba84a3cd9a3bc97df5f6,delivered,2017-04-09 17:41:13,2017-04-09 17:55:19,2017-04-10 14:24:47,2017-04-20 09:08:35,2017-05-10 00:00:00
699ff12900168a9020bb2487be684cc0,94ee7783d2f05e72a85fe65e13e96c9c,delivered,2018-05-21 11:59:02,2018-05-22 09:36:50,2018-05-23 13:37:00,2018-06-01 18:56:34,2018-06-19 00:00:00
8118e88205b0cd1342e85368ed6c0bcf,23c6ca6150d5e6f0bd50b6fd7ac82aeb,delivered,2018-08-24 10:46:25,2018-08-24 10:55:18,2018-08-27 20:22:00,2018-08-28 17:22:28,2018-09-06 00:00:00
9af92d2e86d9facb76127d7fdb850944,35cf4ef1e6641e62f6b7c29c8620c436,delivered,2018-02-04 12:14:29,2018-02-04 12:31:42,2018-02-05 23:46:39,2018-02-16 00:37:54,2018-03-13 00:00:00
69ecf8a73bd1de33c57b060448315a92,8515f6af4fd0d5f127ea032b8cd37a73,delivered,2018-01-08 18:03:33,2018-01-09 07:17:47,2018-01-15 16:42:58,2018-01-16 19:42:01,2018-01-24 00:00:00
6371383f8c6f8a72ff10050cf92adab6,41bed71284d7cc85ac0654ffaffdb186,delivered,2018-03-26 06:27:13,2018-03-26 06:47:48,2018-03-27 01:54:23,2018-04-03 22:48:35,2018-04-23 00:00:00
333977327b5c548879a21a3b1fc87c48,a2ce3bbb37aad72f3635ecea09345970,delivered,2018-03-11 11:49:08,2018-03-11 12:30:52,2018-03-14 18:58:42,2018-04-13 20:09:21,2018-04-03 00:00:00
cc46818e210f019a0a7c59b03fc43c8e,69a79fd7c17487aa334541535b78ce31,delivered,2018-06-13 17:18:14,2018-06-13 17:39:08,2018-06-14 13:28:00,2018-06-21 19:42:32,2018-07-11 00:00:00
00b676b01c289cc661c6f7732492771a,ca9a6ae226341827c9614ce7568db46c,delivered,2017-08-02 15:30:42,2017-08-02 15:45:15,2017-08-08 15:37:43,2017-08-15 11:22:26,2017-08-24 00:00:00
aac88c8074f903c76fc8616b924ab3e4,2d7ec557413376c4c299fbe64f6868a4,delivered,2018-08-02 16:57:49,2018-08-02 17:10:15,2018-08-03 12:30:00,2018-08-15 15:28:32,2018-08-14 00:00:00
2ee25e0dd8185c614dcad9949f0ad0f4,2f024788fbb16d959cdc8aadf44f66be,delivered,2017-08-04 00:36:56,2017-08-04 00:50:11,2017-08-07 17:51:48,2017-08-14 16:42:23,2017-08-28 00:00:00
7e96374aee396bd5b72cf015c3e06448,6a5546734acb8b5faa48ee38c4592008,delivered,2017-12-11 16:17:36,2017-12-11 16:30:27,2017-12-15 18:33:48,2017-12-29 22:43:10,2018-01-11 00:00:00
ecacbdf9dd9ba3bb85ace7edb81d157c,7302aa13024a3e490ad2f22b23bb2bc1,delivered,2018-03-23 15:50:12,2018-03-23 16:08:27,2018-03-27 19:37:31,2018-04-02 13:18:12,2018-04-05 00:00:00
4f45b64cff81907c56fcca5991321f97,6886c10afd8d27df19c5a49be96cd346,delivered,2018-05-15 10:44:52,2018-05-15 11:31:37,2018-05-16 09:17:00,2018-05-21 18:48:50,2018-06-08 00:00:00
e989ba2c566a8bba506c12084cf211f1,a6452bb0e152682d913a9503da689131,delivered,2017-09-25 16:41:46,2017-09-25 17:10:21,2017-09-26 16:25:20,2017-10-13 17:37:54,2017-10-23 00:00:00
29069b15adeec52fc98e512ac98acba2,ef064585c1de7fab6cae13fae7ec85b8,delivered,2017-12-13 10:02:08,2017-12-13 10:31:48,2017-12-14 19:15:00,2017-12-19 21:57:05,2018-01-08 00:00:00
b0f1788449620cd7f71d55b336967c24,8f14f3becf2f707936e250675b488a83,delivered,2017-10-23 20:27:13,2017-10-25 02:14:24,2017-10-25 21:07:37,2017-11-01 21:16:04,2017-11-14 00:00:00
82cefc0ed05913e6d19b9d6283dbf9cf,8ec1004a0848f47f8a538b9b6ea7e0b4,delivered,2018-03-24 10:01:37,2018-03-24 11:41:04,2018-03-27 00:42:05,2018-04-17 15:12:18,2018-04-24 00:00:00
1424887ded6dd139513a60ca6d4b7d97,a7a769e89cc6af5bcc4ea18ac329ccab,delivered,2017-12-20 11:46:03,2017-12-21 02:12:45,2017-12-21 18:38:47,2018-01-02 15:39:50,2018-01-19 00:00:00
05457977f35122e71095989d738e4a37,d4f3bec209aaecedb29d819e45cdb157,delivered,2018-05-26 16:40:08,2018-05-29 03:31:15,2018-05-30 11:14:00,2018-06-04 23:18:21,2018-06-29 00:00:00
05c12734a5d14a9b9528b3eb84f30e50,8cda5fa80381ad8d09441fc5b3d5ff46,delivered,2017-05-15 17:50:19,2017-05-15 18:02:40,2017-05-17 14:14:47,2017-06-02 09:53:55,2017-06-12 00:00:00
42f4c86bcf6208509573ee18d460b636,420c703f3f1139bbf850bd6d8b31490d,delivered,2018-05-02 17:05:19,2018-05-02 17:54:36,2018-05-03 15:16:00,2018-05-12 13:18:35,2018-05-21 00:00:00
9f80c79b3c2260ac4352d49fea965897,bd5c3a196a27361936b5ff684b567570,delivered,2018-06-16 14:27:04,2018-06-16 14:58:44,2018-06-18 14:42:00,2018-06-29 08:32:14,2018-07-13 00:00:00
3e5a5f26a57dc7918c951081887b0e88,f427fb5c3dde65b7d92a9bf57c2d9dd1,delivered,2018-07-02 18:46:20,2018-07-02 19:10:45,2018-07-10 13:50:00,2018-07-26 17:41:54,2018-08-08 00:00:00
365fb819701436011708b1be4a1d4810,f34242a0bf7d9691e3ca46e8eb3f2ddc,delivered,2017-09-25 12:31:37,2017-09-25 12:45:17,2017-09-27 15:30:34,2017-09-28 20:02:01,2017-10-13 00:00:00
7cba130d7fd9cbf1fa889eaaf7c89d29,6721a9af688cfa69d376ccb13bbe9ae7,delivered,2017-11-23 14:49:21,2017-11-23 14:56:22,2017-11-27 17:27:02,2017-12-01 11:51:09,2017-12-13 00:00:00
1bf38e3450f15beeafbebe6e0665d612,21a9772e10934cf4598522d6ec827697,delivered,2018-06-15 20:36:23,2018-06-15 21:01:16,2018-06-18 16:01:00,2018-06-22 18:57:34,2018-07-18 00:00:00
9feb31244fa82ce0a5fb912500881873,cb6525bca47a6a80d18977a78508cdb8,delivered,2018-04-18 13:33:46,2018-04-18 18:36:38,2018-04-24 11:47:49,2018-04-27 22:03:01,2018-05-18 00:00:00
ccfc366f9a65ee1750a938bd18aa489f,98965f2e554e2f75fcf1411133f41245,delivered,2018-05-31 21:27:20,2018-05-31 21:52:30,2018-06-01 09:03:00,2018-06-03 11:24:41,2018-06-26 00:00:00
8900d15492ac0e3b382fd3bd53c17e81,958f2d1bc9c1a5094e03d5dc379909bf,delivered,2018-04-18 19:45:24,2018-04-18 20:09:47,2018-04-23 16:31:32,2018-05-02 18:33:49,2018-05-18 00:00:00
67b464eee8fa44d78ac019e09dcc25ee,f50d17e6ef8a2e95fc8594af9c570a3c,delivered,2017-03-18 20:06:36,2017-03-18 20:06:36,2017-03-21 14:06:57,2017-03-23 07:53:36,2017-04-06 00:00:00
7c1874537dafaf7092ff655e2d8f3ef7,518a8554eb5cbe488d4232c6b5385aa1,delivered,2018-02-06 02:46:48,2018-02-06 03:09:43,2018-02-14 19:41:32,2018-02-27 14:58:44,2018-03-16 00:00:00
f52952f4c900a5c0295a392769f7538e,e98719d1f6780ce146828b440839781e,delivered,2018-06-13 23:06:08,2018-06-13 23:38:36,2018-06-14 15:07:00,2018-06-18 23:21:59,2018-06-28 00:00:00
3b48b36a80274ce463ba3def46d6f998,6b043d042efab585bf4752d7e9dd24a0,delivered,2017-12-02 10:06:15,2017-12-02 10:18:35,2017-12-05 23:51:38,2017-12-18 23:41:55,2018-01-04 00:00:00
3683a05264a0926a8c06607f4623a0a3,7f25f39f0ad8473a2c14772e1056b885,delivered,2017-11-17 23:57:27,2017-11-18 00:10:47,2017-11-20 14:26:41,2017-11-29 22:51:36,2017-12-14 00:00:00
fe7b642fb30e2a103d1dc36f861b44cd,afe0cb3cef1354ee82317557b902dfcc,delivered,2017-07-20 16:09:05,2017-07-20 16:25:18,2017-07-25 19:39:27,2017-07-26 16:13:50,2017-08-04 00:00:00
64930a85c555750a1f71af3d49b0c54b,6bdc6bd2a184acd029712b3ab0037565,delivered,2018-05-01 17:20:54,2018-05-01 17:35:15,2018-05-10 16:51:00,2018-05-16 18:10:53,2018-05-23 00:00:00
f3239f4f6c8cdfc9043534b20c0b6179,94747b8a0c77eb8947fecdfa5b717435,delivered,2017-08-06 19:05:45,2017-08-08 04:23:53,2017-08-08 19:32:29,2017-08-21 20:40:01,2017-08-29 00:00:00
1be21009011f8032ec2932d23966bbd2,fe7cca8488ed19952d43c39f4a35ff89,delivered,2018-04-16 19:43:21,2018-04-16 20:15:26,2018-04-17 18:36:46,2018-04-27 19:11:52,2018-05-10 00:00:00
89bbe8cb725ec2806d48d291eda86d93,0c7f99b2ed02dba92c6ea518906ab90c,delivered,2018-04-19 09:03:26,2018-04-19 16:58:38,2018-04-20 23:03:50,2018-04-24 11:58:41,2018-05-08 00:00:00
3e6c77a5839517805ed2f8f80e7d9054,a6fe690d5608de5a62f7d88b87fafba0,delivered,2018-06-06 21:29:12,2018-06-06 21:55:04,2018-06-07 14:25:00,2018-06-08 20:28:30,2018-07-03 00:00:00
e94049a4979c0cca812d339264c0792e,71cc26bc7864619a4a736dd09806d067,delivered,2018-01-31 00:27:29,2018-01-31 21:09:43,2018-02-01 22:38:45,2018-02-16 22:23:02,2018-02-23 00:00:00
25f9ba70a00ea2a3907973a340834885,24c38fd30a0c822c183c67d3720f2c47,delivered,2018-01-05 23:30:03,2018-01-09 07:17:28,2018-01-09 15:34:29,2018-01-11 20:28:43,2018-01-23 00:00:00
4a1b2eddbc026752feeb5bdc37943b0d,33b28a041517bfa554ac9cf2556210d5,delivered,2018-08-09 10:12:15,2018-08-09 10:55:22,2018-08-09 17:10:00,2018-08-17 00:48:51,2018-08-24 00:00:00
85599745768805ce8a4885e5098d0d9e,92bb4e3db74b1a4e1afd9c9dbaf7c25f,delivered,2018-07-30 08:20:22,2018-07-31 04:31:27,2018-07-31 15:54:00,2018-08-07 21:41:33,2018-08-27 00:00:00
3f24b1ee5184d84b2d4fe634755ab3f9,4bc9e1c13c2695b5f6c90be398a40021,delivered,2018-02-07 22:57:41,2018-02-08 07:35:24,2018-02-08 19:39:53,2018-02-09 18:23:57,2018-02-23 00:00:00
faf132fb35b3b3b533a67efbd6e7c02d,01b6593aa123cea222a7b4c18c3e6961,delivered,2017-04-22 20:28:53,2017-04-22 20:41:37,2017-04-25 08:23:07,2017-05-05 15:37:59,2017-05-26 00:00:00
2189323f24aabddc8f324451eb75419b,842feec1839c2cde7d7671ce510d5e0b,delivered,2017-06-04 18:45:18,2017-06-04 18:55:18,2017-06-06 10:39:40,2017-06-22 19:51:57,2017-06-28 00:00:00
56ba02ddcb5947d6fe4d7816e623e054,cf30e087aa47a8348ecf72af4a2c63eb,delivered,2018-02-07 12:08:41,2018-02-07 12:15:33,2018-02-09 17:09:30,2018-02-26 18:58:24,2018-03-07 00:00:00
d8f135a040950408cd059c27a623bd97,1304ac93f1f11eea17208a52de500b24,canceled,2018-03-03 11:09:57,2018-03-03 11:20:35,,,2018-03-21 00:00:00
5b0060ee75c02410928f7ca9e4632c5d,4f48789f76d0b81afbbc50209b157740,delivered,2017-06-28 22:34:09,2017-06-29 12:43:44,2017-07-06 07:55:37,2017-07-19 16:34:29,2017-07-28 00:00:00
738c536e3bfc3c99dddffed112e89349,c38f238897e6413a43a0f302bf8b7b9e,delivered,2018-03-01 16:12:35,2018-03-01 16:30:10,2018-03-02 17:42:52,2018-03-05 16:59:34,2018-03-13 00:00:00
6553bc307b0ce8eded2609f0008ae2bd,5c896117244c11cdcc73221662757e05,delivered,2018-06-01 12:41:29,2018-06-01 12:55:31,2018-06-04 17:03:00,2018-06-13 23:41:30,2018-07-13 00:00:00
8b9cc01337bcc7c9bf25da79353efb6a,d629cc87a70ae77b43bdc72304263923,delivered,2018-05-07 14:08:49,2018-05-07 16:15:38,2018-05-09 14:06:00,2018-05-10 20:21:49,2018-05-18 00:00:00
c9d46caad10d4c85f1eded254193e2a5,84fe777cc65bf2b45cfaa88b6c1188e7,delivered,2017-12-12 17:14:09,2017-12-12 17:31:50,2017-12-13 23:52:38,2018-01-12 21:53:40,2018-01-11 00:00:00
4f53648717b48854fb9db283e2cf5d27,6f511bdde13d8de37379becebabb7fd2,delivered,2017-05-13 20:17:09,2017-05-13 20:25:11,2017-05-17 16:32:38,2017-05-19 09:27:55,2017-05-31 00:00:00
79c0fac13b3965c6b73c3fa600059b36,c34a5917571c7ffe960785111bfa4061,delivered,2018-02-20 22:32:06,2018-02-20 22:47:30,2018-02-22 19:29:13,2018-03-01 22:07:54,2018-03-16 00:00:00
e5af575637557e5be53b2df8b32a5452,f1bdf27d218c669055685957b5910511,delivered,2017-11-22 19:20:46,2017-11-22 19:30:25,2017-11-23 15:38:35,2017-11-30 21:09:34,2017-12-13 00:00:00
782280edec0182ee4b1e2cff514fc712,74c13a9a97a7c47cb019e0321d632c21,delivered,2017-09-12 11:44:02,2017-09-12 11:55:41,2017-09-13 17:27:55,2017-09-23 15:47:50,2017-10-04 00:00:00
fa6d0c0ef7a7849ab7847303d458df3c,1ec1771954d299bf9a497cec57932c3d,canceled,2018-02-05 14:32:21,2018-02-05 14:48:31,,,2018-03-14 00:00:00
ceba7b9f1fa81a563a3e31ee64fdfb16,8d3051d40086f3777d72074bdc4a2036,delivered,2017-06-25 07:14:59,2017-06-25 07:25:08,2017-06-27 15:49:43,2017-07-03 11:39:51,2017-07-14 00:00:00
6cd4b1d2491c44f2fb48d9e55687321b,565eda93808d23d3f35e5adef155148b,delivered,2017-11-27 23:03:23,2017-11-29 02:20:27,2017-12-06 19:13:58,2017-12-12 20:33:18,2017-12-15 00:00:00
8d2ca1078f464825b9e902aaa37e0683,6e46150f461f2f295fe792668fc3dc4c,delivered,2018-08-07 11:28:21,2018-08-07 11:44:46,2018-08-07 14:24:00,2018-08-16 17:36:40,2018-08-21 00:00:00
d264cc09df2d6232397d0a9db018d01a,a495090e1f5e00fb6e1301fafb05f43c,delivered,2017-08-25 01:14:27,2017-08-29 04:31:03,2017-08-29 23:02:55,2017-09-08 18:18:08,2017-09-19 00:00:00
93b74681985a4a11ca3b48be35576434,65761947a056b26b4e0e853086f7b1e3,delivered,2018-07-23 13:33:46,2018-07-23 16:00:12,2018-07-24 14:15:00,2018-07-25 16:45:04,2018-07-31 00:00:00
4ea3c6eaf3dc15ad857675322bfb6bd0,cf514939041cb2b8724a3e685e2bb43b,delivered,2018-08-19 15:10:51,2018-08-20 12:10:43,2018-08-21 15:20:00,2018-08-29 06:21:52,2018-09-06 00:00:00
d7ed6c0330486c8239f4fd349450d270,67a973fd5fbad181639e544e6edfefd1,delivered,2017-11-24 09:18:27,2017-11-24 09:34:15,2017-11-27 18:17:12,2017-12-01 20:21:57,2017-12-18 00:00:00
a35cd49972d7afbd0822f2da96d94d62,ea2faf6b4dcc7a2196f1c647cddd7714,delivered,2018-03-19 02:21:39,2018-03-19 04:35:27,2018-03-19 18:36:46,2018-03-26 17:13:56,2018-04-06 00:00:00
cbb72509db819f7369c9f19d15b8c64c,f7aab1004ed655882ef7d1478446011c,delivered,2017-06-30 10:35:12,2017-06-30 21:15:08,2017-07-03 12:32:20,2017-07-14 17:19:33,2017-08-07 00:00:00
a24c341da692fe0a57ba6140bf33e1a5,eb113d359a9ae4ba112d2cfc3568b085,delivered,2017-10-23 12:09:24,2017-10-23 12:28:12,2017-10-23 19:33:09,2017-10-26 14:44:31,2017-11-09 00:00:00
ac57a5e116e95f1b04e07e0b57a5f6f5,cd1782de5d260d0a90737fb52bcf8a28,delivered,2018-08-06 21:04:32,2018-08-06 21:15:21,2018-08-07 12:34:00,2018-08-22 01:03:30,2018-08-16 00:00:00
09bcbc199f0fa4268cc0122304696ea4,7286ad26234d396b67e5bfa8245cec4d,delivered,2017-11-24 14:54:56,2017-11-24 17:12:27,2017-11-28 20:59:00,2017-12-19 23:58:39,2017-12-22 00:00:00
c0364ee18a0b18e6da5e7754cf4f4e8a,6842592a4cdd735bf3fd43ce522773ef,delivered,2018-02-13 11:35:15,2018-02-13 12:47:05,2018-02-21 10:53:06,2018-02-26 20:54:11,2018-03-15 00:00:00
771596702a2e0245fb67b093182acb03,e16ec82ed66f16aa48f8bc6bbb287575,delivered,2017-11-27 15:47:46,2017-11-29 15:59:50,2017-12-05 20:59:01,2017-12-14 17:36:42,2017-12-20 00:00:00
82b78c893274e1819b2b91866ec11014,189f361b8be0044c229467d2f95bdfb4,delivered,2018-07-14 14:07:32,2018-07-16 11:15:23,2018-07-17 06:43:00,2018-07-24 18:24:28,2018-08-14 00:00:00
cda991534f8532948f833dcfb0f3ad42,0089c34393989276de67746531e0df21,delivered,2017-10-17 22:31:03,2017-10-17 22:49:51,2017-10-23 13:42:48,2017-10-24 22:04:39,2017-10-27 00:00:00
b7a70c5355ba0e41915b2ae56209a2bb,1c95e915c23145ea7853a7a64bd396ca,delivered,2017-12-27 22:43:30,2017-12-27 22:55:21,2017-12-28 19:26:34,2017-12-29 14:19:19,2018-01-16 00:00:00
b65162879a74ce2aeca593f3ca44cc82,fbc42f9ed93a277c32801fbf815fe9fd,delivered,2018-05-29 21:09:02,2018-05-29 21:35:04,2018-06-01 13:10:00,2018-06-08 18:29:57,2018-07-11 00:00:00
bbec914f0b66a98578b9d47f241ba92d,6b6ac61e207ee133ec0bc98a3d94077d,delivered,2018-07-05 11:47:08,2018-07-05 16:33:10,2018-07-07 00:02:00,2018-07-10 21:48:37,2018-07-20 00:00:00
0c40894addb46fce19ca6ca1f11d9bff,30ff74ba6ed04c0069481436021bc4aa,delivered,2017-11-29 09:39:20,2017-11-30 02:34:29,2017-11-30 22:59:04,2017-12-01 20:53:19,2017-12-13 00:00:00
4f1948db278b553e701c7930ee85cb8a,70ad007674b8e65f57884f8deed264ee,delivered,2018-05-17 21:55:13,2018-05-18 02:55:15,2018-05-21 14:49:00,2018-05-24 00:28:47,2018-05-25 00:00:00
963258c35a8f30e4ab41bb49c4e493c7,f6eacc4b1de6e9b5187151afed99c320,delivered,2018-01-16 16:12:09,2018-01-17 03:38:42,2018-01-18 12:21:53,2018-01-19 18:23:03,2018-02-01 00:00:00
8c96e8114dc36ac1a6e1524a8ad514de,cd6c72d5cf170f3b0a80de4c6e087303,delivered,2017-12-06 18:42:31,2017-12-07 03:14:21,2017-12-08 23:51:57,2017-12-21 09:43:33,2018-01-04 00:00:00
5ec17d5853c4bad3b18adb6778b3ac0d,8bc1170e90f388332edae6f23c388d38,delivered,2018-08-07 14:36:35,2018-08-07 14:50:16,2018-08-14 14:09:00,2018-08-15 17:03:37,2018-08-15 00:00:00
701ba4e30193470253a5e099210a2054,4e2bf783a80c004ceb49a68cf872d1a7,delivered,2017-10-29 20:18:46,2017-10-31 04:30:14,2017-10-31 18:08:54,2017-11-06 21:06:53,2017-11-23 00:00:00
c8cb7b0f298cd146d61e1ce533494bca,9cc17bb45c605dc49e16aeb5ae3be739,delivered,2017-04-03 16:37:07,2017-04-03 16:50:17,2017-04-04 10:27:52,2017-05-02 15:04:27,2017-04-28 00:00:00
4b3c7f8318b056586e0407857f44a136,a7c6653654e36720ded54cb3f92432a3,delivered,2017-10-31 16:20:25,2017-11-01 03:26:13,2017-11-01 18:25:27,2017-11-03 20:27:30,2017-11-08 00:00:00
6a91f55a2fad58d1b580326cd07f5795,ca970e8045a80d7bfb9b994b321439f8,unavailable,2017-08-14 00:22:36,2017-08-14 00:35:20,,,2017-09-05 00:00:00
178b5b0a92e0eb145266afde0c2fb50f,86c0003573cc55927d66373f55ddbf6b,delivered,2018-06-23 18:48:25,2018-06-23 19:16:07,2018-06-25 14:57:00,2018-06-29 14:12:08,2018-07-19 00:00:00
aeb24c8a3ff615b3a6fe47e27996fb7c,8fa1e3e238ef73b441de4459dca8a032,delivered,2017-12-09 22:09:30,2017-12-09 22:18:25,2017-12-11 19:05:07,2017-12-19 22:27:38,2018-01-09 00:00:00
1e00c916d9813c0f523a32d1af47f5d8,1316bddb2ff7d5ad98530bd2b0c9a454,delivered,2017-12-07 23:21:47,2017-12-07 23:30:29,2017-12-20 19:09:26,2017-12-30 11:48:52,2018-01-05 00:00:00
0b83b48cff92afd5eb4360860cad0ff1,54d964b83ac779bf3ab0fdb1877a51bc,delivered,2017-02-15 15:27:15,2017-02-16 02:23:17,2017-02-16 09:33:46,2017-02-23 16:12:29,2017-03-24 00:00:00
3bad88adde3b0947e92cdeca75800f58,c2b189b3302f679b82b0ebb778292f0c,delivered,2018-06-28 11:35:44,2018-06-28 12:31:10,2018-06-29 12:07:00,2018-07-12 14:28:36,2018-08-02 00:00:00
9ab7e83865799ba29a85d51263a137cd,c70629e28f9196e2b7b939613b1279f7,delivered,2018-05-03 18:38:54,2018-05-03 18:55:41,2018-05-07 13:10:00,2018-05-11 21:15:05,2018-05-24 00:00:00
883915e4c377d6f9192fad3ae5d4374c,65587a73fe6ed4b379bdbf1f27f95bb3,delivered,2018-08-17 10:28:31,2018-08-17 10:49:28,2018-08-20 13:33:00,2018-08-21 18:56:41,2018-08-23 00:00:00
ddfbaf4d75ab8f1a0db775cb0dad0e6e,63fe8fccdb34a846d19bea32463008e4,delivered,2017-03-28 15:27:29,2017-03-28 15:35:20,2017-03-29 14:42:06,2017-04-11 16:52:32,2017-04-28 00:00:00
6940e87346db7bae9c22f3b52ea437be,ac2d501a519f765a4b944b5142a19a33,delivered,2018-02-28 19:21:17,2018-02-28 19:30:27,2018-03-07 00:10:50,2018-03-09 20:28:59,2018-03-19 00:00:00
8115c56b23b02cb96cdfce13531a5a7d,3ea99345369a3d2eee4b0e3ab06c445e,delivered,2018-06-11 14:34:33,2018-06-12 04:35:47,2018-06-14 15:53:00,2018-06-21 19:38:20,2018-07-05 00:00:00
f9021afbb4a99d23f8e0adc2c702ad95,29f4c5c4086d5058694817ba99ff6798,delivered,2018-04-16 19:18:41,2018-04-16 19:35:10,2018-04-17 23:26:35,2018-04-18 16:03:57,2018-04-30 00:00:00
c9739ce4c2bbfdbb76e36956cd43dd46,d9cf0797cdab2a59b89b314e459dd862,delivered,2018-05-13 21:15:25,2018-05-13 21:33:22,2018-05-14 13:17:00,2018-05-17 12:48:30,2018-05-28 00:00:00
1852019948d9a47a6c035457a6f71410,a897c59227049657ec35b6e7d03edeed,delivered,2018-04-12 07:53:03,2018-04-13 02:31:47,2018-04-13 21:48:33,2018-04-18 19:38:31,2018-05-09 00:00:00
63ac66255bb4562cd506681eb19c5be4,0e27a2aeccb3a049d9d3acf1b9561fc3,delivered,2018-08-06 17:44:32,2018-08-06 17:55:26,2018-08-07 13:29:00,2018-08-10 14:06:17,2018-08-24 00:00:00
5c973d2b4652e1dec15353b59339f3b4,8a863458d761a9b40faba0ea98094eb9,delivered,2016-10-07 10:45:48,2016-10-07 12:13:51,2016-10-11 12:13:52,2016-10-14 12:13:52,2016-11-25 00:00:00
3860987243c481275152ad76e491c663,f13262e493e128d15dc1b5de35fcc5e6,delivered,2017-11-13 09:43:20,2017-11-13 09:51:02,2017-11-14 20:22:11,2017-12-01 19:55:47,2017-12-07 00:00:00
e3852ebb9e79c3422a17692da2c89ee5,6c8c750a8bdda3b271cb8e9ff5c13bfa,delivered,2017-05-11 17:19:02,2017-05-11 17:25:27,2017-05-12 15:03:00,2017-05-22 14:15:43,2017-05-31 00:00:00
db2bd06455f798cb0da8e649c3aa06f9,f8d3de89915324398f75b2f37ee7406f,delivered,2017-10-23 10:40:44,2017-10-25 02:28:35,2017-10-26 19:46:46,2017-11-08 21:06:49,2017-11-14 00:00:00
79e2f7d45aa63a71363003bd1e16f081,6ffa46811511c3d264c6a0069b27eb83,delivered,2017-12-12 19:47:15,2017-12-12 19:59:28,2017-12-14 20:26:46,2017-12-20 20:33:20,2018-01-09 00:00:00
6368f15cde8b7283ce52067367693a98,632716214ea050e8e513962866f8ed80,delivered,2017-12-21 11:44:58,2017-12-22 02:38:48,2017-12-22 19:30:05,2017-12-27 18:58:30,2018-01-11 00:00:00
b1a000260e2f3760e5ec18566db7d592,c727fb82883e584942d94eaac9d45186,delivered,2017-06-21 13:09:08,2017-06-21 13:20:25,2017-06-22 09:00:26,2017-06-29 16:32:57,2017-07-18 00:00:00
efdd2a16264f8e4d18564f8e7deb071c,195f30dba556ad925afba1ecca917439,delivered,2017-04-21 11:10:32,2017-04-21 11:21:51,2017-04-27 05:40:16,2017-05-23 11:37:37,2017-05-29 00:00:00
29b71dc3837a954158a1d1b30d0605bc,b797f0849d0dfec16d6bebfae8db6cf6,delivered,2018-07-01 17:27:51,2018-07-01 17:50:04,2018-07-03 12:52:00,2018-07-10 16:17:40,2018-07-20 00:00:00
f309544e0fa881330c466bff31564da2,e3955fa3e47f671daee67a0d145e119e,delivered,2017-03-11 13:53:27,2017-03-11 13:53:27,2017-03-13 14:52:07,2017-03-17 11:06:56,2017-04-05 00:00:00
5c673b6f0d8e4e50fabaf4428fd2f944,e0d3183e8ff8cac00ec77df643595074,delivered,2017-12-06 13:05:37,2017-12-07 03:16:15,2017-12-13 19:16:44,2018-01-09 12:04:56,2017-12-29 00:00:00
defa53bfb8de9da3857ed69277b54d10,7b35de71a17b54fcc4c346901b06e7f9,delivered,2018-02-05 18:10:36,2018-02-05 18:30:04,2018-02-06 17:08:59,2018-03-03 16:51:39,2018-02-21 00:00:00
a5c681209e1bcb90066e530c285ce2c5,2d3475236fe57f9f651be1b918bcde00,delivered,2017-12-15 20:42:07,2017-12-15 20:51:36,2017-12-18 19:37:17,2017-12-20 22:46:17,2018-01-04 00:00:00
8e6df87600aae0285919b5529f7f0bfd,03b5e23eae0971b9eb46cd97cff21a60,delivered,2017-10-29 21:59:17,2017-10-31 04:15:21,2017-11-01 19:13:26,2017-11-07 22:35:38,2017-11-23 00:00:00
80288d8ccb8b1899f5377f27feebb1f0,16c0611f3a08c752bf104023af02da40,delivered,2018-06-10 21:27:49,2018-06-10 21:37:23,2018-06-15 16:38:00,2018-06-20 17:52:45,2018-07-04 00:00:00
516b0fe870022210bab4e170fbf10ec1,843a1bf7449148a26bfcc7e20c644aeb,delivered,2018-05-15 15:54:42,2018-05-15 16:15:19,2018-05-16 14:22:00,2018-05-25 14:42:19,2018-06-08 00:00:00
1095806f851129963474b5f20d6520fd,a192468dc4a03af2d3c89093c26283f1,delivered,2017-03-03 19:46:10,2017-03-03 19:55:14,2017-03-14 08:15:28,2017-04-15 11:17:34,2017-03-22 00:00:00
4dfe2ddcd2de2e45fd88e8c6bae55901,4682711611a149a9f288e05f7093a526,delivered,2018-01-05 10:07:57,2018-01-05 10:16:26,2018-01-05 19:37:33,2018-01-10 21:49:22,2018-01-23 00:00:00
07528311766b5aa54d193747c66663df,36cdc8dbf199fc4fed2822ddc0d07c7d,delivered,2018-02-27 21:49:09,2018-02-28 21:48:29,2018-03-05 19:28:39,2018-04-16 20:46:25,2018-03-23 00:00:00
741653b1b2d0d37c62f1a1f90e93f02d,6915b266c843d2173c26493656177e5d,delivered,2018-06-27 09:46:09,2018-06-27 11:06:25,2018-06-27 15:02:00,2018-07-03 16:05:22,2018-07-20 00:00:00
ab588e77cdbcc3d63e479ba2862256a5,795c7957e005b7c433e0406269b6aa59,delivered,2017-10-01 16:55:36,2017-10-01 17:07:13,2017-10-05 16:13:55,2017-10-10 17:28:20,2017-11-01 00:00:00
7bcfb6639ba008fcba63f5ffc157caa0,d13a7286a1134d92e5683129e5cad53e,delivered,2017-10-17 22:35:43,2017-10-17 22:50:04,2017-10-19 12:34:09,2017-10-27 14:27:49,2017-11-08 00:00:00
0b39d78b430d574a6eafefe82c11b4a3,3e3aac425794c9d8f210c7fe2daff787,delivered,2018-03-01 09:01:53,2018-03-01 09:15:25,2018-03-10 01:48:30,2018-04-02 23:07:59,2018-03-20 00:00:00
eecde1205c668fec3e2b7643c4f805cc,b4739566d73bf2c8a647f55e9aaa4ffd,delivered,2017-05-05 21:18:27,2017-05-05 21:30:14,2017-05-09 15:22:01,2017-05-10 09:12:22,2017-05-30 00:00:00
2bd6a9cea9df97f5f2d0717bb6307f32,bbfcd35b7bde08b872286d6b3d74e254,delivered,2018-05-02 22:35:34,2018-05-03 00:12:57,2018-05-04 15:46:00,2018-05-15 12:27:44,2018-05-25 00:00:00
cb2471f3b559b61183698ec6eb8694ba,2bc510226c45dbedc779fd0c67b98bf1,delivered,2017-12-16 13:08:08,2017-12-16 13:19:29,2017-12-18 19:48:40,2017-12-26 15:23:24,2018-01-18 00:00:00
f0a3681de8bc46b204500087357b2a89,4ccd5436cac2c43451cdc82952924d45,delivered,2018-02-08 17:14:59,2018-02-08 17:50:48,2018-02-09 20:16:33,2018-02-16 18:45:08,2018-03-08 00:00:00
3b7ddbdc4ef4c59cee4047a5fc2e49fe,fc1d5dec9fbaf2411afe15b60eaefd61,delivered,2017-11-07 19:30:41,2017-11-07 19:50:53,2017-11-10 21:14:53,2017-11-21 20:44:54,2017-12-04 00:00:00
d2f4bbcf8e2d36f9e13fba6a75c7269a,5839d530a9dcd7a25bae64efc272b24d,delivered,2018-03-10 20:23:49,2018-03-10 21:00:27,2018-03-13 15:56:20,2018-03-29 13:28:47,2018-03-28 00:00:00
308163f9666c3f335e92b0f0f61554ed,1d8301ecbc5e43043f66ed6b8bfc8009,delivered,2018-07-12 11:24:13,2018-07-12 13:25:52,2018-07-26 15:28:00,2018-08-01 00:05:14,2018-08-01 00:00:00
66c0ba5488a397208076ece07748d0fa,50577f33200de8b27ca46bf8ec17d82b,delivered,2017-09-03 21:01:28,2017-09-05 04:10:32,2017-09-05 18:53:06,2017-09-13 20:15:01,2017-09-29 00:00:00
086cb9cd0cf7067d77fe09f31620a52b,7df0b66f0f2cba22ba501317ba7c69f9,delivered,2018-06-20 09:09:04,2018-06-20 17:00:45,2018-06-21 14:31:00,2018-06-28 12:54:48,2018-07-25 00:00:00
f05c4e37bf7ce04b9cfe8e310d08eaf7,bcfe21a120bbae5d45cf229b1329b5ec,delivered,2017-05-17 08:59:49,2017-05-17 09:10:14,2017-05-18 16:16:54,2017-05-24 14:25:37,2017-06-21 00:00:00
71ae442d46d1764c665ba4c9e3073864,72f564f4ab4a6a155d8b84a0b5ad8a2b,delivered,2018-08-06 17:03:57,2018-08-07 04:25:12,2018-08-17 16:56:00,2018-08-25 15:36:54,2018-08-21 00:00:00
2d2084741ee31a371ffe0b838051d0dc,1a66bf0ca8926c664ad542e9d551805d,delivered,2018-02-20 09:36:18,2018-02-20 10:07:34,2018-02-22 20:42:33,2018-03-26 17:42:49,2018-03-16 00:00:00
aa62ed0f229f8631e59c8b849621124b,a7cf3a94b9f48cade9a9e38fa3fffee4,delivered,2018-01-31 00:47:06,2018-02-01 03:15:40,2018-02-07 22:33:01,2018-02-20 21:43:10,2018-03-06 00:00:00
c626db29ab3699e67c95a88bb63aa471,e1c4ffcfe541eafef20ba795b776a613,delivered,2017-08-17 23:03:15,2017-08-19 09:45:15,2017-08-22 17:54:04,2017-08-23 17:22:47,2017-09-12 00:00:00
7f922477f06db4ab69f6f173f439088e,ef019b3cc077faf03d999168daaf8d07,delivered,2018-06-06 21:47:57,2018-06-06 22:12:17,2018-06-07 15:01:00,2018-06-15 19:41:33,2018-07-03 00:00:00
8f332ee6ffc2a01f7e78ae983f257379,520197ec7846ba49b688f810b5639b47,delivered,2017-10-10 19:43:03,2017-10-10 19:56:18,2017-10-17 22:15:31,2017-10-25 22:49:02,2017-11-08 00:00:00
38d267f455de107fb8f352cf99d2042e,20a459f06bebee6460f9b18bc196998e,delivered,2017-02-28 16:11:51,2017-03-02 03:45:19,2017-03-02 09:10:04,2017-03-09 16:32:22,2017-03-22 00:00:00
34adfe85692f724087a52976282ea92f,64bce8bd37d9f4b8a8d92264a086ba03,delivered,2018-02-16 14:27:22,2018-02-17 03:35:59,2018-02-20 18:44:51,2018-02-26 20:43:06,2018-03-08 00:00:00
b9e0c2dfab4b400170fc1bdc4765a35e,2754a7cefac9fb43b30e62440b7f41a4,delivered,2017-09-29 18:13:42,2017-09-29 18:28:18,2017-10-03 17:05:51,2017-10-11 20:52:37,2017-10-27 00:00:00
e37e8b2274cafef8334e4f7f8e2eda80,87d9342da9faa41e0c4d640759318436,delivered,2017-10-21 18:17:37,2017-10-21 18:28:42,2017-10-23 19:04:01,2017-10-27 16:17:29,2017-11-21 00:00:00
21235c5a99a117c776a72a4de3276027,a5c7faf5cec9b387040c3e5bf4d71925,delivered,2018-05-14 21:59:25,2018-05-14 22:10:34,2018-05-15 10:32:00,2018-05-24 14:18:29,2018-06-04 00:00:00
3a2012438f0919dc24e43b9e8b21c4f1,391896deec196c10c6829f9f4e4ce719,delivered,2018-03-02 18:12:57,2018-03-02 18:33:38,2018-03-09 23:04:10,2018-03-23 20:07:49,2018-03-27 00:00:00
b6ac9e1564a4ab43f7958280ebc3ea23,2328fde11c9510cb7674a4bc73ce2075,shipped,2018-01-08 17:11:17,2018-01-08 17:18:33,2018-01-13 03:52:27,,2018-01-31 00:00:00
4534e0f076366321574b9b39f3c3ff52,9e7736550d54dfeaae924986ae031c75,delivered,2017-04-28 09:12:28,2017-04-29 02:42:52,2017-05-03 10:30:27,2017-05-19 12:49:37,2017-05-25 00:00:00
497f1ff2bc62b9932e473fdd62ddde3d,21fc955fb24ddc67285298ece594906a,delivered,2018-03-19 22:05:05,2018-03-20 03:48:44,2018-03-22 20:34:40,2018-04-06 01:28:26,2018-04-17 00:00:00
2f10477788160831a76bb28cac8bbfb6,8452aca15fe14314fbacbda44b8b0cd6,delivered,2017-08-05 14:10:59,2017-08-08 04:20:20,2017-08-09 17:53:16,2017-08-16 14:23:40,2017-08-29 00:00:00
9d0dea2e11b3af0d11ba66eac116bc6c,08d31253590799b23b34713713a5f7d0,delivered,2018-03-21 19:37:58,2018-03-21 19:50:52,2018-03-23 22:18:54,2018-04-04 23:41:54,2018-04-16 00:00:00
2143393cca994a4b8235bc1d67ded772,5d7bf0dcf8306abcdd063a7883e23ae1,delivered,2018-03-02 14:16:44,2018-03-02 14:29:52,2018-03-02 23:55:29,2018-03-05 22:53:08,2018-03-14 00:00:00
4d7cba9ac539bd48f7fdde25ccbf3eb2,24c696d961e37f3e72e7ab2a766390b8,delivered,2017-05-16 10:18:09,2017-05-17 04:05:31,2017-05-17 13:21:47,2017-05-23 11:54:42,2017-06-07 00:00:00
cdd9601c7f7685708434a68d814fb53f,43e4aa8f5e956f0169a62f4b708872ac,delivered,2017-05-25 09:20:18,2017-05-25 09:30:19,2017-05-25 13:11:37,2017-05-30 09:17:59,2017-06-16 00:00:00
1d39bdda52c4e5dfe96ea227fc5420f9,3fac8674cafdee6b7a6e33ae7503824c,delivered,2018-04-12 11:57:02,2018-04-13 12:50:20,2018-04-13 23:32:59,2018-04-19 21:32:00,2018-05-04 00:00:00
77ce8174ece613ac99bd6506f3d679d8,7024b77e0f63bfa361f87eb7e4d21b51,delivered,2017-10-25 11:19:57,2017-10-26 11:16:18,2017-10-27 21:06:55,2017-11-03 21:22:06,2017-11-13 00:00:00
a10b5cf95e016d8abd403c05970234a0,94f050fb387af0b4c3a6780278db299e,delivered,2018-03-27 10:18:13,2018-03-29 03:28:47,2018-04-18 18:26:26,2018-04-25 00:48:38,2018-05-02 00:00:00
cac28bfe44e2fc9411c4f61b768d0081,a15995cdfba8c4758aeec7fc37f1df17,delivered,2018-03-08 16:12:55,2018-03-08 16:55:58,2018-03-09 18:08:25,2018-03-23 14:33:03,2018-04-04 00:00:00
0865bf48f1aecd458a5a2ff3211dee8c,a5b454391a2ec8f9245882a258186cda,delivered,2018-06-17 10:20:03,2018-06-19 08:56:46,2018-06-22 14:28:00,2018-06-25 19:06:38,2018-06-29 00:00:00
5e3eb18fc8a18f4ce40f831b01532b4a,4e01a32f9dc37358cf6abbb15917a96c,delivered,2017-06-08 19:33:51,2017-06-10 02:50:34,2017-06-16 12:28:39,2017-06-28 09:51:48,2017-07-03 00:00:00
e4318982ed51e84596216f47f154d767,86b214427e26d756475ac622671c0d30,delivered,2017-10-19 23:25:10,2017-10-20 01:26:28,2017-10-20 14:49:59,2017-10-21 15:33:27,2017-10-31 00:00:00
fdc0ec1ee168b2b7c9d3a501b0d1d69d,2effd138ecdcb406ded5b94ae2381d6c,delivered,2018-08-04 23:29:35,2018-08-06 13:10:12,2018-08-07 09:20:00,2018-08-15 21:41:38,2018-08-23 00:00:00
4cb8cb3ecb5dbc9df36cb56451499a0f,6daa8f0dc2e558d601f7ed53eb6188e0,delivered,2017-09-07 23:47:40,2017-09-08 00:03:08,2017-09-11 14:13:05,2017-09-24 17:39:50,2017-10-05 00:00:00
b11be1ce9a1f9812763eba8c91fc84bd,58f5438d2d90acfb562eca64525bceda,delivered,2018-05-22 14:39:13,2018-05-22 14:56:22,2018-05-23 13:44:00,2018-05-30 14:18:03,2018-06-12 00:00:00
0dfa86a9022c9929b3d7311150151f68,0b60138b038f460baefa261d66dac712,delivered,2018-07-26 20:09:56,2018-07-26 20:25:08,2018-07-27 15:18:00,2018-08-08 15:03:39,2018-08-22 00:00:00
0cf3d6e83dcc1117999a235fd6dae842,9ef02e0bb31e88a1fde897b4adc31233,delivered,2018-05-28 12:59:14,2018-05-29 03:31:17,2018-05-29 12:40:00,2018-06-11 18:46:20,2018-07-05 00:00:00
f62c1d95a213688bbeebb149afd3ad14,d7b642a97f26bd8fb05f71512ba0226a,delivered,2018-04-12 10:20:19,2018-04-13 02:11:18,2018-04-13 17:46:30,2018-04-25 21:48:55,2018-05-11 00:00:00
4881a6238632d9b0ffa3d48763aa2b7d,bac16e90b915fdd3cb0a5371bb122bd0,delivered,2017-11-29 15:15:58,2017-11-29 15:42:51,2017-11-30 20:18:50,2017-12-03 20:03:39,2017-12-19 00:00:00
a4575978f0926901f0b481061a24d73e,7912eb3afaedbf090b4dcf04d7457ff1,delivered,2017-09-03 11:49:16,2017-09-03 12:04:00,2017-09-05 21:42:37,2017-09-11 21:36:41,2017-09-26 00:00:00
e9977cc6d0f97447ef0f4fcc2e082fc8,9434d806ad79343f0380e4c9d87453bb,delivered,2017-02-07 10:26:05,2017-02-07 10:43:31,2017-02-15 14:21:10,2017-02-21 14:47:32,2017-03-06 00:00:00
753356c741c466246c76d087610811e9,08f9f3269295904dd53afc2dbf26f202,delivered,2018-02-14 12:50:18,2018-02-14 13:07:26,2018-02-15 16:42:00,2018-02-28 22:09:00,2018-03-06 00:00:00
65b8cbd6d0ad97befea844cc40817ccb,220a1f1adf2be499250db06cd27d0a1e,delivered,2017-05-10 16:48:50,2017-05-10 17:02:49,2017-05-16 08:54:14,2017-05-22 20:26:17,2017-06-02 00:00:00
ad430bc59db52b1f7522b6f19e669bc6,eed07583336a218b34ffa4773126a86b,canceled,2017-03-05 19:39:34,2017-03-05 19:50:09,,,2017-03-27 00:00:00
fef88a82df9affd47bdc67a4c8bbe4b2,bc6b9c888681765f177cacee35b6157d,delivered,2018-02-13 22:20:34,2018-02-13 22:35:25,2018-02-15 16:35:49,2018-03-01 23:36:41,2018-03-12 00:00:00
fa77b4aa91c0a9f2bc533e0dc380d9c2,cb86c612ac1227e3ad9bdf3ee9503d7a,delivered,2018-08-04 00:28:48,2018-08-04 00:45:12,2018-08-06 11:04:00,2018-08-10 19:07:44,2018-08-29 00:00:00
3dd70a36f5f41e56af19f4948fdc0745,cac55ff10981d6526f8745b3b2061ea5,delivered,2018-01-08 20:42:55,2018-01-08 20:51:23,2018-01-10 00:29:00,2018-01-12 23:25:26,2018-01-31 00:00:00
055e121a8cefa5494be46fea4bd4f3ab,1b9aa90d016ad2968af5de5ec7cf0d64,delivered,2017-05-24 12:59:32,2017-05-24 13:10:17,2017-05-27 01:54:37,2017-07-14 12:12:40,2017-06-19 00:00:00
8f578fbe296dae4b9f11a4996da9c47d,1582c109fe600f17495e417900294900,delivered,2017-07-05 17:29:04,2017-07-07 21:03:20,2017-07-14 18:09:35,2017-08-17 17:38:21,2017-08-11 00:00:00
346b96107cfff3b894f76c7e9224bb1e,52034a152a5128faf4ba7137633d3d0f,delivered,2018-01-07 18:19:23,2018-01-07 18:28:19,2018-01-09 18:16:08,2018-02-07 20:08:13,2018-02-09 00:00:00
acfe3b4611df7e7efbd402bb5b5be2a3,e0f648b11f4cb8f4ee5d9e78a9a14963,delivered,2017-08-29 09:43:52,2017-08-29 09:55:19,2017-08-29 16:01:06,2017-08-31 22:47:41,2017-09-15 00:00:00
2fe10d4ed06c8a5a632ed06bb5f33dc0,fa777a37be56a994adf36d437a3ae595,delivered,2018-07-28 13:09:33,2018-07-30 19:31:51,2018-07-31 15:02:00,2018-08-10 21:28:44,2018-08-24 00:00:00
1b2998ac4c3495c47a6f8cb5c2d65f35,2bec50359568aa1da8a53641e3d74e78,delivered,2018-01-24 21:31:07,2018-01-25 02:38:24,2018-01-26 13:42:41,2018-02-09 21:13:12,2018-02-22 00:00:00
4989f3f8cec2a6f73b0d121c0e134624,8d0cefcf69559a014ec1ea6e8ebca2ae,delivered,2018-08-07 16:20:21,2018-08-07 16:35:26,2018-08-10 09:54:00,2018-08-17 21:27:45,2018-08-31 00:00:00
d35588da5ba45ef8d7b51fa96db86059,71570974a826d2c978517fab207ccb7d,delivered,2017-10-06 08:36:57,2017-10-06 08:49:18,2017-10-06 17:55:20,2017-10-21 01:03:11,2017-11-09 00:00:00
9b5f1d8f674dbded691812e5fe07db5c,86d9c7683745d83c909476d82e7bc06e,delivered,2017-12-10 20:02:46,2017-12-13 14:58:28,2017-12-14 21:57:01,2017-12-27 20:53:28,2018-01-12 00:00:00
eca79ed411acb63a03e097fa18411797,9d0b431db3b8f71e53aecf9af8ea0b27,delivered,2017-08-15 00:33:03,2017-08-16 03:10:22,2017-08-17 19:16:34,2017-08-28 18:03:48,2017-09-06 00:00:00
17186e8730668b50ac4582f8b54c815c,9a12e00f66d6b5794f5825e62dc55a72,delivered,2018-06-17 16:11:04,2018-06-17 16:32:24,2018-06-22 14:34:00,2018-06-25 20:05:10,2018-07-13 00:00:00
5fd9a69139ba87e71880fd5936171fe9,4cf87362654eb863bfe2d0544539cf79,delivered,2017-10-28 11:29:16,2017-10-28 11:45:11,2017-10-31 14:52:06,2017-11-08 21:08:54,2017-11-23 00:00:00
8773f85e9426581a87796b56cdd8eff5,1ceac3bdaa825ff830917e131f85a2ce,delivered,2018-05-05 09:50:33,2018-05-05 10:13:54,2018-05-07 11:52:00,2018-05-11 14:08:46,2018-05-29 00:00:00
0e1756f57187e203c6151ebe990fa670,ddd3b9ce8e10bc277c120c9a7bb007ac,delivered,2017-09-13 07:29:26,2017-09-14 14:04:24,2017-09-21 16:53:24,2017-09-26 22:20:02,2017-10-05 00:00:00
60f2ddc8d4430b5d01a1b3aa873d2d03,9242e7e435577f88adf6cd4f7503883a,delivered,2018-01-11 14:20:28,2018-01-11 14:29:22,2018-01-17 01:08:46,2018-01-18 17:16:41,2018-01-30 00:00:00
a57bebffbfa4ce3c72a856f94e1c589f,96d1f87fec96475ce25b292d7f76a557,delivered,2017-11-30 21:35:58,2017-12-01 10:31:25,2017-12-06 12:05:15,2018-01-15 16:48:57,2018-01-03 00:00:00
aba3d283b846a03d398d549db17b649a,bd7cb78e215c62dd6de90af929ce719b,delivered,2018-04-01 14:31:41,2018-04-03 05:50:28,2018-04-03 22:28:53,2018-04-10 15:58:45,2018-04-18 00:00:00
6d1e24636558186d996520563f53df00,6bf45280537c119fa70ed4a4fb7dd688,delivered,2018-07-14 09:43:38,2018-07-14 09:55:13,2018-07-17 13:35:00,2018-07-24 00:03:23,2018-08-13 00:00:00
ff20ee702706d9e407a34de9fe2ff768,0499e8d702425ef8b10da2172f9fec96,delivered,2018-03-28 12:11:45,2018-03-28 12:27:54,2018-03-29 20:28:58,2018-04-05 23:31:56,2018-04-17 00:00:00
838eddbec488679c7db905429c5163f7,5e629f5cad9941c1f83b0ac0e287348a,delivered,2018-05-15 20:29:06,2018-05-15 20:56:04,2018-05-17 12:53:00,2018-05-23 00:22:39,2018-06-06 00:00:00
84b493c33c9917471d9c6322d3c2c4f3,e4c38b4ecb77d531fa6729428c7a41a1,delivered,2018-03-26 21:25:18,2018-03-27 03:48:30,2018-03-29 21:18:50,2018-04-03 23:37:23,2018-04-24 00:00:00
d9fee3504f55226ed8e155bdc0a36a06,d247c3419a9aa4ec6ca6fd6ae2fa24fb,delivered,2017-07-10 22:41:55,2017-07-10 22:55:17,2017-07-13 15:51:43,2017-07-27 15:16:51,2017-08-09 00:00:00
163dbb9a9e122705518ab2735e1c6008,76e4b20577a9afb78dc9b7dd335316ed,delivered,2018-04-15 14:14:01,2018-04-15 14:31:30,2018-04-17 14:56:55,2018-04-21 00:22:04,2018-05-14 00:00:00
e78cde66f03731202b0f5e082b0b0cff,1ab919b1eac72cbf11b55217f5ae9210,delivered,2018-03-09 19:02:23,2018-03-09 20:00:35,2018-03-12 21:21:52,2018-04-04 14:22:02,2018-03-27 00:00:00
a82dcbafd23833baa1a6f5328cedf5a2,442a8d84f052ca755b763932022a8bdf,delivered,2018-03-13 19:30:50,2018-03-13 19:49:51,2018-03-19 18:14:41,2018-03-29 14:03:16,2018-03-23 00:00:00
156282e58da82d36a58582a6a94211e5,a66e526a17860943206e0228567a2a1a,delivered,2018-08-04 20:00:03,2018-08-04 20:10:20,2018-08-06 14:27:00,2018-08-10 22:26:25,2018-08-15 00:00:00
366446679f4ddbffb2d8934f1abef1f8,eb9e4ffb14ee9484e33031726c7ec185,delivered,2018-04-22 22:38:49,2018-04-24 18:25:34,2018-04-23 20:08:28,2018-04-30 18:52:22,2018-05-17 00:00:00
f1450c491bd196d4089076234a1b5cae,963284c9d45bcbe8b9bf09773b58d1c8,delivered,2017-10-17 10:10:05,2017-10-17 10:28:04,2017-10-17 16:39:05,2017-10-27 21:22:59,2017-11-09 00:00:00
91573a4598aedfc413fcb39e43d68768,319e5b18d03d185cabc10e2cf741c8cf,delivered,2017-04-29 13:05:14,2017-04-29 13:15:11,2017-05-02 09:34:40,2017-05-11 12:27:59,2017-05-25 00:00:00
9e4732bc7d87af92e840a4427c41a5d9,22b28d7e0b56c8b79532c5799afd05ca,delivered,2018-05-22 12:30:01,2018-05-22 12:56:20,2018-05-23 12:33:00,2018-06-09 17:21:34,2018-06-18 00:00:00
6f3bcb56b24abe9303122deb9ab78295,175e7271f89704b7a7743cc2f679d78b,delivered,2017-05-28 21:10:48,2017-05-28 21:25:09,2017-05-29 12:42:37,2017-06-07 13:44:25,2017-06-26 00:00:00
5d1466f38183f13f22491a21c09982a1,e4371087909eb38cac3ee6c09832006e,delivered,2018-06-17 20:36:46,2018-06-17 20:58:30,2018-06-19 14:07:00,2018-06-25 23:54:31,2018-07-12 00:00:00
a25f8c8c17243276e72fca0857e94789,597eca837a19d2288235ca7df2966f4f,delivered,2017-12-06 15:28:30,2017-12-06 15:37:31,2017-12-07 15:48:38,2018-01-05 17:59:01,2018-01-04 00:00:00
1e098529b9705a78dba4c6b24ee2ef35,0f2893212c2c44df0fa30e9184006254,delivered,2017-07-24 09:33:52,2017-07-24 09:50:14,2017-07-24 17:32:56,2017-07-26 20:42:24,2017-08-04 00:00:00
8fdc42676c9c6c74c4f8f062b53ebafa,54545530685ab329b0d79c2e40ee3aca,invoiced,2017-12-03 21:20:17,2017-12-03 22:32:13,,,2017-12-29 00:00:00
0b87d9e59c7c19b041fe36e77aa33a42,70b9a93d19b044822d5e5af9e673f250,delivered,2018-05-16 11:25:37,2018-05-16 11:35:24,2018-05-16 13:41:00,2018-05-22 17:28:30,2018-06-08 00:00:00
aafa42c99c04de8208303c4dcf9a4e4b,9ba3e5e41bcce8de62bb57563aeb6086,delivered,2017-11-06 18:58:48,2017-11-08 03:35:30,2017-11-09 13:51:36,2017-11-20 19:18:37,2017-12-07 00:00:00
e8d058928dd8b2837ef82db983c5f1d7,68aac507de4c0f73c322d085b709741a,delivered,2017-05-30 14:19:50,2017-05-30 14:43:30,2017-05-31 01:17:46,2017-06-01 13:33:36,2017-06-20 00:00:00
6b46cdd08224cbb894ae376f13c7062b,b8ec9a7ec8c749032875121b1eb2270f,delivered,2018-04-16 22:20:13,2018-04-16 22:32:37,2018-04-19 16:32:57,2018-05-04 22:21:15,2018-05-15 00:00:00
bf912d30c6bc748c24a568e024cf1ec4,09740ab7c2513db9cf9e691b9266d292,delivered,2018-07-18 10:34:29,2018-07-18 10:45:11,2018-07-19 10:35:00,2018-07-20 13:39:33,2018-07-26 00:00:00
9cc025093e16276c24f5b98f3dc158a2,a81158b76309e2a18d9585b7bfcbde88,delivered,2018-04-12 10:51:20,2018-04-12 11:11:31,2018-04-12 20:51:51,2018-04-18 19:08:49,2018-05-03 00:00:00
676e8e8f2f7d4d644019e9aac8b76ef7,963d351c455e0aa38af6e2628c4e6eb4,delivered,2018-03-21 10:40:01,2018-03-21 10:50:38,2018-03-23 16:42:30,2018-04-04 00:28:44,2018-04-19 00:00:00
a312bb85adfdd8a06eff1dbd25f527b7,a8e0a1db9067553bedd48e45e9d20320,delivered,2018-06-10 11:32:43,2018-06-10 11:51:09,2018-06-11 13:49:00,2018-06-15 18:18:45,2018-06-28 00:00:00
5fa285b6edf81b62a0b66dae40d38d0e,d2ba1482a253bd684cf7343871db748b,delivered,2017-11-24 01:45:00,2017-11-25 04:30:44,2017-11-28 14:24:31,2017-12-07 15:15:56,2018-01-05 00:00:00
de001e88a16cecc089b911816d0cc818,800e0a5881496753a6583daf93f88fa2,delivered,2018-06-24 20:22:37,2018-06-24 20:39:55,2018-06-25 14:06:00,2018-07-03 21:44:53,2018-07-23 00:00:00
4082a09e70f0dcced54c17ec25ac2a50,cc385515e1e2e16798c876b78a024190,delivered,2018-02-07 16:41:24,2018-02-07 16:56:06,2018-02-14 11:33:19,2018-02-22 23:09:44,2018-03-15 00:00:00
359dfdef7cf4ed1003c2a0463eb431ba,e1785c14638ae4ba1af6b80b9a123ce3,delivered,2018-08-04 23:53:01,2018-08-05 23:45:08,2018-08-06 16:18:00,2018-08-08 19:51:55,2018-08-10 00:00:00
24f2edef847fd6eeeddc6aa5dd82209b,c16889a295fa3650d502c5eb2e0fa5c3,delivered,2017-11-13 23:38:46,2017-11-13 23:46:37,2017-11-14 22:41:11,2017-11-21 19:43:04,2017-12-06 00:00:00
688e3c66bdfcae1321349fd70627b84c,a51e47ac951463f4271e64d41b628a7a,delivered,2017-06-07 11:41:26,2017-06-09 02:50:19,2017-06-16 15:56:42,2017-06-29 11:57:44,2017-07-04 00:00:00
42859f65ccaf46af651014e239a1a71f,d15dc13c907b860a34a9475609231fa1,delivered,2017-06-28 09:49:29,2017-06-28 10:03:31,2017-06-30 15:42:09,2017-07-18 21:22:04,2017-08-03 00:00:00
4b99a000045d86380d5b014642fbc499,a6d0826873e7fd69267d460a167a51e9,delivered,2018-06-29 12:41:16,2018-06-29 12:50:17,2018-07-03 14:56:00,2018-07-13 16:58:35,2018-08-06 00:00:00
81d715926d69a15e7220e3e7092f6c4d,477370c733868fe48e64bb3882ef1b4c,delivered,2018-04-11 12:55:20,2018-04-11 13:10:15,2018-04-12 14:22:44,2018-04-20 20:21:48,2018-05-04 00:00:00
16de740155e4e909578bd90826a632c1,cafaf59bd14e7535e7b6620739ac144a,delivered,2018-08-24 10:16:19,2018-08-24 11:45:14,2018-08-24 15:35:00,2018-08-29 23:47:20,2018-09-10 00:00:00
a622a08f7c22608bf1f2c546a830de74,87593a30f5380e0ec6bb4ec3a6ac54b7,delivered,2017-07-10 14:15:00,2017-07-10 14:25:18,2017-07-12 11:58:43,2017-07-24 18:24:32,2017-08-02 00:00:00
c2859f3c830b3fab51d945c1c0ef45fc,daee9ceb68799b045600899b74629ee4,delivered,2018-08-22 10:54:37,2018-08-22 11:05:23,2018-08-23 07:16:00,2018-08-28 20:53:31,2018-09-03 00:00:00
cec61a2f94f55b2b392379dfc9a402ee,093ce66d767ff676396051dda46332f0,delivered,2018-01-30 20:27:38,2018-01-30 20:50:05,2018-02-01 00:35:16,2018-02-03 15:49:49,2018-02-15 00:00:00
03ee28c413aaef04d718e00ed85eb678,93ad62fc1229e9099881648f34813706,delivered,2017-02-21 10:54:37,2017-02-21 11:05:47,2017-02-22 07:00:14,2017-03-03 15:41:42,2017-03-24 00:00:00
1ada38b97a26793e53c1205050892669,d7ee2abd77a06c14710da7bc5233f234,delivered,2017-08-28 13:15:21,2017-08-30 02:15:19,2017-08-30 19:23:55,2017-08-31 21:15:04,2017-09-08 00:00:00
bbc13e09a09a77b4f6ea6a981a399473,7822a6861b0a8c3a5b4ed5f42268eab0,delivered,2018-05-28 22:11:08,2018-05-28 22:35:37,2018-05-29 14:04:00,2018-06-05 13:12:51,2018-07-04 00:00:00
eff6d1823541bd02a75eb960685b0230,a5f596b7a0f0b2b04aea6e8c4d809be6,delivered,2017-06-22 12:55:01,2017-06-22 13:05:17,2017-06-26 13:32:27,2017-07-05 16:12:32,2017-07-14 00:00:00
e01fc3338c40dc94ef890089c8deeffc,6d5173a8779c07d167c7479fd036717b,delivered,2018-04-10 18:04:06,2018-04-10 18:15:25,2018-04-13 20:48:48,2018-04-25 19:38:50,2018-04-26 00:00:00
5fdfdf9c7e10eb512c9ba20fdf28e632,3af72eff337f394f1da7588435bdde2e,delivered,2018-01-10 19:34:51,2018-01-10 20:08:21,2018-01-11 21:23:50,2018-01-27 17:36:50,2018-01-31 00:00:00
8682a030870edcce6a8b8299b68aa4d6,626ee03ce70d55d537a1e5d9f2072261,delivered,2018-07-29 23:08:40,2018-07-31 04:31:27,2018-08-01 15:45:00,2018-08-02 21:21:57,2018-08-06 00:00:00
fcf3478bc90a1b2e214d529d0455dc1e,99b72b76d26475c4412b8d88c363b066,delivered,2017-02-10 00:35:08,2017-02-10 01:05:19,2017-02-21 07:38:56,2017-03-02 09:18:56,2017-03-20 00:00:00
c92a9fd680f588dcff7ff22fce0abbcc,3eebfdbd017a00f31af7809ddfc52cbc,delivered,2017-03-09 13:23:19,2017-03-09 13:23:19,2017-03-13 09:43:50,2017-03-17 14:42:03,2017-03-28 00:00:00
e37462f737a59fcd8f12079e0e927205,864deba6b142c6d04a53fd379a9256a3,delivered,2017-08-27 13:58:08,2017-08-29 04:30:23,2017-08-30 21:58:47,2017-09-11 18:16:52,2017-09-28 00:00:00
f96b5c312ad850920b6aed06ee8881ad,87f02a067e858106e8bc1ee503540c83,delivered,2017-12-13 21:28:07,2017-12-13 21:35:32,2017-12-14 23:13:22,2018-01-12 22:21:46,2018-01-11 00:00:00
815b68de0bc7fa6c117e4bcf855734ef,0d5ac8dc4bf26eead9e5262d9da7abbe,delivered,2017-04-30 17:28:58,2017-05-02 14:42:55,2017-05-10 15:27:34,2017-09-19 16:49:30,2017-05-31 00:00:00
bdd388b78e095998453503c63b83e280,bfe06b878acbfa50da99152d9319b0b3,delivered,2017-11-23 22:16:34,2017-11-23 22:28:58,2017-11-24 20:27:53,2017-12-04 18:27:43,2017-12-13 00:00:00
ef18f5dcc7b8a44cbdb1a14de4164bd1,4f3505c2d2b2547a60e333a7eaac6cba,shipped,2018-07-04 10:52:38,2018-07-05 16:32:54,2018-07-04 14:18:00,,2018-07-20 00:00:00
7dd324f942802dde96fb63557eb716bb,f989f9ccb450d003391f92b8babdd038,delivered,2018-04-16 13:50:01,2018-04-17 05:50:21,2018-04-19 20:42:48,2018-04-27 21:16:53,2018-05-10 00:00:00
1205025dd1d1757c82bc1f437bcc39c5,e5f0eed3e5dfedc38c8e05a13322a7c9,delivered,2018-02-25 20:29:45,2018-02-26 09:49:55,2018-03-02 20:04:23,2018-03-07 21:48:32,2018-04-11 00:00:00
b599b60a3fa09e7a4003eb264aa99a07,3f0990509a5132d2af23ecbec28c0ef1,delivered,2017-10-08 09:11:46,2017-10-08 09:25:00,2017-10-09 15:48:14,2017-10-14 02:12:59,2017-10-25 00:00:00
477d714fae5a61fe245f9d4c7cebc2d5,6afbdea65594b7a013b89c9f1422e460,delivered,2017-06-29 11:16:08,2017-06-29 11:30:10,2017-07-04 14:52:10,2017-07-29 14:44:40,2017-08-09 00:00:00
aabde6ea676d05113f63f0de161b761f,00573ea7a2ac9dff51ac3d177cd6eaea,delivered,2018-02-03 22:50:59,2018-02-06 04:32:49,2018-02-07 00:52:02,2018-02-07 23:34:51,2018-02-21 00:00:00
53e4afb03a9d1fd1346cb3536d79d326,21c65acee925fe47efde9bb2c75b7577,delivered,2017-09-27 11:27:04,2017-09-27 11:49:29,2017-09-27 21:03:55,2017-10-05 21:13:58,2017-10-13 00:00:00
8bb61c38933e53a46312713c209dee29,5cf62d2467f616db098ec254256a4e81,delivered,2017-12-12 17:08:25,2017-12-12 17:15:31,2017-12-13 17:22:56,2017-12-18 19:02:15,2017-12-29 00:00:00
15040f094b4f4a45a4d885dd036842af,f84a6add7992918046f7c1fed62de3d2,delivered,2017-09-21 15:58:53,2017-09-21 16:10:23,2017-09-22 18:52:59,2017-09-29 13:52:37,2017-10-06 00:00:00
204e562a760b68ad78d5032698bf6840,4c5f600b0af36d34eecc8e2b1bb63ff8,delivered,2017-06-12 13:50:44,2017-06-12 14:02:42,2017-06-16 20:07:46,2017-06-26 13:32:38,2017-07-05 00:00:00
6054b24d6a5bbe0e90fd7ebb14d602e8,ea3742e869d611ce91ce6cdc43bea07b,delivered,2018-08-23 09:35:05,2018-08-23 09:50:16,2018-08-24 14:24:00,2018-08-27 16:32:34,2018-08-31 00:00:00
faef665b7a0746076cdba7746c217cb0,f1b5fefd2603e754ff40d1a48290080b,delivered,2018-04-11 11:42:25,2018-04-11 11:50:51,2018-04-11 23:52:54,2018-04-28 00:05:30,2018-05-08 00:00:00
bca6e11cbc47e5f4b3f8bd46a39dce3c,41eba2b39838d1bed51a807736f46820,delivered,2018-02-13 20:27:18,2018-02-15 04:07:25,2018-02-26 17:14:15,2018-03-12 13:15:51,2018-03-19 00:00:00
db7db7cb0958ac50a74b93178394e6a3,fab37fa4a0d46b371b157c6ba187b76f,delivered,2017-10-15 02:37:02,2017-10-15 03:05:44,2017-10-16 20:47:42,2017-10-17 21:04:01,2017-10-26 00:00:00
2a940654991b7eaeb541171e5e1d497f,03fe220603b22a09e5114a70616b9c66,delivered,2017-02-07 15:48:56,2017-02-08 03:10:14,2017-02-08 10:46:36,2017-02-17 12:47:31,2017-03-08 00:00:00
d129a390b12dad8097fca575b31aba6c,4ed298b95353f35d266831f8944d77a5,delivered,2018-02-06 12:15:10,2018-02-06 12:30:23,2018-02-06 23:45:40,2018-03-24 21:08:25,2018-03-12 00:00:00
f020059db04fd86b983524f59247d091,0f95d722d19f40ee015d3795e618d02c,delivered,2018-03-19 21:02:09,2018-03-20 20:56:05,2018-03-22 11:58:31,2018-04-03 17:52:52,2018-04-10 00:00:00
42aba87a5d74e497fc853cde910d4e32,36c82ac8588030097d3f7aca9640518e,delivered,2017-11-24 12:41:27,2017-11-24 14:53:50,2017-11-28 21:33:15,2017-11-30 01:32:27,2017-12-08 00:00:00
15812af232ebe0d344d123c18fde51eb,983155c4c0cc44b685df66df2e9f8e78,delivered,2017-02-02 10:07:57,2017-02-03 03:41:19,2017-02-03 10:15:55,2017-02-14 11:45:44,2017-03-13 00:00:00
85c4170fce54fdeff14d1bdfbc01ccb5,b460f02848cd2af7ce345937c3f53f6c,delivered,2018-01-18 00:39:32,2018-01-18 00:51:11,2018-01-20 00:33:03,2018-01-26 18:15:39,2018-02-08 00:00:00
8507049ba787aece6fadc233efdbb0b3,1b93e31aac5baddd05b3188a82db777a,delivered,2018-04-25 10:26:29,2018-04-26 04:15:22,2018-04-26 10:40:00,2018-05-08 23:38:46,2018-05-23 00:00:00
9476149aec45b9b1774a161abcce8631,73969b20fe25029e7ffabb98d15fd650,delivered,2018-06-27 20:09:21,2018-06-28 09:51:08,2018-07-02 12:27:00,2018-07-04 20:54:33,2018-07-24 00:00:00
50cc103bda59bd29c59f33e00e19b4e7,b7ac02c7140a36d272f16840d4a55871,delivered,2017-12-07 16:39:23,2017-12-07 16:51:56,2017-12-11 19:32:19,2017-12-28 16:59:31,2018-01-08 00:00:00
1b882405b224816e178cb5b5cfef9519,e14ce3c6c6d5337363712edf760f3a4a,delivered,2017-05-09 11:35:21,2017-05-09 11:45:14,2017-05-09 13:16:41,2017-05-15 12:28:03,2017-05-31 00:00:00
f9621d2a09f94ab31f27e78a400642ec,85ae2de087457515b13ff3c7c21940f5,delivered,2018-06-14 11:35:38,2018-06-14 12:01:17,2018-06-14 15:04:00,2018-06-18 19:51:52,2018-07-24 00:00:00
8431c1024f6407ab4f4b5f45a60fbb4f,299d5fa155bf62327d231c130280cbec,delivered,2018-04-03 18:12:32,2018-04-04 18:08:49,2018-04-09 23:22:28,2018-04-11 16:32:10,2018-04-18 00:00:00
802a16d8b5c3a74a38cf9216f429c469,02fcee476755e629f2a4113550450b24,delivered,2018-05-24 16:47:50,2018-05-24 18:38:37,2018-05-30 12:34:00,2018-06-06 17:33:06,2018-06-20 00:00:00
128e2bcc764e1cf5e4952af2267acef2,dcce0deb2cfd275ada38c06da3c2a01a,delivered,2018-08-12 20:13:01,2018-08-14 05:44:08,2018-08-14 13:19:00,2018-08-15 18:51:59,2018-08-16 00:00:00
7146211691a9d909e75c0b7458b1e125,1c76b7133be1eb64e6314d5b0685f47f,delivered,2018-07-23 16:30:52,2018-07-23 17:25:06,2018-07-24 13:21:00,2018-07-31 17:38:34,2018-08-13 00:00:00
3e1088f1c96e2b55ef9a070866bd1f1e,251a9ae4d295b0b2db74f27d8217b922,delivered,2018-06-30 16:53:45,2018-07-05 16:04:19,2018-07-17 15:09:00,2018-07-24 15:48:23,2018-08-16 00:00:00
c039d465e2d9486915f6356a2660e66f,9aaad80a9eba88d21766074b44eeea1b,delivered,2017-10-25 13:27:07,2017-10-27 03:10:29,2017-10-30 20:12:10,2017-11-07 23:08:43,2017-11-17 00:00:00
7f3c194d0984c02806d2b6a3f62cbf59,74cc0991cc984f49ffb3f1027a04f85c,delivered,2018-01-26 20:13:55,2018-01-26 20:37:16,2018-01-29 20:37:15,2018-01-31 16:32:42,2018-02-19 00:00:00
469872bf23abc5c0ce6db24fd6fec382,4e6fbf386c2076b95813eea3cb438a14,delivered,2018-05-01 14:43:35,2018-05-01 15:12:19,2018-05-03 16:30:00,2018-05-14 17:28:21,2018-05-29 00:00:00
f02487424b729284accf169173a4c240,4ee0a72b930299554e3075347735147e,delivered,2018-07-25 22:04:50,2018-07-25 22:24:32,2018-07-26 09:51:00,2018-08-02 19:45:54,2018-08-14 00:00:00
2187a89df025d844e72cfc51e29dcd6c,7b633708bc80fd33de7fc84fd3d8b8d6,delivered,2018-04-02 23:40:14,2018-04-04 03:15:27,2018-04-04 20:37:19,2018-04-30 15:42:22,2018-04-23 00:00:00
43d0e984f7e7256bce2b8f15fdfef0dc,1575a1538d2879dce4c6c8669c661ed5,delivered,2018-06-24 21:46:56,2018-06-24 22:13:46,2018-06-25 13:12:00,2018-06-28 14:47:23,2018-07-20 00:00:00
dfe489c4a4bbe366cd2217b8503d206b,b2e698c6de7b1c259c522cdd740bff4a,delivered,2017-11-29 11:50:30,2017-11-29 11:59:31,2017-12-05 20:39:04,2017-12-12 20:12:10,2017-12-29 00:00:00
827a916734ee2f155b25cd4ff2d8022f,499b6b14e548e15a51fc4c38061f7e13,delivered,2017-07-05 14:13:23,2017-07-05 17:38:00,2017-07-10 14:34:50,2017-07-21 20:11:20,2017-07-27 00:00:00
61e21e4b85fafad4710e3431429af0eb,56c92a5f90b752d7a863d762a08bb3a3,delivered,2017-11-29 03:26:00,2017-11-30 02:23:57,2017-12-01 19:29:24,2018-01-03 22:03:59,2017-12-20 00:00:00
5e526b01963709e583bfc89cac4d9f2a,62c77341170e799a09752c9d636074f7,delivered,2018-02-07 20:48:21,2018-02-07 21:29:14,2018-02-09 02:23:16,2018-02-23 23:11:57,2018-03-20 00:00:00
0e9a725e04f3fbc13f28d8f17c861013,0a4570cba5c976d25642d380f906327a,delivered,2018-08-10 21:15:10,2018-08-10 21:30:18,2018-08-13 14:16:00,2018-08-14 18:28:33,2018-08-17 00:00:00
b5c4db08aa2596516e8e23acee055374,c3ab592349e6996a4568be61ce122ed7,delivered,2018-08-18 15:46:23,2018-08-18 16:09:45,2018-08-20 14:28:00,2018-08-30 13:46:33,2018-09-24 00:00:00
01a921eb5bf5df0c2990e62563ceca49,e91aaba52c45b2044c6dc4319af54a5c,delivered,2017-11-26 20:51:06,2017-11-26 21:13:35,2017-12-01 23:41:52,2017-12-11 18:13:19,2017-12-12 00:00:00
40c42d9f9f9e938bae28e7716b4a748f,f3f525ec747ce8f3adc1b23b797404dd,delivered,2017-11-28 23:16:56,2017-11-28 23:37:55,2017-12-04 21:04:54,2017-12-20 15:15:00,2017-12-29 00:00:00
b3a5244e63837c138b11bad69f104bd2,238b88db8e5251890af4fe539f06fc55,delivered,2017-11-04 22:25:11,2017-11-07 06:31:31,2017-11-08 21:27:50,2017-12-05 02:52:10,2017-12-04 00:00:00
b978ea305468570d5f639292c011b2bf,09b753241ee4fa912911c1705f148863,delivered,2017-11-20 15:39:32,2017-11-20 15:50:29,2017-11-21 20:26:37,2017-11-24 19:48:47,2017-12-01 00:00:00
0b1ebd05e50ebf9d1fc97b8b1ed874b7,d242973fcc51203ce6f07da575139a0f,delivered,2018-03-08 07:17:15,2018-03-08 07:28:09,2018-03-08 21:50:48,2018-03-15 22:37:27,2018-04-10 00:00:00
dfc7b2719aac6a68477031f7c6d5a44f,1bce535b7751324cecb6cedb616dbfe5,delivered,2017-06-14 14:40:36,2017-06-14 15:05:18,2017-06-16 17:37:57,2017-06-19 12:05:38,2017-07-05 00:00:00
21b91053280b58b39247f63e52fc4c6b,690726d495b268cc7b83e2134970f7d5,delivered,2018-04-11 11:01:00,2018-04-11 11:15:13,2018-04-12 23:06:45,2018-04-17 21:04:17,2018-05-03 00:00:00
077a6d2bd20a77531ca2dcf84f5c5d0e,5c3cb5ad39b8fee43aa5c64898cb49b3,delivered,2018-06-12 00:17:26,2018-06-12 00:40:54,2018-06-12 12:56:00,2018-07-11 19:52:37,2018-07-19 00:00:00
e0a392ae82bc219375ace26ec32a6301,b4faff20637c50dcdc36d25a424c50d7,delivered,2018-06-05 13:55:03,2018-06-06 02:54:00,2018-06-06 12:32:00,2018-06-11 19:11:00,2018-06-29 00:00:00
14fbf76a52909427d03caa0680a5d763,3f6ce43251da42235d19df7ad5d7a197,delivered,2018-01-20 09:56:03,2018-01-20 10:13:09,2018-01-23 12:17:33,2018-01-27 15:46:35,2018-02-14 00:00:00
7ede340903c485e891cba5b1064ecf5c,75306b74ca7ebe07b42a7e1eec7eca79,delivered,2018-04-18 09:57:17,2018-04-18 10:11:07,2018-04-19 17:06:53,2018-04-26 17:04:45,2018-05-23 00:00:00
02058d1c3b825765a4ec45968b8a1c97,789866f98a4d051812a2ad7e9c2443c0,delivered,2017-05-22 22:10:22,2017-05-24 02:50:28,2017-05-29 14:03:01,2017-06-05 18:05:53,2017-06-19 00:00:00
169ea2de3034acb7ff710f2ed686841c,c9443c7ba953a58193efcf1a2a447c00,delivered,2018-07-21 19:56:17,2018-07-21 20:10:16,2018-07-24 11:46:00,2018-07-30 21:16:33,2018-08-16 00:00:00
a63677aa9aeae51c42728b18555df877,c99b0d13ba87e0a2a17cd0a907cab66c,delivered,2017-08-08 22:59:59,2017-08-08 23:15:14,2017-08-10 13:27:41,2017-08-18 17:28:31,2017-08-31 00:00:00
a67bbe8654df3531b7c870495843dfb4,c3a3a2272d4a506284d12747fef057c7,delivered,2017-07-12 16:19:28,2017-07-13 15:30:25,2017-07-14 19:24:50,2017-07-28 16:14:29,2017-08-03 00:00:00
d53c5f1bf34ccafbdf3606104e7c1c8b,e747a1f3f5d2a25522b4d67db7cc6a13,delivered,2018-01-21 16:06:23,2018-01-22 13:53:13,2018-01-25 19:59:09,2018-01-30 20:15:13,2018-02-23 00:00:00
e70079a333e4ddca8787daf05873a6dc,a901af1f4feafd5dc0c514b87d320d21,delivered,2017-08-10 11:04:56,2017-08-10 11:23:56,2017-08-14 20:17:56,2017-08-15 18:27:51,2017-08-24 00:00:00
819cee97d3d5daa9991a8ffda20fc62c,b50b3f5a150ebce5280859bebc2f1d36,delivered,2018-02-28 20:12:58,2018-03-03 02:51:05,2018-03-05 17:17:20,2018-03-13 20:37:34,2018-03-26 00:00:00
0c02a4cb5207e682d63a1343cbddd13b,c68d0a3fbe7bf557ea9b8c822e154535,delivered,2018-02-12 14:04:49,2018-02-12 14:15:46,2018-02-15 17:19:43,2018-03-19 21:06:03,2018-03-12 00:00:00
ea9fa4f97dba6807fd178a433ed17032,f815690ce9f030145547e14a9c544af5,delivered,2017-05-28 21:15:32,2017-05-28 23:35:15,2017-05-29 11:09:43,2017-06-06 14:57:40,2017-06-23 00:00:00
71a378f8b8ef5f17a1518d5bf92f57c4,7cfb0a73dcdd12e435a0f51414aa3e07,delivered,2017-10-09 11:32:15,2017-10-09 11:49:28,2017-10-09 18:43:58,2017-10-24 20:34:09,2017-11-08 00:00:00
9a21763c2fabd9e832206b8020910d1e,cd4fa374324cf1ea4103aa4ac082440b,delivered,2017-08-21 22:13:38,2017-08-21 22:26:18,2017-08-25 16:17:01,2017-08-30 18:04:04,2017-09-20 00:00:00
ed4d57b2d881e813cf0b801ab17987a0,f427d28a18c6f9b3de330badbb801c32,delivered,2017-03-01 17:03:24,2017-03-03 02:15:46,2017-03-06 11:42:03,2017-03-10 10:23:36,2017-03-20 00:00:00
793fe057b09c8c2bebdd48451e985432,752ce9de228d0aa05ded6c88c1b176df,delivered,2018-04-17 15:53:53,2018-04-17 16:30:36,2018-04-19 18:03:47,2018-04-25 17:08:55,2018-05-24 00:00:00
a50f3e03765e8315c06a23e128aca380,bd0d2079cb36016dae8d436be53fc4cb,delivered,2018-04-23 16:13:31,2018-04-24 17:37:20,2018-04-30 13:23:00,2018-05-07 15:15:06,2018-05-14 00:00:00
42769a5163a34297f4458dbccf206b36,fa8aaa18814fdd364807cf2de3b57fa5,delivered,2017-08-24 16:44:37,2017-08-24 16:55:19,2017-08-29 19:27:46,2017-09-06 12:41:18,2017-09-20 00:00:00
112e22ce5f700d2155befd89a15b4a5b,90eb27e381d8c75dd3acf2f87fd8aa50,delivered,2018-05-07 11:48:13,2018-05-07 18:10:52,2018-05-09 14:27:00,2018-05-11 20:04:49,2018-05-15 00:00:00
c0585e6e7446a97905280a732d27ac4a,01d444480a8e7ed180b6c5cb5993a273,delivered,2017-11-06 14:28:57,2017-11-06 22:36:34,2017-11-07 18:41:22,2017-11-09 18:02:31,2017-11-21 00:00:00
2b20baf94a095e002981091891209751,33895d210b7a21812669e1dab098d80f,delivered,2017-05-29 21:35:00,2017-05-29 21:45:13,2017-05-30 12:05:45,2017-06-06 09:24:56,2017-06-21 00:00:00
8f150b9a5714c94537d31215f638db5d,0b9c2c04285f9bccbbf9a41d6400ec24,delivered,2018-02-27 11:39:56,2018-02-27 11:50:27,2018-02-28 19:08:53,2018-03-24 00:03:55,2018-03-27 00:00:00
9941c14602ccbe66611b6a4b8fe01d99,82dd7750451a28d1e779bac86391d1f6,delivered,2018-05-03 16:46:51,2018-05-05 03:33:40,2018-05-08 11:12:00,2018-05-11 17:14:55,2018-05-24 00:00:00
465c2e1bee4561cb39e0db8c5993aafc,63b964e79dee32a3587651701a2b8dbf,delivered,2018-02-14 16:34:27,2018-02-21 12:28:15,2018-02-22 20:33:09,2018-02-28 20:09:19,2018-03-09 00:00:00
ac78dbdaa55c30dbfb7eea9beaf31b81,41cf71109d64452d0b2a886144df4b19,delivered,2018-06-14 18:22:28,2018-06-14 18:40:35,2018-06-20 14:57:00,2018-06-25 18:36:57,2018-06-29 00:00:00
7cf050fc6dd31909cb224bd88eaacff1,afdd9ed40f5403d7cb0718d376907908,delivered,2018-01-26 19:51:16,2018-01-26 20:31:48,2018-01-29 22:14:28,2018-02-19 11:07:14,2018-02-22 00:00:00
34fd3e758f03c7fe6169308d0fa11582,c9fbb89557c010578ebdf551bdb5d050,delivered,2018-07-28 08:17:06,2018-07-28 08:30:37,2018-07-30 12:24:00,2018-08-13 23:49:38,2018-08-24 00:00:00
22cd5c06a19914a8094c39a506a7ac05,88255d1ee3d1b15b26adb2fd286b08ae,delivered,2018-02-26 13:22:50,2018-02-26 13:35:31,2018-02-27 20:13:39,2018-03-19 18:04:44,2018-03-16 00:00:00
830f12a85d0bd0678bb5cbfe58b68cf2,1e40588bb4f9eae6bd4d49e929ef2b0b,delivered,2017-12-06 12:31:39,2017-12-06 12:39:31,2017-12-20 12:38:28,2017-12-22 00:12:59,2017-12-29 00:00:00
d7f99a9d27a65a88e4aba096e5ba4a47,3ce5345931105e4e5e8710d5ad3739e4,delivered,2017-10-21 16:32:50,2017-10-24 03:25:42,2017-11-08 21:49:27,2017-11-17 22:46:52,2017-11-09 00:00:00
9c31d604522ef4fd8e0bba68aa3214a1,dd3ea9d48ebef85eeeeebc41d577bdac,delivered,2018-03-13 08:53:47,2018-03-14 02:48:58,2018-03-14 20:35:30,2018-04-13 20:53:31,2018-04-02 00:00:00
789bf50b7eafcaff398ea0b735b4787e,d9e3c7044790af66009e070dee9d23fd,delivered,2018-08-07 10:14:35,2018-08-07 10:30:16,2018-08-07 12:30:00,2018-08-13 19:42:38,2018-09-03 00:00:00
a49146f414b54879adb68c422428a68e,c236e9487a62bda00236a339f9b9bb6d,delivered,2018-07-26 10:50:55,2018-07-26 11:04:35,2018-08-02 20:20:00,2018-08-07 18:41:00,2018-08-16 00:00:00
04ac505fe152a153d8b6013eccb4086b,98dfe650b52959127ab18d7c8b1da221,delivered,2018-04-04 00:22:07,2018-04-04 00:35:12,2018-04-05 20:53:31,2018-04-06 19:28:43,2018-04-16 00:00:00
4618b886260f174ba97bd9a7b81b01a5,165928f38e41598f6ffd3af0c864ca27,delivered,2017-11-29 15:54:57,2017-12-01 11:31:53,2017-12-04 22:09:21,2017-12-15 23:51:41,2017-12-29 00:00:00
fe89b0d8ed4855fadd959956eaf4cbda,2cf9f0e26346fdac8219b33a076b4e3b,delivered,2017-07-30 19:41:52,2017-07-30 19:55:11,2017-08-01 13:06:01,2017-08-08 20:44:47,2017-09-04 00:00:00
9a910d6ba29d7c6a50b791a7819ad3bf,c9a6817d5766512b8b059a88d3e64bde,delivered,2017-03-26 17:34:06,2017-03-26 17:45:16,2017-03-27 14:45:02,2017-04-10 18:14:52,2017-05-05 00:00:00
e7ca0b469d23817d3564174fafcf56c7,fb7d16371b8fad5d60b8ba464b1e135c,delivered,2018-03-11 12:23:57,2018-03-11 12:35:53,2018-03-13 02:44:41,2018-03-16 21:08:36,2018-03-29 00:00:00
89ddf23f8fe73ace16b54d219a527277,87357fa1cd76f1b9e26ef7a92d2f0e84,delivered,2018-01-24 19:08:37,2018-01-24 19:19:27,2018-01-30 15:48:39,2018-03-06 23:41:57,2018-03-05 00:00:00
7eed6f14f2c4d4696bae38c70dd523b2,3a2af5f4c23dff0cf1ddb8fc10e2ca8b,delivered,2018-05-06 22:09:49,2018-05-08 04:55:05,2018-05-08 13:08:00,2018-05-11 17:02:37,2018-06-01 00:00:00
2ab55ce9d54cd19626cf1540d2e6cadb,dede148f17af49188c0b9b70e3fa7f69,delivered,2018-05-14 20:24:55,2018-05-14 20:37:58,2018-05-17 14:46:00,2018-05-18 21:03:55,2018-05-23 00:00:00
67df019d84e04f3b626f8ede2dce4517,ab5c2303fc45a52d03d5bb515e446980,delivered,2018-06-24 12:15:38,2018-06-26 05:15:22,2018-06-26 09:53:00,2018-08-20 18:34:54,2018-07-23 00:00:00
129c58b77c85a73933e98de57c705559,410863627bc1b59338692229885e3542,delivered,2017-11-08 18:19:54,2017-11-08 18:35:56,2017-11-09 11:21:39,2017-11-14 18:33:25,2017-12-04 00:00:00
107dc783817b4509bdbe7e66998f5a24,de8ab444bbafe90954b80fd7187a2821,delivered,2018-07-16 13:37:18,2018-07-17 08:15:12,2018-07-17 14:19:00,2018-07-20 16:42:14,2018-08-06 00:00:00
3d2c6a6debb7264f52777cc9912a3b7c,ed8dced159c9842a1ba5667496d12ae3,delivered,2017-08-07 19:39:09,2017-08-07 20:35:15,2017-08-08 19:42:10,2017-08-21 20:13:40,2017-09-11 00:00:00
31f49b876b40d899bdb6c403b4d2b20b,8356099ada1aeb005c267bed62a9c750,delivered,2017-05-08 10:16:29,2017-05-09 09:50:18,2017-05-12 13:49:56,2017-05-15 08:12:10,2017-05-31 00:00:00
a140c8837fe93faea735fdb258215911,9151b134d8f0f1b7b46d3c9003ad599f,delivered,2018-03-13 13:58:19,2018-03-13 14:15:38,2018-03-20 23:24:45,2018-04-03 02:52:50,2018-04-03 00:00:00
40d9b709b3b6a77fcd309165705f58d7,d707f0c570bead47049c3a517b657b95,delivered,2018-07-29 15:38:03,2018-07-30 18:31:09,2018-08-14 12:56:00,2018-08-20 16:21:00,2018-09-10 00:00:00
cad0978e6d52213f4c78b26626fc40c0,301885a94c474b91e3701ddda2bbdc09,delivered,2018-01-20 19:51:16,2018-01-20 20:20:13,2018-01-22 16:58:20,2018-01-24 20:13:09,2018-02-06 00:00:00
5b8983a14e57e83fee3e9c9b6de5dc04,806f3e02b4efdcdc15863987086d5519,delivered,2017-12-21 07:09:04,2017-12-21 07:29:00,2017-12-26 18:32:42,2018-01-08 16:52:08,2018-01-16 00:00:00
43c0147ac5c2cd461632f6b12eddf8f6,c8145ea9f734a0652c0b7dcbc75a5fa3,delivered,2017-09-24 20:01:35,2017-09-26 03:56:37,2017-09-28 18:02:57,2017-10-10 13:37:12,2017-11-01 00:00:00
5568db9dd4584b73544e077f55db4d78,4239915703664cce7690bd8ae0f82839,delivered,2017-11-16 13:16:37,2017-11-18 02:50:28,2017-11-23 00:11:59,2017-12-12 14:38:54,2017-12-08 00:00:00
a5d865e12e7e0f8952334691874959df,9b99b552aa8d374d12896e55dfa2b0b9,delivered,2018-07-31 17:01:59,2018-07-31 18:31:04,2018-08-01 16:06:00,2018-08-03 12:46:44,2018-08-03 00:00:00
3decc053f76f6898aefed9c29e26e2b7,4f3ada4edfb7f58e81325c5e59f1eab0,delivered,2018-08-05 14:02:28,2018-08-05 14:15:16,2018-08-28 12:58:00,2018-09-03 17:31:55,2018-08-28 00:00:00
07da984520cb8c0de39f0b96b92c08f6,5ebe6b7897cc0ce155a42e2978e89978,delivered,2018-03-26 17:56:37,2018-03-26 18:10:19,2018-03-27 21:33:25,2018-04-10 19:03:13,2018-04-13 00:00:00
935be32550a2544a4fba77fca77c8dd2,58ccace0f4b7abcab017ff6f1d534d7b,delivered,2017-07-21 20:37:36,2017-07-21 20:50:19,2017-07-24 20:43:58,2017-07-31 13:32:52,2017-08-10 00:00:00
1f18d6138f5af59adb5a379ea575d555,9e28e7712d72035236cfbd785851e4b1,delivered,2018-05-29 00:08:35,2018-05-30 02:15:21,2018-05-30 16:58:00,2018-06-12 16:38:47,2018-07-12 00:00:00
43e16679b4c9df0ae3d5fefa59a34ff4,6d9200d982960db3b28ffbff6daf37f8,delivered,2017-12-24 15:43:12,2017-12-24 16:08:02,2017-12-26 16:39:16,2018-01-04 21:14:56,2018-02-06 00:00:00
60f444f47da9e98ceae8864e4a67fb0b,a4b9cf3f37a5d01524a8d5108b9226da,delivered,2018-04-12 21:13:58,2018-04-13 02:15:39,2018-04-13 20:14:26,2018-04-16 17:44:33,2018-05-02 00:00:00
7280e73216120ebb4358a41b3d947e5e,56b4e0d69de2103592f10d1e63fec834,delivered,2017-03-05 22:02:38,2017-03-05 22:10:19,2017-03-14 09:17:51,2017-03-22 12:35:12,2017-03-31 00:00:00
ea5b8ab951ac72f344bebd303152f748,09a0d5917164e6feca0c77b00f6c7a1c,delivered,2017-12-06 08:31:25,2017-12-06 08:51:44,2017-12-09 17:43:15,2017-12-18 18:43:36,2018-01-04 00:00:00
f679d90195e7c1e11563250d98edffb6,57bf63f1aab0e77102a9b23e53bc4446,delivered,2018-02-28 09:17:03,2018-03-01 02:50:41,2018-03-02 01:16:51,2018-03-23 12:04:27,2018-03-21 00:00:00
7f00712c268844b83fbb7db60193e5eb,10b157911f208e4c7a66b91bbc9c351d,delivered,2017-03-21 16:14:21,2017-03-26 23:33:00,2017-04-03 08:17:42,2017-04-10 14:47:00,2017-04-11 00:00:00
b6f41799a58be93e516fb6992e0d4b47,58284e22c11c1cd2a52d4f25630a1ed9,delivered,2017-09-17 06:44:58,2017-09-17 06:55:06,2017-09-18 21:33:16,2017-10-16 18:13:23,2017-10-17 00:00:00
08fa07327488ff39829511ce36ed3e32,06323e75b664e167bba52921c091ab2c,delivered,2018-01-04 14:46:20,2018-01-04 14:57:23,2018-01-08 14:58:01,2018-01-16 22:26:44,2018-02-02 00:00:00
fc0b3be9d66d6db8d306c15407ece0d7,18216abe719d24c5faf04c82abdf5e31,delivered,2018-06-16 20:45:44,2018-06-18 09:13:51,2018-06-18 13:17:00,2018-06-28 21:12:50,2018-07-17 00:00:00
0726665518da3a4e1b9efff4de0089fc,0a663660b4e386d4cdc7f69376912e1e,delivered,2017-06-01 10:41:56,2017-06-01 10:55:14,2017-06-02 11:54:49,2017-06-06 14:17:30,2017-06-14 00:00:00
0d5e27935dad336ff3d5962a73b30f2d,70612c268ba10cb7aa25bad5766dbafe,delivered,2018-03-24 15:01:08,2018-03-24 15:15:23,2018-03-27 18:27:38,2018-04-23 20:07:50,2018-04-19 00:00:00
8d5169ccfdb4902626694da89865ebd0,4f5a13c3e2ce9cc5ae2e77fc2f2716f4,delivered,2018-04-26 22:45:33,2018-04-28 02:51:50,2018-04-30 15:24:00,2018-05-05 11:39:39,2018-05-22 00:00:00
5d67cca99e80d5f9cc0cda0ce73ca3a3,0b92c3b2085fc6ca1af7d396612a2a93,delivered,2018-01-12 14:52:21,2018-01-16 03:50:04,2018-01-17 19:51:19,2018-01-23 14:42:49,2018-02-06 00:00:00
89b97127e91562d3568842d10a400161,00e3fdbce18ef97f5b13e1cc27e9dc98,delivered,2017-05-01 10:03:19,2017-05-04 10:35:10,2017-05-05 15:48:14,2017-05-12 07:56:30,2017-05-26 00:00:00
175e7244409a1c34674cdd3407e25808,eccf5f0bc39613de60c5ca015a5541c6,delivered,2017-08-22 12:49:29,2017-08-22 13:07:30,2017-08-31 13:18:31,2017-09-05 18:57:36,2017-09-18 00:00:00
fbe14dbea1cdcc16f5709ee80b0fab7a,758599b2798e7015e13f582498131b91,delivered,2017-03-11 00:50:38,2017-03-11 00:50:38,2017-03-15 16:11:46,2017-03-23 11:06:09,2017-04-03 00:00:00
69be748e051308f0d341a9e6d30c7b40,ebf8762f13cc2d8f7b7e5f4dfd1fcf5f,delivered,2018-04-18 15:14:28,2018-04-18 15:46:03,2018-04-24 17:26:48,2018-04-25 17:54:57,2018-05-04 00:00:00
b989c3785c2432d0617d9e494703c478,7a60d482d82b2ff409a49d3c0529048d,delivered,2018-07-28 13:11:06,2018-07-28 14:30:30,2018-08-06 13:35:00,2018-08-09 20:18:20,2018-08-17 00:00:00
4224d3207aa1acffc28e6b36c7c2c8af,26e6e761dffdfc0ba3d0ec3b4cc646f7,delivered,2017-03-15 11:20:40,2017-03-15 11:20:40,2017-03-16 13:09:07,2017-03-21 06:44:46,2017-04-03 00:00:00
55826c853b7245fee48da8b2539b6944,7428ebf9b65a9179a769e6954befa195,delivered,2017-09-21 19:05:52,2017-09-22 12:44:19,2017-09-26 22:08:37,2017-10-03 19:48:05,2017-10-06 00:00:00
2464182f4be303c6741cab9bad3a9f55,f3f75a99e48d4da981cae17479d41504,delivered,2018-03-23 22:54:39,2018-03-23 23:08:27,2018-03-27 01:06:47,2018-04-26 21:51:50,2018-04-18 00:00:00
0410df130bab1cdcd13e23044ef9d76a,3d611418d3317f83cc72fa55120c25a8,delivered,2018-03-17 13:04:49,2018-03-17 13:28:44,2018-03-28 18:50:43,2018-03-29 20:22:44,2018-04-16 00:00:00
ed9c888e1be39c7492c5810bcf8a0227,0b00caf6f0d239c5bf7d9f992cae22d4,delivered,2018-03-15 21:34:56,2018-03-15 21:48:49,2018-03-16 22:48:47,2018-03-23 19:47:24,2018-04-03 00:00:00
b33c9bb2caa1d2b9f219b70f6dba7dce,891adb1fb4da5da2b8b8c367bf9801d1,delivered,2018-08-26 23:45:45,2018-08-28 03:45:15,2018-08-28 14:30:00,2018-08-30 22:04:58,2018-09-17 00:00:00
60374093aa8d84de08b2c04a3eec89c4,91489087a2f86dd3476f0d949946aea2,delivered,2017-11-22 11:00:02,2017-11-23 03:08:23,2017-11-29 23:12:16,2017-12-27 18:53:20,2017-12-08 00:00:00
d6b11927bdeea5f5786a486aa301d183,dc1797695511e21ed538efc9570e9751,delivered,2018-03-04 16:30:29,2018-03-04 16:48:37,2018-03-10 04:24:48,2018-04-02 23:28:57,2018-03-29 00:00:00
dd8c2ff157394afacbcc50a161e1af4e,7aa9979edeecc4c0748cfb942a7850db,delivered,2017-07-14 09:18:17,2017-07-14 09:35:11,2017-07-14 19:52:33,2017-07-24 17:52:07,2017-08-07 00:00:00
bc34d5b185152cb88b9f5db391dcd1cb,9a3aaf9447f2fbd34372e69398b2ede3,delivered,2017-04-03 17:54:02,2017-04-03 18:05:17,2017-04-05 09:53:19,2017-04-10 16:37:06,2017-05-03 00:00:00
66f2c4c74ef2402a34e32b0156a627bf,5d7dc2dff569dcf724eb12ec50740e2e,delivered,2018-07-23 18:32:26,2018-07-24 10:31:39,2018-07-24 13:07:00,2018-07-30 13:27:46,2018-08-14 00:00:00
bc7401d98fe2814849de2404e3ebd9ad,28a451491753dc3f4c52bb8dfea902aa,delivered,2017-03-31 13:14:16,2017-03-31 13:25:11,2017-03-31 19:33:03,2017-05-17 17:14:59,2017-04-27 00:00:00
261e71d2349c713eafa9f3df5972b95d,d6708bbbd2d419475869a84e41f620a1,delivered,2018-01-20 12:15:57,2018-01-20 12:37:13,2018-01-25 21:42:52,2018-01-30 11:32:35,2018-02-15 00:00:00
2a3f9da1b73d48af85d04f8550b3d156,d3084f1a3218cb4163951970222ec084,delivered,2018-01-29 13:56:29,2018-01-29 14:11:46,2018-01-30 17:19:00,2018-02-09 02:27:50,2018-02-23 00:00:00
fea563d194760a0737be8bff36ca8c40,495a5765ce04283cae03e31b63355cd4,delivered,2017-06-10 18:27:07,2017-06-11 18:35:09,2017-06-12 16:48:49,2017-06-19 18:14:40,2017-07-05 00:00:00
3eaaa0491f840f400dcfe9469dd5e205,3f58c477b8cfc3c37266e353151cbbd3,delivered,2017-09-20 22:05:29,2017-09-20 22:15:21,2017-09-21 20:14:29,2017-09-28 17:55:01,2017-10-23 00:00:00
81d4e3ab663ca6c51e659ad5b31457e7,48ca574e8c60c5f14ac63cb32a266880,delivered,2017-07-08 21:06:37,2017-07-11 04:05:35,2017-07-11 18:51:32,2017-07-21 16:19:40,2017-08-11 00:00:00
c5f1d29b8bc4a975508962be343e62a7,98c2fd3ae186615edec73fb0e8927c74,delivered,2018-01-24 11:18:27,2018-01-24 15:15:37,2018-01-25 20:15:11,2018-02-14 17:42:03,2018-03-06 00:00:00
973e2efa6a19ac5083691b9deb4c0a51,864a2a7ce82f1570f7c43d4f63b19e13,delivered,2017-05-23 23:43:45,2017-05-25 03:05:19,2017-05-25 08:41:22,2017-05-26 12:20:06,2017-06-05 00:00:00
b365b927da19a3d58a252e1c5695c86c,4ea8dcc1472a40a7ed05115927623357,delivered,2018-01-20 09:07:59,2018-01-20 09:19:29,2018-01-24 19:17:03,2018-01-26 21:23:19,2018-02-09 00:00:00
0c505e1ce394e4cd4ccaedf5fcdbc9b0,3f794e657c0afd3ffae672bc8ecb5ed5,delivered,2018-07-29 22:35:36,2018-07-29 22:50:09,2018-07-30 11:33:00,2018-08-01 19:33:00,2018-08-16 00:00:00
9dc19c953a97c92383ff95f54cabe58a,ded50eb532c0c1903c0835e0d7749b97,delivered,2017-04-16 09:19:55,2017-04-16 09:30:15,2017-04-17 13:07:20,2017-05-02 16:18:24,2017-05-17 00:00:00
ea838dd2eadc7dfdb6fff969d14ed4f2,16204c2d6dfa2b5ab37b70091272a174,delivered,2017-04-26 17:57:09,2017-04-26 18:10:09,2017-04-27 08:31:13,2017-05-02 17:42:11,2017-05-24 00:00:00
a0147b55f1d225bb21f981e58f735589,9cedc0766adf91a041f5723a74bdbf87,delivered,2017-08-16 08:48:56,2017-08-16 09:10:21,2017-08-17 13:53:33,2017-08-28 17:19:54,2017-09-08 00:00:00
8728d50cf8a703b24a9f7d755d9e40d9,d42e6d6ecf34bc3f0d2dfe281274e4ad,delivered,2017-05-12 21:57:37,2017-05-12 22:05:19,2017-05-16 11:08:45,2017-05-25 07:51:47,2017-06-01 00:00:00
b50700cbee924cf4a5f5f9f38c1d0a04,ea881d44e7e735dd3b154baba6917f3b,delivered,2018-02-04 19:58:39,2018-02-04 20:24:16,2018-02-05 21:48:39,2018-03-06 19:56:42,2018-03-06 00:00:00
bd78f91afbb1ecbc6124974c5e813043,b503b349a145e75d7b6fb083b221a5cb,delivered,2018-06-28 21:26:30,2018-06-28 21:51:05,2018-06-29 12:07:00,2018-07-03 20:52:04,2018-07-20 00:00:00
5c1cabc415efcc828343f3b4b284b026,9675a538e974ae5f04d201698b7193e7,delivered,2017-11-24 21:53:00,2017-11-25 01:31:43,2017-12-01 00:18:01,2017-12-05 21:08:55,2017-12-14 00:00:00
6ac314f1970b39cf3b7760803caf3c23,7613a58283d100e4da203bbcfa57fbac,delivered,2018-07-16 16:37:13,2018-07-18 02:55:23,2018-07-19 09:39:00,2018-07-23 23:48:38,2018-08-01 00:00:00
7f2765cc6719de94716ce2c081b27f02,cba467dc4bb88078e1af5f847b89174f,delivered,2017-12-01 00:17:43,2017-12-01 10:31:08,2017-12-05 01:33:59,2017-12-07 20:33:43,2017-12-26 00:00:00
0a03b50bb658dc86547261ba8cd5676e,0a791f1725cf14521669d11593be474a,delivered,2017-10-18 20:28:58,2017-10-18 20:44:57,2017-10-19 18:12:21,2017-11-01 20:17:40,2017-11-16 00:00:00
c37b3f544d3cfdc84bc506669555f19e,613386a8d17fbcb4e293f69172cc9a36,delivered,2018-01-12 20:14:15,2018-01-12 20:25:28,2018-01-26 18:42:13,2018-01-30 21:04:07,2018-02-07 00:00:00
4cc0192e89c70ee61b2c1cd8ae665a5f,8233e1fc1c4bce2a2cab07bdafb95e2a,delivered,2017-07-19 22:22:34,2017-07-19 22:35:23,2017-07-21 15:33:02,2017-07-28 16:39:56,2017-08-10 00:00:00
6305aec3fc288054e3c30457795f98a8,a8c83ac2daecf7bd93935aba418f8cd2,delivered,2017-10-02 08:32:05,2017-10-02 08:49:20,2017-10-06 16:52:34,2017-10-17 19:41:07,2017-11-23 00:00:00
de3bee1ce2ff36750efc09a389ea029e,88913416ba9c9be4c8217d461ab5b7af,delivered,2018-04-17 08:34:08,2018-04-18 15:11:07,2018-04-19 19:21:47,2018-04-30 22:36:52,2018-05-24 00:00:00
f38a6dc0f541c9dff3f0c72009f2976d,b88ecfa0e624d3175e5ddd104af149d0,shipped,2018-08-17 00:07:40,2018-08-17 00:29:09,2018-08-17 13:40:00,,2018-08-23 00:00:00
2690c84e60cbc597c732d126472db7cc,cebf23c9423264f677a27ea0737c0d99,delivered,2018-01-29 15:09:40,2018-01-29 15:32:58,2018-03-02 23:49:03,2018-03-16 21:38:35,2018-03-06 00:00:00
8cac878a789b20ccf75238a5429195dc,d5fb71112470ab15d46a457c3351454e,delivered,2018-03-23 10:56:08,2018-03-23 11:05:33,2018-03-26 18:12:08,2018-04-07 01:06:47,2018-04-26 00:00:00
1b4255d9c878894e1d30af0d984c9c7f,7caae07d3441f77333b6e47ce323d251,delivered,2018-02-23 09:47:10,2018-02-23 09:55:41,2018-02-27 04:32:13,2018-03-12 18:58:35,2018-04-03 00:00:00
5d70582531ed37f284797ba1354e0c50,2f6748db5d35abc0695076611514da0e,delivered,2017-03-25 12:57:33,2017-03-25 13:10:09,2017-03-28 13:52:36,2017-04-04 16:59:58,2017-04-18 00:00:00
e5ac19b38666500c28341ce6d9bb889e,b041cec79db612cc381c5d8ab339fd99,delivered,2018-08-16 14:05:39,2018-08-16 14:15:26,2018-08-17 10:15:00,2018-08-20 18:34:42,2018-08-22 00:00:00
68442190a6c60659698fde46bcaf0e9e,929e321fd1897048b1bc0825d394f9ae,delivered,2017-07-07 21:13:47,2017-07-07 21:25:15,2017-07-14 21:51:50,2017-07-26 00:57:59,2017-08-07 00:00:00
a5bc76cff5020a123d1fdbbf26e06774,60968a8a342573e9f88a5507a0e322d1,delivered,2018-07-04 13:05:20,2018-07-05 16:24:48,2018-07-05 12:42:00,2018-07-10 23:24:44,2018-07-31 00:00:00
0199edc5b01351df8e73a674aa473ee7,669fa2dbff38c196161e330c91842143,delivered,2018-03-26 19:33:09,2018-03-27 04:10:16,2018-03-27 23:43:08,2018-04-03 19:38:37,2018-04-12 00:00:00
8f6f263a5e96515d5534199b74cb7748,2a1f6d64684615ad73ce7d05586115ed,delivered,2018-03-05 12:56:33,2018-03-06 14:50:59,2018-03-16 12:12:44,2018-03-22 22:56:29,2018-03-21 00:00:00
535c025843acd3d8c280a3b32f77a1f9,1c3515cb387a43da4c50cc8e76b90af0,delivered,2018-05-15 16:53:49,2018-05-16 03:33:58,2018-05-16 15:06:00,2018-05-17 15:58:39,2018-05-23 00:00:00
f78bc33515cdbf29e0e8c8d86ae6f219,fc0133869f49949a627e38412c914f0b,delivered,2017-12-09 23:35:06,2017-12-09 23:50:29,2017-12-13 20:29:14,2018-01-09 16:18:11,2018-01-09 00:00:00
c1b556dfb56a3302a7d965e0da3d5e11,5f8ccc8699533641733dbea1fb6240ed,delivered,2018-05-05 21:14:48,2018-05-05 21:33:09,2018-05-09 15:48:00,2018-05-15 01:06:27,2018-05-28 00:00:00
a07c319b821b5707ba0b018c7ad63aef,424f7679f29b230ce525eb325dce49a4,delivered,2017-07-31 23:07:03,2017-07-31 23:25:16,2017-08-03 10:17:02,2017-08-07 18:16:00,2017-08-23 00:00:00
98672e143f0ddcd385c344ae98132a8c,f780f03bf6d456e6da8e0eed971b60fa,delivered,2018-04-05 12:39:26,2018-04-06 03:28:34,2018-04-10 01:08:44,2018-04-16 16:42:40,2018-04-27 00:00:00
44e38bed584d8533aecfd6018f420f82,40932d7d15803d195250596068d8d173,delivered,2017-12-08 11:41:56,2017-12-09 02:49:37,2017-12-15 19:56:58,2018-01-05 04:22:30,2018-01-24 00:00:00
aaf7224fd4c85294460d9c42a803a7a5,24239aa9e44e1461b902453c03425010,delivered,2017-12-16 11:28:55,2017-12-19 09:30:37,2017-12-19 21:57:53,2018-01-08 18:54:13,2018-01-17 00:00:00
4c074254980764fecff977c97ce88c4d,25b97380259fb4fa328c4ab94b33c81f,delivered,2017-12-12 11:14:59,2017-12-12 11:28:54,2017-12-15 15:20:27,2017-12-21 00:22:47,2018-01-05 00:00:00
3cc744d9a46682c354778726d30e384f,52fbd9fb0561eb0384eb3e5649d2a640,delivered,2017-10-25 00:25:07,2017-10-25 00:56:57,2017-10-31 20:42:35,2017-11-07 19:31:57,2017-11-17 00:00:00
607e1a17f3e649f24abe13bb0dd25abe,d2b9844cccc9747ba112cae367d1a551,delivered,2018-05-17 02:28:51,2018-05-17 03:35:21,2018-05-17 13:59:00,2018-05-22 17:24:33,2018-06-21 00:00:00
dc8302e63ff9b2dc67dd51edbd8b537d,5e97b06dbf5f662871b9ccbcbad51b62,delivered,2018-06-15 18:34:57,2018-06-16 18:37:24,2018-06-20 15:04:00,2018-07-10 17:07:26,2018-07-20 00:00:00
3e153abd068ad6638364a06df17cdc5d,70375b292bed960b4a36f9e164b830fc,delivered,2018-05-18 09:22:05,2018-05-18 09:36:22,2018-05-18 14:08:00,2018-05-22 00:17:30,2018-05-29 00:00:00
8aaa6469d7ef4134e807e6b4da146012,cfca6800e760905907c4f40b45424745,delivered,2017-05-30 15:07:48,2017-05-30 15:23:07,2017-05-31 09:23:01,2017-06-01 12:52:44,2017-06-12 00:00:00
3a50c763032329859ffb4b2812960c7d,d987c011721e64a3a6ee8101b30ac2d4,delivered,2017-11-23 17:00:18,2017-11-25 03:59:50,2017-11-27 18:20:08,2017-12-13 18:06:54,2017-12-18 00:00:00
a44bccae654f637781e1918da79f4fd2,a7c44f543a326d7f5dfc53649662195f,delivered,2018-06-06 00:49:14,2018-06-06 01:11:12,2018-06-11 14:44:00,2018-06-20 20:38:39,2018-07-20 00:00:00
c7037ea6603ae90fc227e950bfc047ef,b7b9d825193190cb535f44b403f4c9da,delivered,2017-04-16 16:34:53,2017-04-16 16:50:17,2017-04-18 14:48:15,2017-04-27 07:44:24,2017-05-10 00:00:00
b12dbb55013ad2916d26c65c8abbcd17,444882642bc5550e2fcadebce502f01a,delivered,2018-01-20 15:01:14,2018-01-20 15:22:07,2018-01-31 10:22:06,2018-02-06 23:16:28,2018-02-23 00:00:00
79736d8897b41dc2f3b2096def7a5f7e,cd8f48109c28d43afef65248182f9c77,delivered,2018-01-08 17:09:49,2018-01-08 17:18:30,2018-01-10 10:54:35,2018-01-23 19:49:01,2018-02-06 00:00:00
c8fb73e3313c12aa7978cd59adbd0a6a,d494cfac6c56cc4806241dff2b5e6704,delivered,2018-06-29 12:16:28,2018-06-29 12:31:27,2018-06-29 14:58:00,2018-07-06 16:38:53,2018-08-07 00:00:00
5e1452bdf1c8fcf2b69f810cf9374a8e,c13461c34442cfffeda43e3f435d6d1f,delivered,2018-03-21 22:08:35,2018-03-23 02:10:52,2018-03-26 16:41:17,2018-04-05 19:11:00,2018-04-13 00:00:00
b1498d9178bbadef1684ec3c4413cd31,ffc261b1c1e12a951ee0fc9d27463d3d,delivered,2017-02-21 16:17:51,2017-02-21 16:30:12,2017-02-23 22:34:20,2017-03-07 09:14:12,2017-05-04 00:00:00
b5cded175dda03c8360eb5d652b931e1,3caac0647292a8ce09b6ab64320754d1,delivered,2018-04-21 10:31:08,2018-04-24 19:17:52,2018-04-24 16:54:51,2018-04-30 13:18:51,2018-05-17 00:00:00
0724f5287d69b7a3fbcf9ab02054ca4a,49af8d1256e91058af5b255f4fbc0e6d,delivered,2017-12-02 13:51:42,2017-12-02 13:59:26,2017-12-06 21:41:52,2018-01-05 23:42:32,2018-01-22 00:00:00
60550020e1d493392c427942b5ddb37d,8cbf66cca73b0d09dc57991cabbf63b6,delivered,2018-04-24 20:17:34,2018-04-25 08:51:59,2018-04-26 07:09:00,2018-05-14 19:24:43,2018-05-25 00:00:00
499f4d2d2bf250a1bb18ca1feab13262,f3752fccfb8cc4e9383c875b00bff397,delivered,2017-11-23 17:58:39,2017-11-25 05:56:49,2017-11-29 18:48:10,2017-12-11 16:07:50,2017-12-13 00:00:00
762f77c76e347a456797effdee512496,f4e030ebe8c888648220fc053b482cfe,delivered,2017-07-28 19:51:31,2017-07-28 20:05:07,2017-07-31 18:07:45,2017-08-14 21:25:28,2017-08-21 00:00:00
a4ff93cafe11fd211ea627c3cd253480,7b19c17065aacdf8c4f42645bb32c8c5,delivered,2017-12-29 16:26:05,2017-12-29 16:35:24,2018-01-03 15:17:11,2018-01-09 16:46:36,2018-02-01 00:00:00
9989d0ec04100fce996f6e906ada0278,2794c46b0d52ec2f9a14871b669cfd51,delivered,2018-02-21 21:11:02,2018-02-21 21:29:12,2018-02-27 12:13:53,2018-03-24 17:37:32,2018-03-13 00:00:00
be315a78a8989c669993c22b50f3920c,058d8b79c27b59949ec91fc3cb584658,delivered,2018-06-27 18:23:16,2018-06-27 18:35:12,2018-06-28 11:57:00,2018-07-09 19:16:43,2018-08-02 00:00:00
72add4bd00723dddd208bfd31cdfe97b,ea8f1c279cfa700c4424757270b04284,delivered,2017-12-22 17:40:51,2017-12-22 18:31:57,2017-12-28 23:57:22,2018-01-09 17:39:11,2018-01-18 00:00:00
7fa5b1b5da2ccccc6d0543b07d0c70b9,feb9a08155848e887a60e17aeb432791,delivered,2017-11-16 16:20:41,2017-11-16 16:35:35,2017-11-17 15:24:47,2017-11-21 16:17:53,2017-12-01 00:00:00
c9850ddef84ecbf5cbe2c3f4aef7ab6b,fdc56d367c0c7399e18dfd4d0baf7e6f,delivered,2018-01-08 17:01:29,2018-01-08 17:11:50,2018-01-10 00:15:11,2018-01-19 22:15:35,2018-02-05 00:00:00
b07680c80c64e1f1ca41d4337b5e773a,9b4f57a8bb053fe5b95db4a7d30958cf,delivered,2018-03-13 13:01:46,2018-03-13 13:15:29,2018-03-16 20:22:08,2018-04-23 18:34:27,2018-04-10 00:00:00
8989ff6e6604e09ac1c199428637422b,63fd4451626a55e8cf2354c7fcf7d70e,delivered,2018-08-02 19:52:36,2018-08-02 20:05:18,2018-08-06 14:43:00,2018-08-17 14:42:05,2018-09-10 00:00:00
9870255ce4fd27e8b651ee15e606d903,c69b97811a2d5a883fbd35751cef395d,delivered,2018-02-26 23:34:47,2018-02-26 23:48:19,2018-02-27 17:52:31,2018-03-10 17:12:29,2018-03-20 00:00:00
b0226a31a2297b13e23df75400c28d81,de059415c6f437f5d8b6d4f212e5402c,delivered,2017-12-02 06:32:02,2017-12-05 04:15:51,2017-12-07 13:32:29,2017-12-27 21:24:54,2018-01-02 00:00:00
e8f4435c1db6d7bf9e191fd9bd6a6682,e024d0495b6a3a0ad665becb6452206f,delivered,2018-06-20 19:31:47,2018-06-20 19:58:06,2018-06-22 12:20:00,2018-06-25 21:33:14,2018-07-12 00:00:00
50aee6309ac7a0d4fd5c78ac0d4e5404,b48f0c850994495b24f1440c76873576,delivered,2018-04-25 09:06:16,2018-04-26 04:15:20,2018-04-26 12:09:00,2018-06-19 14:29:06,2018-05-21 00:00:00
8440ebc9a2a4aaa712d4064c35e52995,31927091c573028dee0b8dff8ee57309,delivered,2017-12-05 21:30:15,2017-12-05 21:58:14,2017-12-06 21:41:57,2017-12-11 18:44:52,2018-01-03 00:00:00
79ba9ff956399f8ca9eaa802139851fd,c655482e341138b41ea3240ccc43132c,delivered,2017-06-02 13:45:50,2017-06-03 02:35:37,2017-06-05 14:08:05,2017-06-12 11:27:45,2017-06-29 00:00:00
aa6f9a7c586c01fe6c9021341dfe1de7,deb46841ea2d28c7b0d1893ae6af547d,shipped,2017-02-14 10:49:41,2017-02-14 11:03:25,2017-02-15 17:07:55,,2017-03-17 00:00:00
108db8c088de8e42c648bc520cec8c44,fb9c7ae634a98d4905c50cb15fa8382e,delivered,2017-10-02 17:00:43,2017-10-03 12:07:28,2017-10-04 21:14:30,2017-10-16 18:42:00,2017-10-25 00:00:00
5b265b1557d0d44a32df50b4fbf98c7b,dcdc259ec5bacca962c1ea9ba705b4b1,delivered,2018-05-29 10:04:54,2018-05-30 02:15:11,2018-06-05 15:26:00,2018-06-26 11:03:35,2018-07-27 00:00:00
fca69dd3e60777ea363bd9d95a9bc86b,f6200ed049e67d0003e8ec5cea1eb13d,delivered,2017-07-06 19:53:02,2017-07-06 20:03:32,2017-07-07 15:42:16,2017-07-13 17:08:50,2017-07-28 00:00:00
855302e009dbafa86035003b00a49cd2,deb1182dcf5719b1a643649a2029846f,delivered,2018-06-05 19:59:42,2018-06-05 20:15:15,2018-06-07 13:27:00,2018-06-11 20:03:45,2018-07-11 00:00:00
df91fb38017b42722551a94382cb829a,79a569c7d0617c27504aee953f5ea4ca,delivered,2018-04-25 16:04:20,2018-04-25 16:53:36,2018-04-27 15:03:00,2018-05-03 18:31:19,2018-05-18 00:00:00
61f26d1fbc29fc8e6d6bc8ba373e81f6,af0f2e3b32ac271dcd35a658be51c3c4,delivered,2018-07-27 21:19:42,2018-07-27 21:32:03,2018-07-30 13:11:00,2018-08-15 18:59:50,2018-08-21 00:00:00
6513ea5bc339ea05486f92db1405a522,5e152b0feca6b29b0d0016c106678bff,delivered,2018-06-09 21:26:38,2018-06-09 21:38:30,2018-06-11 13:36:00,2018-06-18 18:11:57,2018-07-05 00:00:00
23628e1dadb5e31443d876fdd2e2893c,6886b8efab55c00b82862fbe3104cbc2,delivered,2017-08-09 16:43:18,2017-08-09 17:03:52,2017-08-10 11:43:51,2017-08-16 18:06:55,2017-08-29 00:00:00
2ed3eaf0bd65da1480c9017f211fa315,7c6c12489e36aafa4ab5dfcfef887475,delivered,2018-06-19 14:28:13,2018-06-19 14:57:11,2018-06-20 15:29:00,2018-06-26 19:27:25,2018-07-18 00:00:00
3ec05d74c91669694d41dcf4d7cdc764,be66ef8e04a0f8fd5e10434aa0b53fb6,delivered,2017-05-31 20:57:04,2017-05-31 21:10:15,2017-06-01 13:44:32,2017-06-09 13:25:52,2017-06-23 00:00:00
86f92f9e6f7eecaf30f643b1c6c3be84,1a8ac03511051d7e9c5491b970972897,delivered,2017-10-30 13:17:30,2017-10-31 12:47:50,2017-11-01 15:47:44,2017-11-03 23:43:44,2017-11-10 00:00:00
2c6cd2338f9bbc7b19f8177e89e633fa,8ad90dfef2848906ab9e9f32cc6a7f3e,delivered,2018-02-22 17:23:36,2018-02-22 17:30:46,2018-02-23 22:42:47,2018-02-26 19:47:20,2018-03-08 00:00:00
41498083868bfdab3ed24190348d1929,e5679d11d9af9e08cce677c25c832ce1,delivered,2017-08-29 11:12:27,2017-08-29 11:28:15,2017-08-30 16:20:14,2017-09-11 19:37:38,2017-09-20 00:00:00
e248283e6b8ba09b05efea1000d9478b,7283505b00797306818c085c6baf0752,canceled,2018-03-03 19:20:13,2018-03-03 20:00:25,2018-03-05 18:18:40,,2018-03-15 00:00:00
732016d12d4c4281c465b63da4e2ca8b,eb7974f6e6fc0aa156371c21e1c39873,delivered,2018-08-20 21:12:57,2018-08-20 21:30:14,2018-08-23 14:26:00,2018-08-24 20:14:49,2018-08-23 00:00:00
ed04a2b3c21cbcd90c2071a22a8cbda2,e899bf2f5f7da06cc412595d8ce11351,delivered,2018-04-09 20:07:59,2018-04-09 20:29:56,2018-04-11 02:39:43,2018-04-21 18:42:37,2018-05-17 00:00:00
962b2008b2f1e396e0d30b76caa96832,706cb4fa45140c2466f192e6d449f656,delivered,2018-02-26 16:49:57,2018-02-27 05:30:55,2018-02-28 16:42:45,2018-03-02 19:54:52,2018-03-12 00:00:00
049ac54eda25ad838a76c65dcfd27c9a,3707669efeae29044e39ea9b2bfa9f32,delivered,2018-07-26 16:16:14,2018-07-27 16:15:15,2018-07-31 15:40:00,2018-08-17 22:14:24,2018-09-11 00:00:00
c2a6e9e49e5282ea4882c738f6137303,ddfd8d13c24e4c70c557721e3911ae83,delivered,2018-06-07 14:06:40,2018-06-08 02:56:02,2018-06-08 16:02:00,2018-06-18 19:46:27,2018-07-11 00:00:00
3e6f2b32accad480bf1508660cc2e609,e0351bcc6002fa51ad0dcdf775866672,delivered,2018-05-05 06:14:29,2018-05-05 06:29:42,2018-05-07 11:50:00,2018-05-14 23:16:41,2018-05-21 00:00:00
457ad46174cf848b645e2ebe12038917,53aeda88537c0ec7534ebf145d399cc0,delivered,2017-04-11 22:04:05,2017-04-11 22:15:18,2017-04-12 12:44:10,2017-04-19 11:46:21,2017-05-03 00:00:00
3481d4db89ea2b5d86728e8562da1317,6bc288325c7902dcbd0a803fc6f26a79,delivered,2018-04-04 22:22:50,2018-04-06 03:10:31,2018-04-09 23:44:27,2018-04-17 15:29:32,2018-05-02 00:00:00
4cbf4f8f95033da28ecc48d007d1b49f,e8c09dff0635a09514761a21369d9c88,delivered,2017-02-25 18:38:46,2017-02-25 18:50:17,2017-03-01 11:48:16,2017-03-09 09:06:20,2017-03-22 00:00:00
bed92d04d48ce1e3411d7db5c984d57f,db4f1408d600f8309bcc822caefba43e,delivered,2018-08-16 15:46:26,2018-08-16 15:55:23,2018-08-17 12:05:00,2018-08-28 10:48:24,2018-09-17 00:00:00
3e851df052741b8294183d372f0bf1a2,79c9f17f45207ca205c42da2b03a7359,delivered,2018-01-04 22:52:45,2018-01-04 23:07:54,2018-01-05 22:29:24,2018-01-23 17:29:10,2018-01-31 00:00:00
f162b64870a8b725213ab6ad3007bc6f,06a36e2121cd25bcaeaa79ff09974ce7,delivered,2017-06-08 23:58:19,2017-06-09 01:22:36,2017-06-12 13:05:17,2017-06-30 15:24:47,2017-07-03 00:00:00
675bf74092a382fe6821f84ecc8b41b1,ee2c31a4c90527567a8583ca52a12631,delivered,2017-11-14 14:00:31,2017-11-14 14:10:34,2017-11-16 17:12:04,2017-11-28 18:03:27,2017-12-05 00:00:00
b9e59da979fffff5191bcc3345de9127,6088e30c1c0d0283351b49a68d7646ae,delivered,2018-01-04 23:07:46,2018-01-04 23:28:21,2018-01-09 22:52:48,2018-01-11 14:49:29,2018-01-22 00:00:00
b7fa03eeccba341d5ab0dc86bfb1b08c,38a501b835a42c582bb16868630cba84,unavailable,2018-07-28 18:42:13,2018-08-02 23:30:29,,,2018-08-03 00:00:00
6036d4eca40644c890443b856040cb18,87e0bfecdb562b3802e43060c7e5b532,delivered,2018-05-03 15:30:29,2018-05-04 03:31:43,2018-05-04 14:34:00,2018-05-16 23:23:42,2018-06-04 00:00:00
5bd9862e9eb167d733096279f6b353ed,027a90872a3f917170f2e2b912363e88,delivered,2017-10-03 08:05:20,2017-10-03 08:14:15,2017-10-03 16:53:40,2017-10-09 21:38:31,2017-10-30 00:00:00
61224c4690fa8613b56e0469cea9415c,d660cc394eb24b0a1fbf68174a1531e3,delivered,2017-09-12 18:17:51,2017-09-12 18:30:34,2017-09-13 15:36:45,2017-09-25 17:37:09,2017-10-05 00:00:00
3c3578cbe37cf7af07897091fa676eb4,48cb41a28af5b64c305fe8c1f1adec3a,delivered,2017-10-15 21:06:30,2017-10-15 21:28:19,2017-10-16 21:57:55,2017-10-24 16:51:25,2017-11-07 00:00:00
5f9c456bbb57754ed7f95c12c8f759f5,d2f2ab0eca82f59cdbbdbcbc3c194b01,delivered,2018-01-19 09:08:27,2018-01-19 09:19:23,2018-01-22 14:42:21,2018-02-01 02:27:48,2018-02-16 00:00:00
63acd83008c876f81771b79ecaf7e27e,9bf9b7910168a6981da76b34bb832835,delivered,2017-11-16 22:33:54,2017-11-16 22:55:24,2017-11-21 17:39:06,2017-11-24 17:51:55,2017-12-05 00:00:00
4b19c2fe3690d7e4aa8cbcf946ea6ce4,47308035f95de5bc2318495736c01482,delivered,2018-05-18 16:22:57,2018-05-19 10:19:23,2018-05-21 14:11:00,2018-06-02 14:11:54,2018-06-13 00:00:00
387dbd8ab95a2cea602adfc5434f7258,0df19a6654aeb18d2951d9e08ce18145,delivered,2018-02-27 16:23:22,2018-02-28 09:56:08,2018-03-01 22:27:34,2018-04-07 00:21:14,2018-04-04 00:00:00
577e6fdfae22d140e0167cc4a674c1a0,46ebdabde58535b8751aaf7e6f21fe27,delivered,2018-05-13 21:11:17,2018-05-13 21:33:19,2018-05-17 14:38:00,2018-06-02 14:58:53,2018-06-04 00:00:00
ca4eb4e29e846ee17d6d1b96b28acabc,394b3bfe7e36b848711599df7cd35c94,delivered,2018-02-28 18:33:55,2018-02-28 18:48:26,2018-03-02 20:24:58,2018-03-05 19:18:55,2018-03-13 00:00:00
fd6490ff0d0a47338582b893c79863fe,cacf7efbb5d03425e739ddee564d1e24,delivered,2018-07-04 21:15:39,2018-07-05 16:15:50,2018-07-05 12:24:00,2018-07-11 20:06:32,2018-07-31 00:00:00
8335800095520f0d31f7e19c08c135b3,18da0750bf5bb2807da88223aaf6117f,delivered,2017-12-04 00:27:48,2017-12-04 00:35:04,2017-12-05 14:22:55,2017-12-06 20:24:59,2017-12-20 00:00:00
2529a7e429d36a4fb9ada1b677a5ed31,19964f5b33d31824f50a1ee628f5191e,delivered,2017-08-24 12:43:15,2017-08-24 12:55:18,2017-08-24 20:38:34,2017-09-12 15:38:52,2017-09-26 00:00:00
f6e97f91d62582f47862f629306f4311,0ad9634a1ba9f9a346b6925bcdde7ae0,delivered,2017-09-14 11:07:32,2017-09-14 11:24:57,2017-09-15 19:55:43,2017-09-27 18:00:48,2017-10-04 00:00:00
5e7ac1d3afa3583411b284bebd5dcdcb,d503771c01369a24b04e6151ca9882cc,delivered,2017-07-25 09:30:19,2017-07-25 09:45:14,2017-07-26 14:34:06,2017-08-15 17:42:19,2017-08-22 00:00:00
4e3439f5dfa664c3a1dd0154a524f7cb,d419776edf19bf4f7f2498b72d0c40fc,delivered,2018-04-18 12:57:23,2018-04-18 13:10:41,2018-04-19 22:18:30,2018-05-04 12:40:54,2018-05-21 00:00:00
70a4b21bf18001a99d94bf894697b8c1,ef5c01ebdd912188ba1f81f4a6b9a902,delivered,2018-08-03 12:30:36,2018-08-04 04:24:17,2018-08-07 15:42:00,2018-08-20 20:52:57,2018-08-24 00:00:00
cdc80ab03580d7d907ecd33ae7818caa,cce1958e8abce973e3d29474e46c3a14,delivered,2017-07-01 11:19:58,2017-07-04 04:50:27,2017-07-07 18:56:33,2017-07-13 21:41:07,2017-07-21 00:00:00
e38994925b350c88bd9b885f0b726439,06201fb5b7821133eab9fe2113d7e6b5,delivered,2017-11-17 10:25:09,2017-11-21 04:08:32,2017-11-21 23:09:02,2017-12-04 20:38:56,2017-12-15 00:00:00
d99158c3b20bff0ca58c2aaf4fa027ba,8b93045a7fc41de7cd1f18b0bf610a8a,delivered,2018-04-14 19:05:15,2018-04-14 19:31:17,2018-04-16 23:42:06,2018-04-20 15:52:44,2018-05-07 00:00:00
522b77c3143ab6fcea6d948bdf2029dc,2c7c48774749670497e9fe3f026273e9,delivered,2018-04-12 17:12:18,2018-04-12 17:29:39,2018-04-13 19:09:04,2018-04-25 23:19:41,2018-05-07 00:00:00
03976e284ff273b3e5fda450030f32c1,3231b7b6490bd2824ec83d8b883442a3,delivered,2017-09-04 14:25:41,2017-09-04 14:43:50,2017-09-05 22:34:07,2017-09-12 23:54:52,2017-09-21 00:00:00
38ead2ac61ab32ce96209301f9d365f6,0be74c3190e29ed9550c7c2ca1417a14,delivered,2018-05-10 16:19:55,2018-05-10 16:35:27,2018-05-11 15:13:00,2018-05-21 23:22:34,2018-06-07 00:00:00
e935ce70219fca7400f41fa9b59aad56,6ac009da0231e1256348748cf0b68003,delivered,2018-01-31 21:31:38,2018-01-31 22:09:44,2018-02-05 19:24:26,2018-02-26 15:24:51,2018-02-22 00:00:00
f2614c602a0621707ca12e9a6cf3b112,3a10ca9fdb3b43cecc4b8e24f9759e20,delivered,2018-06-15 16:59:15,2018-06-15 17:26:10,2018-06-18 15:13:00,2018-06-27 19:08:23,2018-07-16 00:00:00
feebdd36c3e19b95f31008e3e62dc32e,7c98c68d6cc9df555079f55937b795ef,delivered,2018-04-17 13:22:44,2018-04-17 13:35:10,2018-04-17 22:19:37,2018-04-25 14:22:19,2018-05-07 00:00:00
51f35f39bf5cf70713cb1354b2616e07,170b45af48b6abcfa4e0bede1e10a78a,delivered,2018-07-25 15:30:08,2018-07-26 15:25:06,2018-07-27 14:35:00,2018-08-01 18:48:52,2018-08-13 00:00:00
24950e3fcd92f8ec85a91644c7252eb9,24c09a96dc7e7016bcf50e5de09bc6bf,delivered,2018-04-24 19:49:20,2018-04-24 20:10:28,2018-04-25 15:33:00,2018-05-02 20:26:48,2018-05-21 00:00:00
43f5b8a8303562c644185a6bfd2cf3dd,13f86f2817ad6c0bf092ec8b98c42012,delivered,2018-06-11 11:59:58,2018-06-11 12:23:33,2018-06-12 12:53:00,2018-06-18 13:38:54,2018-07-13 00:00:00
f46d498479ef20f7cbe0d471d9ca0bcd,6b9cd57e8da503b79dc6e58b438e77de,delivered,2017-07-09 12:43:10,2017-07-09 12:55:20,2017-07-12 17:11:47,2017-07-22 14:52:11,2017-08-03 00:00:00
fe4ee6f5250415b2264eac9693949e2f,f0506d417d677f27a31385b606bac44a,delivered,2018-02-02 10:33:55,2018-02-06 04:32:12,2018-02-09 19:08:47,2018-02-15 18:08:26,2018-02-20 00:00:00
6d9a301ad93b5c24c6cff8e4f9cbe276,0863ec11de6ce167e48d77313f91d83b,delivered,2017-05-03 20:54:43,2017-05-05 02:15:14,2017-05-05 17:08:04,2017-05-17 10:13:53,2017-05-26 00:00:00
c621519092fd9754777ee79a0680a2ac,d0fd1441f726eb4b038f33dce66e981d,delivered,2018-06-15 22:59:09,2018-06-15 23:21:15,2018-06-18 15:01:00,2018-06-21 16:28:41,2018-07-05 00:00:00
41db55b77650928f1720b63029141585,f1586c1bddea63e86b67b9b72f565924,delivered,2017-11-23 19:46:05,2017-11-23 19:55:30,2017-11-24 17:09:52,2017-12-09 13:45:38,2017-12-13 00:00:00
9217f2cdc9ff59c50fb2542e2b1f31a1,252cd97f480386c6a29c455a74852bcf,delivered,2018-07-01 20:53:00,2018-07-01 21:10:15,2018-07-02 14:40:00,2018-07-06 18:41:11,2018-07-26 00:00:00
b5e1bf00261a7bbaddb0c3a06e63f039,f51367b72c767679f023f314616c1e6f,delivered,2018-03-10 08:55:54,2018-03-10 09:10:25,2018-03-12 23:41:40,2018-03-23 14:44:48,2018-04-02 00:00:00
f5af61697fe43fe2063f350ab4e80fa5,9fa5945995475c5ea3d5770681c7e394,delivered,2017-07-11 15:43:54,2017-07-11 16:04:51,2017-07-14 17:21:48,2017-07-31 16:29:56,2017-08-10 00:00:00
4146a8b684caef22542409dd06db0d32,b249a228615f39c7b6fa3bf1f2ecba9a,delivered,2018-01-06 17:43:47,2018-01-06 17:52:19,2018-01-08 16:56:22,2018-01-11 17:43:01,2018-02-09 00:00:00
1b737f58cb00f95d1513899b6e637eba,6f62577ec274bf21119f355851160753,delivered,2017-10-11 15:21:29,2017-10-11 15:35:12,2017-10-13 14:53:54,2017-10-16 18:43:47,2017-10-24 00:00:00
f8d1bd3e890e8a6792efb7acfc9a4853,53dee9b3304eaaeeb645b5a449759c51,delivered,2018-07-02 20:37:52,2018-07-05 16:09:15,2018-07-05 15:56:00,2018-07-12 17:38:46,2018-08-15 00:00:00
3c8fd86bafb15fa121edab25b6f8c096,43d2e22777294d5b6fbee5a6fb88254d,delivered,2017-05-24 19:42:56,2017-05-24 20:02:40,2017-05-25 08:26:28,2017-06-02 05:53:33,2017-06-14 00:00:00
2bf01051ff9e5195111fd7ffaf865240,bfcde53e4fc9b102273906be1a94f9fd,delivered,2018-07-23 08:36:36,2018-07-25 02:35:11,2018-07-25 12:28:00,2018-07-28 20:24:31,2018-08-13 00:00:00
15a87de4d6c4996cbee619479ddfe71e,5ab0cf98530afe73920c05b432a8311a,delivered,2018-03-09 23:00:38,2018-03-09 23:10:32,2018-03-13 00:24:36,2018-03-20 17:33:04,2018-04-02 00:00:00
ab463224aae0075d819f1a6a7d99e9ab,e6f0f3f195361a841b434de6d1e1103a,delivered,2018-07-25 13:02:52,2018-07-25 13:10:18,2018-07-26 13:16:00,2018-07-30 20:49:38,2018-08-08 00:00:00
0f0786fde25cb2b2b4cfc59128ef8f83,d8a5ae7ff5b505f9d400d1c5b73cf2d8,delivered,2017-07-19 14:34:02,2017-07-20 06:43:20,2017-07-21 11:59:54,2017-07-26 19:21:26,2017-08-25 00:00:00
6175b1fa7ea822df4907c8e4b71fc192,9c2d7e734f6c068b707e9ab0bffd5048,delivered,2018-04-02 17:03:38,2018-04-02 17:15:27,2018-04-04 18:06:47,2018-04-18 00:31:56,2018-04-20 00:00:00
2da3f67af1db377e56dc9a07b969c9aa,7dcde5c8da2d7cd96e956c560e76a013,delivered,2017-09-13 21:52:09,2017-09-14 02:55:30,2017-09-15 18:13:09,2017-09-18 18:59:36,2017-09-25 00:00:00
4f39a9f31c5a7d46ecfc92571700a6f9,0800b1a9b387519a58e8905f745f5f6b,delivered,2017-07-08 12:38:27,2017-07-08 12:50:16,2017-07-11 19:14:00,2017-07-20 22:13:42,2017-08-09 00:00:00
5a872b37ac143343156a0dc43f1a19fc,2208a5c21b9631036dc7eb52632f493b,delivered,2017-10-10 10:24:59,2017-10-11 03:14:11,2017-10-11 21:13:05,2017-10-20 22:43:30,2017-11-03 00:00:00
2ad2d3393253922f6f46941e23089bf0,fb61c3e862c5b609f053cc4717391c58,delivered,2018-08-15 14:04:01,2018-08-15 14:35:20,2018-08-17 12:04:00,2018-08-28 03:33:26,2018-09-04 00:00:00
fc0cf3fd5d9e2c6647933462acbb3f6f,b1d8402502c16ac1fda54e0b6cd42549,delivered,2017-05-22 12:40:54,2017-05-22 13:10:26,2017-05-23 14:29:18,2017-05-26 12:51:36,2017-06-12 00:00:00
e5dfa353d229de8b9a6e25cda9b03130,fc97d2cc66ec9b7e1e09fba356b78467,delivered,2018-06-26 19:47:26,2018-06-26 20:07:49,2018-06-27 10:01:00,2018-07-12 19:34:46,2018-07-27 00:00:00
4c1274c724f3a08787a97b452004ff86,1aeeb475e0190fb99160034e4e28ccaf,delivered,2018-04-13 15:42:40,2018-04-13 16:30:38,2018-04-18 23:02:20,2018-05-02 21:11:43,2018-05-09 00:00:00
8c2a179300bd39a4eb4ef85647f8a68d,e5540278ba88da3db9ae1482cb3135bd,delivered,2017-06-29 19:23:58,2017-06-29 19:35:21,2017-07-03 15:44:42,2017-07-07 20:47:50,2017-07-19 00:00:00
2ea830e178fb91c939722e9cb085383b,bcc78ccacee91d2bbc5c5a93864b93eb,delivered,2018-02-22 19:42:22,2018-02-22 19:50:37,2018-03-01 18:59:08,2018-03-13 14:18:04,2018-03-19 00:00:00
db9a0f1b8fd85bdad5394dbdf0179aa2,b64de67a26e6007a87a111bb5fd681f1,delivered,2018-04-14 15:42:39,2018-04-14 15:55:18,2018-04-16 17:08:58,2018-04-20 17:52:06,2018-05-11 00:00:00
f1b64d15b1fe4c26aeffdaa46fa1004b,eaa27ddbb78c8c390b40a0e075c568c4,delivered,2018-03-17 21:26:44,2018-03-17 21:48:41,2018-03-21 18:36:16,2018-04-10 17:33:45,2018-04-09 00:00:00
065f2124da64e6bddb1120142f2ad73a,3f947876eeaf431cc48e9751af9c6ed8,delivered,2018-04-05 10:17:48,2018-04-05 10:30:20,2018-04-07 01:00:43,2018-04-11 18:06:38,2018-05-04 00:00:00
c5c9e31d0a32df5f612ca8f9b04f8574,73d9b153e7d371a64270388b832f3ae4,delivered,2018-07-25 11:49:46,2018-07-27 02:24:23,2018-07-27 14:17:00,2018-08-09 18:06:54,2018-08-22 00:00:00
2542fe494d4b37b79ed85377e12c53a6,0d3be98fd17e4f6b118f90a23637c4c8,delivered,2018-08-03 13:44:49,2018-08-03 14:04:03,2018-08-06 12:24:00,2018-08-15 11:10:48,2018-08-22 00:00:00
5864382447def49f38f45e63da084b3b,0649a5d522a71ed3e9dab59ddd11d2de,delivered,2018-05-08 10:41:46,2018-05-08 10:56:15,2018-05-09 13:31:00,2018-05-14 19:22:31,2018-05-23 00:00:00
95234ae57878debe0afc15b3d5bcbc48,21ebc323917f5faf55a909e786e6741d,delivered,2017-09-14 22:09:13,2017-09-14 22:24:16,2017-09-19 12:07:04,2017-09-21 17:12:00,2017-10-09 00:00:00
4325d8ef762f1699578d3cc516484f2f,68de073035ed0aab6fef7c0a8e449cb7,delivered,2017-11-12 21:04:39,2017-11-14 16:35:30,2017-11-16 20:06:10,2017-11-22 19:07:00,2017-11-27 00:00:00
e7336e1648bf13ca6664c8568363dbb3,e7936bc511477310739929f93589b2f7,delivered,2018-02-17 15:24:03,2018-02-17 15:35:34,2018-02-19 16:30:15,2018-03-05 22:08:18,2018-03-13 00:00:00
b4501b36d5c7558b4364a961168f8bfd,61917d02d985f97864380b56245d461f,delivered,2018-07-23 21:03:52,2018-07-25 02:44:15,2018-07-26 09:58:00,2018-07-30 21:12:52,2018-08-16 00:00:00
707f34ee0f8e9986054ee1c01868dc9e,71df09adbf0c0596daad8db41fc45bb7,delivered,2017-04-10 21:00:21,2017-04-10 21:10:15,2017-04-11 15:50:09,2017-04-20 17:24:34,2017-05-11 00:00:00
00d85bfe0e28c91b69d0fe1f29255a31,3441b9aa98014569ee95cbff82a03abb,delivered,2018-05-09 10:52:37,2018-05-11 03:37:28,2018-05-11 14:00:00,2018-05-16 12:08:33,2018-05-30 00:00:00
5445faac2614aebf5d7b9435b1d71185,28b7628af94d87b54d95f2efb458188d,delivered,2017-08-16 11:02:12,2017-08-16 11:25:14,2017-08-17 18:18:06,2017-08-24 16:27:29,2017-09-12 00:00:00
557a4667291301e8bf807fca57f21d3e,00be672c9d26099d6fd918cf76a4ef67,delivered,2017-08-14 08:35:37,2017-08-14 08:50:15,2017-08-15 20:03:57,2017-08-24 19:10:09,2017-09-08 00:00:00
f1227685cb32bc990c13a7c5df91005b,c9e3c1652de60db58877a8b77775ea4c,delivered,2018-04-26 09:48:57,2018-04-27 03:31:14,2018-04-30 06:21:00,2018-05-09 06:28:27,2018-05-29 00:00:00
fa2f3e66fa5ba473c46b0329d4e5773f,fe5b0bd5dd8f0e4258e49860f41afb30,delivered,2017-09-28 23:47:04,2017-09-30 02:24:46,2017-10-03 17:20:17,2017-10-07 14:55:13,2017-10-23 00:00:00
2fdca5b7401ab483f6f3ef78f46f32f2,adf266ab12f2957c0df3d71579732dec,delivered,2018-06-05 17:40:36,2018-06-07 03:12:31,2018-06-07 13:32:00,2018-06-10 14:37:37,2018-07-12 00:00:00
7fd7278c76aae9bebdb986cfcd977150,60c16eb41f3a799f846a7789e5ff7346,delivered,2018-05-21 01:09:57,2018-05-21 01:37:52,2018-05-24 16:15:00,2018-05-25 16:07:37,2018-05-30 00:00:00
55f4f83d7685e3e84fe9ee9fdc7c953c,8f056c120647ff44d360ba69b0619898,delivered,2018-08-13 08:53:47,2018-08-13 09:05:15,2018-08-13 11:22:00,2018-08-17 17:12:01,2018-08-23 00:00:00
f3c7f31502a61f206c30c674a4ada401,829c1d7ef490598e1c6a463084fd15e2,delivered,2017-05-27 23:35:14,2017-05-28 01:05:14,2017-06-01 13:25:34,2017-06-19 18:58:01,2017-06-09 00:00:00
ff543157c2f72dec558dfc734cfd46f7,d26d89d0d45d511f89d1edcfa7399862,delivered,2018-04-02 15:25:57,2018-04-02 15:35:26,2018-04-03 19:47:49,2018-04-25 18:48:51,2018-04-23 00:00:00
e8df0b08b2d6162f2a109f931d0774b6,9d0d0f4397e1a7210fd1d0bca983843a,unavailable,2017-10-08 11:02:21,2017-10-09 22:35:26,,,2017-11-03 00:00:00
0f38051157b7ad1d4e0b6c5d20de6ae7,af1f25102280108074d2a310ffe4bd1e,delivered,2018-07-31 12:06:37,2018-08-01 02:35:12,2018-08-02 14:54:00,2018-08-06 16:14:38,2018-08-15 00:00:00
509952a95c250007c345b4b929663dc6,9538bc63a8c734af9f456e5e932af9e9,delivered,2017-06-10 13:01:05,2017-06-10 13:15:15,2017-06-19 16:23:06,2017-07-12 20:06:49,2017-07-24 00:00:00
797fd27a25a9103f01971d21853a0b11,7e66fcdb02521fecb4cb2f6b4c41ef7a,delivered,2018-04-05 10:05:44,2018-04-06 03:10:18,2018-04-10 19:08:31,2018-04-14 11:40:51,2018-04-25 00:00:00
e4b054cad5be6beb018f30ae256b1672,2c5cbda7de463d91a3ceaf9ed04f9239,delivered,2018-01-14 18:49:49,2018-01-14 19:31:07,2018-01-16 17:47:10,2018-01-31 16:58:55,2018-02-08 00:00:00
e9b3258a406a55c86715a28bf26c98a0,bf5194ba2c7eaa75eee856b4b61114c0,delivered,2018-03-27 14:16:24,2018-03-27 14:30:20,2018-03-28 23:28:55,2018-04-03 18:31:36,2018-04-09 00:00:00
502b66ddeae1875100eae9074f5d189a,e0d0e51f1bc61b27465dd7c88d25874d,delivered,2017-11-03 21:22:38,2017-11-03 21:35:23,2017-11-16 20:21:36,2017-11-22 20:14:40,2017-11-27 00:00:00
801bda1bc87e8484430a1ad75f51f128,3f0bb4c1fae52dfe92ff27372d2b0d67,unavailable,2017-02-06 10:21:37,2017-02-08 03:05:12,,,2017-03-03 00:00:00
b8b6fc684620d7c82ae7a4435e8d6a90,b2905c0dbb32dce94c26396668a744ee,delivered,2018-03-10 11:47:38,2018-03-10 11:55:33,2018-03-12 21:20:47,2018-04-10 14:03:13,2018-04-10 00:00:00
12589ddcbcb65fc7420d1f32a15d2169,9dcd979236ca7ee761d401e452d75665,delivered,2018-02-16 18:45:53,2018-02-17 18:46:38,2018-02-19 16:57:23,2018-03-08 18:33:28,2018-03-16 00:00:00
8ec29b681fd22a8225b16acff79330a0,7f6e9a3e00f0600dc1a8473fa31c23e3,delivered,2018-07-18 17:13:02,2018-07-20 04:50:19,2018-07-24 14:40:00,2018-07-30 16:04:29,2018-08-14 00:00:00
ac2403ebd2706b3bd5399ac7ef4ea9e7,a40ec3847924d7d49ee652cf8037caa1,delivered,2018-07-15 17:42:46,2018-07-15 17:55:14,2018-07-17 12:15:00,2018-07-23 20:26:31,2018-08-07 00:00:00
dbb320039cf47fdcb45445cfb453689d,59954950b484751adc5d8191bcd1f8ef,delivered,2017-12-08 00:15:46,2017-12-08 00:31:15,2017-12-26 17:18:07,2018-01-03 18:33:50,2018-01-17 00:00:00
f4b85a796ab70afd964c35ac15b29fa4,819cbd55a98fda9364f7241bc8336a14,delivered,2018-08-07 14:56:32,2018-08-08 04:35:15,2018-08-11 07:17:00,2018-08-15 20:48:42,2018-09-04 00:00:00
49f0ab1be4dd7914c9fd7f8b0e7bab69,80cf3943842f6958c9e9f130608988cc,delivered,2018-06-18 19:41:26,2018-06-18 19:57:09,2018-06-20 14:24:00,2018-06-21 21:03:43,2018-06-28 00:00:00
92b16e4bf4524a212222c92e9114f55c,bc418db9d598dfdd2b30fdd33bf541d0,delivered,2017-06-04 01:12:31,2017-06-04 01:25:06,2017-06-06 13:33:17,2017-06-16 17:25:46,2017-06-28 00:00:00
0c1fd2870ed16e1af74abd3df9833cfc,07dc183e2382a6855b6dba9f7b5a66b1,delivered,2018-03-08 09:27:28,2018-03-09 02:15:35,2018-03-14 01:03:25,2018-03-16 19:44:56,2018-03-26 00:00:00
9d8065ae4c6f5725ee052d02ab00f64e,cc6f32c57316a3ecd76524cc0af10794,delivered,2017-03-30 16:36:12,2017-04-04 05:50:26,2017-04-04 14:53:57,2017-04-10 11:00:04,2017-04-27 00:00:00
ef524a601004635e7bd1ec43937e961f,cbf6862136b197affc013850088fbfb9,delivered,2017-10-18 18:20:00,2017-10-18 18:37:22,2017-10-19 21:03:00,2017-10-24 20:12:14,2017-11-07 00:00:00
44c4f29a13457f2c0e36f5520a215609,40f3d39b72c64330683a6cefcd65219e,delivered,2017-12-16 11:27:49,2017-12-19 09:58:29,2017-12-20 22:34:12,2017-12-27 15:04:22,2018-01-16 00:00:00
9b0b732f53d928874444e095071631a9,bb59f210055141397a6926e0a060e48a,delivered,2018-06-20 10:32:50,2018-06-20 11:08:11,2018-06-25 13:31:00,2018-07-02 19:21:36,2018-07-20 00:00:00
33b8a7eafa31cf95e33395293a78808c,90eb057f5f17fce155139fa361d55b23,delivered,2017-09-06 21:47:50,2017-09-06 22:04:16,2017-09-12 20:15:34,2017-09-20 13:21:14,2017-09-29 00:00:00
d982abd090f18bcf182f0a41284696c1,b8c0c423f9e237f36d6def6bbf7c3e33,delivered,2018-08-16 15:28:56,2018-08-16 15:44:00,2018-08-21 13:55:00,2018-08-22 12:31:53,2018-09-05 00:00:00
5eee79207209ec0e102581f289e2a6db,6da5b0e51a41b4d08009f2ff650695b0,delivered,2017-12-19 16:21:01,2017-12-19 17:29:20,2017-12-21 18:18:54,2018-01-13 14:52:46,2018-01-17 00:00:00
ac5222f836286b33e7240030ad79d7c9,0add590abab4b6a32dd267427d4e0fa9,delivered,2017-11-06 21:36:16,2017-11-07 05:31:26,2017-11-08 14:51:14,2017-11-22 20:37:35,2018-01-09 00:00:00
f071b368fba027eb94d3880678104d50,10b6ca8551febff6407d7331aa0c95e8,delivered,2018-02-28 16:17:01,2018-02-28 16:35:33,2018-03-02 01:15:08,2018-03-20 20:48:47,2018-03-22 00:00:00
068d0d74dbf3b124a2b65bb2aad2387a,28c8cd18a3ff842d291c265fd0972698,delivered,2017-08-10 12:36:54,2017-08-12 02:55:52,2017-08-17 20:37:23,2017-08-28 16:56:02,2017-09-01 00:00:00
19f4c2e829ebee01e0d2a9ea2168929d,062299d194a63996946d805c916a21b8,delivered,2017-06-16 21:47:18,2017-06-20 11:05:27,2017-06-22 12:22:48,2017-06-28 13:42:50,2017-07-14 00:00:00
03b2144a8822e91cc05da7907f21ea1f,b99655875e88535e49976ea21cb258a1,delivered,2017-12-17 16:37:32,2017-12-17 17:34:32,2017-12-18 23:03:58,2017-12-22 20:42:08,2018-01-19 00:00:00
0de5dbc9f3226761687d84b54057efba,986e4efa44089b9cafd44fc27ba74244,delivered,2017-08-09 21:09:22,2017-08-09 21:25:14,2017-08-10 18:44:56,2017-08-28 16:57:42,2017-09-25 00:00:00
ce4dab31cebede7c9e9e105a56277fa3,b89af678d41d20552b4eceae653728e6,shipped,2017-11-27 19:51:35,2017-11-27 20:17:25,2017-11-29 21:37:20,,2017-12-27 00:00:00
21e751f0d78afdfe36cb0e8fe45360d8,4f055f9a74696ba8819b212dd584a93c,delivered,2018-04-14 11:03:02,2018-04-16 19:51:50,2018-04-17 22:28:30,2018-04-23 20:32:41,2018-05-14 00:00:00
c1dc9326b9f99f2db29af061a59cbe8d,b7e072aeb3554b56de4934c9da05da1e,delivered,2018-04-04 00:20:09,2018-04-05 02:10:11,2018-04-05 17:37:35,2018-05-05 17:36:27,2018-05-04 00:00:00
8d92a85b0ecdf7d7b3807474390ee2be,d72100dfddbecb3d8a9d74d3e35fd472,delivered,2017-05-16 22:51:01,2017-05-18 02:25:36,2017-05-18 15:24:23,2017-05-22 11:22:37,2017-06-06 00:00:00
47c65e2da8bf586e8d74fd1f0cfe7a68,54322bcbbe4a873c3d349672ad52239c,delivered,2018-04-17 22:21:49,2018-04-17 22:32:14,2018-04-20 01:56:19,2018-04-23 17:03:37,2018-04-30 00:00:00
47526268d1ca9101d88afed0fb430ed3,15c256d6576cae5d8a1e6bc20c3e5cd5,delivered,2018-08-19 18:43:15,2018-08-20 14:32:25,2018-08-29 15:11:00,2018-08-30 15:22:01,2018-09-03 00:00:00
1d28af766063913e28a09606c0ee6fee,c57438c44211c48b6e71a6e50c40ab83,delivered,2018-01-22 18:38:28,2018-01-22 18:57:11,2018-01-24 22:37:01,2018-01-29 13:26:50,2018-02-16 00:00:00
cd4b3eb02a077e4c51607df950c8237b,61847d5cb08c718da12e4085960dc729,delivered,2018-08-18 17:40:35,2018-08-21 04:29:37,2018-08-21 13:59:00,2018-08-24 14:58:28,2018-08-31 00:00:00
27be2d9a863635e6a3c6b616cd179798,1b5aa8ce7a8e7e9f1254a47fca1c69b7,delivered,2018-07-27 14:20:00,2018-07-27 14:35:12,2018-07-30 12:51:00,2018-07-31 16:27:31,2018-08-01 00:00:00
514290e30cb76393d6623ca6d7d79ee0,a26ebecf1eada5cc98c25bfd8b36d71a,delivered,2017-03-12 19:33:03,2017-03-12 19:33:03,2017-03-15 10:01:35,2017-03-21 12:08:37,2017-04-03 00:00:00
3a217ae7bba6a3b59b08a0bf08610b52,bad68e8c4f52ff74e43fc36f3c1e2978,delivered,2018-01-21 10:50:13,2018-01-22 13:46:59,2018-01-24 10:33:15,2018-01-30 22:34:06,2018-02-14 00:00:00
b83c1be0cbe93a1aea7c3a77e4ae37ee,3c77dd4951dba1fe8d9bb591b12abec2,delivered,2017-12-02 20:43:14,2017-12-05 10:30:54,2017-12-04 22:18:55,2017-12-15 15:12:27,2017-12-20 00:00:00
2d78939bfc4d766dcab37fe477841c1a,92c9aea03108d38e89023741442b118e,delivered,2018-05-13 02:01:30,2018-05-13 02:15:07,2018-05-15 13:57:00,2018-05-28 14:27:42,2018-06-06 00:00:00
4d65b53f48c951380c38eb2aadc99138,03377b1b4b82e780549eeea3cac8f25a,delivered,2017-05-01 18:22:33,2017-05-01 18:30:20,2017-05-02 14:15:42,2017-05-11 10:47:42,2017-06-01 00:00:00
d56bf2b8f9b6cdae985b4a4904d98a07,e2ed480f78062552abbe7d7ce1fd9dcf,delivered,2018-03-24 22:02:26,2018-03-24 22:15:24,2018-03-27 01:11:23,2018-03-28 20:14:43,2018-04-06 00:00:00
c105dc345a895fe1dc4c94717b232046,08e91c074733311e5056cda3a7bc53a1,delivered,2018-01-25 18:57:01,2018-01-26 03:16:50,2018-01-26 14:36:18,2018-02-07 19:09:16,2018-02-19 00:00:00
5b5b301c2306435fbdcd698f1c3a5ab0,22053a23a1d965f983d462b3ad3cccba,delivered,2018-04-24 11:23:35,2018-04-25 11:31:29,2018-04-25 13:58:00,2018-05-02 23:42:26,2018-05-30 00:00:00
8a37cae0305cc1e69d6f5d0629719e9a,dba5c5d9224fbc1791410059bcd839c6,delivered,2018-04-11 13:33:04,2018-04-11 13:50:35,2018-04-12 22:08:45,2018-04-18 19:58:42,2018-05-14 00:00:00
83fb83d45702e06d5d5ddbcfd0b8d2a0,25d32598e801258a7a8ade492cf3a836,processing,2018-04-30 19:08:15,2018-05-01 02:36:53,,,2018-06-06 00:00:00
f0f60334ebc0d94a89bfdf1d401308a0,19140d8fdce1418ec14108400b6bdd72,delivered,2018-05-01 10:37:32,2018-05-01 11:17:49,2018-05-02 16:58:00,2018-05-24 14:32:40,2018-05-25 00:00:00
0f934deb4f74bf5bb7a58232d12040dd,87c5e6216d546c37debb656dc3372eb4,delivered,2017-12-07 11:27:00,2017-12-07 14:42:16,2017-12-09 00:27:07,2017-12-18 22:55:00,2018-01-02 00:00:00
3f41fd6ddaad5817115c0d99360ad3e6,decec7e48f3d663f795b78721893f388,delivered,2017-11-23 11:12:16,2017-11-24 03:12:47,2017-12-02 01:58:21,2017-12-11 20:35:56,2017-12-14 00:00:00
6c187850c87a918e0ac628d5ffd4d75a,6b39b1d56b466e46aeb889194235e77d,delivered,2018-04-04 19:51:29,2018-04-04 20:08:43,2018-04-05 19:49:26,2018-04-10 18:07:44,2018-05-02 00:00:00
ffb18bf111fa70edf316eb0390427986,5c8f393ae866c2a2d2e775dbc2409a59,delivered,2017-11-27 13:29:05,2017-11-27 13:39:22,2017-11-28 22:15:05,2017-12-05 18:38:53,2017-12-21 00:00:00
bb23ee96defc419b4137ae66d0c0e44e,31d3659dde39e27a3ad1ffe5335ac5ba,delivered,2017-08-23 16:17:38,2017-08-23 17:34:50,2017-08-30 16:35:13,2017-09-11 21:36:37,2017-10-03 00:00:00
1aee3456393950993d316010ffc4088b,dd4f0fe50c8b7c85ef603903c5e2e383,delivered,2018-01-18 09:26:15,2018-01-18 09:37:27,2018-01-18 19:13:13,2018-02-03 16:35:45,2018-02-16 00:00:00
4370467d3d9de99a4f75e1d8abf9090a,bfeb9df23321749fe2314b8a4925c8a1,delivered,2018-04-13 14:57:24,2018-04-13 15:13:22,2018-04-16 23:52:11,2018-04-23 15:26:25,2018-05-10 00:00:00
5c8ce05c64397c5d1c67ab8ab448ed40,fcc3fb30171d96c085ddc50e5809af46,delivered,2018-06-13 09:29:02,2018-06-13 09:56:23,2018-06-13 15:49:00,2018-06-26 12:12:09,2018-07-20 00:00:00
d75796c30863b988b36022bb5f1b8e16,1094b61df6105474c8fd6bf2e9df164c,delivered,2018-03-17 11:40:05,2018-03-17 11:50:43,2018-03-19 22:36:26,2018-04-16 19:48:43,2018-04-06 00:00:00
7f93c9634dcd85e4d1384f583a74ea58,0be9b4ddd7658cd89af3775f8109da15,delivered,2017-12-05 22:34:56,2017-12-05 22:50:44,2017-12-26 17:17:07,2018-01-03 20:25:24,2018-01-11 00:00:00
d3244b7027fc12dbc070c6994d29ad50,0d7632a160295b6f335a091a24a15cca,delivered,2017-07-09 16:57:55,2017-07-09 17:10:20,2017-07-10 17:29:46,2017-07-19 19:18:34,2017-07-28 00:00:00
d691a7cd6c98cdda10a6861436c2f000,e89521c12ed7a8a782acfd80881f3b3e,delivered,2018-08-09 11:47:07,2018-08-09 14:30:18,2018-08-10 13:55:00,2018-08-23 01:07:48,2018-08-29 00:00:00
decd1adc7d738abad2902c966c3ef697,f8065481b7b66b8eda00febe4e98c61e,delivered,2018-04-18 15:40:53,2018-04-19 15:49:01,2018-04-20 23:16:45,2018-05-01 15:04:50,2018-05-16 00:00:00
a2ccfabd53f695441e4e9412ba9f8c63,e19ec9633dd14e28d7a23a4fcad2a945,delivered,2018-05-03 17:56:34,2018-05-03 18:15:31,2018-05-04 15:29:00,2018-05-08 14:42:18,2018-05-18 00:00:00
0f62234641212cb7b178923f7820d1e1,8229f2587547772e502374973b00ae95,delivered,2018-06-18 10:39:49,2018-06-18 12:18:35,2018-06-18 12:26:00,2018-06-21 19:22:13,2018-07-11 00:00:00
2aaa173ecc917a0e748a8e8ad584534f,66b14b570f80d68efd68d0d0af74447c,delivered,2018-08-05 20:41:55,2018-08-07 04:44:39,2018-08-07 14:32:00,2018-08-10 21:21:01,2018-08-20 00:00:00
0f12cbc174814d0b137bb00d87bea3ee,cafd020d75573a79a7cb037f87b31515,delivered,2017-07-02 12:59:35,2017-07-02 13:10:12,2017-07-04 15:37:33,2017-07-07 18:11:12,2017-07-14 00:00:00
5ec0629d25d2736b943c5607137c5182,024d9375532751f84d5bb83ac936b3f8,delivered,2018-06-23 12:14:03,2018-06-23 12:34:56,2018-06-26 14:13:00,2018-07-02 18:50:59,2018-07-17 00:00:00
ada6146d9553232fb9b561d1e5105b11,77dcfcff30320d1bd63923be4386dd45,delivered,2018-01-18 22:48:55,2018-01-20 09:08:35,2018-01-22 17:58:38,2018-01-23 22:10:34,2018-02-02 00:00:00
9c90fbe071e26ccef32878449010af00,e2c58f1e51bd85bcbd584fa798847e49,delivered,2018-02-09 17:04:45,2018-02-09 18:00:22,2018-02-15 00:22:34,2018-02-28 20:58:44,2018-03-07 00:00:00
3f9da547c613941c5743b7e033c6ad31,3cbc2f75bb5bd1f95dd67b5d1555a399,delivered,2017-08-13 21:11:28,2017-08-13 21:25:14,2017-08-14 20:01:27,2017-08-18 17:42:55,2017-09-01 00:00:00
27a7ac440630f9de788e4d66e72c6424,5679e316d4dc59bd429d5851c36ed6c4,delivered,2017-04-21 21:38:07,2017-04-21 21:50:19,2017-04-25 15:37:33,2017-05-02 14:54:34,2017-05-15 00:00:00
364ea3582bbe134bec58a6e192aa6390,f877c69fd193f8751c04f0fb24bfcdaf,delivered,2018-06-22 10:33:45,2018-06-26 05:37:14,2018-06-26 17:14:00,2018-06-30 11:11:48,2018-07-19 00:00:00
9512251cbae0778ea863f6242d3e5789,fed67945c09986de880e4b3fdd1d3f07,canceled,2017-06-15 17:34:29,2017-06-15 17:45:18,,,2017-07-05 00:00:00
9fe660037a9d47d9497e2b45f902d869,18d11dc3fad6c82dfcec94b649579acb,shipped,2017-11-02 15:28:41,2017-11-04 15:10:30,2017-11-07 21:13:05,,2017-11-24 00:00:00
264838181624ad76b573c373a9862598,43f2176981dddf6c658f92c81be1dc72,delivered,2018-07-21 08:53:38,2018-07-21 09:10:09,2018-07-23 11:26:00,2018-08-09 15:56:28,2018-08-09 00:00:00
17a0d6c98b2dc14bfc378f1ebe19b11b,db55e22111b4944405ed812da9fa96d2,delivered,2018-03-29 19:42:55,2018-03-29 19:55:19,2018-04-02 15:35:05,2018-04-04 02:05:23,2018-04-11 00:00:00
ca376f8f4042e61688af8cfd32d4e80e,b7f5174046bcdba1e99c45d5227ada9e,delivered,2018-03-02 16:35:38,2018-03-02 16:50:31,2018-03-06 18:56:56,2018-03-14 22:44:51,2018-03-29 00:00:00
96f4cc5fae35d1144e51ae9aec601f4b,3f2e4716a82393a3277d0ca84e9392ca,delivered,2017-12-17 20:49:06,2017-12-17 20:57:21,2017-12-18 22:13:44,2017-12-20 18:07:25,2018-01-05 00:00:00
bfad36ec8c862bac39b68d9490a76052,3aea78863339fe213efa7be1ed4299e2,delivered,2018-02-06 14:01:43,2018-02-07 13:55:39,2018-02-07 22:48:36,2018-03-01 23:08:45,2018-03-09 00:00:00
45da19cff07c4148ba32b1a6bb8d87c1,db704f7d5f899dac38fc1465f266694e,delivered,2018-05-03 21:20:51,2018-05-05 02:15:22,2018-05-09 12:03:00,2018-05-17 18:38:42,2018-06-06 00:00:00
93f5bba371d2fc9de34cea400e4f05ec,5415e7754e47d4252917df22db44f1f7,delivered,2017-10-16 15:29:03,2017-10-17 04:14:59,2017-10-23 16:38:14,2017-10-25 21:07:36,2017-10-26 00:00:00
2f5124f516a7f5e4095ef4325d67c511,2d2259e2fbd96d9aae631389a1d22cf6,unavailable,2017-12-19 20:36:22,2017-12-21 02:12:11,,,2018-01-16 00:00:00
3d062cd73698941c34fd1917e8f39482,ba5cdde41a363eb9644384100a76383c,delivered,2018-02-13 19:29:31,2018-02-13 20:07:32,2018-03-07 14:44:27,2018-03-07 23:38:59,2018-03-08 00:00:00
4e9326cf30a794635ef805fca2801aaf,4d1bb864d2216b84ec6b54fdfa3694fa,delivered,2018-01-03 12:14:49,2018-01-03 12:26:52,2018-01-05 17:17:44,2018-01-17 17:34:48,2018-02-01 00:00:00
e77e25ad4185ce8fba142eafcd1442da,33a4d61b0f6957f323a1eb332b0af535,delivered,2017-12-10 18:59:31,2017-12-10 19:10:10,2017-12-12 22:33:28,2018-01-17 20:53:14,2018-01-11 00:00:00
01490a4bdacbafe6de009b317a0c8bf6,f9dfd7942a2d7f1588b7638a9bdc8ff1,delivered,2018-06-12 13:46:53,2018-06-12 14:04:57,2018-06-13 16:28:00,2018-06-21 23:38:52,2018-07-12 00:00:00
e9097b40952a79c27bb515bbfd4d488f,39416978729e589e3483e49937aab4e3,delivered,2017-10-01 18:21:38,2017-10-01 18:35:23,2017-10-09 18:35:14,2017-10-16 19:48:36,2017-10-31 00:00:00
7ae184e266d3d177c278f71f228b5ec6,670e4a4f769d3645007a5ece3e9a7c2a,delivered,2018-02-23 22:43:33,2018-02-23 22:55:23,2018-02-27 00:49:08,2018-03-22 18:32:48,2018-03-22 00:00:00
3908d6bd42f21f56dd7cabf2797b5b0d,f5fdd55b3554912a678918dac3f16dc5,shipped,2018-07-22 23:45:00,2018-07-23 12:31:35,2018-07-24 11:02:00,,2018-08-09 00:00:00
e372925efa5e2bebc75122fe5ecf11ab,6ef9293859bc2196ec83b03fc2d54249,shipped,2017-11-15 14:05:12,2017-11-15 14:15:54,2017-11-17 21:16:55,,2017-11-30 00:00:00
b9e191cae053d808e4c2573a0a241dab,d20bb6bc2efe556cf5222d6b177cbbb4,delivered,2017-12-13 00:05:32,2017-12-13 00:17:23,2017-12-13 23:35:36,2018-01-11 14:40:15,2018-01-09 00:00:00
94e43121a0232434f1ee7c1888f2cce5,340fcfd738e48095daf5a9afec990096,delivered,2017-02-28 17:39:47,2017-02-28 19:20:28,2017-03-01 15:07:57,2017-03-13 07:06:42,2017-04-04 00:00:00
d0848e46e16c282e0590623021ba6940,5b4489210a3c398e04cae27e1179bf3f,delivered,2018-06-19 17:38:32,2018-06-19 18:04:19,2018-06-20 14:44:00,2018-06-25 18:36:38,2018-07-12 00:00:00
efd2e87c44bebee6e88c8677e9e94448,8ff8fae111c2721dcbbeb6aa5ae9dd1c,delivered,2018-04-14 12:04:50,2018-04-14 12:15:13,2018-04-24 02:08:32,2018-04-27 20:03:25,2018-05-11 00:00:00
334c65aeb7365a6d5acee2e43ab3b2d2,9b208d7e04cbcce3ee8db0e48376ba02,delivered,2018-05-15 14:03:08,2018-05-15 14:35:43,2018-05-16 13:54:00,2018-05-21 17:18:54,2018-06-04 00:00:00
eb3042b24ee09562fc9367cd1c24947c,c84260b7f095d358bf8725ea674e334b,delivered,2018-02-07 15:15:13,2018-02-07 15:30:09,2018-02-08 17:44:12,2018-02-21 16:11:57,2018-03-14 00:00:00
79617f3124fcf7a760316d99421bd30f,20c75fffe6b40dbb0972b96951be2c4a,processing,2018-01-11 11:45:10,2018-01-13 04:55:06,,,2018-02-06 00:00:00
d5b46fd2be0ba3bf45e214644d17a97e,b5ea26f9ab823a7c6ce7f684dce02b48,delivered,2018-03-19 09:44:19,2018-03-20 03:28:38,2018-03-21 19:56:21,2018-03-22 22:08:58,2018-03-29 00:00:00
59754064fe4ffec6c0149904a6573d81,79a56011969e883c937c20c880433c52,delivered,2017-07-25 23:20:06,2017-07-25 23:30:15,2017-07-26 19:06:13,2017-08-05 15:54:34,2017-08-24 00:00:00
b13a02b747c3ea81a898b68bdd345367,6036812b0a8c3ad5b28b0036920ab102,delivered,2018-01-18 12:24:46,2018-01-18 12:37:31,2018-01-19 18:07:00,2018-01-29 22:13:51,2018-02-09 00:00:00
637789b606a0ef62ab4c16dbeac12324,b845e05f89bce49c4cbe5377b63e9e86,delivered,2018-02-27 15:23:08,2018-02-27 15:35:40,2018-03-01 18:18:34,2018-03-07 22:53:07,2018-03-20 00:00:00
773d4900b39c0f2c4987028481b98b34,988f1b1b4d7922adb1b70297950c5da3,delivered,2018-03-04 13:46:32,2018-03-06 03:35:31,2018-03-09 15:22:20,2018-03-12 20:57:25,2018-03-19 00:00:00
c387679d4cea1d6f624cec1542b9d359,76a1b8441dfc958f668898b0825fd102,delivered,2017-05-25 20:02:05,2017-05-27 03:02:42,2017-05-29 11:06:53,2017-06-05 12:23:39,2017-06-14 00:00:00
39a2adce13ad153c1153a05130f65727,c0a56dec29214ca8e10a81ae440b6c5a,delivered,2017-10-13 19:10:58,2017-10-14 19:26:03,2017-10-17 20:22:42,2017-10-23 22:16:52,2017-11-06 00:00:00
588c0e3b460d83b9cd8a270edc0f4da0,6c8a03b35eb1de3c0012232b0ff0522d,delivered,2017-11-07 12:44:04,2017-11-08 13:55:55,2017-11-13 14:24:35,2017-12-08 17:44:54,2017-12-05 00:00:00
9cd2736eb96c50673ad7bb77faacf085,2b9aee680f290817677da223b212f7df,delivered,2018-01-30 21:34:22,2018-01-30 21:53:42,2018-02-03 14:45:00,2018-02-15 14:19:25,2018-03-01 00:00:00
bcf2e0138ecf66a8688ab369b802d57a,a6a4a92ed2dfb40d31282925d93feebd,delivered,2017-09-19 01:02:44,2017-09-19 01:10:20,2017-09-19 16:47:01,2017-09-20 17:21:48,2017-09-29 00:00:00
2ee7854c6d1ee4b64e27764b46dc99ca,5d3c9530c128a383ad3335377d9654e1,delivered,2017-09-14 12:37:20,2017-09-14 12:50:15,2017-09-15 19:53:34,2017-09-19 13:38:40,2017-09-26 00:00:00
b1c3ca267130eac320fb60d3340f528a,0f8291de5ba3ebaf8fab41277da00105,delivered,2017-10-03 22:57:09,2017-10-05 02:49:38,2017-10-05 20:44:59,2017-10-15 15:58:33,2017-11-06 00:00:00
9a79820753183f9ae199a37da007e914,5248c29eeab9341e2a39a0ef656147c6,delivered,2018-02-01 14:02:18,2018-02-01 14:15:37,2018-02-02 16:44:36,2018-02-07 20:34:53,2018-02-23 00:00:00
b9942ad6dac0292bceb320c89a3c9736,bfe5554fa64e090da51911511e22c72a,delivered,2017-08-08 11:00:35,2017-08-09 02:55:44,2017-08-10 17:42:12,2017-08-23 17:52:58,2017-09-01 00:00:00
26a887fe1515ba3501b5154e443ca899,ecfb9ec7bad30c391472451deed6aa92,delivered,2017-05-29 19:02:29,2017-05-29 19:15:14,2017-06-01 13:49:44,2017-06-05 14:21:20,2017-06-23 00:00:00
ba242a1dd9c9df31f97af85c25e0e1bf,e01fb276effc1ae50c020ac93fd19a1e,delivered,2017-12-23 19:54:50,2017-12-27 04:12:12,2017-12-28 18:33:03,2017-12-29 19:37:59,2018-01-15 00:00:00
e58f710ed41fb682576f68826c0589b9,fb9efbf986947049d3a3ffcc70708be3,delivered,2017-05-29 20:57:56,2017-05-29 21:05:20,2017-06-05 14:57:52,2017-06-16 14:35:32,2017-06-28 00:00:00
62bc181a6d897eba7057bb531ea5f094,a6cffa6427f72b2d368aa897c18e54a2,delivered,2017-09-22 10:06:29,2017-09-22 10:27:27,2017-09-27 15:38:14,2017-10-02 18:16:34,2017-10-23 00:00:00
496b982d1f2a1315fcbf81ae2fed02a4,db2cf3b3feeca251d6c3c93bf5f1b75a,delivered,2017-05-24 23:04:51,2017-05-24 23:15:17,2017-05-26 12:39:14,2017-06-06 15:56:49,2017-06-22 00:00:00
579332417ec95ade5b2e5ebe06de5d2d,616fffdb091c791e3b001da68172eb2c,delivered,2018-05-16 17:15:00,2018-05-16 17:38:16,2018-05-18 19:00:00,2018-06-04 21:21:47,2018-06-08 00:00:00
82d62e8dbebf85af5c2873e07fe0721e,2af98151e0af3bd04148413da9c0ef49,delivered,2017-03-31 21:31:53,2017-03-31 21:45:48,2017-04-05 12:48:33,2017-04-19 12:58:24,2017-05-02 00:00:00
54536bfd6c2b325ae1b6c94e14aef912,6e1eb8154497fcc665361b32a29a3bf0,delivered,2018-06-27 11:41:13,2018-06-29 02:35:16,2018-06-29 12:29:00,2018-07-07 12:54:45,2018-08-06 00:00:00
a944939844cbf212ca7f7a3eb4a8d5ed,a46a5e0168922d626417fa64c64fc751,delivered,2017-05-31 22:39:22,2017-05-31 22:50:18,2017-06-02 11:22:48,2017-06-05 17:07:27,2017-06-13 00:00:00
529c56bdb881d790cc51c6eea4f7b004,9c964fe94972e8d6ee8498dd08d47b09,delivered,2017-01-24 22:38:56,2017-01-24 22:50:17,2017-01-26 05:51:31,2017-02-11 05:58:00,2017-03-13 00:00:00
b8f7f9df1e5bf679e78dbf66146a39e3,f9025103c99f5cce0da8705a6d5b548a,delivered,2017-12-07 17:12:06,2017-12-08 02:54:12,2017-12-11 21:38:42,2017-12-19 17:34:30,2018-01-11 00:00:00
f0670859ef34f8878debeb534fdcd855,951034aede95c25c0108682c6253fdfa,delivered,2017-05-20 11:33:36,2017-05-20 11:42:44,2017-05-22 08:03:52,2017-05-31 10:23:44,2017-06-27 00:00:00
b540d328af5b078f6c8aebac46ae606b,de76e6d1ae61d169d594df213610559a,delivered,2017-11-06 09:07:42,2017-11-07 07:30:48,2017-11-07 22:16:53,2017-11-10 18:09:29,2017-11-17 00:00:00
123e27a1a4d0b2481d8618ac3dff7d4e,1fe4c3902c5bd6510a869b3d4fd3843b,canceled,2016-10-08 12:44:32,2016-10-18 15:19:08,,,2016-11-18 00:00:00
213b90d88023016a64a20f6f19d2aac7,438494eb27072923f90611c1a83f9a41,delivered,2018-01-18 19:47:51,2018-01-18 19:55:22,2018-01-24 00:51:59,2018-01-28 16:35:41,2018-02-02 00:00:00
9cd721f408e8bf94b981ebe34f7007c4,61982aa3edd7c23a3855ec6dd5c21905,delivered,2018-07-26 08:38:51,2018-07-27 08:30:50,2018-07-27 12:06:00,2018-08-01 16:32:19,2018-08-17 00:00:00
eb2e026bae01f340ff4c0cc9aad6aecd,c69ae1f41ba74509e754afb5b49fb29d,delivered,2017-07-06 14:49:01,2017-07-08 03:25:50,2017-07-11 11:56:40,2017-07-18 16:14:59,2017-08-01 00:00:00
50d00c9680bdca4f471658f02ca144c3,87a588f4d6a77083c035a56a392b1f56,delivered,2017-08-06 20:13:47,2017-08-06 20:30:13,2017-08-10 18:42:19,2017-08-14 19:53:33,2017-08-25 00:00:00
dfaca8a85d5a1ef947b32f44dc3817bd,68d6e716c2094764c7c6c283ef692fa8,delivered,2017-11-08 16:15:42,2017-11-08 16:30:49,2017-11-09 21:08:43,2017-11-24 13:11:36,2017-12-08 00:00:00
3e92efabf5eaa46e4ab7f20a10864785,4562a2d3bf681fef8f12d7c1c77a416d,delivered,2017-04-14 15:39:25,2017-04-14 15:50:14,2017-04-17 12:23:58,2017-04-21 11:19:10,2017-05-08 00:00:00
3010db5aa9feaeb7bf56382abccca96f,19bef044a4c1e074fa68239f24447a27,delivered,2018-04-19 00:15:51,2018-04-19 00:31:49,2018-04-19 19:20:44,2018-04-25 18:22:08,2018-05-14 00:00:00
3deb7346dbaa00ea4431f0d97a6ce758,999f59eaca9c30c13c324422172ee5a8,delivered,2017-06-09 22:48:58,2017-06-09 23:15:11,2017-06-14 10:42:34,2017-06-23 10:59:34,2017-06-23 00:00:00
8899770c263136aaa6768f75189d996a,33a8d776edab4135ca1a5f9b48f499ed,delivered,2018-03-19 19:33:30,2018-03-20 00:35:25,2018-03-23 19:46:48,2018-03-24 19:37:47,2018-03-29 00:00:00
dcbca116084725bc77c3e8b6480c4d82,56a5e4fa7055699b07bde561183ea999,delivered,2017-08-22 17:12:58,2017-08-22 17:32:17,2017-08-23 17:05:01,2017-08-24 21:05:22,2017-09-18 00:00:00
219170fb08f8e9140c121645abb11cd0,d376e6706fefb872f640b60550d25323,delivered,2017-05-08 09:18:07,2017-05-08 09:30:17,2017-05-09 12:09:57,2017-05-12 07:12:14,2017-05-31 00:00:00
0e0170b61d0a01970751c69f238a4dc2,b879348d650661f4d92cd4f204985945,delivered,2018-08-07 15:58:39,2018-08-07 16:10:23,2018-08-10 14:58:00,2018-08-16 21:41:35,2018-08-10 00:00:00
204d4d908a640f0b6f4f0d306dc97fab,9b2599fbc978e2b119aa13afd44211ed,delivered,2017-07-14 20:06:12,2017-07-14 20:15:19,2017-07-18 14:02:49,2017-07-21 22:07:35,2017-08-07 00:00:00
40f8df5351ca042862168f31bd853103,b008592aaf5565d7b24c16d319c278a7,delivered,2018-03-07 21:31:17,2018-03-08 14:08:22,2018-03-12 20:32:12,2018-03-22 14:44:47,2018-04-06 00:00:00
03202c9906e9d1140a8ac3e15f4492e8,50ac016f147656d8992cef865b69b257,delivered,2018-08-04 10:52:50,2018-08-07 04:44:41,2018-08-07 15:56:00,2018-08-09 14:52:19,2018-08-13 00:00:00
e35cd7f16895b57bcfa47358049adb16,b9223d6492555dae908f216435580a9e,delivered,2017-09-05 21:05:36,2017-09-07 10:37:29,2017-09-11 20:18:41,2017-09-20 18:32:02,2017-09-28 00:00:00
1e7e9d16382d754d9c40321ee0b78634,1192e459b7704058b8f86356c4a332a2,delivered,2017-11-14 03:22:33,2017-11-14 03:35:21,2017-11-16 19:32:10,2017-11-21 13:21:57,2017-12-04 00:00:00
724074e91e873f7bba4b3548c59e5f92,e8255a31f2ce6fc4e82b8360a8c919ee,delivered,2018-08-23 09:51:32,2018-08-24 09:45:19,2018-08-24 14:56:00,2018-08-27 23:03:58,2018-08-31 00:00:00
04d49c33fa60bbc46ab8514d0811d0e3,9176004cfff177c805ac4a76bef471f4,delivered,2018-05-03 17:28:08,2018-05-03 17:54:12,2018-05-08 13:52:00,2018-05-17 18:36:43,2018-06-06 00:00:00
f01ca5a374b654889d516741b4a39dcf,bab736fca197c16d48f8720536c8024d,delivered,2017-11-24 01:38:28,2017-11-24 01:50:43,2017-11-25 12:28:53,2017-12-05 22:12:47,2017-12-14 00:00:00
20a518e7fbb9f9dd62b7ff6016f28d10,924cfd87cd6e193de6f0f8ea64d3c78c,delivered,2017-09-02 08:30:14,2017-09-05 04:15:30,2017-09-06 13:17:03,2017-09-12 18:12:55,2017-09-25 00:00:00
c679d7c1b3724f6bafd104526934a932,8b39f67a1a2670341656024a1b0a5d55,delivered,2018-08-06 20:48:01,2018-08-06 21:05:09,2018-08-10 13:11:00,2018-08-13 15:28:45,2018-08-09 00:00:00
efe5bb701ff507ffa4736a7c07be50d2,243a74d750e4a5b7cc57b953746cdfd0,delivered,2017-03-22 12:27:15,2017-03-22 12:27:15,2017-03-23 09:32:27,2017-04-07 18:52:42,2017-04-24 00:00:00
d885635e019669c17658a0f898cf7dd6,5476109112a6909ea3fcce7c37cb2e37,delivered,2017-11-16 23:39:03,2017-11-16 23:50:44,2017-11-17 14:32:13,2017-11-20 22:22:59,2017-11-29 00:00:00
7994bcffb9f5d5a702c9fc4f08cca8a9,c8f53bd76eb27e03f19ddf4681646c29,delivered,2017-06-12 09:46:56,2017-06-12 09:55:21,2017-06-12 13:48:26,2017-06-14 09:06:02,2017-06-26 00:00:00
60d98124c3228470422ecadff6550e3c,98a1a1e41310f70974831b79bf01e4e6,delivered,2017-12-31 21:10:02,2017-12-31 21:26:47,2018-01-02 15:08:20,2018-01-05 18:51:54,2018-01-18 00:00:00
38793c3d7ddaedf4e05f8fe9ce42ccf6,1db9b4524b0798a3ee902d3bcbe087fd,delivered,2018-08-01 15:54:56,2018-08-02 15:50:20,2018-08-03 14:46:00,2018-08-13 13:06:25,2018-08-29 00:00:00
3821374c4cfea859896f8a3d6f2b7a5a,4960d46eadbcd842a602b726ed33d85c,invoiced,2018-04-16 20:25:22,2018-04-16 20:51:42,,,2018-05-17 00:00:00
34e7cd696a9d01f8a95731b8d4508ef2,c8276c7dea2e79481adcd0bb48873ec9,delivered,2018-02-20 11:43:20,2018-02-20 11:50:43,2018-02-20 22:17:06,2018-03-05 18:08:31,2018-03-21 00:00:00
1ffb9dc91fdfd3d86671c5dc2a94dab1,b710fefc4bde32cf4e439ecb01c0745b,delivered,2017-05-08 22:15:34,2017-05-08 22:25:15,2017-05-09 15:28:28,2017-05-24 23:27:35,2017-06-08 00:00:00
d3d00f8dbea1b9d5ef529fbf674c9a58,29a5c63da0bab501e5166734eb7cdf4c,delivered,2018-04-30 21:00:40,2018-05-01 03:15:44,2018-05-02 14:47:00,2018-05-07 14:12:06,2018-05-21 00:00:00
93c7ec2b9638f73ddcaefac525f4d7b6,0a6f43d2b03473a5c59ba520a15eb44c,delivered,2018-03-02 16:12:12,2018-03-02 16:31:37,2018-03-08 19:48:29,2018-04-14 12:38:29,2018-03-22 00:00:00
e3406c9214774d66295ee5aa96724ef6,298bca5aff2d6407e8f6f356da8f4353,delivered,2018-07-27 16:08:21,2018-07-30 19:31:38,2018-07-31 12:57:00,2018-08-07 15:43:48,2018-08-16 00:00:00
7053640a1ecbbfb050910ab2ea8b2183,e9551525103a8ece4e698e666dba69c8,delivered,2017-08-28 22:59:06,2017-08-28 23:10:14,2017-08-29 18:43:13,2017-09-13 19:43:40,2017-09-28 00:00:00
e6f1079796c9aa6e372d9c759310b5c2,1c1d5c08e6bb5c421cca6e2639ea456d,delivered,2017-10-02 17:49:59,2017-10-03 17:56:21,2017-10-04 19:56:06,2017-10-11 17:36:03,2017-11-06 00:00:00
9d302458a5c2070516051da353068870,5f1aac4e61d63509a4994df19bab1ebc,delivered,2018-08-19 11:06:44,2018-08-20 11:31:38,2018-08-21 12:26:00,2018-08-28 16:48:24,2018-09-06 00:00:00
e680246ff33f65fe221f0e11128a4778,f280548eca7d2b0ef9da3fc572df42ce,delivered,2018-07-24 12:47:14,2018-07-24 13:24:50,2018-07-25 14:25:00,2018-07-30 21:04:18,2018-08-10 00:00:00
264e91053cd726b067922356be6fd618,19ac278967f42fe0240c4823824594aa,delivered,2017-08-03 18:25:30,2017-08-03 18:43:36,2017-08-07 16:40:20,2017-08-21 20:46:47,2017-08-31 00:00:00
d214b4670d22fbbbce0677ce7e2645ed,a90c43658051589ad5e37955a0c2a681,delivered,2017-11-04 12:44:42,2017-11-04 12:56:21,2017-11-06 22:41:47,2017-11-13 22:28:53,2017-11-24 00:00:00
9436cfaa861428f70a41ac0a7e91d752,4e5e4764ac759e7ff338f5908eadae5f,delivered,2018-05-15 14:36:55,2018-05-15 14:55:26,2018-05-17 13:52:00,2018-05-18 13:25:35,2018-05-25 00:00:00
c5f2970caae1ee84ffc4c7eeca287fbf,2a112bd8db579bc98cc8831e6c97acbd,delivered,2018-08-13 23:26:41,2018-08-13 23:35:14,2018-08-14 14:42:00,2018-08-21 21:24:44,2018-08-27 00:00:00
8bf6956999b0861c3191773f28806f40,5b5a8855830a3f6bf125706aad389a44,delivered,2018-05-03 11:08:27,2018-05-04 04:11:39,2018-05-09 15:48:00,2018-05-15 15:34:50,2018-05-25 00:00:00
04a0e5cbdfc606ebca72c5b78caf81fe,f1a688a441fc43cba0c3a2af6ae3bdf6,delivered,2018-01-21 15:05:27,2018-01-23 03:52:57,2018-01-23 21:26:25,2018-01-31 00:33:15,2018-02-14 00:00:00
09dda1ced4a7c14c742c7f2678c36641,f5c0508d514341f2b2f4d2820f9aae88,delivered,2017-08-12 11:02:56,2017-08-12 13:23:20,2017-08-15 18:42:27,2017-09-01 17:34:44,2017-09-14 00:00:00
324a951e8ca7c94fc8aef5cde703441a,c51f405288b3495a09849d62a83e5cf9,delivered,2018-02-18 18:57:37,2018-02-18 20:32:44,2018-02-21 19:58:40,2018-03-15 17:38:39,2018-03-21 00:00:00
81447152169fce271e12a471d7a38269,71fe216d275d8c767aee76cda3b5a04e,delivered,2017-06-27 17:08:57,2017-06-28 02:30:14,2017-06-28 13:47:49,2017-07-03 11:32:45,2017-07-19 00:00:00
7c7a7c7d1fa3b3c8f867224389d3d8bd,6ae6a02cb961932c6c3b32f1d03612d2,delivered,2017-07-20 11:28:26,2017-07-20 11:43:43,2017-07-21 18:44:53,2017-07-24 17:44:48,2017-08-02 00:00:00
85b1e09d7a230790544ffb86902bf77b,10c23e73ba4e0d1dba0fcb959305ecf2,delivered,2018-06-05 11:35:51,2018-06-05 14:31:34,2018-06-05 14:25:00,2018-06-06 13:46:01,2018-07-19 00:00:00
351c9272da4d3af9d74d3b30ee84cdde,d398ba7b07e152f0a90538e6c0a9be96,delivered,2018-02-17 12:47:04,2018-02-17 13:06:39,2018-02-21 21:04:22,2018-02-28 22:23:37,2018-03-14 00:00:00
c56ae3a36b8942fb185a2c02c46fba20,762de17a4530e0d81d11141138505c4a,delivered,2017-05-11 22:09:26,2017-05-11 22:22:35,2017-05-15 11:42:05,2017-05-19 11:21:20,2017-06-08 00:00:00
75cc0defdf90cda65066ce0ac171e2ab,50dfde165a2543d1410257c2593f5843,delivered,2017-10-08 16:49:21,2017-10-08 16:56:27,2017-10-09 20:28:10,2017-10-14 15:43:39,2017-11-06 00:00:00
41b0c346ca595e5a94067d231e4106af,1f3cf47ae4ff41e66b69ed15d8807e77,delivered,2018-04-14 10:35:21,2018-04-14 10:50:56,2018-04-16 17:08:57,2018-04-27 17:54:50,2018-05-14 00:00:00
21196c30747231d579091396af990f0e,af0b8113382552fc46061dd3a2e1c186,delivered,2018-03-17 09:25:36,2018-03-17 09:35:21,2018-03-19 23:51:34,2018-05-15 18:23:50,2018-04-10 00:00:00
9725871b2a067d972355980be11e7d1d,10485a34b74fc55cb3502f137335a9f0,delivered,2017-10-18 17:23:28,2017-10-18 17:37:11,2017-10-19 18:48:28,2017-10-24 17:13:48,2017-10-30 00:00:00
862492c97a277f223e8cb4d665d80c0a,3620f09ca2a6965b41b067de5a1d6ce3,delivered,2017-10-15 23:13:26,2017-10-17 03:46:09,2017-10-23 18:37:34,2017-10-27 20:30:00,2017-11-01 00:00:00
f94a0462cf50552772e515493550bc4e,6d57ec6cb7ed54490d99bf28d64aca94,delivered,2018-02-19 13:04:45,2018-02-19 13:26:38,2018-02-20 18:39:04,2018-02-21 20:33:26,2018-03-05 00:00:00
2260cb2dc43ff44ab9b095424034c741,04d5cb41e92cebd0f1051d38c10f5ec4,delivered,2018-03-19 12:02:43,2018-03-19 12:10:37,2018-03-20 22:42:00,2018-03-21 15:05:11,2018-03-29 00:00:00
abdc23d84a4a4a01070f271f0c2917c0,356c9b7649ebd5cabf095172e8801a57,delivered,2017-04-04 05:57:10,2017-04-04 06:15:34,2017-04-04 15:59:46,2017-04-13 12:08:45,2017-04-25 00:00:00
8b62c0757b9c458179c29c2ea24c7886,f9985b23d4ca672f9b3086de24187772,delivered,2017-11-06 23:21:22,2017-11-08 15:10:35,2017-11-09 16:11:47,2017-11-22 20:51:24,2017-12-04 00:00:00
a8efe989c98ee6abeb71302e009de4e1,65885bec34b119129adba2ed3f4ea68c,delivered,2017-09-05 14:56:58,2017-09-07 02:44:07,2017-09-13 17:06:40,2017-09-14 20:05:01,2017-09-18 00:00:00
d7d3b787cc498b66c8bdbade64d9fa98,351123eeaba93a8a1d45b42c188d6eee,delivered,2018-03-01 17:16:50,2018-03-03 02:50:50,2018-03-05 22:28:29,2018-03-07 18:06:00,2018-03-14 00:00:00
d7299ed1ce267fef299fca83511a0e17,ad57616784916759b6c24f3e5305bbf0,delivered,2018-03-07 09:49:04,2018-03-07 14:29:51,2018-03-08 19:56:22,2018-03-31 16:18:39,2018-03-29 00:00:00
912806f58b85a8b3b9a57757227c9a36,d76831a8621f75ed2c625ebf14d32f4a,delivered,2017-12-20 16:44:00,2017-12-20 16:52:30,2017-12-22 23:05:57,2018-02-01 14:15:31,2018-01-23 00:00:00
f040040c63fb4164125917af2fa6d4b4,7c6f85d218c8e1b11d5850ab745c18ad,delivered,2018-08-06 18:48:35,2018-08-06 19:04:31,2018-08-07 12:43:00,2018-08-11 13:04:41,2018-08-24 00:00:00
59cbe1b4d431c65474bfcd53c3a3b227,1e12cab34d9cf45bc63eeba696c4ee3c,delivered,2018-07-22 17:37:38,2018-07-23 12:31:50,2018-07-23 14:46:00,2018-07-24 19:11:49,2018-08-02 00:00:00
05bb540accb9a3fc966280b894023c9c,5e223ba2e969f6c316d104a99db67a71,delivered,2017-07-06 21:13:00,2017-07-07 02:50:52,2017-07-11 13:49:34,2017-07-13 20:41:17,2017-08-02 00:00:00
474c0bedc28c30c7568c589c047b75bb,00aee581138f207eb71f58811aae25d1,delivered,2018-04-15 20:27:53,2018-04-15 20:51:29,2018-04-16 22:45:29,2018-04-17 22:42:35,2018-04-26 00:00:00
a1992473cf823780a4ce2235249ada82,73b498b492637e3ff6343c2c63bb5dd8,delivered,2018-05-21 08:00:14,2018-05-21 08:17:59,2018-06-06 15:16:00,2018-06-08 22:52:06,2018-06-22 00:00:00
fa26763c58fa3379d19525e7381fbdff,6414161f0e2343acc074959dad08b373,delivered,2018-01-08 23:33:12,2018-01-08 23:47:32,2018-01-10 18:18:39,2018-01-15 17:48:50,2018-02-01 00:00:00
cd919470d4038db47af0ae7904777f68,520552b6d92c9877460cf4d6d15a5cfb,delivered,2018-07-05 16:05:10,2018-07-05 16:35:53,2018-07-06 11:01:00,2018-07-12 20:51:11,2018-07-31 00:00:00
0a90490b9aa5527b4f3497a6f3c725ee,e1d80b4400ee81764ffd2bb6344cbe99,delivered,2018-05-12 20:02:29,2018-05-12 20:10:25,2018-05-14 15:45:00,2018-05-23 13:14:36,2018-06-07 00:00:00
ac58bda50dfac642d4f72dbf95a1c179,dadfaecf6c09eda0dcbe4e61de02f4fe,delivered,2017-09-17 22:57:10,2017-09-17 23:07:17,2017-09-19 13:33:27,2017-09-26 20:32:51,2017-10-19 00:00:00
e5ec17b950e2ca6379aaee6905115d3a,ebfb52120d564ecc1fd3fb67e810af7a,delivered,2017-12-19 15:12:09,2017-12-19 15:54:30,2017-12-22 19:51:49,2017-12-26 22:10:35,2018-01-08 00:00:00
a48b334c5fecb11f072a3a98ae5d200f,a37642199abe998aeba2601b3f261e33,delivered,2017-12-28 11:05:22,2017-12-28 11:13:23,2017-12-28 21:13:59,2018-01-11 00:24:17,2018-01-24 00:00:00
62b4063077164817444ed917010c5c16,5eb5291405a282b505795bf56d385a16,delivered,2018-08-07 22:58:06,2018-08-07 23:10:17,2018-08-08 11:06:00,2018-08-09 17:59:43,2018-08-10 00:00:00
1be5aa7ace982878dd1d68b4ed258127,3fee04b174cda902c48f94ac50b0d0a3,delivered,2017-02-01 09:54:31,2017-02-01 10:01:16,2017-02-01 11:09:06,2017-02-06 15:35:18,2017-03-02 00:00:00
9706023383737a509d67fdd3eaf88e54,8bb7adfbcfbc35d2577ced908736ddca,delivered,2017-10-02 17:00:34,2017-10-02 17:14:14,2017-10-04 18:23:45,2017-10-10 19:42:05,2017-10-27 00:00:00
8e36e939fc7a7d7c54d2dfec4e37190c,6b4f1c5c5062bd50fac7197ae3a2a0dd,delivered,2017-03-01 13:36:02,2017-03-02 03:55:23,2017-03-03 11:54:02,2017-03-13 12:09:12,2017-03-24 00:00:00
d94353ea4014f1fc7b6eaadcc9c90fe7,d499816665f38ec594f2b11a3d732079,delivered,2018-01-30 15:13:25,2018-01-30 15:33:30,2018-01-31 17:54:38,2018-02-05 18:42:58,2018-03-01 00:00:00
c604ad5f1e0d0bcf9977cf46d1d72303,b7d2c0ccf5e66c2d1c496d6a8250eae4,delivered,2017-08-10 11:16:22,2017-08-10 11:30:20,2017-08-11 16:34:10,2017-08-17 18:42:45,2017-09-01 00:00:00
b887a2e34410f9ca015c231938fc3842,506052018fa9bf009ce9c65357ae07c8,delivered,2018-06-10 18:01:28,2018-06-10 19:38:01,2018-06-15 13:46:00,2018-06-19 19:58:35,2018-07-17 00:00:00
2cfc25c768542047dde9549da3f65fa8,e621c805f6e84be0117cc09ee0187667,delivered,2018-01-08 16:54:27,2018-01-08 17:06:28,2018-01-11 00:35:48,2018-01-17 17:33:58,2018-02-06 00:00:00
58e8270bb23a598a7a351d4fc3a211a4,ff3fe3b5d1013960feb8306734a10ee0,delivered,2017-08-27 18:08:20,2017-08-27 18:24:34,2017-08-29 19:10:51,2017-09-06 18:55:04,2017-09-14 00:00:00
374fd048ff590c1059eb5d4fe2d892b4,51114600137b7c46ab0384b834206dd1,delivered,2018-07-13 03:06:42,2018-07-13 03:15:12,2018-07-24 16:07:00,2018-07-27 19:31:49,2018-08-07 00:00:00
7ff1a09b20dab40c3d68630eb3b56a22,e731ba7b6903d44433f7cc1161d2f1cb,delivered,2017-08-01 21:07:18,2017-08-01 21:50:13,2017-08-04 19:24:55,2017-08-09 17:42:54,2017-08-21 00:00:00
14763e794086449f6d5cb89097b2afd3,20a6f9674ec04f9947f4fe2ea8851dff,delivered,2017-08-04 19:48:45,2017-08-04 20:03:33,2017-08-10 21:53:04,2017-08-18 21:23:31,2017-09-01 00:00:00
103de323ece563a1012b4b6adf5a81b2,1d7851c5569233818d755ddfc96bb5eb,delivered,2018-08-15 21:41:45,2018-08-17 03:30:00,2018-08-23 14:43:00,2018-09-03 19:06:55,2018-08-23 00:00:00
203a651bc28694f332b40c3e61bf8e04,0fa431bca31c7763a260a9d9088dce15,delivered,2017-12-28 21:04:10,2017-12-28 21:11:24,2018-01-02 19:33:12,2018-01-10 19:06:12,2018-01-30 00:00:00
f3ace35a38b59892c97c14e9eadbc923,1627d83d75ddd45965f796d873ff4c1d,delivered,2018-02-02 02:38:54,2018-02-02 02:56:00,2018-02-08 19:14:15,2018-02-21 00:38:46,2018-03-05 00:00:00
23e7b127e0b192c6d4d455425d54d44e,4bb0b6ffdc48ed8752a69999f1229f33,delivered,2017-10-25 10:31:59,2017-10-25 10:49:18,2017-11-06 19:37:55,2017-11-14 21:11:44,2017-12-01 00:00:00
e7938bd84b6b7a281bce96a5bc2340f8,957b5e85d727127eaec47b49fcdba8a6,delivered,2018-04-23 23:06:02,2018-04-24 19:29:10,2018-04-25 15:04:00,2018-05-10 22:58:59,2018-05-23 00:00:00
02b8c16664d3c254052472397ae6d244,7a629fdfaab8a550e6b9ee97c4ec25de,delivered,2017-08-15 09:37:46,2017-08-17 02:45:23,2017-08-17 17:59:03,2017-08-24 19:28:49,2017-09-06 00:00:00
e38fb0d87dea5ab1a9c8e257fa716b80,a1719762c10f68d33412963f65d7efed,delivered,2017-09-14 09:10:31,2017-09-14 09:25:41,2017-09-14 19:23:36,2017-09-22 20:17:33,2017-09-26 00:00:00
d9334f59be2037102baca42368082bfb,832246fccea224e010c498bb6823bb5e,delivered,2017-07-16 17:41:18,2017-07-18 06:30:38,2017-07-19 11:37:47,2017-07-25 19:23:41,2017-08-04 00:00:00
ea1210816b91efb1908d9ba1bbcdbbba,611ea8e4e26938cb284901657e69d880,delivered,2018-06-03 15:16:32,2018-06-05 03:35:15,2018-06-05 13:52:00,2018-06-14 22:03:46,2018-07-20 00:00:00
f1fd5b5e0656641dadc6c541b14e565a,c70796021032284b2a81ee9fb544ebcc,delivered,2018-07-16 23:56:48,2018-07-18 03:01:44,2018-07-19 06:33:00,2018-07-26 01:06:33,2018-08-07 00:00:00
ed7550f3266dfb079a3460745ff50ebb,a1293e91d136444e576c0035052d1aaa,delivered,2018-03-29 18:56:16,2018-03-31 13:47:18,2018-04-02 17:17:37,2018-04-13 23:12:09,2018-04-17 00:00:00
abe1510142dfb06af1ac26425e538cf0,8b63238f689ca4597d7b3f4aaf5cd29c,delivered,2018-02-10 21:09:16,2018-02-10 21:35:25,2018-02-14 21:38:46,2018-03-07 15:59:17,2018-03-15 00:00:00
fc1d4a8adb62b480c591455600955b2f,0260bd7b3bf780786cc7ad501287d9d3,delivered,2018-04-28 13:09:22,2018-04-28 13:34:21,2018-04-30 11:27:00,2018-05-04 15:56:54,2018-05-21 00:00:00
14b28f4fb9a1df2b37343827f4ee5a33,be9bdf8c1114f88292e34320765d19ae,delivered,2017-12-03 14:39:31,2017-12-03 14:55:29,2017-12-08 19:17:06,2017-12-11 12:28:07,2017-12-20 00:00:00
fccbac503695b663355702609c925bdc,4f7d9e4445d5919ca479fd6859374094,delivered,2018-06-19 15:26:19,2018-06-20 10:21:32,2018-06-20 14:29:00,2018-07-04 21:48:33,2018-07-17 00:00:00
01fa35042136b75da24ce2a391b30eb9,6cb82041991c34e22c481ba240faeffc,delivered,2018-01-08 15:45:38,2018-01-08 15:54:20,2018-01-09 23:33:51,2018-01-12 21:58:48,2018-02-07 00:00:00
7f9cfd88530c3c6d0ce6084b27ef46ff,9b678f5f6f471e1282c0524ebbefa782,delivered,2018-08-13 23:03:46,2018-08-13 23:15:17,2018-08-15 10:26:00,2018-08-22 21:51:25,2018-09-18 00:00:00
592791e8c354caec0617c0ac1a9fd2e8,1834fd3fd3fd0ed679587598e8b6d980,delivered,2017-12-20 09:32:40,2017-12-20 09:51:50,2017-12-20 18:43:50,2017-12-21 15:56:41,2018-01-09 00:00:00
104cba315a10ebccef0e851792083040,a17c332f183bf79f07c8df13174259c9,delivered,2017-03-25 20:30:53,2017-03-25 20:42:28,2017-03-30 16:32:07,2017-04-05 09:59:44,2017-04-25 00:00:00
3dcb917fc27fe1beee3ddbea0fd4e9b0,ed0ef83b84cca33b5d342c361846a265,delivered,2017-05-31 22:03:26,2017-05-31 22:15:11,2017-06-02 10:54:32,2017-06-05 17:42:26,2017-06-21 00:00:00
2def71c3b4ee133da4476d4d0ca8baa0,874dc4a508727925e855857a24f95ee5,delivered,2017-11-15 11:45:03,2017-11-15 11:56:03,2017-11-16 15:18:50,2017-11-28 20:04:57,2017-12-08 00:00:00
04c5574dca3570ecdde1cf8527993017,32cce0517ae46ccab825ee186eb8734e,delivered,2018-03-22 08:33:23,2018-03-22 08:49:16,2018-03-27 23:32:42,2018-04-03 19:34:25,2018-04-10 00:00:00
40ccb6520c6922d1712766b66922e72d,ac55147578581612a3f796fe48be77d8,delivered,2018-04-06 19:25:50,2018-04-07 16:50:21,2018-04-09 20:48:26,2018-04-10 22:22:39,2018-04-18 00:00:00
7fbe250d2d22b8976024eee98fef9cef,1479ff715a4d0d50f559fb434ffaac23,delivered,2018-06-25 13:39:13,2018-06-25 13:58:44,2018-06-26 14:33:00,2018-06-29 23:18:41,2018-08-01 00:00:00
24dd6883219c3c70aa4d84d059d279a0,17226a88d569de01674b6790dd3d6fbc,delivered,2018-04-01 02:35:02,2018-04-02 02:30:10,2018-04-04 22:16:31,2018-04-21 13:08:40,2018-05-03 00:00:00
e3410c1b2ebfc0e23849d9fd01056878,265f3c6cbff516cd8fdb6c4caa566860,delivered,2018-05-03 13:44:52,2018-05-03 14:14:33,2018-05-07 12:30:00,2018-05-09 13:03:16,2018-05-17 00:00:00
b07bd6d2317297a22b80a9836b464d59,96b26852f269357c7f9f7657a77d1a9c,delivered,2018-06-25 11:15:28,2018-06-25 11:33:53,2018-06-25 15:02:00,2018-07-04 00:28:42,2018-07-26 00:00:00
eb0fec00c8cee7edcc91a031d939ac1a,8119ded42ca2d1eca5d7009f33102a0e,delivered,2017-03-23 16:19:43,2017-03-23 16:30:18,2017-03-24 13:55:59,2017-03-29 09:15:44,2017-04-11 00:00:00
ba67f9aa9f6aaa7645b40abdf9f980c5,30a5cae5a1460ba33ab1c44586da4b87,delivered,2017-06-23 21:59:33,2017-06-26 14:03:25,2017-06-29 13:51:46,2017-07-03 14:14:56,2017-07-06 00:00:00
a736c2ffae5f36d767e81dfc44146911,c27c8019d63fffbc54405a4c07cdd5dd,delivered,2017-11-27 21:08:35,2017-11-29 02:17:33,2017-11-29 23:22:15,2017-12-30 14:38:56,2017-12-20 00:00:00
60fedd48f279e3f0ce27e48d6d7b895d,51ef11dc522f9e3e2874a7678e7e7a1d,delivered,2018-05-15 20:12:04,2018-05-15 20:33:13,2018-05-16 14:02:00,2018-06-13 22:32:16,2018-06-13 00:00:00
cadb75b4ce8646d41b77eff5faa5d300,a9b64930cc252ddc772d8fd2db472fb5,delivered,2018-05-13 18:32:08,2018-05-15 03:35:11,2018-05-17 15:23:00,2018-06-04 23:27:24,2018-06-05 00:00:00
4f6d5b0656f4701bba88a3351199cb14,cf0ba861eff63f6c405f6baf9f06fe76,delivered,2018-02-09 13:46:15,2018-02-10 10:08:20,2018-02-15 20:21:39,2018-02-27 00:06:57,2018-03-15 00:00:00
835132b61f09eb393ea7fb85c61bd572,cd9777ad835df5e47c10aa975226e716,delivered,2017-12-20 21:11:47,2017-12-20 21:29:57,2017-12-21 17:38:54,2018-01-17 17:09:26,2018-01-22 00:00:00
a9b40a5190a294e3d8f733c1caf32934,533363729bbb70f47f8324cc1079350a,delivered,2018-02-28 10:40:10,2018-02-28 10:55:34,2018-03-01 20:02:59,2018-03-05 19:11:43,2018-03-20 00:00:00
fde43c8d10a125abbbc0b5e8e1c9d779,90aae7cae26e53acf3981e1de033e188,delivered,2018-02-06 13:17:18,2018-02-06 15:50:38,2018-02-07 17:56:51,2018-03-08 16:53:48,2018-03-16 00:00:00
349021a1c38809e4b11418c2f8586c97,3da978bdc9235f7e0b3ae3e0415bbdc1,delivered,2018-04-07 09:08:26,2018-04-07 09:15:18,2018-04-10 19:50:53,2018-04-12 20:58:39,2018-04-25 00:00:00
1dae4ac9e374d9eba3736f7f8616266b,4e48950dc929261767232307f8fb3306,delivered,2017-11-28 17:45:38,2017-11-28 18:56:56,2017-12-01 00:58:39,2017-12-07 18:38:49,2017-12-22 00:00:00
089a371eeab2f86ebe76b23a4c99d3b1,db29e72564815db5aa89037daf547c81,delivered,2018-02-21 15:35:42,2018-02-21 15:49:13,2018-02-22 20:38:56,2018-03-14 19:03:57,2018-03-19 00:00:00
f2793cd4b64bd3a177d4a367a3cf40bd,517fd134276aa9d129443e66a4ec12c5,delivered,2017-06-25 18:30:48,2017-06-27 04:23:11,2017-06-27 13:31:51,2017-07-12 18:52:03,2017-07-18 00:00:00
babf3827fed8e4f27b7d8a680af07e43,136dbac56cabaf131db79d6032ade0c2,delivered,2017-10-28 12:40:43,2017-10-28 12:55:52,2017-11-03 20:43:01,2017-11-13 20:19:39,2017-11-21 00:00:00
1f1d433b45ff83d34a8fe8071126c80a,e0ad0d36082194b476d7b15e1bf6d561,delivered,2018-01-17 10:23:02,2018-01-18 16:57:30,2018-01-25 22:43:00,2018-01-26 19:49:04,2018-02-07 00:00:00
541ed556b294e1dc5e80fb34a44917d3,3a161bae49880d0ddb3a1e151496d90b,delivered,2018-04-02 10:39:14,2018-04-03 05:49:07,2018-04-04 22:38:43,2018-04-24 21:16:43,2018-04-27 00:00:00
c9802358e22624de37bfa2d8cee30297,bc71e53f95bc23680e841afa02fbc89b,delivered,2018-06-19 12:55:30,2018-06-19 13:17:18,2018-06-20 08:18:00,2018-06-26 15:03:33,2018-07-12 00:00:00
d142e450e61b3eabff86c13e6a89a720,e0b3f7b124e73c8b50ce6ad2bed45362,delivered,2017-09-08 16:38:15,2017-09-08 17:04:22,2017-09-11 17:46:55,2017-09-18 19:34:53,2017-09-29 00:00:00
f6b803d15fa58d6e0409ce0cda40121b,5d70320029286b786d50336af0fc26b7,delivered,2018-01-13 11:16:04,2018-01-13 11:29:23,2018-01-18 21:48:50,2018-01-22 15:18:47,2018-01-30 00:00:00
f298d9cc0b7aea1a3bdf95d298c3cfc3,c5b7b3cf52a7611de3c6940025a26e2b,delivered,2017-02-22 19:44:11,2017-02-22 19:55:08,2017-02-23 20:37:33,2017-03-03 13:55:35,2017-03-27 00:00:00
24a562b69731cbec7439c1752c500f82,0b37f01a95740e5ffc068dfae2738630,delivered,2018-02-19 21:58:59,2018-02-20 21:55:49,2018-02-24 01:16:46,2018-03-23 18:33:08,2018-03-14 00:00:00
f29ddf8225b83634a61798046455ce8a,238a5f6c34460fd3626df27cfb0d0ab9,shipped,2017-03-10 15:09:40,2017-03-10 15:09:40,2017-03-13 13:49:56,,2017-03-31 00:00:00
f34349c1787f5a47ace7555af961a47b,0bd97783f923de852985314ab0ef2f53,delivered,2018-01-06 13:59:12,2018-01-09 07:26:26,2018-01-10 16:45:55,2018-01-24 08:16:59,2018-02-21 00:00:00
71ff7ff9c86023f13d546d2e953d531b,ef5a6ca97d80cfe694da8576c7442cbf,delivered,2018-04-16 20:07:20,2018-04-16 20:51:39,2018-04-18 22:31:45,2018-05-03 21:14:55,2018-05-08 00:00:00
db5e341b9a765a33fd41da0b3f0944dc,c2d4ca05c1058ed1b1f59df1255cd148,delivered,2018-02-04 11:42:14,2018-02-04 11:55:33,2018-02-06 01:33:50,2018-02-22 14:36:58,2018-03-12 00:00:00
994a9a6b0c7666ed14dd7790ce98bd39,348e44614598924fe73dd13f6b3f63ab,delivered,2018-06-21 22:26:45,2018-06-21 22:38:27,2018-06-22 16:02:00,2018-06-29 20:42:41,2018-07-18 00:00:00
574f906eedf477adaf3507222887d81f,45a730fd8d9383eb647641fed4b90354,unavailable,2018-06-03 21:19:01,2018-06-05 04:12:46,,,2018-07-17 00:00:00
b2355e2ae81244cdf571c90d5eb890a1,696f3523f62bb93dd3372686c4f54828,delivered,2017-11-24 09:42:33,2017-11-24 11:13:03,2017-11-25 13:08:10,2017-12-05 21:35:04,2017-12-20 00:00:00
73bf036e9d518e060d6f766d816483cb,9e6da2ee3df481b6390e3d404a72b5c0,delivered,2018-03-17 15:54:08,2018-03-17 16:31:29,2018-03-19 22:55:32,2018-03-21 16:22:43,2018-03-29 00:00:00
6d5c0b87109f123898fe2dde02cebe1f,49a5030caa1df00e0bdd14302ef076a9,delivered,2017-11-25 12:19:35,2017-11-25 12:32:00,2017-11-28 00:18:55,2017-12-07 14:44:55,2017-12-15 00:00:00
1c308eca3f339414a92e518e2a2e5ee9,e53e1eedc9ebf9fa7a3318c60ece1d25,delivered,2017-11-26 23:25:43,2017-11-26 23:34:29,2017-11-27 21:07:09,2018-01-23 14:37:27,2017-12-29 00:00:00
e0f3cd25b704e2b54b5837d443087ba2,a68b51c78cf1152a678a8c76f6fa10e2,delivered,2018-04-23 17:55:31,2018-04-24 18:46:41,2018-04-27 14:28:00,2018-05-04 18:05:34,2018-05-09 00:00:00
73f9e828566dd0de47c067e6ec94c989,ef14b2612bcb6c6c79574ab9caee3a97,delivered,2018-06-21 09:08:51,2018-06-21 09:43:01,2018-06-22 14:33:00,2018-06-25 14:12:27,2018-07-05 00:00:00
6e43eea0e8d014e2f6256da2a78ff5e7,5dd88d3417105c3064d64b64b8163712,delivered,2017-09-13 16:18:30,2017-09-13 16:30:22,2017-09-15 13:52:41,2017-09-27 18:05:29,2017-10-03 00:00:00
a77c21d752d5b237bed9d74c9d94bb20,3419efae8346d22881e9f6f4a8d61e17,delivered,2018-03-23 15:07:52,2018-03-23 15:28:55,2018-03-26 22:08:57,2018-03-29 17:57:48,2018-04-05 00:00:00
3fe0e2ede93f661b59fb83477ac2695b,35c305ab657a51a698c1abd317c59db2,delivered,2018-07-10 18:10:30,2018-07-13 16:07:22,2018-07-12 10:45:00,2018-07-14 02:10:27,2018-07-25 00:00:00
c6f6cbb3c845593222d5c594bb69c5fd,c19f7da4784ab55d1332e7ebf7132534,delivered,2018-08-26 13:33:43,2018-08-26 13:45:17,2018-08-27 14:06:00,2018-08-30 17:08:43,2018-09-13 00:00:00
8b4b66868641eb5fc2bc090dc4f702f7,4785f22240da3deb7f7f1fa70664fd83,delivered,2018-08-15 12:09:22,2018-08-17 03:29:44,2018-08-22 13:47:00,2018-08-27 14:56:51,2018-09-19 00:00:00
b12c008387c613526c4560e87f3f0dbf,14f4838109a4347385f8b3e8e8aff0ce,delivered,2017-06-03 21:21:30,2017-06-03 22:00:10,2017-06-06 09:26:53,2017-06-12 12:37:47,2017-06-26 00:00:00
95886fbb27fa9240539af22614117003,ef3da544901e9868b3e3c78075f99386,delivered,2017-05-29 10:16:10,2017-05-31 22:15:11,2017-06-02 10:19:07,2017-07-07 18:58:44,2017-06-21 00:00:00
07e2767fa261c1d690924d6d3baa379f,8f061069ee6bdea1be38ac7fb3de2d1c,delivered,2018-02-23 15:44:22,2018-02-23 16:08:18,2018-02-27 22:12:30,2018-03-05 17:14:46,2018-03-15 00:00:00
c4dd811604d334a79810fd0387740e09,b546ec7b6ff311b43fd72d1cd665dc68,delivered,2018-01-13 17:29:43,2018-01-13 17:39:23,2018-01-15 17:49:11,2018-01-17 16:14:33,2018-01-30 00:00:00
07dcf38560b8c50e101b3281edda6112,8aaad69c0f33504ee7c6bad3ae9e20a6,delivered,2017-10-03 15:04:22,2017-10-04 02:49:20,2017-10-04 19:16:54,2017-10-06 20:12:43,2017-10-25 00:00:00
07fc346abda30b632be799f5b4be2bd8,a1eef3423bc0e8339b67cb2208aa3f94,delivered,2017-07-17 14:04:47,2017-07-17 14:15:21,2017-07-26 14:21:38,2017-07-27 16:36:50,2017-08-03 00:00:00
ef14069256aa13ccc53f945fd0aa70ff,16c9cbb7083e73d565e74dcd7278d349,delivered,2018-08-13 13:40:37,2018-08-13 13:50:23,2018-08-16 12:34:00,2018-08-21 22:08:41,2018-08-24 00:00:00
7ab5966251309fe2519cc5810895b2f7,2eb498becf09b365ba2d46dd08e2bf82,delivered,2018-01-14 14:15:13,2018-01-16 03:38:38,2018-01-16 16:39:57,2018-02-02 17:27:26,2018-02-15 00:00:00
6f0ac9b2069a1f5b1518938be44d87ee,f71163ca2d359b4946347969445ee4d1,delivered,2018-08-06 11:02:35,2018-08-07 04:50:19,2018-08-07 12:53:00,2018-08-15 19:34:33,2018-08-29 00:00:00
491a1961ff53513a57fa193570a11311,0306418261763252d46c47f9251e76e2,delivered,2017-07-29 11:51:12,2017-07-29 12:05:30,2017-08-02 18:57:35,2017-08-11 17:58:08,2017-08-29 00:00:00
ff410c670cb5018a763d815c1368f405,2e581e2fd057f25288a90c99d06ca1bb,delivered,2018-02-06 16:40:59,2018-02-06 16:51:49,2018-02-07 19:48:39,2018-03-09 18:46:49,2018-03-02 00:00:00
3600dce59c2a50ed7c67e0d818b1e5bd,d231f1ac967fe67f2853f0075012744f,delivered,2018-07-11 19:58:05,2018-07-11 20:10:12,2018-07-12 15:01:00,2018-07-13 17:29:10,2018-07-19 00:00:00
413d21c694c928b464c2cc8d3904b2b1,a30fa1104a5ff6f5d9d1d907ffb4c609,delivered,2017-11-24 15:06:59,2017-11-24 17:23:29,2017-11-29 14:52:23,2017-12-14 21:07:27,2017-12-14 00:00:00
8c695ffcf56400764176fd1789ec7fa2,d0e385087b9413d7f74a518fb55c56f9,delivered,2017-08-17 14:35:17,2017-08-17 15:06:12,2017-08-21 14:33:00,2017-09-15 17:10:31,2017-09-11 00:00:00
ba3f16abde04a2864215c98e536e2a46,33c079892847267e01751ae4c018aeda,delivered,2018-02-02 20:29:33,2018-02-02 20:50:50,2018-02-05 17:52:19,2018-02-22 22:17:12,2018-03-08 00:00:00
f2af7540e2b81731609d138b17191794,8b31c427777a285b016a851797b2a21d,delivered,2018-07-03 12:39:04,2018-07-05 16:32:46,2018-07-04 12:15:00,2018-07-07 12:44:36,2018-07-17 00:00:00
6eea8cd99d26a8bbdf39d5289e4e7601,e91d82bbb0f6fd7e6e30511456357ce1,delivered,2017-06-08 22:46:23,2017-06-08 22:55:07,2017-06-09 11:10:19,2017-06-19 06:43:32,2017-07-03 00:00:00
b5e8d13478ad66ec57d480c9e00abb39,0781659176c3bdef80a6e2fe1fbd24a0,delivered,2017-02-28 11:52:41,2017-02-28 12:05:26,2017-03-02 08:05:36,2017-03-13 15:54:02,2017-03-22 00:00:00
94c9f01794e2a40527d76e249ef9decd,521aa980b64c8bdc793aea903e19133e,delivered,2018-03-28 18:43:31,2018-03-28 18:55:25,2018-03-29 19:56:30,2018-04-02 19:33:04,2018-04-10 00:00:00
b7e56bc4544b2d0098a4571a45eea22c,2aa80ed97e46eea9e72138907912799f,delivered,2018-07-09 15:15:04,2018-07-09 15:25:13,2018-07-26 15:10:00,2018-07-30 17:24:53,2018-08-03 00:00:00
b5b143bb15757cfbb8c5f447e4586940,3ca12a51d893d20d10c81d3ed566c391,delivered,2017-08-22 07:41:18,2017-08-22 07:50:09,2017-08-22 18:04:39,2017-08-29 21:19:10,2017-09-15 00:00:00
0c72cafc6d5d60d98d052051a2b028ad,f3faad339b52d207bed5cfadeb6ae797,delivered,2018-02-27 12:33:38,2018-02-27 13:20:32,2018-02-28 19:16:33,2018-03-14 18:12:25,2018-03-13 00:00:00
ef02b499ada182fc2a48dd525cb062c0,8bd08da271c08b2d77b4184d4e5855f6,delivered,2018-07-18 21:21:02,2018-07-18 21:30:20,2018-07-19 12:31:00,2018-07-26 15:48:43,2018-08-08 00:00:00
fbdda663869065b1521bf7be56191f6f,42b343409a90819f39c38275dc06bed0,delivered,2018-01-31 12:20:13,2018-01-31 13:50:05,2018-02-02 22:05:50,2018-02-14 20:33:25,2018-02-26 00:00:00
6db73c4db61f029be8214914360f51e1,3b104572acedbced7ec24f882f1df2cd,delivered,2018-03-09 17:24:33,2018-03-09 17:35:28,2018-03-12 23:22:11,2018-03-15 16:58:44,2018-03-21 00:00:00
d599833347cf704c11f7abd88b0f5194,9b07642438e9eacf96571117388677ed,delivered,2018-07-30 09:08:42,2018-07-30 09:44:34,2018-07-30 15:47:00,2018-08-03 15:37:38,2018-08-09 00:00:00
4deb2316dadf42f0daa6b8965d384ba8,b22ca452dbb41139048975084d8a8f1e,delivered,2017-01-29 14:46:06,2017-01-29 15:31:07,2017-01-30 13:22:34,2017-02-06 14:37:20,2017-03-17 00:00:00
adb5229ba2403ffab5e2b7cd6e33459e,3d52b58102741860726768607ec7e311,delivered,2017-06-20 12:39:27,2017-06-20 12:50:30,2017-06-22 12:36:40,2017-06-23 13:04:20,2017-07-06 00:00:00
584c738e16c8bf7f525160ad449e103a,8d3adb13caefd60c8e611cb3f2a69da9,delivered,2017-12-11 23:18:47,2017-12-12 00:05:06,2017-12-14 21:39:15,2018-01-05 23:48:17,2018-01-09 00:00:00
3824a5d087901938c0b9f72f6008bd6c,369a5c8dc8949156048dad71a1da7412,delivered,2017-10-02 17:37:50,2017-10-03 17:49:34,2017-10-06 21:41:32,2017-10-18 15:10:21,2017-11-06 00:00:00
a7c17d3f5f5c9612a2bc81be1aadcdeb,641ab097b6b9e0e84304f759f2b6f78e,delivered,2018-02-21 14:55:39,2018-02-21 15:10:25,2018-02-26 17:17:22,2018-03-02 19:41:49,2018-03-28 00:00:00
adb6dd7e1e17a776182bc02f1385252d,297d8f453e4758854d285697a83b56cf,delivered,2017-10-25 16:22:29,2017-10-25 17:35:49,2017-10-26 19:57:47,2017-11-07 19:48:03,2017-11-22 00:00:00
ed82d3384df9ca70bcd946e63d8d172b,fdf25da38a22a7f03d508437155e8bb3,delivered,2018-03-16 10:07:32,2018-03-17 02:35:33,2018-03-24 00:48:40,2018-03-27 02:28:35,2018-03-28 00:00:00
a27e7bc82ceed97d792b678d7ca3e888,9f6ce93bf74532714cde036e2695fb54,delivered,2017-12-13 22:34:56,2017-12-13 22:50:05,2017-12-16 14:16:22,2018-01-09 23:35:58,2018-01-16 00:00:00
b1cc959223d3beff53d4aeb97b8b6a8a,70fd0299eba8564ad88ff541dbfd9854,delivered,2018-08-03 21:42:35,2018-08-03 21:50:16,2018-08-07 13:02:00,2018-08-16 20:28:50,2018-08-17 00:00:00
9dcd4c42eb5a67201aaeb894461bab83,34aa9b747ada10d1a37c7efd209f31d6,delivered,2017-11-12 10:46:57,2017-11-12 10:55:37,2017-11-14 16:18:59,2017-11-23 18:38:48,2017-12-12 00:00:00
b0459878e11dcfafd042b81083011548,594b34fd289ad46d208bbcf008762642,delivered,2018-03-02 17:38:17,2018-03-02 17:50:36,2018-03-05 22:21:58,2018-04-05 19:58:53,2018-03-20 00:00:00
d86e65a13d3e7a90d876cb6b9064f1ac,2f68abf93405bd413b5007660467e113,delivered,2018-08-06 15:48:15,2018-08-06 16:04:46,2018-08-13 10:25:00,2018-08-15 01:18:35,2018-08-15 00:00:00
50ef6a06a587a4f97f8483946c692e70,f4c1daadf5d94cf9f1fa530df0992dea,delivered,2018-07-28 13:13:21,2018-07-30 18:31:23,2018-07-31 13:16:00,2018-08-03 19:11:55,2018-08-23 00:00:00
7a92d4bffc8f086e16f610875cee431b,8c79d93dd3718c97f2f4133f77c631fe,delivered,2018-08-19 18:54:33,2018-08-21 04:55:38,2018-08-22 13:07:00,2018-08-27 14:59:46,2018-08-30 00:00:00
4d9c8dea9380270c4d8151980f6c579c,2f944f4db017e0ca821988940060dde1,delivered,2018-01-19 14:07:30,2018-01-19 14:17:19,2018-01-22 12:42:35,2018-02-02 02:38:30,2018-02-14 00:00:00
dd8d541616639212eb325bc7d015350b,5d547edb8110d2bfeeedbd045491ac93,shipped,2018-05-16 13:03:16,2018-05-16 13:19:59,2018-05-18 10:43:00,,2018-06-25 00:00:00
5ba242824fe39eba234565e3f8c174be,982a91ff4ad73e6b9d09bad86860d184,delivered,2018-06-16 14:25:02,2018-06-16 14:38:59,2018-06-18 10:02:00,2018-06-25 22:03:29,2018-07-13 00:00:00
14b1311682489866d9a6b5c6dbc0372f,a7ca11bb456bde34525e2c9049530c8e,delivered,2018-07-26 17:18:19,2018-07-26 17:30:12,2018-07-27 10:43:00,2018-08-03 19:12:25,2018-08-14 00:00:00
a8f0774db1f2d93e5b48a0c370d423ed,643eef272290bb07a700d92a22096e37,delivered,2017-06-28 15:53:58,2017-06-30 03:04:28,2017-06-30 15:46:49,2017-07-07 19:51:57,2017-07-18 00:00:00
a7b1a54a2b2cf96cfabf303fccafbc3e,00acc750f0c2bda99b95c4043ff1e662,delivered,2018-05-07 17:32:05,2018-05-07 18:10:41,2018-05-09 15:48:00,2018-05-18 17:56:48,2018-05-29 00:00:00
8bee87d19d77da4782190d630e85e980,10916bffd55a5932a7e23fe4ab4d4b8e,delivered,2018-03-15 20:59:23,2018-03-16 20:55:47,2018-03-24 00:56:47,2018-04-03 13:51:49,2018-04-18 00:00:00
5586165a8c737d52401ee3eadb09f980,af7945915ed20b1c68b178280bfacfd4,delivered,2017-06-07 13:44:57,2017-06-08 13:55:25,2017-06-08 14:52:29,2017-06-19 19:02:42,2017-06-30 00:00:00
e2a875ab76ae9c68c532baa517d90363,07e9c547c9d2b7d8ac9a35e81dbd1d89,delivered,2018-03-16 10:07:41,2018-03-16 10:24:54,2018-03-20 13:29:32,2018-03-29 00:24:18,2018-04-04 00:00:00
0e3e9ace0a88a5472a5fa59b8909a8e4,5d44b0796aed22e02ed55dc2d5ff238c,delivered,2017-05-31 09:30:25,2017-05-31 09:43:44,2017-05-31 15:56:57,2017-06-10 08:26:51,2017-07-04 00:00:00
c8c0e74f5426e74b812efe05eaab11a6,b6ba2c8d887b9586b6f9dcd3d7ddfd56,delivered,2018-05-28 21:30:24,2018-05-29 12:50:26,2018-05-30 12:56:00,2018-06-11 16:18:49,2018-07-04 00:00:00
50be9eb370672ac7e49a1c1741cef069,8b6f7ba395e5eb6b7f722e8f329b25c7,delivered,2017-10-19 13:57:32,2017-10-19 14:14:19,2017-10-20 17:09:52,2017-10-31 23:11:13,2017-11-10 00:00:00
cec31771f7be596e463066dab5db839f,ca1f3487e758f630ec135b5e82d8ec36,delivered,2018-08-07 00:53:55,2018-08-07 01:05:09,2018-08-22 13:14:00,2018-08-27 21:28:29,2018-08-28 00:00:00
f4021afbf70a873e407181a0a76e64e3,0155478730861c69019d0a41d9bc98f6,delivered,2018-04-09 22:05:15,2018-04-11 05:50:19,2018-04-12 00:22:10,2018-04-18 23:52:43,2018-05-08 00:00:00
dbe5b409519c5dfb85b5b0955913e5af,bbe35ecb54adfb96b16d95c719c756c6,delivered,2018-04-17 05:53:21,2018-04-17 06:11:47,2018-04-17 18:42:14,2018-04-26 02:08:48,2018-05-17 00:00:00
42df71f66e653cbe9e87913834e59873,39e6eb3d7b6113d9a44bed5583ec3860,delivered,2018-06-23 23:00:04,2018-06-26 04:59:09,2018-06-26 16:17:00,2018-07-05 21:04:20,2018-07-24 00:00:00
25a41191628ff8e6be3cfb655337cd75,e9bfc2119e76c4d6a8effe8e9ce67033,delivered,2018-08-20 11:19:20,2018-08-21 04:29:36,2018-08-21 12:48:00,2018-08-27 16:10:55,2018-09-05 00:00:00
10bedcbb416f0f53e5791b3f61807625,24c40b316f28ac7b0a7fa59e21e6b52b,delivered,2017-07-14 14:48:35,2017-07-15 14:50:17,2017-07-20 17:42:13,2017-07-28 22:51:41,2017-08-03 00:00:00
57d94aaa6b72ca15b3e4801c6d5c0959,940fb59dede76bb3ca6585086a7a08b0,delivered,2017-08-10 09:47:46,2017-08-12 02:50:33,2017-08-16 17:26:29,2017-08-18 16:01:52,2017-09-11 00:00:00
575bfb61f87cbd5b35f76ca953e1edff,f6a37d2205361441f0b53092bb4dae6c,delivered,2018-08-12 22:59:23,2018-08-12 23:15:12,2018-08-13 13:31:00,2018-08-20 17:11:00,2018-09-13 00:00:00
7b1e41f3fe006429cbf78032fcb218d7,d80e4ee14e2b5400fd2ea5a2ea821be1,delivered,2018-05-05 10:00:44,2018-05-08 03:52:08,2018-05-09 11:19:00,2018-05-23 23:42:49,2018-06-01 00:00:00
2cace2864447738573effeabd83eaa32,7775deebb59b9257b62fd7f3117efa10,delivered,2017-10-17 02:29:09,2017-10-17 02:50:40,2017-10-17 21:08:13,2017-10-20 18:02:56,2017-11-03 00:00:00
415171a59b0a29988351b6d7652d993a,e9ea2cfc8b1f20bdae40c9d48f4c964e,delivered,2017-11-08 09:36:53,2017-11-09 04:31:09,2017-11-16 14:08:49,2017-11-21 19:22:26,2017-11-28 00:00:00
2e24930adf68f4ce65ad35e0f23f08ee,dccf3db0a9cf098d12b4c4addd47de01,delivered,2017-09-10 13:35:37,2017-09-10 13:50:08,2017-09-18 18:51:57,2017-10-13 18:30:02,2017-10-11 00:00:00
1636a9053d37c67f6463b90121fa81cc,0c409eadf7461d9e02860a7015a3f52b,delivered,2018-06-12 10:31:26,2018-06-12 11:00:14,2018-06-13 11:55:00,2018-06-20 00:32:04,2018-07-12 00:00:00
c3aaf1005cc94a2f5efdf91212caa0b0,5c2462d7cb2ace0d8725188fbdcafb8d,delivered,2018-04-22 08:13:03,2018-04-24 17:27:25,2018-04-26 08:19:00,2018-05-07 12:08:35,2018-05-23 00:00:00
f20750eceab3ceac5ce19312fd1a12e7,31da376c4c7b0521c09dd837f634f0bb,delivered,2018-04-18 08:26:37,2018-04-18 09:11:32,2018-04-20 16:34:59,2018-04-23 22:07:48,2018-05-07 00:00:00
f07ffa8133ca1dcbc015a9c0ee98c872,a4eba83fdbc203894a86afba0bc15269,delivered,2018-02-13 10:15:52,2018-02-13 11:00:21,2018-02-19 19:08:36,2018-03-23 18:28:53,2018-03-15 00:00:00
0ae449254770bfec75a99b8d804e5b10,a89e53e23892b105599b8701f6353a5a,delivered,2017-09-11 20:35:49,2017-09-13 03:24:49,2017-09-13 17:12:04,2017-09-21 02:35:39,2017-09-28 00:00:00
b5c4f14a0dee74d81b66f57da41ef77c,b6e5cac4424fac86b44df6506dc10334,delivered,2018-05-21 11:52:34,2018-05-21 15:06:03,2018-05-22 13:47:00,2018-05-24 01:44:21,2018-05-30 00:00:00
2e266d1d2bf4cdf6d74ee51b92bab016,b6349bdae88bc7c85c4aeb0cb604dac8,delivered,2018-03-12 22:16:53,2018-03-14 02:50:56,2018-03-15 12:12:42,2018-03-21 13:03:16,2018-04-10 00:00:00
882dd62cfb645823fd2fe550592fd4fa,c12ac6df65e8fd67ae26f138e91aa0e0,delivered,2017-05-23 20:46:50,2017-05-23 20:55:20,2017-05-24 15:45:09,2017-05-30 02:52:29,2017-06-12 00:00:00
1eeb6d55147169da97608b38ece2b761,aeff643ffe546230ea975de5740197fd,delivered,2017-07-20 23:29:33,2017-07-22 02:25:23,2017-07-25 19:52:48,2017-08-09 12:49:17,2017-08-21 00:00:00
2218e4b81089f8cf52139915bdc1e48d,a73c818c7e2cd8ea248d8db42d14888e,delivered,2017-11-30 10:52:22,2017-11-30 11:11:07,2017-11-30 19:17:10,2017-12-02 00:32:54,2017-12-18 00:00:00
c2ef540e16617cb62d8c9d0bb874a498,db4c18dc639572a181079c0cb47fded4,delivered,2018-06-05 20:32:32,2018-06-05 20:52:23,2018-06-07 10:06:00,2018-06-24 15:03:09,2018-07-18 00:00:00
2a81af36abe7c237e184b5f84e5b27bb,7c81feec196651cac071d56928d4c2e8,delivered,2018-08-17 12:05:12,2018-08-17 12:15:17,2018-08-20 11:54:00,2018-08-21 17:51:53,2018-08-23 00:00:00
332fbf902a0b37b6919c2d24fb9963c4,c19544a0aaa63e206f1ca0f2ac5d4431,delivered,2018-04-30 09:32:43,2018-04-30 09:50:28,2018-05-02 16:02:00,2018-05-10 15:24:37,2018-05-29 00:00:00
e465c5ff84ef7091d582b275cb0dd7de,363263d717319c175a7b063d383d95ba,delivered,2017-09-26 11:46:53,2017-09-26 12:04:50,2017-09-28 17:55:45,2017-10-03 18:05:22,2017-10-16 00:00:00
62d2be1fdefb1437c1d94932ecd95545,076879610b2df756d7bfaf2b8422d327,delivered,2018-02-08 10:02:25,2018-02-08 10:15:34,2018-02-08 18:56:22,2018-02-18 10:21:44,2018-03-06 00:00:00
2303956d13919bf90f2a4818bab96a71,80ab302132a7bb80c3162873b0bc23ec,delivered,2018-08-05 11:40:16,2018-08-05 11:50:11,2018-08-06 13:40:00,2018-08-10 15:46:49,2018-08-17 00:00:00
c4b6ce991d0e0bc8c0538001ee46366f,922c46a72c518d3188451f4970736540,delivered,2017-04-16 19:25:38,2017-04-16 19:35:39,2017-04-25 12:38:52,2017-05-02 14:06:22,2017-05-12 00:00:00
7daacf43d9593e9a2959cc753578ce09,0359293832be85974700b436b3ddc6ef,delivered,2017-03-27 11:21:21,2017-03-27 11:35:16,2017-03-29 15:47:39,2017-04-07 06:57:26,2017-04-20 00:00:00
a6a5d5673d42186a8b8b94ad29b59897,f273dd8c96c0c0ae03dd3cba3014f4cb,delivered,2017-05-15 00:45:02,2017-05-16 01:00:34,2017-06-21 15:26:48,2017-07-20 17:26:10,2017-06-19 00:00:00
ddc6de714ab6793dd55ef3b191352906,a0e47f67969c2f4a301e64a2e191456f,delivered,2017-08-03 16:29:09,2017-08-03 17:10:15,2017-08-04 20:59:26,2017-08-08 16:07:44,2017-08-16 00:00:00
224a57164e7d58e7d551cdc70d6d902d,29ee61d7bce36b9cf564afc6bede150f,delivered,2017-12-15 13:07:21,2017-12-15 13:15:27,2017-12-18 19:18:37,2018-01-19 14:07:49,2018-01-26 00:00:00
64e0ed97e04ee5c08429934ecab18de9,1925b748fac75d83dfbef4179ce1b880,delivered,2018-02-23 14:29:54,2018-02-23 14:50:59,2018-02-27 16:25:39,2018-03-19 23:08:23,2018-03-16 00:00:00
2305ed31728716b03cd76aef3ace0377,d5ac978cbe8407b56fe9b45e0eb7ce9a,delivered,2018-03-22 19:14:09,2018-03-22 19:30:26,2018-03-26 19:27:46,2018-03-27 22:22:20,2018-04-04 00:00:00
ded320f8039d7a35a324cf22f83fdf67,fa10097e0f3f7df15ee8238d696d157e,delivered,2018-02-01 10:18:35,2018-02-01 11:50:41,2018-02-01 23:00:03,2018-02-19 22:11:41,2018-03-01 00:00:00
7c5c8b715064d5bf2ee6a1cef59f2853,3b25473eceecbba95c66443d85075e94,delivered,2017-03-16 15:43:51,2017-03-16 15:43:51,2017-03-17 08:02:39,2017-03-23 17:23:01,2017-04-06 00:00:00
fd9a39b683e84eb96a5c8a4f999f22ea,3f632d0fdd1a8ff580710beca22094d4,delivered,2017-11-10 16:15:04,2017-11-10 16:46:23,2017-11-14 16:37:06,2017-11-22 18:16:50,2017-12-05 00:00:00
37297c70ff1867f5ad4b215cc27fbe81,8011a155cb0947b59d0e199dd4474428,delivered,2017-11-03 13:26:21,2017-11-03 13:46:03,2017-11-06 19:35:37,2017-11-10 19:33:45,2017-11-16 00:00:00
a65e0938a2f3dc167ee856d4feb33290,91b789900931079575ec4039758423d5,delivered,2017-04-26 14:19:21,2017-04-26 14:30:19,2017-05-04 14:56:02,2017-05-15 08:54:50,2017-05-17 00:00:00
efb0cacb1ed48693e7edc6e10d9d1790,9f578aad6c6c21853f44c0965b35193d,delivered,2017-07-17 00:40:12,2017-07-18 06:23:39,2017-07-18 22:57:54,2017-07-20 16:45:05,2017-08-08 00:00:00
cd8676507ccbfc96f9e0908910b9e0bb,ab4764e19b0376c21427606045dc6ca9,delivered,2017-11-29 13:47:30,2017-12-01 11:32:12,2017-12-06 22:07:06,2017-12-13 13:18:02,2017-12-27 00:00:00
2191c4b8b5384ed556dfd154ce6e319c,4d859c1cba06922887a78b10550b3c61,delivered,2018-02-18 09:36:02,2018-02-18 10:46:25,2018-02-21 20:06:10,2018-03-12 11:44:27,2018-03-22 00:00:00
ab74c0e5d243c75a0289ac0ed8811a97,84ff6882397b2bfccaca1644c4c9f37d,delivered,2017-07-02 12:42:15,2017-07-02 12:55:10,2017-07-03 15:07:37,2017-07-05 16:32:43,2017-07-14 00:00:00
d4f0a2e6724782ffec52257b637dc928,9298659a888542ee1dccd284384d8ff7,delivered,2017-05-02 11:20:34,2017-05-02 12:35:04,2017-05-04 13:51:00,2017-05-08 09:48:36,2017-05-24 00:00:00
f393b5ab60dfcc6d8c8000240a1a230f,4ad1e822e74d474a35edfb2cfb76f954,delivered,2017-12-16 00:56:31,2017-12-16 01:56:18,2017-12-18 23:57:27,2018-01-04 22:22:42,2018-01-17 00:00:00
b4587793077c17563480c33e3afa4786,f115c9fb49045355c502f201e83f432c,delivered,2018-04-02 13:24:38,2018-04-02 13:35:21,2018-04-03 22:48:29,2018-04-04 15:38:37,2018-04-12 00:00:00
3fa77b110b9ab22eac07c61566e1370f,72f7e1911ed992b03dcaab4c0edf7e1b,delivered,2018-06-27 21:35:28,2018-06-27 21:51:05,2018-06-28 13:36:00,2018-06-29 17:18:57,2018-07-12 00:00:00
434f7a628e876492870a0849b88e007a,99174f8fd08e1daf113666a2ad3383d7,delivered,2018-06-23 08:37:35,2018-06-26 05:12:46,2018-06-26 15:53:00,2018-07-03 17:41:58,2018-08-01 00:00:00
91ce1f474cc41b0c5317e79388fe50d5,539d8feb518ae3873de2b32e491ae05f,delivered,2017-12-26 16:53:46,2017-12-28 02:35:49,2017-12-28 23:18:42,2018-01-12 20:52:16,2018-01-30 00:00:00
c9caebb870a1f07175f8c7d130ddc24c,b08866a7b299195e0c530f94cff315da,delivered,2018-02-21 23:51:25,2018-02-22 00:09:06,2018-02-22 23:09:33,2018-02-26 23:23:35,2018-03-07 00:00:00
0c01f50d13b63f9c7a1f073f51a45548,ff310159cfef87d3dbbf5341637bd4a2,delivered,2018-01-08 17:37:09,2018-01-08 17:49:16,2018-01-09 16:51:43,2018-01-16 15:17:10,2018-02-06 00:00:00
af0d9307a328df54ca2c27eb08cf62b2,cfa09ee8fa4d55dbb7d299db2bc05444,delivered,2018-05-05 17:10:12,2018-05-08 03:52:09,2018-05-09 09:52:00,2018-05-17 02:37:06,2018-06-07 00:00:00
3ffa9e029879039a01783bc81c868df1,0ac3e5d8a4a25d55e97ec2e592dd4b0b,delivered,2018-04-17 17:34:00,2018-04-17 17:50:47,2018-04-26 12:59:00,2018-05-03 18:19:27,2018-05-28 00:00:00
225563d7314189cce48116ae11188371,729b8930036e5f2c3883bc38d7cae018,delivered,2017-10-26 12:44:45,2017-10-27 03:06:59,2017-10-30 18:05:46,2017-11-03 21:18:03,2017-11-16 00:00:00
5ee65ec4982eb4667be9fba3b90fa184,27a932613712b4de8eb189a30a3877ff,delivered,2017-06-30 20:12:02,2017-06-30 20:25:13,2017-07-12 20:13:51,2017-07-26 00:34:38,2017-07-26 00:00:00
4bb0dade496fdb8b82cd2fe250996451,472b42bf049d640a9187977e0836c697,delivered,2018-08-19 11:10:02,2018-08-20 11:32:00,2018-08-20 14:46:00,2018-08-21 16:41:57,2018-08-29 00:00:00
d77c90347fa4a918af7227743da9ecff,40635ca19a9ac706c671229712c6f76c,delivered,2017-09-15 00:22:32,2017-09-16 02:55:55,2017-09-18 19:52:13,2017-09-20 17:24:03,2017-10-03 00:00:00
f65a0c0fc75a9ddad01b101ed5ae2e38,3609e81d0c4d558c178307ccd23540a5,delivered,2018-04-23 21:02:43,2018-04-24 18:12:48,2018-04-24 19:58:49,2018-05-02 20:36:44,2018-05-23 00:00:00
c0c079ac0cf555703f5980f134cf762f,6d207800b2bf351d5589a2355a5b86d8,delivered,2017-12-19 13:11:33,2017-12-19 13:43:16,2017-12-20 16:52:07,2017-12-28 12:39:02,2018-01-15 00:00:00
ccb152dea072048521b3a778267481ba,cb5173b3036a9c3673dd55615fdb8083,delivered,2017-08-09 15:29:29,2017-08-09 15:43:51,2017-08-10 21:04:44,2017-08-29 19:06:54,2017-09-04 00:00:00
c9abb9f3b4b71b87bfbc5645a02cf8cc,72430ca7638959110ed1dcc035402546,delivered,2018-04-16 17:14:02,2018-04-16 18:33:55,2018-04-17 12:51:09,2018-04-23 19:26:30,2018-05-09 00:00:00
3ae04700e729d283cfd0b9d1f9fdfec6,a67b88b996ddde574b43e59664dd61e6,delivered,2017-02-25 21:39:28,2017-02-25 21:50:15,2017-03-02 14:23:00,2017-03-10 16:11:56,2017-03-22 00:00:00
4027aaf151a408af313fee7a5af64c5a,14ec0af04aab4398a904a77ac2e1c68b,delivered,2017-12-31 00:02:06,2017-12-31 00:13:48,2018-01-02 20:27:02,2018-01-09 18:15:29,2018-01-26 00:00:00
47e8f8fc6c6d0bdeb784394a599459a3,df1c0d10b952370cfaf589b4f7c615b5,delivered,2017-06-01 08:50:03,2017-06-01 09:03:03,2017-06-02 14:39:30,2017-06-09 12:25:35,2017-06-26 00:00:00
f2fc3e958c7943badc989a1f5db932b4,dbaf23b654a0bbedc2781c69f0c6f03c,delivered,2018-08-22 21:25:12,2018-08-22 21:35:16,2018-08-24 13:34:00,2018-08-27 15:21:34,2018-08-31 00:00:00
35c66e9b12fe72dbb0b8d34af424c3cf,a9e6c48378ae343339cc2c6f85fb6cab,delivered,2018-08-01 14:19:23,2018-08-01 14:30:19,2018-08-01 14:09:00,2018-08-02 19:58:20,2018-08-06 00:00:00
2a5d9a5a8aeecf75120e38f1249a32f3,e950ef013e9b3faa6329f91e341a5453,delivered,2017-06-07 16:26:44,2017-06-09 02:35:28,2017-06-12 15:03:52,2017-06-19 21:26:45,2017-06-30 00:00:00
9ce40c402845819d3d1c88eb10a41e4a,a86314eff3e69dc24f43d56010778157,delivered,2017-09-05 15:11:47,2017-09-05 15:24:21,2017-09-06 14:32:16,2017-09-11 17:43:47,2017-09-18 00:00:00
416c076dfc39af8d2ac638a07641414a,ef9b3510ba80873dd2e3fd3984ad1665,delivered,2018-08-11 09:50:14,2018-08-11 10:04:39,2018-08-15 12:49:00,2018-08-22 23:03:33,2018-09-05 00:00:00
b7bad41b595c73cedf79fe679bf246d9,60fabe9f92e0b77b6925cdc291cb5b96,delivered,2018-07-15 17:25:45,2018-07-15 17:43:59,2018-07-18 12:31:00,2018-08-01 01:52:32,2018-08-13 00:00:00
f630b65d93478030e826b3a84804eb44,16187b81e2a6985dfa773e06a9f4eb8d,delivered,2018-04-16 15:17:00,2018-04-17 05:55:21,2018-04-18 22:21:19,2018-04-19 22:21:35,2018-05-03 00:00:00
05535f67cf6802000ad3107136cff4bf,4b339b812b88b697ecbe6f20baae7e99,delivered,2017-09-14 14:53:35,2017-09-14 15:05:57,2017-09-15 15:54:58,2017-09-21 19:09:28,2017-10-02 00:00:00
b87f290b049eb668936a0f94149a1e2f,db58f016ec3ff9d07bff3e50c9ac6f50,delivered,2017-05-22 10:03:07,2017-05-23 04:15:27,2017-05-24 05:21:35,2017-05-29 21:09:52,2017-06-13 00:00:00
6e9a1a1213572dd3cde6887df64df77b,f0536d444683d894060a91bbb434fe2b,delivered,2018-02-06 11:53:02,2018-02-06 12:13:02,2018-02-20 13:43:53,2018-03-14 00:08:23,2018-03-22 00:00:00
64c233aafb76618a84c4a3af54e79bb9,696bfeb907ce8c2682f82762a6ba2366,delivered,2018-05-05 19:57:21,2018-05-08 04:35:51,2018-05-09 11:33:00,2018-05-15 17:24:42,2018-06-14 00:00:00
1710114c1a278545964b28b49d85a2a4,fa1b9531a23ed747b30acc5ff7bf4f54,delivered,2017-11-24 14:18:31,2017-11-28 03:33:35,2017-11-30 20:28:34,2017-12-08 18:51:16,2017-12-14 00:00:00
6620ebb2d24058461a5605a2aa2c6375,c8c018e212ca340cf5be63635e834e25,delivered,2018-03-12 14:43:29,2018-03-12 15:01:35,2018-03-20 16:48:45,2018-03-26 14:08:34,2018-04-19 00:00:00
0ceec07de9db57c3d2ba32e4fa1fd8ed,324af05f4849ced7fa7bd242fd8c4900,delivered,2018-02-08 16:20:19,2018-02-08 17:07:26,2018-02-09 23:46:42,2018-02-23 22:39:21,2018-03-07 00:00:00
7aaa96d3d1295c540305278952da9e7b,e4896be76a13751b29781085cd8fee98,delivered,2018-01-08 01:12:18,2018-01-08 01:27:31,2018-01-10 13:29:50,2018-01-31 22:53:31,2018-02-23 00:00:00
1f6e38ed623eb80e0fa388787c9ae848,d3e263085cc78ecf28bbb1e0c0850e33,delivered,2017-04-28 09:14:57,2017-04-28 11:44:33,2017-05-04 13:49:50,2017-05-11 11:59:56,2017-05-24 00:00:00
ee4400c5937463920eed95003b8fd459,ca266cfd5f21fa533d2f62ece8ae9844,delivered,2017-12-01 18:24:26,2017-12-04 18:30:26,2017-12-06 16:58:58,2017-12-14 00:14:18,2018-01-02 00:00:00
3ea82ad47a5a11ed6d1cb5e1e8343b9a,5fc7418ce4819fe3478f17feed6e5c71,delivered,2017-12-31 12:43:46,2017-12-31 12:50:24,2018-01-02 18:07:10,2018-01-24 12:14:39,2018-02-05 00:00:00
b5796047f40aa1f6a7b80f8a8e35fcbf,0834d7fee4edc0f82156d04a45272531,delivered,2018-08-18 12:45:56,2018-08-18 13:09:11,2018-08-24 14:30:00,2018-08-25 12:36:31,2018-08-30 00:00:00
0583f502e04564cfe79eb0e4f5939729,eac5c7df93a1df2256f7b1ef0e5b9e71,delivered,2018-02-11 12:51:07,2018-02-11 13:08:46,2018-02-14 11:42:58,2018-02-28 23:17:50,2018-03-09 00:00:00
05c7aa3928dd1b25667ba59cdc277505,63eaea1a0349793e34d1227d845d1f99,delivered,2018-06-12 08:19:14,2018-06-14 02:39:37,2018-06-21 05:31:00,2018-06-25 19:06:11,2018-07-17 00:00:00
030106c028266ae3345eb9bf6dd790c1,7a4d4a91643c3ed808af700c41364e3e,delivered,2017-12-24 17:00:47,2017-12-24 17:11:22,2017-12-28 17:36:51,2018-01-05 00:58:53,2018-01-19 00:00:00
b072d6d510b1444975b212db037ab429,bf9756f8172240e70bdf6b8474b9f3ee,delivered,2017-07-24 15:06:24,2017-07-24 15:23:36,2017-07-25 22:21:40,2017-08-04 20:33:05,2017-08-16 00:00:00
913677abacbcdc2b2f18b3ec362a0cdd,621c4375f33e843ba4111a6fc493fd0d,canceled,2017-04-09 11:42:18,2017-04-11 03:45:22,,,2017-05-16 00:00:00
2853618de7610a6cb28d21b99bbb4dfe,1c656e83baed5d0044cf64449d4d4d39,delivered,2018-01-27 21:20:17,2018-01-30 04:31:08,2018-01-30 20:18:40,2018-01-31 18:38:58,2018-02-19 00:00:00
4316640980023505d9d103d3040a85a5,0702faf732d0bf1539d8808806133ab0,delivered,2018-01-07 08:31:39,2018-01-07 09:31:24,2018-01-10 18:37:18,2018-01-11 20:10:11,2018-01-24 00:00:00
d447462f58938dfc50467353f88655cb,79f89bb6e2b2dd5e459520e2622eb135,delivered,2017-04-30 18:02:27,2017-05-03 14:25:41,2017-05-04 16:09:35,2017-05-17 14:57:41,2017-06-06 00:00:00
4a5a1f0d3ea7bba1b88f2d68e80e4189,4927883c993298a88d03d81f70052459,delivered,2018-08-21 12:29:54,2018-08-21 12:50:24,2018-08-22 10:46:00,2018-08-28 00:52:29,2018-09-05 00:00:00
eef276c7d2a8add364316e714f060623,c79c8d356d92bb1b74efb6c4a7766527,delivered,2018-01-26 15:10:11,2018-01-26 15:40:12,2018-01-29 23:32:23,2018-01-31 19:53:08,2018-02-09 00:00:00
2177c383835d2102aaffabf80638aa19,ce11c5da877465175182c9082327755d,processing,2017-05-09 11:01:12,2017-05-10 02:42:49,,,2017-06-14 00:00:00
86c6e56273d0ef4bd22ba9fdeac0a439,8e48478c4e940ece3f60237f748b9091,delivered,2018-01-14 20:26:38,2018-01-14 20:36:23,2018-01-18 21:14:24,2018-02-02 13:18:23,2018-02-05 00:00:00
5784dd3f2dfc12119aa244a42ed18b9c,d566b2a7d9a57d0a5b512388c7fc200d,delivered,2017-06-14 00:58:04,2017-06-14 01:10:14,2017-06-14 17:17:38,2017-06-22 15:27:01,2017-07-10 00:00:00
5e5fed142a552be6d6f1e04a800446d6,767e7728e2f0597fadd6651fae991b42,delivered,2018-02-10 00:23:51,2018-02-15 04:11:48,2018-02-21 20:27:09,2018-03-16 21:48:37,2018-03-12 00:00:00
0b47f5e9432bd433f8c5cf64e60e6e5f,90bd3163f91abddea340d03ca4eaf140,delivered,2018-08-07 11:08:50,2018-08-07 11:24:58,2018-08-08 15:01:00,2018-08-15 21:28:31,2018-08-29 00:00:00
18e91442199add8db6ce7be9b2c51760,aa6ea53126c88a731fd84dec4d4f3500,delivered,2018-02-27 23:41:31,2018-02-27 23:55:36,2018-02-28 20:52:43,2018-03-15 18:04:07,2018-03-20 00:00:00
ae7dc97e75f7b915af6ef838d96df18a,84b76e9f9c9791f2ca2756bf99e471b1,delivered,2018-05-16 18:03:37,2018-05-16 18:16:50,2018-05-18 10:37:00,2018-06-04 21:18:45,2018-06-12 00:00:00
3339caccb4f94a45abaf8ed1990cfc36,9a862d529004b7051c686f79baba08fd,delivered,2018-01-22 15:42:00,2018-01-23 03:52:50,2018-01-24 10:24:59,2018-01-26 20:09:19,2018-02-06 00:00:00
947f3467c45aa7dbbf64b2b6fc5dc3c6,6b1155994bef28cfc2294616b033dfcd,delivered,2017-06-14 09:03:12,2017-06-14 11:02:26,2017-06-20 17:41:02,2017-07-06 16:03:22,2017-07-13 00:00:00
85fb2afed45145db40381a894fed8d1b,9aa7354b0719e5e51822b84828b73dd5,delivered,2017-02-09 23:51:22,2017-02-10 01:05:22,2017-02-10 11:34:12,2017-02-21 13:09:10,2017-03-16 00:00:00
a10025dad19bcbddfb29902513f39ca3,1a6fdce580e785d2b1348c0efd45504e,delivered,2017-03-28 15:29:43,2017-03-29 02:10:34,2017-03-29 15:24:05,2017-04-04 15:32:02,2017-04-19 00:00:00
ae15bf1ddb1e3e96132e81c6c7fbf7fe,3771dfd1e9b145a2459775515f01d34b,delivered,2018-03-18 09:54:31,2018-03-18 10:08:01,2018-03-23 13:44:36,2018-04-25 00:03:53,2018-04-13 00:00:00
d62cc2763a30054a5d55992b3c88d3d4,736c8aa786302c5d61fc8502ccba8586,delivered,2017-07-11 22:53:31,2017-07-13 00:50:13,2017-07-13 11:42:45,2017-07-14 15:58:34,2017-07-24 00:00:00
333e8c69214e02d9be6bc5b7a3e4202b,5fa1a866e30c0512c4bd4daac4da1979,delivered,2018-04-27 15:48:26,2018-04-28 02:51:43,2018-05-02 16:11:00,2018-05-04 19:51:57,2018-05-11 00:00:00
11c9715759819d9b4a3b7708111b3a74,768fc1fbc64588a761d7c91844052984,delivered,2018-07-25 16:09:10,2018-07-26 03:25:16,2018-07-26 11:33:00,2018-07-30 15:21:31,2018-08-08 00:00:00
ab208b143122e9e71bd46dbe322baf85,29b458c3156da95a3f75c5f92ae6826c,delivered,2018-06-23 19:11:29,2018-06-23 19:39:07,2018-06-25 14:07:00,2018-06-28 17:18:48,2018-07-18 00:00:00
1fbb2db5f09b8f2fe37fb58c85d2e301,29be48f5de0efaa0edc2d8741bd6a218,delivered,2017-12-05 08:49:10,2017-12-06 02:35:38,2017-12-07 19:59:04,2017-12-20 18:44:40,2018-01-02 00:00:00
01311f2795d8463a11f9422173687696,4292ad887342214c93ed734b90355ce8,delivered,2017-10-25 16:10:01,2017-10-26 03:08:40,2017-10-27 11:45:44,2017-11-07 18:53:52,2017-11-17 00:00:00
4dacdd4bc2de0f5f0aa9e11a735e8e33,c19f7a6ff12999a4f736969f058f84af,delivered,2018-04-13 08:56:04,2018-04-13 09:11:57,2018-04-13 18:52:05,2018-04-19 17:37:55,2018-05-08 00:00:00
b9a9e9876a24264089b78553266b219f,e6284a431f7260e6418bb080d3176809,delivered,2018-01-17 14:42:01,2018-01-17 14:52:31,2018-01-18 21:46:29,2018-01-19 19:52:45,2018-02-01 00:00:00
17a99f37c9e5cdf9e15df2b7d7e4df3a,ddebb2c1ef54d5d045ebfa082cf869da,delivered,2017-10-01 22:25:26,2017-10-01 22:35:24,2017-10-03 15:28:57,2017-10-09 21:44:30,2017-10-18 00:00:00
29867728eef5282c4181cbed99246268,3306b138f542d4f9ad7d9b59ffe3b83e,delivered,2018-07-15 15:34:42,2018-07-17 07:31:35,2018-07-18 13:28:00,2018-07-24 18:32:05,2018-08-10 00:00:00
5342b9531898bc55c9af92a2c49dbfba,2d48c2c84b9087df5df0815193fa1ed6,delivered,2018-04-11 18:23:36,2018-04-13 13:30:14,2018-04-18 17:46:51,2018-04-24 00:06:49,2018-05-09 00:00:00
fd8ae066cb36d75d6a3679bb30370c39,5a7c460ee5e0b6156ebbe1e50c74cb2d,delivered,2018-08-07 21:54:25,2018-08-07 22:05:20,2018-08-10 12:02:00,2018-08-16 16:18:45,2018-08-22 00:00:00
87fd335973d9705b9c82ee68d314a8c5,190b3a7bceb7d7529c7013d8d25202ad,delivered,2018-05-02 13:52:23,2018-05-02 17:54:03,2018-05-03 10:33:00,2018-05-04 16:04:27,2018-05-18 00:00:00
81dbb577a47365babeaa44fe4f9a5666,1b4ad35cb1feaa66c6c7e1cca7efc4c5,delivered,2017-11-29 17:44:25,2017-11-29 19:16:51,2017-12-01 21:54:31,2017-12-08 16:06:59,2017-12-27 00:00:00
962f38a7552486ed03fe72fb4ddcfaee,b9c44a9648797a0f874382d85596da91,delivered,2017-09-21 16:34:52,2017-09-22 05:36:14,2017-09-26 20:31:47,2017-09-28 20:06:48,2017-10-13 00:00:00
9d32e14ab99f206e6f8f2b6ad13baabf,ff73a759cba534dba02faaffdeb00e61,delivered,2018-03-09 12:01:33,2018-03-09 12:15:33,2018-03-09 21:55:20,2018-04-03 20:26:24,2018-04-06 00:00:00
6e52fe67778a12f079296a3d416ebe86,634a4e35cb377fa096c26eaee2add85a,delivered,2017-12-10 12:24:17,2017-12-10 12:31:23,2017-12-11 16:45:06,2017-12-26 14:42:39,2018-01-04 00:00:00
f3290f4b0c78e37eff2ade0174b0c307,986faab8e9af39855911d39d9d6e9a8f,delivered,2017-04-27 17:58:30,2017-04-27 18:10:23,2017-04-28 13:32:10,2017-05-12 14:32:41,2017-06-07 00:00:00
c9f8b15e667ca2f541bf3e608b5c1192,bdb07c4ef56b510b835265bfdfbe8319,delivered,2018-01-08 13:14:48,2018-01-09 07:27:34,2018-01-11 22:39:14,2018-01-18 15:24:31,2018-02-14 00:00:00
dfa89510eb5c9e15b363ec8395e702c1,06267fe0dcca48cbd55db1d8518bdb38,delivered,2018-01-09 02:10:23,2018-01-09 02:19:53,2018-01-10 16:30:15,2018-01-13 01:05:34,2018-02-07 00:00:00
d0ddded2fb44f032154b6149cce5e2e6,5f3789bef735a3dd4cc9a85f08b69fc5,delivered,2018-03-15 19:10:03,2018-03-15 19:20:40,2018-03-17 01:58:32,2018-04-18 18:51:58,2018-04-10 00:00:00
f28d2797b047549663f2e82b4afbdc1e,fa60dc846cc1ab755dd1768fc500b400,delivered,2017-04-06 18:47:46,2017-04-06 18:55:12,2017-04-10 14:24:52,2017-04-12 08:22:43,2017-05-19 00:00:00
a62bfc6bc99b59ccb234aa5366297fcb,32db8bd14561bd687e2264e7aa7a372a,delivered,2018-02-27 09:28:49,2018-02-27 09:48:17,2018-02-27 20:39:07,2018-03-05 14:47:54,2018-03-22 00:00:00
6582cf66806f42b2efd341d44fb384f4,e6483e4d87d4b29e45d299d8c2cce5c9,delivered,2017-06-08 08:52:19,2017-06-08 09:55:07,2017-06-08 14:07:55,2017-06-19 18:30:02,2017-06-22 00:00:00
2204bbb697844bd29a5e76a067ca97bc,40fb1854bd3c770f504f315619aa2805,delivered,2018-01-17 13:42:20,2018-01-18 02:11:13,2018-01-18 22:04:25,2018-02-03 12:27:30,2018-02-07 00:00:00
cf7cd0f395801ff5971596509470129c,1f465a9c67eae2c93ea1dd105785b9a6,delivered,2018-04-24 06:54:18,2018-04-24 18:59:16,2018-04-24 21:45:50,2018-05-08 16:52:39,2018-05-25 00:00:00
dacd9ea86285f197d0b7495e8af14781,1ee7676535dc405dbb88977050668100,delivered,2018-04-18 20:51:20,2018-04-18 21:11:15,2018-04-19 18:35:29,2018-04-30 21:17:21,2018-05-28 00:00:00
b081a26ca9566254713995a623e0941e,49c03cf95fc171d13848ae72107de156,delivered,2018-08-06 16:49:19,2018-08-07 16:45:22,2018-08-09 12:45:00,2018-08-16 21:28:45,2018-08-16 00:00:00
7511a8e7c7e991e0e129c3fa111404c4,d5667e555d7e4093f1470362e13f37ca,delivered,2017-08-04 19:02:19,2017-08-05 03:05:10,2017-08-11 16:17:58,2017-08-25 21:41:38,2017-09-05 00:00:00
fbc32bc4a800352a5c9d8a57828b4727,d81c79479192992a07033707560d6598,delivered,2018-07-12 00:29:41,2018-07-12 00:46:07,2018-07-24 14:13:00,2018-08-09 18:03:38,2018-08-09 00:00:00
77123692722eeb90408b713bf016651f,524987dbd2ce54fb339152d74a265232,shipped,2018-02-23 12:18:03,2018-02-27 04:31:15,2018-02-27 18:11:55,,2018-04-17 00:00:00
c57d4208bbf0984e623a7f5dc58b99ef,196eb7a5f5948157db8803bf9a4ea2bb,delivered,2018-04-18 13:40:18,2018-04-18 14:35:13,2018-04-20 00:41:37,2018-04-21 01:22:03,2018-05-07 00:00:00
1dc15f1603f062d0d4b587b55dea3006,3c39516a1b33d6d890f3d1094267e54e,delivered,2017-12-09 11:17:34,2017-12-11 11:12:41,2017-12-21 15:49:41,2018-01-04 20:44:42,2018-01-18 00:00:00
e96343d353d85658fdfef8ba65b57ea9,6e4b305e5412b2204719639379f38b35,delivered,2017-06-02 14:34:31,2017-06-02 14:45:16,2017-06-09 18:26:38,2017-06-28 10:36:47,2017-07-05 00:00:00
ec902ac3921edfeace159efd4f973840,d0c3324f488ecab081d2b40e9cc7ff52,delivered,2017-10-13 16:10:18,2017-10-13 16:30:46,2017-10-19 21:45:46,2017-10-26 17:45:31,2017-11-03 00:00:00
7dbe3b6d08b31967f83f9c26988bd7c7,9a2c29ec1dc69081f67b635a67e36231,delivered,2018-04-19 20:58:43,2018-04-19 21:10:16,2018-04-24 21:45:51,2018-04-27 22:38:30,2018-05-14 00:00:00
8712dadcec00a4826a72ac3431a3ced1,1292d40b311ed71dfb5ee06f351b6fc1,delivered,2017-09-15 11:44:50,2017-09-16 02:55:54,2017-09-21 11:44:02,2017-10-03 22:42:09,2017-10-11 00:00:00
f3cd6fd2bd9ec528bdd3a45d423636b9,ef81ebfc786a732f1f6df171799c30a5,delivered,2017-03-03 19:34:38,2017-03-03 19:45:16,2017-03-06 10:08:40,2017-03-15 11:41:52,2017-03-28 00:00:00
0487007c18089d38f1492091945d7ba8,5cbe9410f3ea413f95d0858d75f0a42c,delivered,2018-06-04 15:00:32,2018-06-04 15:11:36,2018-06-05 13:14:00,2018-06-08 16:48:40,2018-07-05 00:00:00
78135b03c6d7a39f10996624b9baf92a,13f086098e5127ccae2a020e4fabbdc5,delivered,2018-05-20 22:30:17,2018-05-20 22:58:14,2018-05-21 14:52:00,2018-05-23 16:16:22,2018-06-06 00:00:00
b3c22881ab836451fc66d6cbf6a2083e,c027cf60049626bfb9eff599becb848a,delivered,2018-07-13 22:03:58,2018-07-13 22:24:00,2018-07-16 14:23:00,2018-07-25 21:35:01,2018-08-03 00:00:00
75b01078ad5e499d81b6b0f33cfbbf66,08e5b7d999d037498bb7f2b3ffa1ef68,delivered,2017-12-25 12:34:48,2017-12-25 12:48:47,2017-12-26 21:06:28,2018-01-06 14:16:00,2018-01-26 00:00:00
b560c6ec87e95f7414ff53cb57b58a12,7466b6283519a7725a8a30cd00f8784e,delivered,2017-12-06 14:20:01,2017-12-06 14:32:05,2017-12-07 21:09:19,2018-01-15 11:39:10,2018-01-12 00:00:00
8634ecf96bfb8450dd73fd6596ec4f3c,657f5be43b148515a98a49797306291a,delivered,2017-09-18 21:39:05,2017-09-18 21:55:09,2017-09-19 16:27:21,2017-10-04 20:48:51,2017-10-16 00:00:00
581b53cbadd804220b785d243c6b0ccd,e56af368707175509455ff15952b61bf,delivered,2018-06-14 21:18:25,2018-06-14 21:36:55,2018-06-15 12:40:00,2018-06-20 20:58:36,2018-07-05 00:00:00
35168c4d0ad93a212d42d3fea68932e2,28b0260ad5c1c14102f3a9ec3ab5d6be,delivered,2018-04-12 09:08:01,2018-04-13 12:50:09,2018-04-16 17:32:27,2018-04-23 16:38:42,2018-05-14 00:00:00
cdf1adfa9a3cf815978e278a6f1cd705,5f7d5e6954344544f7d565f0520bcf72,delivered,2018-02-01 17:20:27,2018-02-01 17:35:25,2018-02-02 22:18:35,2018-02-09 21:58:49,2018-02-26 00:00:00
6cee580f42792d77f81c03cf6aa73423,bc544aa58e763853480832008085049b,delivered,2017-04-26 16:09:48,2017-04-28 11:47:04,2017-05-15 12:48:50,2017-05-18 12:36:48,2017-06-01 00:00:00
3e60f029bab712985ebe5bb542730b6e,4b71d940f437dc0b0cb9729a13b3d644,delivered,2017-07-16 09:44:42,2017-07-16 09:55:14,2017-07-26 11:14:25,2017-07-31 14:04:10,2017-08-14 00:00:00
85b8899fd1383f7177fe622d29f09272,16f09deb508bd78385f0589498ded0be,delivered,2017-09-25 22:52:48,2017-09-25 23:07:59,2017-10-18 19:28:42,2017-10-24 14:33:28,2017-10-25 00:00:00
ab76f54a321a0431ef243b3b6865078b,f89df6ef365783b667b626aeaffc5e2d,canceled,2018-02-04 12:25:42,2018-02-04 12:51:26,2018-02-06 23:21:57,,2018-02-21 00:00:00
20b44662cba0e4e87a3d794343c1076c,7b5d53fbb685d0f2dcc5cd1e77d29972,delivered,2018-02-19 20:52:08,2018-02-19 21:26:43,2018-02-22 05:35:01,2018-03-07 02:08:28,2018-03-13 00:00:00
35123d3f1c7606f81eb9b60272f907df,0fd45421dff2a32e42a61c73ffe2ad90,delivered,2017-02-01 09:12:31,2017-02-02 02:55:32,2017-02-06 15:55:14,2017-02-13 09:22:34,2017-03-08 00:00:00
2694d5d93827eee9e3b4c2d4287c605d,f73659091d1789c9a866de63725a5e4b,delivered,2017-03-18 11:49:25,2017-03-18 11:49:25,2017-03-21 15:54:31,2017-03-31 11:10:02,2017-04-12 00:00:00
c3ac4b19799a35a01102113da6feb6bc,df4f07a5f5156cebd0e1a5aa69206b2a,delivered,2017-07-25 10:57:26,2017-07-25 11:10:07,2017-07-27 14:17:51,2017-08-01 17:15:56,2017-08-21 00:00:00
5d146abaaa0996f8cabcb5a3fa96bad7,4ceb21edf64c0b960eafca68dab32de0,delivered,2018-01-15 09:18:38,2018-01-15 09:29:58,2018-01-15 19:48:04,2018-02-09 02:14:01,2018-02-06 00:00:00
c24d2f7d4ac8f5e961e730da59972c7d,7b6ea917ba465f240012834c675c56e5,delivered,2018-05-14 20:19:18,2018-05-14 20:37:51,2018-05-15 13:55:00,2018-05-18 18:08:35,2018-05-28 00:00:00
7955751dd5fe4fe14b9e9a89fa14e917,76415e81abc523b46c62fee99e7a7533,delivered,2018-03-20 09:24:44,2018-03-20 09:35:30,2018-03-22 21:22:11,2018-04-02 13:40:27,2018-04-06 00:00:00
c05e92bb9bfed43c6e5b6d3723fbcc2f,236bb83b33c437ad931a944fe9f8c659,shipped,2018-06-16 19:26:26,2018-06-16 19:58:18,2018-06-18 14:01:00,,2018-07-27 00:00:00
a30f5af56b85e9f22df0e5686c66a627,5ef1f0dcf26b5aa4f4838ea2e1a9634c,delivered,2017-12-04 15:58:53,2017-12-06 02:39:26,2017-12-07 15:28:58,2017-12-27 14:47:30,2018-01-02 00:00:00
49e4b99628268d2b4f089f0662e13195,76a2c465801a86857ade2a8da9852345,delivered,2018-05-15 15:59:01,2018-05-15 16:15:42,2018-05-16 14:48:00,2018-05-17 23:25:46,2018-06-01 00:00:00
b031da90f1946edd12ee2587d53c667d,f976a6aa7c97f6713c9b39e5bd74e04d,delivered,2017-09-15 19:07:54,2017-09-15 19:24:39,2017-09-22 20:13:02,2017-10-02 19:09:09,2017-10-09 00:00:00
81c2a9cc7a5d970fa1cb04443002088b,6bba6f64977c6b367a97039f2cc7cc64,delivered,2017-11-27 07:36:22,2017-11-28 02:58:53,2017-11-28 23:59:00,2017-12-01 00:28:24,2017-12-11 00:00:00
d015219f23681e41543e3db6504a4865,7ee8a4fb1f82a72a8be3b69fccb683b6,delivered,2018-06-25 16:14:54,2018-06-27 08:55:36,2018-07-05 09:41:00,2018-07-11 17:52:03,2018-08-01 00:00:00
728d26031c8d87b8929e8cf76090d110,fd5393323e19659e5e5488144aac78a3,delivered,2017-12-05 00:08:41,2017-12-05 09:47:12,2017-12-06 13:07:25,2017-12-18 14:52:19,2018-01-03 00:00:00
f2a6e4114bb3100fe47a10d807079082,0f070cc92828460113c3fa4bc1d16968,delivered,2018-05-01 19:58:56,2018-05-01 20:16:06,2018-05-02 14:39:00,2018-05-08 15:33:19,2018-05-23 00:00:00
0ae08ad3fa90d3854fb8e22472d9b1a0,eb71557f1184513989581773d1afc0d5,delivered,2017-08-07 20:01:47,2017-08-07 20:45:19,2017-08-11 20:47:41,2017-08-16 19:52:15,2017-08-25 00:00:00
b643582fcd5b151f498b5383a0195f33,84e743e64c00de51fbca1961b407c3e1,delivered,2017-03-19 18:17:53,2017-03-19 18:17:53,2017-03-21 15:31:40,2017-03-27 08:42:28,2017-04-13 00:00:00
3f70fa55743ebe05b4b94594c082dfc4,f1a1234261d38d95d541baa1d73d3057,delivered,2017-12-13 09:19:40,2017-12-14 02:12:07,2017-12-14 19:58:36,2017-12-26 16:53:37,2018-01-09 00:00:00
d140e3b2c8717b000f1ea33c496480e8,3cbddb468c2c94411d34e16e19446cf8,delivered,2018-01-24 10:30:20,2018-01-24 10:57:11,2018-01-24 20:36:46,2018-02-27 20:52:31,2018-02-16 00:00:00
9a92634d7c186b507d82bd00823929a2,6d68392b4769c127c8bff89994d745e3,delivered,2018-04-18 13:01:38,2018-04-18 19:12:41,2018-04-24 17:26:47,2018-04-26 01:44:48,2018-05-07 00:00:00
4d52cfe3ad25169d39fe5e6f99d17e2c,67b040308c4180844a54dea16ef1c5eb,delivered,2018-04-03 12:26:04,2018-04-03 12:49:05,2018-04-05 00:42:49,2018-04-13 16:46:31,2018-04-25 00:00:00
57cb57d559e32eab26b8eeaec5514b3b,2edac855eba5bea5a8c13af1630a078a,delivered,2017-11-24 22:03:26,2017-11-25 01:31:36,2017-11-28 14:09:42,2017-12-11 18:59:47,2017-12-21 00:00:00
f765267bcbede7982c8ecdbe594fa249,01e44a7a40e6456dfdcab17b65106fe4,delivered,2017-06-13 11:17:34,2017-06-13 11:35:48,2017-06-13 15:04:36,2017-06-23 10:42:47,2017-07-13 00:00:00
cd317fc34a4ea25ea8d1743f003712ac,9624e8e47226d31aa58b9628299e6a76,delivered,2018-03-06 11:39:57,2018-03-06 11:55:36,2018-03-07 21:18:53,2018-04-03 17:42:34,2018-03-23 00:00:00
5d84669999cbca120d2d557e6995ee80,9969ad5edcaec4c09cd4e4021d5feed9,delivered,2018-08-15 22:16:05,2018-08-15 22:44:11,2018-08-16 11:52:00,2018-08-27 14:58:45,2018-09-10 00:00:00
ccab2293e0214590eace61fec5947f04,1b9fe118281922def1e4e536fa317d71,delivered,2017-10-16 12:20:08,2017-10-16 12:39:28,2017-10-17 21:56:42,2017-10-24 20:17:36,2017-11-03 00:00:00
915e2d730ef38d45a41bad2a89f88950,fdb0f83896fae5207bdd32d4f3d9fe48,delivered,2018-06-15 15:23:48,2018-06-15 15:37:59,2018-06-19 14:26:00,2018-06-26 20:38:49,2018-07-05 00:00:00
4e2b00bfdaa0253f5d2836299868634a,54f4999e6a74c50d068be44d1fdef23e,delivered,2018-02-15 19:05:56,2018-02-15 19:26:13,2018-02-16 17:27:42,2018-03-07 19:09:40,2018-03-09 00:00:00
7540eaa703ba0f9ab8cfb6ce7291a83b,57d3993957c67b16b2ed5bc02f65a2b7,delivered,2017-03-18 11:59:46,2017-03-18 11:59:46,2017-03-20 11:57:39,2017-03-29 20:18:05,2017-04-10 00:00:00
56c93a3f93a1e7eb24ed51a6931dc488,d375691b753ce7bc99190bc08b813003,delivered,2017-05-26 07:36:03,2017-05-27 02:50:20,2017-05-30 11:34:23,2017-06-05 19:05:47,2017-06-20 00:00:00
07ba523a0c48b0ae0920551684e13ab9,b9657b7cc5027452b17e328656a8d069,delivered,2017-08-08 20:29:44,2017-08-09 20:23:32,2017-08-10 20:17:56,2017-08-18 22:49:40,2017-09-05 00:00:00
897fab0704eda65c69520010b02a3fee,4514de42f20ab295bfb4509ce083b763,delivered,2018-05-07 16:24:23,2018-05-07 17:56:11,2018-05-08 06:32:00,2018-05-18 23:51:13,2018-06-05 00:00:00
b4a90f27b4f23868d8fc84e9dceb125b,e3fa22e3272e681790daa32be5a29243,delivered,2018-08-14 00:34:17,2018-08-15 03:35:19,2018-08-15 15:10:00,2018-08-22 14:38:42,2018-08-23 00:00:00
1d748fa1652f04b064b6cf65739b04dc,5f8b4882b5a4ec7bf6d2107e6cd0cf29,delivered,2017-12-05 12:56:13,2017-12-06 02:35:38,2017-12-12 19:51:56,2018-01-09 12:20:41,2017-12-29 00:00:00
81d6162a00e7332a42e9f26375953d74,0fd081a171ad9381ac6327931d84b277,delivered,2017-09-08 12:06:19,2017-09-08 12:23:37,2017-09-08 20:05:09,2017-09-14 20:57:49,2017-10-02 00:00:00
7f3be76847c89f58b912a7adf2d77f3e,e5f43d2dfc237da9e9d075c5a893989c,delivered,2018-06-08 22:25:22,2018-06-09 08:58:40,2018-06-11 08:36:00,2018-06-19 20:59:34,2018-07-04 00:00:00
6255b494d1f33dd8dc68c7e80c4a7119,7676a6b51ce4574665467c5c9987eea0,delivered,2017-12-04 16:55:45,2017-12-04 18:30:43,2017-12-06 20:43:02,2017-12-21 00:58:51,2017-12-29 00:00:00
55cb20782f4a6b0174ea7afdb736265c,41d9228d4afa508a91c5fc354ce6bca1,delivered,2018-07-31 00:23:09,2018-07-31 01:00:09,2018-07-31 15:00:00,2018-08-03 19:12:13,2018-09-04 00:00:00
5814c4efa071d212c5b84498d9ca5809,1bb5205b5301fb7f65cb391f83869615,delivered,2018-03-07 09:02:41,2018-03-09 02:30:57,2018-03-16 01:56:30,2018-04-13 17:28:50,2018-04-02 00:00:00
ecb4d57a1f4dabdb34dcc3ddba82bc51,e6654f45929f2f4f59db8fee5b39b7f5,delivered,2017-04-28 18:08:44,2017-04-28 18:22:58,2017-05-03 15:47:34,2017-06-14 13:17:48,2017-05-26 00:00:00
6135f38f4bb6d100bd3b064ccaddf7b8,1ce6087cfb4834e9ec5e9ed3941448f1,delivered,2017-11-24 07:15:45,2017-11-24 07:49:36,2017-11-28 17:12:42,2017-12-01 22:07:06,2017-12-08 00:00:00
e080fb7aef4b2d5905e95cfbd4ddc138,8d1428dafa8c8d8018df598ec6fb9428,delivered,2018-03-22 21:29:11,2018-03-22 21:47:18,2018-03-28 01:32:23,2018-03-29 20:54:33,2018-04-04 00:00:00
d08c7396fb82ad39db681f6692a7e112,6dc42edfeaaea7b6dd6bb759d731d1f4,delivered,2018-07-02 09:59:59,2018-07-02 14:50:35,2018-07-03 11:11:00,2018-07-12 00:44:30,2018-07-25 00:00:00
800e1eb8758f73d800f1a4c6fbad186b,8eae9b7ce7fe19155f390b90d7f1f750,delivered,2018-02-26 16:51:46,2018-02-26 17:11:13,2018-03-02 01:21:27,2018-03-13 20:24:21,2018-03-16 00:00:00
3a096d99346df2d6c043165967ff011d,0e8332eff7b8fa0210bf0350bd2fd5d3,delivered,2018-06-12 16:59:53,2018-06-12 18:08:09,2018-06-13 10:16:00,2018-06-20 11:18:37,2018-07-18 00:00:00
61d54e16685b5da6db2e220e6588c376,21ce8c10c9805097875674f79709391b,delivered,2018-07-18 11:43:20,2018-07-18 11:55:16,2018-07-20 11:12:00,2018-07-25 15:26:28,2018-08-14 00:00:00
71081f5935795063b2da072531dcd1ae,d8b3ef6f73de33ae716e94d2478cc080,delivered,2018-02-18 22:08:48,2018-02-18 23:26:51,2018-02-20 11:05:07,2018-03-29 18:57:09,2018-03-22 00:00:00
03059ebda0b2ad61612b300fe34ed8e2,82b07eb04567873d275e64c6517407aa,delivered,2018-05-10 21:57:31,2018-05-10 22:17:01,2018-05-11 10:53:00,2018-05-30 18:58:39,2018-06-05 00:00:00
9b868eea4222da7b3b56036ba3412cdc,c36a266acdb217c575a4ece200f88952,delivered,2018-04-16 14:08:56,2018-04-16 14:51:15,2018-04-23 19:03:58,2018-04-28 11:48:49,2018-05-17 00:00:00
a23d281315a434afd0b7bf492ce6a579,ed41fe754f77becd2c70896dcc967aa0,delivered,2018-01-24 12:34:44,2018-01-24 15:18:24,2018-01-29 09:53:09,2018-03-07 22:45:09,2018-02-20 00:00:00
b55b34e107238df26137bc117f892827,d28767001f8090e62a952170fab647e7,delivered,2017-12-06 22:55:35,2017-12-06 23:12:50,2017-12-08 23:48:20,2017-12-11 17:29:20,2017-12-22 00:00:00
2c6d44f01372a531867c811ec5417ef2,3598960a3a0a4f66538e48e4335c3e1c,delivered,2018-03-08 09:55:44,2018-03-08 10:10:27,2018-03-13 15:34:55,2018-04-02 10:56:40,2018-04-19 00:00:00
11b2c36a481a4272681684f4b09ffabe,5ac5afb9030ae1388a544ef344997cbb,delivered,2018-07-31 22:32:36,2018-08-02 05:15:21,2018-08-02 15:32:00,2018-08-09 16:42:40,2018-08-24 00:00:00
57f6d3bb73ed5867cdf53c4acff3f994,73afc72acd21df38d6370f85e399dc31,delivered,2017-10-02 08:53:47,2017-10-02 09:07:12,2017-10-03 15:45:33,2017-10-25 18:29:00,2017-11-08 00:00:00
a36ab298e151e229a2d1cb6bb0e5839a,947726cce590ac43ebb3ddfc6f361726,delivered,2018-03-31 18:54:48,2018-03-31 19:10:20,2018-04-02 21:08:58,2018-04-13 00:48:23,2018-04-26 00:00:00
b01e3ee0b1aa883fb12d7161e3d979fc,a988a9f757ef47847e1db39244f18d50,delivered,2017-12-31 11:13:04,2018-01-03 04:28:32,2018-01-05 17:48:53,2018-01-11 21:29:10,2018-02-06 00:00:00
69b0633a7da27b8044d4d706a557f472,89ff0384f0a749ebe7b8dbf654a622f4,shipped,2018-01-02 23:55:09,2018-01-03 00:49:52,2018-01-11 22:19:20,,2018-01-31 00:00:00
ebaa42a79f2add158467770ca61a11e0,f3908b6f7fb3faf818a27d8deaa73560,delivered,2018-06-13 08:50:25,2018-06-13 09:16:21,2018-06-19 15:19:00,2018-06-22 22:32:41,2018-07-12 00:00:00
c2ddb96ac5a19ac184bc09cbd3c95522,c8ba8e335e38b67f23ff297491aca48f,delivered,2018-01-14 18:47:59,2018-01-14 19:09:18,2018-01-20 01:41:38,2018-01-29 23:09:39,2018-02-07 00:00:00
b938ac4d34d8d6e6cb9f8dbfa2042cc6,6d8b841ea5c42e4fcdd1c45ebd7db0f2,delivered,2017-04-23 13:44:53,2017-04-25 08:02:48,2017-04-25 17:25:20,2017-05-05 16:22:19,2017-05-15 00:00:00
6649d935be7a1df58b2dc3754fb17379,756fdeca18f4b3e84fa1123a3b967a26,delivered,2017-07-23 13:03:42,2017-07-23 13:15:20,2017-07-26 15:53:49,2017-08-01 18:18:54,2017-08-11 00:00:00
3c4bb13fb00d3bc789b3dca0789480a5,be24ef8018f62f3b54f287c7e87d0abb,delivered,2018-04-12 14:44:36,2018-04-13 12:50:32,2018-04-17 23:08:28,2018-04-18 23:06:37,2018-04-30 00:00:00
9ba0521c38be94b8c0028f57a8ec1625,8359a4e1beea4fed5c5fa85bafe7f41f,delivered,2018-01-02 12:04:00,2018-01-03 04:37:37,2018-01-10 22:28:38,2018-01-26 18:33:42,2018-01-29 00:00:00
9435ca9f9a67ac50e1fef5dbd0c29518,e82bab9bfcad4584028d4ce864f9cf74,delivered,2018-04-16 10:31:09,2018-04-16 10:50:55,2018-04-26 12:59:00,2018-05-02 18:42:22,2018-05-14 00:00:00
3efebcb1a80d41e5a7865605155b8c09,783d233e64f5c36e45794c0aa2c99401,delivered,2017-05-02 13:41:47,2017-05-02 13:50:20,2017-05-04 17:10:31,2017-05-08 13:57:47,2017-05-25 00:00:00
d56e037617638a36e0f7c40837bbca86,40f690829946d9fc65bd911b9f353be0,delivered,2018-05-02 22:10:35,2018-05-02 22:35:20,2018-05-04 14:25:00,2018-05-07 16:28:56,2018-05-15 00:00:00
1b5364692444d3fa21966ab73ae925ab,c9e1bf85960698190ad550557fa852d3,delivered,2017-05-07 01:20:15,2017-05-09 09:30:54,2017-05-09 14:20:35,2017-05-23 12:17:51,2017-06-01 00:00:00
51759d8321ae577fc2d577b976f8130f,de5b74249fb3f1947ae0286c6098b576,delivered,2018-04-23 12:58:35,2018-04-24 17:45:41,2018-04-24 22:38:48,2018-07-02 23:18:11,2018-05-28 00:00:00
d4d140e1cbc20856440a8343432848c4,30e94070e398e38b4210bc35d84627fb,delivered,2017-12-05 23:31:12,2017-12-05 23:56:44,2017-12-15 13:04:41,2018-01-24 18:38:39,2018-01-16 00:00:00
3d7a0606016fe5d209e5224ffe77f7cc,fe2edb873d4b148dbddecf2946491360,delivered,2018-02-14 17:11:41,2018-02-14 17:28:07,2018-02-16 17:48:32,2018-02-21 21:49:06,2018-03-07 00:00:00
586c7a332a49228779ba40068cfeefb3,6565e3986825dc8741d0c41228ec6011,delivered,2018-05-14 11:29:01,2018-05-14 11:58:25,2018-05-14 14:20:00,2018-05-15 18:52:28,2018-05-23 00:00:00
f244841f5a461472de8de82f023b1371,58b3208913cae35dadfac41929721901,delivered,2017-06-25 22:22:30,2017-06-25 22:30:15,2017-06-27 10:35:41,2017-07-04 13:17:30,2017-08-08 00:00:00
b647f540d673c123ae558b52796b5124,5b30f5a19fb29264a538243d78caea18,delivered,2018-07-26 16:11:46,2018-07-26 16:25:24,2018-07-27 14:05:00,2018-07-31 16:16:45,2018-08-13 00:00:00
e528f5fb562c9053119f71d32acb91ba,b173f79bb1d308fc5703ecb25888a0f8,delivered,2017-10-18 09:57:45,2017-10-20 07:05:14,2017-10-23 20:48:43,2017-11-03 17:32:40,2017-11-14 00:00:00
601aeff176a15b40925c874c87b0cc16,f2bd912dcfcf35f4ed1c60688bf4705d,delivered,2017-08-12 09:32:20,2017-08-12 09:43:45,2017-08-15 11:43:54,2017-08-18 17:03:30,2017-09-04 00:00:00
fb7a3213facd63106674c2d4fe0813ae,72ad3b059873841f4e0cc95d7eb93de2,delivered,2018-05-07 21:54:51,2018-05-08 04:32:55,2018-05-08 13:16:00,2018-05-17 21:32:00,2018-06-13 00:00:00
f15a9d9b458aa040e6c47b6bb2311fb4,37e814aa0b2b15f198064bc42bc5886e,delivered,2017-05-16 21:55:21,2017-05-16 22:05:13,2017-05-18 10:45:52,2017-05-23 10:47:47,2017-06-07 00:00:00
3deeaa4d253d9612fe55428163839325,fdf2f42ec3ca9c7b2443d1501ba9f0db,delivered,2017-08-22 15:08:05,2017-08-22 15:27:10,2017-08-24 16:43:28,2017-08-25 16:20:31,2017-09-04 00:00:00
660f07387a59952dda6a3ec2377eafee,b5e68fb5e0d12c368f0c52b434a69cf9,delivered,2017-08-19 17:51:46,2017-08-19 18:05:16,2017-08-21 18:52:27,2017-08-31 18:50:10,2017-09-13 00:00:00
156d8a00b4b8bb9ef74ca1e450035eb8,a927ff01b2ce8eda3341ba16a1e80068,delivered,2017-12-03 10:24:02,2017-12-03 10:53:19,2017-12-05 22:56:56,2017-12-09 00:42:21,2017-12-20 00:00:00
b05922c45fc699ae9049a2c5add3e02a,a5a79d9745f4fa50300664e5a4efd247,delivered,2017-02-02 07:05:42,2017-02-02 08:00:08,2017-02-09 07:25:55,2017-02-17 10:21:40,2017-03-13 00:00:00
8cbb6ada60ae90f4d6f76d2a7bb5e085,0f28203c5b6a0b0831a64782419024a4,delivered,2018-01-30 21:03:55,2018-01-30 21:15:35,2018-02-02 00:03:09,2018-02-16 00:13:30,2018-02-22 00:00:00
a187f41f4cc3a98eaf1e82f8b79c6fb2,6cee76d1e3c3c310a01384d453f50e3f,delivered,2018-07-24 11:14:25,2018-07-24 12:04:31,2018-07-25 11:29:00,2018-07-26 16:22:50,2018-08-02 00:00:00
aee0d5464f3b889a06716a820b1a60e3,b3ade267c69f240d19dfa6a302d0803a,delivered,2018-08-12 20:14:22,2018-08-12 20:25:11,2018-08-13 13:25:00,2018-08-18 13:54:51,2018-09-13 00:00:00
19d4c970e6cc7d33e2669b256238e307,e4a9dbf01cbf4d9ad855747b7b32e2da,delivered,2017-10-30 00:38:27,2017-11-01 03:30:17,2017-11-01 19:52:09,2017-11-08 20:33:04,2017-11-27 00:00:00
4af8a8384c4092c4cf301aaecfdb5007,d203640f43b16ed84faf7c5895e28202,delivered,2017-06-13 10:02:31,2017-06-13 10:10:23,2017-06-14 09:58:05,2017-06-16 17:26:31,2017-07-18 00:00:00
7d51d88244e80164e317acbec4b7c643,c3aa3310a31edc113ec7118b4d13223d,delivered,2018-05-24 15:48:58,2018-05-26 02:31:59,2018-05-29 09:40:00,2018-06-17 05:56:47,2018-07-04 00:00:00
65377f2460bd19606a6279134627ca05,12e5815197a9e9eee704d54acaccdc27,delivered,2017-04-22 17:22:12,2017-04-25 07:42:10,2017-04-26 12:16:56,2017-05-03 15:13:58,2017-05-17 00:00:00
39c31edc53ca82584b62224bcbce3801,4a7c91686b03dd70aca918a3a3ffdebd,delivered,2017-08-15 19:50:54,2017-08-15 20:45:04,2017-08-16 21:13:28,2017-08-22 18:33:40,2017-09-08 00:00:00
613d338b0c2fb3b1dd0a73d6f3bfbdcc,b21a7906cbe11eb7501347233fa7bc7a,delivered,2018-01-09 14:39:23,2018-01-09 14:51:37,2018-01-10 18:42:35,2018-01-18 22:09:11,2018-02-02 00:00:00
97e080a21be085e3e36d5f7c0f8f0b43,92b28c41e27f5ad13c88675d208d3d3a,delivered,2017-11-01 14:36:07,2017-11-01 14:50:13,2017-11-09 15:26:48,2017-11-14 17:39:31,2017-11-28 00:00:00
9900cb70a170fc8270433a79b6cca56e,0beac38aa6cad393f933d71c2a4758b6,delivered,2018-05-08 22:39:22,2018-05-08 22:55:18,2018-05-09 13:39:00,2018-05-15 20:14:33,2018-05-24 00:00:00
c8c474f20a667ba003a1f6e929fc3a44,ad06b03685e254053b83d5d07baded8f,delivered,2017-10-03 18:31:02,2017-10-05 10:35:27,2017-10-05 16:04:28,2017-10-16 23:23:50,2017-10-30 00:00:00
e7e818ad5eb0eddc4d7fb9bdade265dd,d7ef5b9915f1b49111337dc50f579ea1,delivered,2018-06-09 14:20:15,2018-06-09 14:35:14,2018-06-11 06:18:00,2018-06-20 00:20:45,2018-07-13 00:00:00
3ae6f437745a33a4fe67a0e350dadf7b,d5dfc452f419d7e65be5d9b81d1df7ef,delivered,2018-06-18 20:33:39,2018-06-18 20:56:56,2018-06-19 14:26:00,2018-06-22 15:56:46,2018-07-11 00:00:00
d9d133e8194b34d22ce9157f4f2ab959,8ddaf104fc2cc74dea6222727b0c67e8,delivered,2017-07-19 15:38:45,2017-07-19 15:55:14,2017-07-21 11:59:29,2017-07-22 12:57:30,2017-08-04 00:00:00
a29361cea3ac5ecb55cfc2c64b6c339a,674a4d874e368f09a9760046e9e4a3e0,delivered,2018-02-25 15:39:46,2018-02-25 15:55:27,2018-02-26 19:28:08,2018-02-27 14:12:29,2018-03-12 00:00:00
6895b2b445ba6fc95b205ec5d0d5f25f,912df14a9a50a2afed74da3cd7d3abbc,delivered,2018-08-19 10:36:45,2018-08-20 11:32:06,2018-08-21 14:01:00,2018-08-28 16:48:51,2018-09-12 00:00:00
b769eb33d511dc1b52b8c6d45522a101,b67a2c02b5d02f770e322cf5961378f9,delivered,2018-01-10 21:11:25,2018-01-10 21:29:06,2018-01-15 13:25:40,2018-02-15 22:18:45,2018-02-19 00:00:00
068bd285dca5547429e81de9e95ff9cf,6e2f130b4259627650baa0c9ce0bd645,delivered,2018-01-14 17:25:11,2018-01-14 17:36:34,2018-01-29 22:13:15,2018-01-31 10:22:04,2018-02-09 00:00:00
70a25f8b804c7e220927839f1b869626,2c13b31ed30512fc84164e15692dcf53,delivered,2017-03-30 13:28:48,2017-03-30 13:42:17,2017-03-30 14:25:26,2017-04-03 17:20:13,2017-04-19 00:00:00
f82746601c1969d00d63e14a786f322d,054ab203cd9764221a28a41cce1e8cd0,delivered,2018-08-20 17:16:49,2018-08-20 17:30:24,2018-08-21 13:59:00,2018-08-29 19:06:50,2018-09-04 00:00:00
1bec7861a092429c4f37133660e501fb,117a305bbf1e9a2f1f590e4561842469,delivered,2018-05-18 12:20:04,2018-05-19 02:59:02,2018-05-21 12:05:00,2018-06-07 16:38:48,2018-06-13 00:00:00
d97cacbc87a70c0a938044518f7c31c2,687dba758662ac064303b3087930c12d,delivered,2017-03-14 19:30:51,2017-03-14 19:30:51,2017-03-28 18:42:58,2017-04-05 15:42:33,2017-04-13 00:00:00
a0c98bdda8405aeaa4b87bdcdd25da22,79dd597ff7e371b512f0a22caf4a08dd,delivered,2018-08-17 12:39:50,2018-08-17 12:55:22,2018-08-17 12:37:00,2018-08-27 23:08:26,2018-08-30 00:00:00
4649c5e95df94c2a37938bed23879e64,35342093ef375b502a9dd9f52a4cc06a,delivered,2018-08-10 16:52:54,2018-08-10 17:05:21,2018-08-14 13:08:00,2018-08-18 17:08:40,2018-08-31 00:00:00
bdf2706f341d19f5943d9a5c7355d045,9897219aecb9d3f94e1e37783c5eccdc,delivered,2017-09-01 00:13:26,2017-09-02 00:06:06,2017-09-06 23:42:14,2017-09-08 22:06:43,2017-09-18 00:00:00
6636dd85ee82b4092b9214cc640adacc,b43821e1eccc47605f23a4476e148f3f,delivered,2018-05-13 19:59:38,2018-05-13 20:13:27,2018-05-14 15:45:00,2018-05-19 01:42:47,2018-06-08 00:00:00
b5b45b75641df9adb6a1a1609bcb77f9,f06e94172dbe350cdf8729a64ad2565f,delivered,2018-07-31 10:47:08,2018-08-01 04:35:20,2018-08-02 11:36:00,2018-08-15 18:58:55,2018-08-15 00:00:00
c7f036825b3a87b42323205cee8a693c,a8d604c2782c27e60c3023fa86567794,delivered,2018-07-06 11:22:25,2018-07-06 11:31:20,2018-07-10 10:25:00,2018-08-08 23:08:53,2018-08-06 00:00:00
5af817dcc7682f13101dbdef134be4e0,74d926a57beb2bbd42d8b69f723128a8,delivered,2018-01-24 11:10:09,2018-01-24 11:16:25,2018-01-30 01:12:47,2018-02-14 22:16:50,2018-02-19 00:00:00
3951193545025398d0fa18b7e2f836be,90a9c48d9d8440f1583a142142b99b1f,delivered,2018-05-23 08:36:35,2018-05-23 10:36:11,2018-05-25 12:25:00,2018-06-04 19:16:39,2018-06-13 00:00:00
8780697430377d453d0cf3f29848a515,ab8cc597748aa43d9e07953a78c5c303,delivered,2018-07-14 16:36:52,2018-07-14 16:55:25,2018-08-02 16:30:00,2018-08-07 15:17:49,2018-08-29 00:00:00
7139a3b215ea730e2db624cc99820578,5258ddb267b5d4cd0ebb504ebc69b804,delivered,2017-09-04 18:46:38,2017-09-04 19:15:15,2017-09-06 13:17:04,2017-09-12 18:23:10,2017-09-22 00:00:00
f24b2cd1d57f9c6405a1840ba856f421,41e8e79dff11a420fa5f43a7fb053034,delivered,2018-05-15 13:28:49,2018-05-15 13:55:00,2018-05-17 06:56:00,2018-06-01 20:38:49,2018-06-06 00:00:00
8c1538f82eb9eab8cad2da706a90df93,4b9dd5c5b1842454d365eea181e77012,delivered,2017-06-16 14:15:16,2017-06-17 03:42:22,2017-06-21 18:43:45,2017-06-26 13:21:48,2017-07-06 00:00:00
486189e06030d36779e10e55b6220d87,56f298c3c06de7ccbb65d45171e17d90,delivered,2017-10-17 08:37:59,2017-10-17 08:56:21,2017-10-18 18:33:02,2017-10-20 23:22:13,2017-10-27 00:00:00
bea9b92d7a14b236b96eb9fc71c28e02,30d7198ae94852e95a5afef8039145e4,delivered,2018-04-25 22:01:26,2018-04-25 22:15:18,2018-04-26 13:53:00,2018-04-30 15:12:45,2018-05-18 00:00:00
684eb867dfdc67690e5160c9e1bca789,3614b14d84a7dff8478e262ed746837b,delivered,2018-04-30 01:08:25,2018-04-30 01:34:37,2018-05-03 11:09:00,2018-05-16 16:22:31,2018-05-28 00:00:00
a11e916995a120fce0b1528d2555151b,82051ce87c5771da69cc903239d13ffc,delivered,2018-05-02 08:24:41,2018-05-03 03:35:09,2018-05-03 13:54:00,2018-05-16 20:04:04,2018-06-05 00:00:00
106d8484bb6bb4ff239daff27fc4feb6,7dfa5f2f758adf5d769a3941649e733e,delivered,2017-06-12 22:55:41,2017-06-12 23:10:20,2017-06-19 13:32:02,2017-06-22 09:45:01,2017-07-05 00:00:00
7254b66719addb416bd46b5f01fbfa67,d6c42f56690e13e859a8b1f901aa0228,delivered,2017-05-29 08:37:51,2017-05-29 08:50:07,2017-05-29 10:55:11,2017-06-05 13:42:32,2017-06-27 00:00:00
a5a1cabede9ba7b85cc04f0c65bddb88,c364f67e37eacbbc562be9a71889bc2a,delivered,2018-08-03 00:15:35,2018-08-03 00:25:16,2018-08-03 12:12:00,2018-08-07 20:22:52,2018-08-13 00:00:00
b12e5d725658a4566286153c51727af2,2312b7bbf7f097b43ba5e3feb3429f59,delivered,2017-05-07 13:05:13,2017-05-07 13:15:17,2017-05-10 14:51:01,2017-05-17 15:17:51,2017-05-29 00:00:00
9b881df263e0c26b3fb8584bc0da7317,0c4a8b93effd07ade151a4961ae8791d,delivered,2017-11-30 20:29:44,2017-12-02 15:38:16,2017-12-05 22:38:50,2017-12-11 18:29:20,2017-12-22 00:00:00
438f8c9a0abdfdd3401b52e89084c612,9f5d8c4f6c4ca201d03d3a9d50704f9a,delivered,2017-02-13 18:50:16,2017-02-13 19:03:08,2017-02-20 07:32:24,2017-03-02 15:38:06,2017-03-17 00:00:00
7282f35aaea3e151109787d09a275ec9,825c03d459e494071103e0d699ea943d,delivered,2017-12-07 10:53:40,2017-12-07 11:10:16,2017-12-08 18:36:05,2017-12-19 00:53:35,2018-01-03 00:00:00
6e7c58476aeeb4f0a2313cdd43477570,e7ebbd0d2040c613833b41293f81ca8f,delivered,2017-07-03 17:01:13,2017-07-03 17:15:15,2017-07-20 20:55:54,2017-07-25 19:07:51,2017-07-28 00:00:00
ca03bab92d64981b404602a7450b784c,d7bcf7eb4974e8da00d2107856aa0f5a,delivered,2017-08-11 16:24:52,2017-08-11 16:43:51,2017-08-14 16:12:41,2017-09-05 14:17:12,2017-09-06 00:00:00
b70fb0265f4059cdf874d341878a64f4,d6f6c463e4a50601d5e92eef94beeb1c,delivered,2017-11-09 13:05:48,2017-11-09 13:16:01,2017-11-10 20:16:34,2017-11-13 21:37:43,2017-11-29 00:00:00
0597a201736db0915eac0e92b5e0f6d9,a6fd70c8725a1c1eaa8b34d42bf80f9d,delivered,2017-10-09 11:16:40,2017-10-11 07:36:49,2017-10-11 21:25:16,2017-10-16 20:59:35,2017-10-23 00:00:00
bc382cd676f08eb90614a59793568c19,2877d92a0925bf30fe19e44ef779e533,delivered,2018-06-21 20:09:02,2018-06-23 01:40:28,2018-06-26 12:13:00,2018-07-03 21:38:54,2018-07-20 00:00:00
b04860f9f7889ebd859a225e5fbaf743,5c2ad7712ef84e3eeb0fdc51818edb62,delivered,2018-06-20 09:34:37,2018-06-21 04:36:17,2018-06-22 10:53:00,2018-06-26 01:22:11,2018-07-04 00:00:00
dbd51aaa65a18413d5c1a97a0bc41bf4,795212349b7312d0372f15dbae9c6973,delivered,2018-07-23 23:22:30,2018-07-24 10:31:05,2018-07-25 11:02:00,2018-07-30 17:30:59,2018-08-16 00:00:00
81928f41f8a362d614d4e4073d24de07,1b985d3713dd6d3170040e3d0aaf8cc9,delivered,2018-05-08 20:06:01,2018-05-08 20:54:55,2018-05-14 13:01:00,2018-05-21 14:26:36,2018-05-28 00:00:00
c327bf79ca9f0099dd58157ec2b71839,6e2243e81dfbcf77269277d8b90834ed,delivered,2018-06-13 20:56:31,2018-06-13 21:20:37,2018-06-14 13:50:00,2018-06-15 17:11:02,2018-06-25 00:00:00
0853e0536bc0b71240beedd97501bd7b,8fbbbfec010bde32cd194f99deed1d71,delivered,2018-07-15 07:05:30,2018-07-15 07:23:55,2018-07-19 09:14:00,2018-07-24 21:09:34,2018-08-16 00:00:00
2b25df22054b449145255218a1d25552,46d2e019708c24dcdd7876d13010570b,delivered,2018-02-13 19:01:08,2018-02-13 19:15:29,2018-02-16 19:55:57,2018-02-19 21:25:25,2018-03-01 00:00:00
70e4c52c261e4b62fa3d02aa61c45378,01e8d5326e968623bf4f1b620709c1c4,delivered,2017-07-22 09:09:59,2017-07-22 09:23:04,2017-07-26 20:29:44,2017-08-01 17:05:22,2017-08-15 00:00:00
7ca7a07f7d966253bdf088730665e423,da7fc451a51f38c8c1b8b48dede669be,delivered,2018-03-28 00:23:11,2018-03-28 00:35:21,2018-03-29 22:05:11,2018-04-20 18:06:30,2018-04-20 00:00:00
bf5a44a0843a026ecf32a63d882550f5,9c296bfe22d67feac315424199ca7b3d,delivered,2017-03-01 09:13:57,2017-03-01 09:25:10,2017-03-03 14:18:38,2017-03-08 10:26:02,2017-03-27 00:00:00
2fac55edfd9754d1a0e7ecc67d48d08d,5a108f7c19bf77ac04a7d2a1ebb73a6c,delivered,2018-06-18 11:53:41,2018-06-18 19:39:50,2018-06-20 14:30:00,2018-06-26 15:12:55,2018-07-17 00:00:00
24b54d866e249786f29f8ffba3f0d003,d61aa438586a325f237eb96134c4fd97,delivered,2018-04-30 13:13:25,2018-04-30 13:34:31,2018-05-03 09:26:00,2018-05-10 20:47:32,2018-05-28 00:00:00
cccb62677b6ed93ec68f4428a0ad81ee,e35998e9688518ac4b2098a9c159e8b4,delivered,2018-06-27 09:21:40,2018-06-27 11:06:12,2018-06-29 14:51:00,2018-07-02 18:48:48,2018-07-16 00:00:00
db582aca3fc2d44e76fa63eb576032c5,1f65ffa28b17071b335111d630ac7837,delivered,2017-05-04 13:31:14,2017-05-04 13:42:29,2017-05-11 10:51:49,2017-05-12 09:42:00,2017-05-25 00:00:00
bfa7102f2f9eb8afc761f1eedb37c744,d738c27ec39bc3dc997ca02f61c2616b,delivered,2017-03-16 11:15:22,2017-03-16 11:15:22,2017-03-24 18:22:44,2017-04-03 13:54:46,2017-04-11 00:00:00
07dee0f0916a444098de4beea749c5e5,f4b583877f26ed2e5eb4f1a1d9369695,delivered,2018-02-02 13:58:20,2018-02-05 11:30:03,2018-02-05 22:53:18,2018-02-19 23:04:25,2018-02-26 00:00:00
40eccc6e24dab20604e730a4245b38fe,e5b126f41141f1f935266d68e6df0fad,delivered,2017-11-12 17:09:28,2017-11-12 17:26:45,2017-11-14 15:57:00,2017-11-21 23:52:06,2017-12-04 00:00:00
e37cbc5ed765e289a3bcb33581cac511,f12a3695295c75b962b9fda0c33fe1fd,delivered,2017-02-26 13:20:20,2017-02-26 13:30:15,2017-03-01 10:45:52,2017-03-10 14:07:51,2017-03-22 00:00:00
73ba8619ddfc6efed5a3e4331c791f0d,b25733427eb5357a483382ac859982e4,delivered,2018-06-16 18:52:33,2018-06-16 19:18:01,2018-06-19 14:33:00,2018-06-22 16:08:39,2018-07-12 00:00:00
104a4ed42832085322a2ef0d1649b284,c9de6921188c1882c48bb6ed884809b7,delivered,2018-05-10 11:17:51,2018-05-10 11:51:42,2018-05-11 15:31:00,2018-05-18 15:13:00,2018-06-05 00:00:00
b84153f6ef50c6f07d2919e984c1f761,e15320a1ba99c3b56cc50e492e6c0c48,delivered,2018-02-02 15:38:04,2018-02-02 16:00:37,2018-02-03 18:38:53,2018-02-26 14:32:49,2018-02-20 00:00:00
63427723caf2bf22cb154f3d26951677,d247ffe58f195ed4a80b16c53d4692ce,delivered,2017-04-10 17:05:26,2017-04-12 16:10:14,2017-04-18 12:32:55,2017-05-02 10:38:09,2017-05-09 00:00:00
4e15214b61d5e952ea58075636fc6e99,84f73ca99a149e5a5d3f5eb3b83e2e8b,delivered,2017-03-06 21:39:34,2017-03-08 02:43:15,2017-03-08 14:01:49,2017-03-23 06:45:01,2017-04-03 00:00:00
6aad3bed746944c70143bcbcadb6c5ab,2b0c7e192538f2086b62e93df18bf446,delivered,2018-06-06 17:40:27,2018-06-06 17:55:08,2018-06-07 13:32:00,2018-06-11 13:19:00,2018-07-13 00:00:00
b6da9829ce73e764c8023c98aec4c11b,498d10271008cca804780b5d186d2d82,delivered,2018-05-07 18:29:38,2018-05-07 18:50:09,2018-05-08 12:42:00,2018-05-12 16:32:26,2018-05-22 00:00:00
7889e9a569a5488a0c9d93381a13d5ba,d49398157dec1751afd66073d61c5443,delivered,2018-07-04 15:19:13,2018-07-05 16:13:18,2018-07-05 13:59:00,2018-07-10 20:28:46,2018-08-01 00:00:00
768af91be1cb476b3377ca5adf097203,6143a8e0179e0771a2338d843163b338,delivered,2018-01-25 16:56:25,2018-01-25 17:13:21,2018-01-26 20:56:56,2018-02-14 19:51:43,2018-02-19 00:00:00
33d14124f0c894a2390998ae1015abf7,758d50f309f2f5f92b1d45497b54bfb6,delivered,2018-08-05 18:40:12,2018-08-05 18:50:11,2018-08-06 15:42:00,2018-08-07 18:46:37,2018-08-13 00:00:00
bc2ca758b82d10e0d335c8eb12349128,71470c77752ae4d613157eadefe91165,delivered,2017-06-25 01:02:11,2017-06-25 01:10:16,2017-06-26 14:40:12,2017-07-06 14:37:30,2017-07-20 00:00:00
5d1ab3e75c76552ea4661a441fe24d78,892531dd80efb5118f754ca4edaa3a74,delivered,2017-09-14 14:16:00,2017-09-14 14:30:14,2017-09-15 15:51:41,2017-09-22 23:38:54,2017-10-11 00:00:00
489e6c889dd29088ff5646a8c6d106ad,0551ebc96733a7f875a0018f90cb7d44,delivered,2017-11-19 17:22:28,2017-11-19 17:35:30,2017-11-21 18:19:08,2017-11-27 20:26:53,2017-12-12 00:00:00
6b5c69624b2e0a58948ec5cca5449ca0,abc452b5f9790d518caef9fc1a23d251,delivered,2017-05-13 12:28:32,2017-05-13 12:35:24,2017-05-15 12:05:03,2017-05-23 15:41:42,2017-06-08 00:00:00
6b4a30b5616dfc8267ae9d39b34e3a26,83fd55588a80384e120381b6a7588acf,delivered,2017-10-25 14:00:27,2017-10-26 13:56:20,2017-10-27 15:58:05,2017-11-01 20:06:04,2017-11-16 00:00:00
fcc0c3371e0af4947b6b4c013ecc6e35,fc3cadc0c1328b099cba58d281368351,delivered,2018-01-13 00:27:45,2018-01-13 00:58:33,2018-01-16 21:10:15,2018-02-02 20:06:43,2018-02-09 00:00:00
1e077c24035d25ddca3736f56d3e19a8,d8de65caf938995f19d88ea2a3c08a71,delivered,2018-02-20 20:38:22,2018-02-20 20:50:30,2018-02-22 22:36:40,2018-03-09 21:43:35,2018-03-21 00:00:00
b9f985da9b5605e8f6b1fb0558b8c88a,f66242e2439d0da31945c09ef7d12652,delivered,2017-11-17 22:06:54,2017-11-17 22:26:10,2017-11-23 16:21:17,2017-11-30 22:32:53,2017-12-06 00:00:00
7ec1c103b7dc4cf5213a0a3956b28a6d,7a2b2664f27252530d93dbbe1895a107,delivered,2017-06-23 18:38:34,2017-06-23 18:50:14,2017-06-28 14:45:54,2017-07-04 15:06:28,2017-07-06 00:00:00
840a77e5812e6cb838f4957339f5aa2c,d671f3c7672d55bf5cf119326e5c86e9,delivered,2017-03-06 13:13:02,2017-03-06 13:25:12,2017-03-07 09:51:28,2017-03-16 11:44:43,2017-04-04 00:00:00
c9cf1b341e0a14fb94022101fa6c4604,56005e0bc41d31584c17a913251a676f,delivered,2018-05-14 11:06:13,2018-05-14 11:15:29,2018-05-15 15:03:00,2018-05-18 17:17:28,2018-06-08 00:00:00
de4b205a30d85c902a79bf99f8c77c21,bc514ba92bc9b2d6c439bd09cc68e18b,delivered,2017-04-01 13:45:09,2017-04-01 14:02:43,2017-04-10 18:04:45,2017-04-18 13:22:08,2017-05-12 00:00:00
c2e2f15f541c1823bc6d1e558f9323db,7dca0aae9d8b2739eae09392212f33bc,delivered,2018-02-19 19:55:02,2018-02-20 07:06:48,2018-02-22 18:29:24,2018-02-23 21:15:45,2018-03-05 00:00:00
7029824369e12a2c4102565ad3f2bd50,3180f06ec3182fe3f19c1450b62eb93b,delivered,2017-10-21 10:52:04,2017-10-21 11:14:13,2017-10-24 21:27:42,2017-10-31 22:38:48,2017-11-13 00:00:00
123b4246f6a16b1f17b9807bb7d42fd5,841ac05302de635820f01b00bda1a57d,delivered,2017-05-14 00:03:43,2017-05-14 01:03:47,2017-05-15 14:42:50,2017-05-23 16:52:24,2017-06-02 00:00:00
7263db988c07c61845869e0708739119,041d0eb3170569956add1abb9d1681e3,delivered,2017-07-23 11:13:02,2017-07-23 11:25:11,2017-07-24 17:47:30,2017-07-31 18:59:54,2017-08-15 00:00:00
c3cbb5032bfc949af6b3f17024de1c8f,05e64f1361f11d937d6c2ccd3ec502bf,delivered,2018-05-11 11:17:57,2018-05-11 11:37:30,2018-05-11 12:51:00,2018-05-17 10:48:34,2018-06-04 00:00:00
c82ee47a0c061997cf82b995f702fa1e,43439ea445b4e95e19e7d6b93d384ae8,delivered,2018-01-15 22:55:06,2018-01-15 23:10:44,2018-01-16 19:51:14,2018-01-22 20:49:09,2018-02-05 00:00:00
c67eb6f352d61cbfeec214480d5c6baf,46e7342ce409f2b5656f102f2ba9b9dc,delivered,2018-06-29 21:05:36,2018-06-29 21:15:09,2018-07-03 10:39:00,2018-07-10 22:56:51,2018-08-07 00:00:00
b6ad79d84c91bb9d11720468017c168e,62455b0f833019feeadf0fdfc3fbfc84,delivered,2018-07-03 22:20:41,2018-07-05 16:34:58,2018-07-10 13:12:00,2018-07-13 18:26:22,2018-08-01 00:00:00
991a833f96a0e2a37ff3edab5969e44d,30b766b012c5c55e2fba3726dc9d55bd,delivered,2018-04-28 20:33:42,2018-04-28 20:53:23,2018-04-30 15:29:00,2018-05-07 15:32:51,2018-05-28 00:00:00
c157dbddbf8cf9a086acf9ef8eb8cf92,cf0b03b5cceb5984281a0f1a4cc62bf9,delivered,2017-10-03 12:13:15,2017-10-03 12:28:19,2017-10-05 20:59:53,2017-10-16 23:19:55,2017-11-01 00:00:00
cefeab80d083e2aa4a0a526027bec9a6,4a12d191a342a5dcc0cf27866bc9478c,delivered,2018-04-16 08:14:01,2018-04-17 05:50:47,2018-04-17 23:03:04,2018-04-23 23:09:35,2018-05-09 00:00:00
fdee205e2e0cc6ac53cbd0b6df510d6d,2ee7a3f039140cfc376ccc441edee085,delivered,2018-01-18 18:06:32,2018-01-18 18:16:19,2018-01-19 21:03:32,2018-01-30 23:06:30,2018-02-15 00:00:00
a1c87156ca249199bbcd96fbfcd0296d,108a0f20bc27c6072be5931b83fe52ae,delivered,2017-09-03 17:12:39,2017-09-05 04:25:50,2017-09-05 21:27:43,2017-09-11 17:13:42,2017-10-03 00:00:00
67773c483666d5120da1ff6188d8a00a,1ad479458bb6630f9187cb80530d065c,delivered,2017-11-03 10:22:11,2017-11-03 10:35:25,2017-11-07 23:18:57,2017-11-10 20:44:37,2017-11-24 00:00:00
e406f3cf4b3e23077d22eb4346d6471c,421e69b9c8a123f396f26466112eafeb,delivered,2018-08-13 03:00:59,2018-08-13 03:15:08,2018-08-14 13:15:00,2018-08-20 21:04:38,2018-08-30 00:00:00
24f926887373bfb98b4f309ecabab893,555b1e44ad963442f965bb44230728ac,delivered,2017-07-04 15:10:02,2017-07-05 06:44:23,2017-07-05 11:23:56,2017-07-10 19:43:32,2017-07-24 00:00:00
6a41b5634ac2837b5b88bf9796f9021e,4a984bb438e7bde091f75e16211ded9a,delivered,2018-04-13 21:40:26,2018-04-13 21:55:18,2018-04-14 16:47:58,2018-04-25 21:32:04,2018-05-14 00:00:00
4b5893f13b0e06d63d6a27fd04544deb,8d933eba83acbc93f97094191540b136,delivered,2018-01-18 00:19:42,2018-01-18 00:30:30,2018-02-01 19:54:02,2018-02-05 21:35:54,2018-02-19 00:00:00
48f38d47fa3e594216cbf679a60dc4fc,30ed79b25a04e922d54d369153264d35,delivered,2018-05-19 11:57:03,2018-05-19 12:19:24,2018-05-21 11:24:00,2018-06-08 13:06:55,2018-06-12 00:00:00
9e99a131a8798c3985381f4f7c96d56e,d9287300a4a22b52cebc3186370089bb,invoiced,2018-01-19 12:52:52,2018-01-19 13:14:42,,,2018-02-16 00:00:00
9c370b3dbcadfb3a62c2b8466603fa1f,a949e48c89ff4cf4e5f14fba155eb16c,delivered,2017-06-03 19:00:27,2017-06-03 19:10:14,2017-06-06 14:04:44,2017-06-28 12:33:37,2017-07-10 00:00:00
4db5da9151e0364d293923ca4a48d976,42133d569eb767022f294492c6f552f8,delivered,2017-12-27 22:49:56,2017-12-27 23:07:56,2018-01-04 22:58:57,2018-01-16 15:11:41,2018-01-29 00:00:00
df7094f1423b702c59aaf0e978752650,2f74309ff3d6e11c03b27e40287f791e,delivered,2017-11-29 19:42:13,2017-11-29 19:57:18,2017-12-01 16:19:08,2017-12-17 17:28:32,2017-12-22 00:00:00
75b05e38b715aadaa9c0d7bc41e2765d,cb38837f9b2d114a6f916ce7a46a7120,delivered,2017-12-10 22:51:30,2017-12-10 23:08:49,2017-12-12 22:36:54,2017-12-21 17:03:38,2018-01-04 00:00:00
5a06ec99090e75d00d2b33b0efdce2f4,4275510de6637b903e69994771170784,delivered,2017-02-01 21:33:14,2017-02-01 21:45:14,2017-02-07 16:38:20,2017-02-14 15:12:41,2017-03-10 00:00:00
2c7e89e493d79a803615950d27017f1f,e38d1d16f382a3c99f6da45b79418463,delivered,2017-11-24 10:18:10,2017-11-24 15:52:52,2017-12-06 22:22:08,2017-12-11 19:09:48,2017-12-11 00:00:00
b211184b294bc46861ba034d76f2bf79,24d73607e41d0612c0183973e08f211d,delivered,2018-03-13 19:13:51,2018-03-13 19:30:24,2018-03-15 23:41:25,2018-04-04 20:57:35,2018-03-29 00:00:00
bd2909853756962cac320dd9c00dc8b1,772f51102a1110989a91e1d3a62a8ef2,delivered,2017-12-27 23:51:24,2017-12-27 23:59:20,2017-12-28 22:47:25,2018-01-04 23:19:04,2018-01-23 00:00:00
1263b5bd7d073c9196702d47117ee5fa,f529a0fbe1ebd4622fb563b430cac7f5,delivered,2017-12-01 12:02:33,2017-12-01 12:31:27,2017-12-05 13:09:45,2018-01-06 14:18:30,2018-01-02 00:00:00
49e548b7ec1f515816b62230c96e8f74,fef52039b5d18cbb16606c9793a55101,delivered,2017-11-25 00:29:08,2017-11-25 03:19:21,2017-11-27 18:57:08,2017-12-08 21:51:52,2017-12-26 00:00:00
94140a08f88b5440f7fc0e4b0fcfc3bb,145ed96e22cdb678a8b4107d72fddcc8,delivered,2018-06-22 18:38:25,2018-06-22 18:58:30,2018-06-25 09:56:00,2018-06-30 11:18:44,2018-07-16 00:00:00
0e44e7b0102a1f19aa9d7643e45dbbdb,cceee7ffa972348a332be8e08842dfb5,delivered,2017-12-11 18:21:52,2017-12-11 18:33:29,2017-12-18 18:53:17,2018-01-23 17:19:08,2018-01-15 00:00:00
2ed35bba35070885f6e0ff68cefe670d,1a8a7a0627b8eb850b3fc69d73867a08,delivered,2018-08-20 18:42:18,2018-08-21 04:50:24,2018-08-22 14:51:00,2018-08-24 19:03:25,2018-09-05 00:00:00
2583425d8fd6d2a22d92c8480c1b546d,f643e1150f5707c0d4136c51f9db6cb3,delivered,2018-04-21 19:47:34,2018-04-24 18:58:48,2018-04-24 19:29:01,2018-05-01 15:11:06,2018-05-21 00:00:00
95fd02c37f493e9525e3d3c1ed54653a,8bb46af2da65493427799b95d0739d34,delivered,2018-02-27 13:13:59,2018-02-27 13:28:43,2018-02-28 20:56:41,2018-03-01 12:59:14,2018-03-13 00:00:00
00137e170939bba5a3134e2386413108,7b63cba66b8e6d002e94d0990c1e2868,delivered,2017-11-24 16:50:38,2017-11-25 06:30:55,2017-11-28 19:43:52,2017-12-11 19:12:55,2017-12-18 00:00:00
93ecdca779367b3806aaae30a8b19021,0b9607b0407236a9a7ef6f47227fc5c6,delivered,2018-03-19 18:04:50,2018-03-19 18:15:47,2018-03-20 18:08:27,2018-03-21 19:09:59,2018-03-29 00:00:00
92e2984724b33a8e95f8754bfee44f38,494470233a81ff4009dfb307706f48eb,delivered,2018-01-16 21:26:31,2018-01-16 21:38:30,2018-01-17 18:12:31,2018-01-19 20:12:18,2018-02-02 00:00:00
f6cf20d8d6692cf6d99a4db211c2f891,46028ebaf457355eafbc425f0cb49470,delivered,2018-01-22 13:53:19,2018-01-23 03:52:51,2018-01-24 17:08:09,2018-01-29 23:09:29,2018-02-21 00:00:00
47f353bb28503360d9e3c39a7004a12e,8528519b94643c712497f8a043c85419,delivered,2018-03-14 23:47:30,2018-03-15 00:10:19,2018-03-16 23:04:29,2018-04-13 19:21:52,2018-04-12 00:00:00
17e22ae34edbd170fcd2efe9e44f95bd,cdd964d7aba86669bba2a25675fc22a9,delivered,2018-05-01 11:55:59,2018-05-01 12:15:03,2018-05-03 14:08:00,2018-05-11 20:54:45,2018-05-21 00:00:00
783fc14b5c2cdc4ba848ad7f129c5df4,b45c39cf7b53391bde6d542823f73ba8,delivered,2017-12-10 15:41:19,2017-12-12 03:50:01,2017-12-12 17:35:30,2018-01-03 20:09:20,2018-01-09 00:00:00
f42f2fb14ae6dc794ca8024222f22539,cbf7ae8bd29c80d2aa52706ab5858a74,delivered,2017-12-15 15:13:05,2017-12-15 15:32:35,2017-12-18 18:48:22,2017-12-19 16:59:46,2018-01-04 00:00:00
294f94df7d2ec239123fdca1a458e0ff,5a968869bd6a16f0a56d22cdd8b40435,delivered,2018-05-23 13:31:25,2018-05-23 14:14:22,2018-05-25 08:52:00,2018-06-08 09:34:41,2018-06-27 00:00:00
38e300c6758b36eb5bb0234a3ac1fe53,03e8f438c63d7e3eb8cf2e830e42793d,delivered,2018-01-02 21:36:48,2018-01-02 21:50:20,2018-01-03 21:07:31,2018-01-08 21:46:12,2018-01-18 00:00:00
b41cd75853511ce5fa49b43cca5449f5,c6e3f283e7657e8d92765c2ae986e1a9,delivered,2018-04-12 20:24:50,2018-04-13 12:34:13,2018-04-16 19:04:03,2018-04-17 19:13:30,2018-04-30 00:00:00
9462e7a4367175b2b6f56caf761c6df0,ca1f7e87f054a7fb9e7eee3635387710,delivered,2017-05-22 20:03:10,2017-05-22 20:15:12,2017-05-23 10:07:07,2017-05-29 10:27:46,2017-06-13 00:00:00
f72af8df59fdbc3f45aeb2df4e1e9ca1,3f564a14c326f9a681d340e75246b775,delivered,2017-08-18 09:17:25,2017-08-19 09:24:56,2017-08-21 16:32:45,2017-08-23 15:38:10,2017-08-31 00:00:00
b9caafcfce2316e8aa42f6cf6327ff02,658803300e83c073de1a1f06079a0328,delivered,2018-01-19 22:20:50,2018-01-23 03:37:22,2018-01-24 23:38:36,2018-01-29 14:12:06,2018-02-05 00:00:00
ea55102263a7f58c4b3090b655c2bc00,c5c32cfb1971f9cb50b5f7a06e6d09ce,delivered,2018-03-26 17:32:49,2018-03-26 17:47:45,2018-03-27 20:12:36,2018-03-28 21:26:48,2018-04-06 00:00:00
ff29c7cdeea12d00d7b40d4879cce688,c72f502117a154e3f6468a282c6e2d95,delivered,2018-04-23 21:31:02,2018-04-24 18:29:06,2018-04-25 12:45:00,2018-05-08 17:56:50,2018-05-15 00:00:00
50ec02cdd09a0a80fbb65a1505eed464,4d56e224cc6d838eef5727af0298d4a1,delivered,2018-03-01 13:04:09,2018-03-01 13:15:29,2018-03-02 00:16:56,2018-03-06 16:33:27,2018-03-15 00:00:00
17e8356af05cf890ac4604347b3c17a6,e6db53dc3619628a8e024f3e1f4abc86,delivered,2017-10-10 19:47:16,2017-10-10 19:56:18,2017-10-13 20:32:42,2017-10-19 22:32:48,2017-11-03 00:00:00
cb34150c7912c6a848be6a756d4e97b3,048c357b7c10797e94b41047a42c351b,shipped,2018-03-13 11:52:46,2018-03-13 12:08:19,2018-03-13 21:38:52,,2018-04-30 00:00:00
47e9777346f914fcce7e8d5a411ca60a,0b165e2187ea84f69dd139344260d974,delivered,2018-05-31 22:38:15,2018-05-31 22:50:29,2018-06-01 09:05:00,2018-06-09 18:46:36,2018-07-13 00:00:00
de890ca80410c861b4fc9d398bd4676c,a1c2217218bed2992309dd19fd67558b,delivered,2018-06-11 14:11:53,2018-06-13 02:32:33,2018-06-13 09:52:00,2018-06-21 11:12:17,2018-07-12 00:00:00
83278a865f8f9c152f76597d22446aa2,817bdf9f2e0187ca16e7c074f3710e11,delivered,2017-08-17 07:52:58,2017-08-17 08:06:54,2017-08-29 18:34:32,2017-09-12 15:55:56,2017-09-06 00:00:00
049c844d7707d97ba1600196919474f4,ec2d96d8dd0823d489423155370a247e,delivered,2018-02-27 15:31:49,2018-02-27 16:35:43,2018-02-28 23:52:14,2018-03-22 00:28:51,2018-03-23 00:00:00
d819490edd3b5a3d69b114bb1eed977e,3d63c534551c85a62bc51417745dc81c,delivered,2018-05-28 13:49:51,2018-05-28 14:10:49,2018-05-30 11:02:00,2018-06-23 18:32:28,2018-07-19 00:00:00
2f31ce5a220e0b97b2d1922c86bbbb66,170fefe7a670a64ef38b1e16aedfafb0,delivered,2018-01-10 19:43:04,2018-01-10 19:55:30,2018-01-11 17:39:18,2018-01-30 17:07:19,2018-02-15 00:00:00
4e797467960184f4812ea77710c08b05,b6021af6074c8657c467992429b9a368,delivered,2018-01-25 11:45:37,2018-01-25 11:53:31,2018-01-25 20:31:53,2018-02-01 17:49:52,2018-02-21 00:00:00
2c87632da2d3149c3812ca5da44418e6,435638f4628d4cce72d5ed0a416974ba,delivered,2018-05-18 09:55:36,2018-05-18 10:46:20,2018-05-18 13:26:00,2018-06-08 11:48:22,2018-06-13 00:00:00
aecd12eef9fabbbde3ee307934546868,aa7573a3dbeb2e4863bbee49cec0cb95,delivered,2018-05-12 23:11:44,2018-05-12 23:30:59,2018-05-14 12:48:00,2018-05-22 21:46:50,2018-06-06 00:00:00
efed8668846db8134d128f21368fd2ca,f1ad650dbf1f18fb1a4b9c8afbb2cf43,shipped,2018-03-28 14:35:30,2018-03-29 03:09:06,2018-03-29 20:58:55,,2018-04-20 00:00:00
1b3c6f127c67654015b4f2a7b882ec40,f4f32a1d492eb00e6139fdf985548136,delivered,2017-12-01 13:08:09,2017-12-01 13:18:40,2017-12-05 14:27:57,2017-12-14 20:33:16,2018-01-10 00:00:00
54b4da510fed5dc3cf3e7a8e50a5f224,9361bfedd3cac453b63251a79df9928a,delivered,2018-03-05 22:57:31,2018-03-05 23:09:26,2018-03-07 17:55:06,2018-03-09 19:41:40,2018-03-15 00:00:00
343d749914bab05f8c752813a075ef36,8e5368dd904948fc2fddb6b8b3178175,delivered,2017-01-31 21:39:15,2017-01-31 21:50:16,2017-02-03 14:08:06,2017-02-08 14:14:43,2017-03-09 00:00:00
095e9e0811476409362d72fa70d73a6c,1ec264df7a63b93ee299b3e17c356e3b,delivered,2018-02-08 18:36:24,2018-02-08 18:50:43,2018-02-10 04:16:44,2018-02-19 21:19:20,2018-03-13 00:00:00
ab377121ab607d829a167d9796781f67,01deaf187077254cacc4e7b4d9d7bf87,delivered,2017-06-13 17:01:29,2017-06-13 17:15:43,2017-06-16 12:36:26,2017-06-19 19:59:25,2017-07-04 00:00:00
b37fc42b9b16ca9e092edcf0c06bd1f5,c6955e041a62b1c6ff9bfe57c4ce5b31,delivered,2017-10-25 16:55:15,2017-10-25 18:35:15,2017-11-07 20:52:57,2017-12-07 16:29:32,2017-11-24 00:00:00
fa79b2c18a8bd1dd7fe6c20ea3986434,d4fb0906b93ba1b93329aecf0c2d0e73,delivered,2017-07-29 17:49:34,2017-08-02 02:35:12,2017-08-02 19:32:45,2017-08-11 18:40:03,2017-08-24 00:00:00
636d7ef8a9aae4fe13b16e9460951c39,e162ea5e3db128f80dd38e4641ba94d7,delivered,2018-04-19 20:29:29,2018-04-19 20:51:11,2018-04-20 20:39:47,2018-04-23 18:26:48,2018-05-08 00:00:00
2eeb0fca026f13a4065dc4d23542095d,ae02fa353f4acf44f4d31787553b46d0,delivered,2018-07-27 10:55:59,2018-07-27 11:10:46,2018-07-27 14:56:00,2018-07-30 21:33:33,2018-08-02 00:00:00
b1cc3e65937e4d01bff18495b5577f57,3cb6790fc75cf9ce39b0af0dcb962c63,delivered,2017-07-20 08:59:20,2017-07-21 02:55:21,2017-07-21 19:51:56,2017-07-26 10:42:57,2017-08-09 00:00:00
5a67391875062bbd3116a5c00524648c,7aadf2d7394cd9b911f7b1fbc9d85bd9,delivered,2017-11-02 13:35:16,2017-11-04 13:26:06,2017-11-06 21:22:17,2017-11-08 20:41:53,2017-11-23 00:00:00
1c748687e58d9c5b30aa8ffff5747fe2,5fdd52bd1a451a378de455742ab4d752,delivered,2018-06-20 11:01:23,2018-06-20 11:26:17,2018-06-21 14:18:00,2018-06-25 14:26:41,2018-07-18 00:00:00
4ff36f43b95e4fbebfa94b98f8f33847,f3f5f2c750c64c3bb2a8d10e7c511d46,delivered,2017-09-26 11:51:33,2017-09-26 12:04:24,2017-09-27 15:06:13,2017-10-10 18:05:31,2017-10-23 00:00:00
73d7d0526bf2242f422fb6c85751dce4,b540f2ed0a81891a303aab176a4f21b3,delivered,2018-02-11 12:28:50,2018-02-15 04:07:09,2018-02-16 00:16:08,2018-02-26 21:45:34,2018-03-15 00:00:00
b4b86df50ff2b7209ced1549d9ea4b2e,a2a0ae5761e112d438da0e090c450de7,delivered,2017-02-28 13:45:30,2017-02-28 14:55:08,2017-03-02 17:59:09,2017-03-20 03:57:49,2017-03-24 00:00:00
156ba06ab4556cd19613dca1cefa9f7a,cb196971e6f67237a41f2fe6235bbaf4,delivered,2017-08-08 13:44:39,2017-08-09 17:35:08,2017-08-10 20:52:10,2017-08-21 21:59:58,2017-09-08 00:00:00
83ac7baaa477085adfafa311103efaf5,2d90e35c08e9844be3e33d7be88d5d7b,delivered,2017-06-20 18:52:33,2017-06-20 19:03:46,2017-06-23 12:04:21,2017-06-26 14:42:10,2017-07-03 00:00:00
3a3f6aa80241caf165b717419017abc2,a72d0d46cf8362224f451f56a107872f,delivered,2018-01-08 12:05:26,2018-01-08 12:17:26,2018-01-09 23:22:53,2018-01-22 18:04:17,2018-02-05 00:00:00
29d71d9c45a5ba44a2c8c20292d77bc5,24b0f93c6cf382951539720724e57161,delivered,2018-05-09 11:39:40,2018-05-09 11:55:14,2018-05-10 17:49:00,2018-06-01 22:51:07,2018-06-11 00:00:00
a5c2bce79ee362cbd630af6c3ab8f841,288333d294560ba3dadb8466fcdb0a02,delivered,2018-08-13 16:32:39,2018-08-13 16:45:19,2018-08-14 15:15:00,2018-08-15 14:57:47,2018-08-21 00:00:00
3c40fc70c7a1287e9616fb5dce615df1,58178a46a84b4313b9a859185a228113,delivered,2017-09-28 09:54:41,2017-09-28 10:07:19,2017-09-29 19:28:56,2017-10-09 19:39:02,2017-10-23 00:00:00
bf9550703d5af230399ad5d1080d6683,7d6a26a363174157427589ce4e439d02,delivered,2018-02-14 12:30:39,2018-02-14 12:47:13,2018-02-15 20:52:15,2018-02-23 21:59:09,2018-03-07 00:00:00
4014ecd96ac1d06f8cca3ac729c389ff,e6bc52e3e443d2ac256c764962bf842f,delivered,2018-08-05 01:59:32,2018-08-07 04:35:22,2018-08-08 13:44:00,2018-08-10 23:57:50,2018-08-10 00:00:00
fb746a5589147f8645b6c4adec4fdbdc,81904fe0847fa79d876547cd0c859156,delivered,2018-02-20 07:29:37,2018-02-20 07:46:11,2018-02-24 00:21:58,2018-03-05 13:57:12,2018-03-20 00:00:00
01d96f415da1ffc3807bc85852dea189,50e2e211862daf99d434538a985b5423,delivered,2018-04-10 20:59:36,2018-04-12 08:32:40,2018-04-12 17:51:59,2018-04-18 00:21:08,2018-05-03 00:00:00
f97b2bdfbaca9c2f04722d8cbc8cc8a5,3ba38209ae8f27771c90ec6b410f2043,delivered,2018-08-08 18:34:29,2018-08-08 18:45:20,2018-08-10 14:49:00,2018-08-16 22:31:44,2018-08-24 00:00:00
4f11c536ca6b0a28ea1c7583d6a5df63,c40ea936fccdfb98bffbb794c89d2348,delivered,2018-05-16 09:45:25,2018-05-16 09:57:28,2018-06-05 11:41:00,2018-06-14 14:58:38,2018-07-03 00:00:00
8c2c2b26ae4677e7457b0daaea13a8d3,f75cda7d644f2586d2f3f5e83c00415f,delivered,2017-11-05 22:41:44,2017-11-07 07:30:34,2017-11-16 19:05:09,2017-11-20 19:58:31,2017-11-27 00:00:00
854d6cba56286c80ffabfa9883d35006,18dfbce3c934e6aa3a004c654b328852,delivered,2018-04-13 21:53:34,2018-04-16 13:31:35,2018-04-19 00:21:20,2018-04-26 14:56:32,2018-05-10 00:00:00
e0e95960e8abbd803bbd543d2225c328,da2115c0723c07a68e9062f4d5aad9f3,delivered,2018-04-25 07:48:30,2018-04-26 04:10:45,2018-04-26 13:48:00,2018-05-08 14:56:51,2018-05-18 00:00:00
458c3becc527a774b463c7beaa28b105,af3e4d3d475e09dfde313eb5d5215e9a,delivered,2018-05-09 17:41:21,2018-05-09 17:55:20,2018-05-10 13:41:00,2018-05-14 19:22:37,2018-06-05 00:00:00
20ea67720234d8e46c6dc89f8b1dc16a,5d9f867c9b754341a52dfb264a455c96,delivered,2018-03-26 22:39:02,2018-03-26 22:50:18,2018-03-28 12:35:02,2018-05-26 14:54:44,2018-04-30 00:00:00
7598147ec12a15c62a1350443e7ad42f,d9f88948b98b2570e2f689b85416ed6e,delivered,2018-07-11 15:03:35,2018-07-11 16:47:29,2018-07-13 07:02:00,2018-07-21 13:48:32,2018-07-27 00:00:00
ba353ad7c7f218cd458bde871ae720c5,199611abfa6c811bdfb0195e478c9123,delivered,2018-06-10 07:45:21,2018-06-10 10:30:46,2018-06-11 16:02:00,2018-06-18 20:22:16,2018-07-18 00:00:00
a112ffd9157da040b7951b8bb6bb2fba,f199293a1cd17c4e0c71a13f02a34a7c,unavailable,2017-02-11 17:32:35,2017-02-15 11:33:15,,,2017-03-14 00:00:00
fb85c019b52b1481af6b89a96b84be4f,5de1dec4d4b43067084f74e791749ea2,delivered,2017-11-24 01:18:06,2017-11-24 01:33:20,2017-11-28 21:57:58,2017-11-30 22:15:14,2017-12-29 00:00:00
bec49fb7d032cc8a815d4135551a98e5,b9320f6df9c6e4b539e10322ed14e7e8,delivered,2017-06-21 22:15:53,2017-06-21 22:30:16,2017-06-22 16:03:24,2017-07-06 17:13:30,2017-07-18 00:00:00
3cb36784c17acb3eca55ded497da243d,36907fae21e0e2580f53529e419203e5,delivered,2017-10-26 09:32:45,2017-10-27 03:06:47,2017-10-27 20:41:44,2017-10-28 11:31:58,2017-11-08 00:00:00
cb5664b27c8e72cd9197d6cd259a0946,cbe770134a298f4be223c178e2220c9a,delivered,2018-03-24 12:35:27,2018-03-24 12:50:29,2018-03-27 19:08:36,2018-04-05 00:03:43,2018-04-12 00:00:00
291036f4304c5fb0dc3965044f4a4605,73fed2db5e8ab1b25ba0efebbe3d628d,delivered,2018-08-12 23:15:08,2018-08-12 23:25:18,2018-08-13 14:12:00,2018-08-20 17:38:40,2018-08-23 00:00:00
5bb20a1f6eecf52b15642965e33b6dde,dfe9b8ef242ad589cc5b5ec521045c1b,delivered,2018-07-16 15:04:55,2018-07-18 02:50:22,2018-07-18 11:20:00,2018-07-23 20:35:06,2018-08-03 00:00:00
a185e5cd569eb1436c80f83bae2d91bb,2081aaeb616d4391d1b0a7f26f2b548a,delivered,2018-04-03 21:28:13,2018-04-03 21:49:36,2018-04-04 18:22:49,2018-04-19 18:41:55,2018-05-08 00:00:00
b5f13aa3a46ca3005d39389331866fe4,c490bef02137db10e5a2d0095bee13bb,delivered,2018-05-06 21:38:02,2018-05-08 19:34:47,2018-05-10 18:29:00,2018-06-01 17:48:46,2018-06-04 00:00:00
2d9ae61d3fc718533956b7efca0d632c,396f796f89ba2ca820ca123faca256de,delivered,2017-12-05 10:30:20,2017-12-05 11:05:30,2017-12-05 22:42:16,2017-12-07 19:46:58,2017-12-21 00:00:00
305521e597cd32f946da81d3649d31b9,e0122fe0b17a97af3a4e8b5580a06bb1,delivered,2018-04-11 14:29:53,2018-04-12 07:51:25,2018-04-12 23:06:46,2018-04-16 20:08:33,2018-04-26 00:00:00
0e1ddbe485dfa358d24e22e5394d0484,8314485880de9173d0fb899263dd2d36,delivered,2018-07-28 15:47:52,2018-07-30 18:31:42,2018-07-31 15:57:00,2018-08-03 21:04:13,2018-08-08 00:00:00
982727416ef47cb3095b02dfccb621bf,8f6849cd321a103102fe1fa422567e9a,delivered,2018-07-03 12:50:48,2018-07-05 16:21:53,2018-07-05 14:13:00,2018-07-13 23:05:01,2018-07-27 00:00:00
6d2f1e2a36b2d36d4e4c626750224b9b,af58009ddcc58bc7c167a25e7172e423,delivered,2017-12-08 15:12:18,2017-12-09 02:49:34,2017-12-11 20:58:59,2017-12-15 21:18:46,2018-01-03 00:00:00
e309561688d0e53d29a039914f51190a,5bc6e9dbf378d29fafefd17256337238,delivered,2017-10-31 08:32:21,2017-10-31 08:46:19,2017-11-01 22:33:20,2017-11-06 18:12:42,2017-11-23 00:00:00
c3d36e1799e432857de125edbd428c0b,33f7fd28bbe67f10c01c0bfdc98389bf,delivered,2017-06-14 00:57:56,2017-06-14 01:10:20,2017-06-14 18:42:01,2017-06-22 15:13:52,2017-07-05 00:00:00
7f0b2d90543efaf906caac20ff4ed83f,c532bde5e3c7e9665dd16a0ff0d084b2,delivered,2017-11-18 19:49:03,2017-11-21 09:09:22,2017-11-23 22:37:53,2017-12-12 19:14:48,2017-12-18 00:00:00
e488cc26536e9d4857ff7e4605f3220d,179b6269e3312a52257e0ae40dc5e976,delivered,2017-02-06 22:48:50,2017-02-06 23:02:37,2017-02-08 11:05:19,2017-02-21 09:21:38,2017-03-21 00:00:00
4baf4e226efff68fe5996f63da09745f,3e72cf70e1b7a330665422959c3fe43b,delivered,2018-06-12 21:45:37,2018-06-14 03:08:33,2018-06-14 13:48:00,2018-06-22 21:06:23,2018-07-03 00:00:00
f96ae3b7b3fa4a0b2644a183d6cb620d,091f379e0aa95540e88e00f455738fd6,delivered,2017-02-07 17:12:52,2017-02-07 17:25:24,2017-02-09 09:34:16,2017-03-03 11:45:40,2017-03-20 00:00:00
6ebb33b8e0afab10328a6580a1c54be9,7f459c77e3b1f10548d4b553bddf3f6d,delivered,2018-08-25 12:54:41,2018-08-25 13:10:17,2018-08-27 14:13:00,2018-08-30 14:07:44,2018-09-06 00:00:00
16f391bc8fc37407de41720cd92f6266,ac5baec50a0a561a000ed259814803cb,delivered,2017-04-08 11:57:18,2017-04-08 13:05:15,2017-04-25 11:47:32,2017-05-03 12:11:15,2017-05-04 00:00:00
78b5b205705f30bb989c4a6c7f8822e4,6ca87302fa8a0163488bce8e49f9996c,delivered,2017-12-17 16:32:26,2017-12-17 17:31:27,2017-12-18 22:08:14,2017-12-19 12:58:25,2018-01-05 00:00:00
b6acc7697ffc9caac96d5d86d80ea71d,d726d2482113e66adf5e9cb61b6b4a91,shipped,2018-01-30 21:22:50,2018-01-30 21:35:31,2018-02-14 18:29:08,,2018-02-26 00:00:00
793a1da0431a53a517bf77cc596a9d7b,494581655b5393bdb9195817e1314b43,delivered,2017-04-14 19:31:57,2017-04-14 19:50:14,2017-04-17 18:25:59,2017-04-19 12:03:24,2017-05-09 00:00:00
5c7ec55f4ff082a66c4ed58a2634af16,34fd70c1a2c8eb090994690ff3cfdd0c,delivered,2017-11-24 22:38:15,2017-11-28 03:33:09,2017-12-08 16:17:38,2017-12-15 17:37:50,2017-12-11 00:00:00
514b4450547a198b2000fe570c522277,30ed8c586151707a59ba3bf07f050e4c,delivered,2017-12-02 16:17:50,2017-12-02 16:30:16,2017-12-08 14:13:48,2018-02-06 01:57:03,2017-12-29 00:00:00
ad263bc9111c1e0cbb780c4b7c1009e6,990bde3076343bfd17ad481ad171ba5e,delivered,2017-07-27 22:14:32,2017-07-27 22:33:53,2017-07-31 21:56:58,2017-08-25 15:54:59,2017-08-30 00:00:00
1bab677b9e102b60c7e4886e44d57a98,414e2ac71d455f634d69e610e2fd3b39,delivered,2018-07-11 13:34:29,2018-07-11 13:50:25,2018-07-17 08:58:00,2018-07-23 15:32:28,2018-08-06 00:00:00
dd1130c58ae85a282c4cd0cddaccd0ef,96f28de095b89e2ea36a96baf583ac8b,delivered,2017-12-11 08:56:47,2017-12-11 09:10:44,2017-12-12 18:29:27,2017-12-15 20:48:33,2018-01-04 00:00:00
9f50c2639dfe5494951bc9d4d1a3ff87,443b534d0d27a8aa9a184d4869bcbe7a,delivered,2017-12-15 09:23:57,2017-12-15 09:34:24,2017-12-20 01:04:17,2018-01-08 18:29:07,2018-01-17 00:00:00
290d464dc4d780ddcd120552cf21c640,d34922703108424a82c0905c11cb8cca,delivered,2017-09-24 15:18:45,2017-09-24 15:30:18,2017-09-28 17:20:03,2017-09-29 17:07:53,2017-10-10 00:00:00
75acfc4ebfc9ddb503a29002b31d8d80,46b4935e012e89972a35d8c39ed05ac3,delivered,2018-05-11 19:22:03,2018-05-11 19:37:37,2018-05-14 10:32:00,2018-06-07 18:48:47,2018-06-07 00:00:00
486fed80178943ecdec90413036af979,18c30a4de034e640a9c6b0b08a756ae9,delivered,2018-06-12 08:23:51,2018-06-12 08:41:50,2018-06-12 11:13:00,2018-06-21 12:32:03,2018-07-05 00:00:00
a0fbae87b2c4f96a56e39ea7df0c1fd1,427d898b8a06d03e1e805f09d82f250b,delivered,2017-04-29 12:27:06,2017-04-30 12:35:47,2017-05-11 10:57:49,2017-05-19 10:32:23,2017-06-07 00:00:00
faef9c1b3a8fe2bf0d41d30834c3c7db,499887816fac561f0a3977725ea707fb,delivered,2018-01-30 19:27:40,2018-02-01 02:56:48,2018-02-02 17:29:10,2018-02-22 21:19:29,2018-03-12 00:00:00
5930304c1503cbf5928b7e38bc52e248,338389b4ce5ff565c680373d416b9a5e,delivered,2018-05-03 14:39:55,2018-05-03 14:55:15,2018-05-03 14:47:00,2018-05-10 01:52:54,2018-05-23 00:00:00
335a2e98058fdc2ff97c02856d53a76e,4aa97f509896f79aa3ca9dd294f02990,delivered,2018-01-11 16:37:22,2018-01-12 10:27:48,2018-01-12 22:37:22,2018-01-16 17:35:07,2018-02-01 00:00:00
0322e0a7d6d283584e3dc181c67b1d12,eaa679be83fb04a42082f0b60bb45355,delivered,2018-05-09 14:26:23,2018-05-09 14:58:46,2018-05-11 13:49:00,2018-05-22 15:18:32,2018-06-13 00:00:00
84869e6e6b633fa602128f93f70e2c12,3c3bc627f354b5eaecaa3ee60f387981,delivered,2018-08-12 20:44:16,2018-08-14 04:24:20,2018-08-15 12:32:00,2018-08-22 20:57:26,2018-09-06 00:00:00
1d4fef737d9b6c214e13e92ae014018f,584f7f6c5c35ae99caabdaa223783764,delivered,2018-08-18 18:50:32,2018-08-18 19:09:40,2018-08-21 12:25:00,2018-08-24 14:08:27,2018-08-30 00:00:00
08c94cca559ddccd243fc551e088b856,74470427b2f2d1ecce8a1f7da289ee9e,delivered,2018-07-19 10:17:21,2018-07-19 10:30:11,2018-07-23 13:41:00,2018-07-31 15:42:55,2018-08-10 00:00:00
3aae5f4d2c104f1d6f7620143be23d7f,5670e8edb5152237d23bfc18f0c96e72,delivered,2018-04-09 21:53:03,2018-04-10 00:12:41,2018-04-10 22:32:28,2018-04-12 14:52:48,2018-04-19 00:00:00
bd72f84bd892f4e829d7fa262004487d,ac6fcaa127ca5433e6df97fde1892428,delivered,2018-03-02 12:29:07,2018-03-02 13:09:29,2018-03-07 00:48:32,2018-03-26 18:43:02,2018-04-05 00:00:00
96b313e094ee31cef7c8a4ffd3b36395,6b6dfbbc6ce8a28d6551efb5b39f74b4,delivered,2017-06-09 14:31:39,2017-06-09 14:42:22,2017-06-13 14:28:15,2017-06-22 16:42:45,2017-07-10 00:00:00
787590b924b0ef0a1da6164beb46a05d,17393f9d8000b7d8b8b0fd32265ddc57,delivered,2018-08-09 09:12:58,2018-08-09 09:25:16,2018-08-13 14:30:00,2018-08-17 18:54:50,2018-08-24 00:00:00
986da3ca575a68c698729794ccd67dfc,fbc396cb345064e2f0c3c9ef89a1f230,delivered,2018-04-03 18:55:16,2018-04-03 19:10:16,2018-04-05 21:45:48,2018-04-10 20:51:45,2018-04-18 00:00:00
9286a7cc933d6e2099098e4ae057e5dc,ed8097f13c2401a34f2d78cf43260846,delivered,2018-03-27 03:01:08,2018-03-28 02:50:14,2018-03-28 20:03:12,2018-04-02 20:05:18,2018-04-13 00:00:00
6bfb5b857e326522e7ad3d163ebeca12,a918b5f3a5555062f1afe875b605c164,delivered,2018-08-14 19:10:40,2018-08-14 19:24:12,2018-08-16 15:32:00,2018-08-23 13:08:59,2018-08-30 00:00:00
4ff26dfe35ac427c553216fc1441218e,637dfd77a043d1b7fffae4efeacc13b3,delivered,2018-04-13 18:18:41,2018-04-13 18:30:41,2018-04-17 21:31:58,2018-05-04 20:56:35,2018-05-17 00:00:00
640174dd3b1c33b00c0beab57f415612,f13981ea8af8ae0585691db41e971355,delivered,2018-06-03 21:51:47,2018-06-03 22:55:14,2018-06-04 13:34:00,2018-06-08 16:48:30,2018-07-17 00:00:00
5a00b4d35edffc56b825c3646a99ba9d,6a3bdf004ca96338fb5fad1b8d93c2e6,canceled,2017-07-02 15:38:46,,,,2017-07-25 00:00:00
bbf7ad105edc929937625364891dc8c6,f128ed11b295f1d94750deca9a92b354,delivered,2017-06-13 12:37:12,2017-06-13 12:50:25,2017-06-13 15:11:20,2017-06-22 16:19:42,2017-07-10 00:00:00
762e4a2e910d175a0fdabd749ae55d5a,21f420baf5412d045b0131e6a6960cbc,delivered,2017-11-24 21:05:51,2017-11-25 00:16:31,2017-12-05 00:56:12,2017-12-06 22:10:29,2017-12-14 00:00:00
854f58d1737ef431b98a28f2149a7125,3e2fcf7ce0b60002777a836132650175,delivered,2017-12-04 23:42:05,2017-12-05 10:30:51,2017-12-06 13:13:40,2017-12-07 19:18:39,2017-12-20 00:00:00
a6c258c89be1621b6e7c2bd85b4c866d,669a87ed9830ed7d79b3a22210a1a52d,delivered,2018-04-26 08:13:16,2018-04-26 08:32:43,2018-04-27 14:20:00,2018-05-08 22:51:35,2018-05-11 00:00:00
6cf9278559172d523d1fbcf08988418c,c3e90d8bbcb4c24eb869cbfadf8d4ab3,delivered,2018-08-05 14:39:32,2018-08-05 14:50:14,2018-08-15 05:41:00,2018-08-28 21:33:02,2018-08-14 00:00:00
3983bde7a4181560b9558aedf15d49fd,fa305e19e383f4e01fde3e554221cdb8,delivered,2017-11-27 17:46:15,2017-11-27 18:00:18,2017-11-29 00:19:03,2017-11-30 18:22:38,2017-12-11 00:00:00
a68f7b681559723c84a5a758d62be473,6d8551f3b072783a0527d92b481c0c47,delivered,2017-03-30 14:38:07,2017-03-30 14:50:15,2017-03-30 16:27:22,2017-04-10 13:10:14,2017-04-26 00:00:00
a4f4f63d38c826451e0f6482ed4b59d3,3ad50050643d2d0351f42e42776550c6,delivered,2017-08-25 21:14:28,2017-08-29 04:50:24,2017-08-30 16:08:31,2017-09-05 21:57:44,2017-09-26 00:00:00
b6162f47d6adbaf673e92b13e9358d89,cdb833f7133ef2039a36e2cf5bd7a009,delivered,2018-08-26 18:17:04,2018-08-28 04:23:58,2018-08-28 14:54:00,2018-08-29 12:08:34,2018-09-03 00:00:00
a82c960297e876b31d23af8b437f54bb,6c26b354ab5504cde0dc2acd7b5f43f4,delivered,2018-07-14 19:12:19,2018-07-17 04:31:32,2018-07-17 15:44:00,2018-07-25 10:58:54,2018-08-06 00:00:00
177777137ce0af9e9cd2cff572728cca,fedcdc6c89d60699c967422066834f65,delivered,2018-02-18 09:28:26,2018-02-18 09:46:23,2018-02-19 16:18:58,2018-02-28 20:04:15,2018-03-12 00:00:00
d7646ffe8fdd9e7d9557f9f7cbf04530,f896e70d84f6db9a56b86a47dd8718f0,delivered,2018-05-04 14:50:37,2018-05-04 15:10:22,2018-05-04 14:48:00,2018-05-08 19:06:42,2018-05-16 00:00:00
80b088ae48ba538f0d70f0eeb541ccfb,d856ccf69b8f0994e5fb89921311e788,delivered,2018-04-10 10:50:26,2018-04-10 11:09:35,2018-04-20 14:51:52,2018-05-03 22:33:31,2018-05-15 00:00:00
849c91eae9d79b010c5dbba0d30e42fe,8719f414841856e13125bc3c8eb012f8,delivered,2017-04-20 11:52:22,2017-04-20 13:05:29,2017-04-24 14:54:17,2017-05-12 03:22:53,2017-05-24 00:00:00
bda15d43b16684fa4eff328a7db33d8b,6eff0b0388f0e0829bd659d12e168828,delivered,2018-08-28 19:44:25,2018-08-28 20:04:13,2018-08-29 14:27:00,2018-08-30 20:53:55,2018-09-11 00:00:00
ca66063282c2aeb92c8cf8bb9b3dbf28,892b4b41830746635f341030c1564ad1,delivered,2018-03-09 17:10:05,2018-03-09 17:28:52,2018-03-16 00:58:28,2018-03-21 00:36:39,2018-03-27 00:00:00
099acf2a98eba9bab889af025be407b7,7c2a55810a39cd8421f6fd48f88210ac,delivered,2017-08-15 13:24:17,2017-08-16 03:10:33,2017-09-06 16:04:46,2017-09-06 16:04:47,2017-10-18 00:00:00
0c384d67524b5b92aa2fa6c8baa9a983,53421895d40d7df28d68c22ffa043355,delivered,2017-06-05 19:20:11,2017-06-05 19:30:18,2017-06-07 11:23:06,2017-06-13 14:09:21,2017-06-27 00:00:00
9b6a1b8bf017b64d6ff4d7fe7cd88f1f,a338acc085a7c727f37ea35006506b32,delivered,2017-05-15 10:35:22,2017-05-15 11:42:50,2017-05-15 15:40:26,2017-05-17 08:49:30,2017-05-31 00:00:00
7064a07883ee3b4bb82d7252c3519546,daf0a508037d7f807f72808b1d720a40,delivered,2017-12-25 23:10:54,2017-12-25 23:28:16,2017-12-27 22:43:44,2017-12-28 17:54:03,2018-01-15 00:00:00
4134d857ea0e2009e02f6f90888fa583,58ea963c191e6d553f030709aabcda9c,delivered,2017-07-30 20:32:10,2017-07-30 20:45:22,2017-07-31 16:26:05,2017-08-03 14:19:55,2017-08-22 00:00:00
2e4e2813ad5d8dd8582c22307207f800,dde7d3a4aecd8c2db8bc1693d93d5575,delivered,2018-01-20 10:19:01,2018-01-20 10:34:04,2018-01-22 17:38:27,2018-02-01 14:36:44,2018-02-16 00:00:00
78902e5dd1f843cd182f10992137777b,ffcff7222f737ae6b440d4d0da1496d3,delivered,2017-03-07 17:35:28,2017-03-09 02:45:59,2017-03-10 08:17:27,2017-03-15 10:14:11,2017-03-28 00:00:00
a0224d0bc0030c9226e9613d6561a7aa,278c63ede99698eb4838f0df378d9adf,delivered,2018-05-09 23:19:02,2018-05-09 23:33:32,2018-05-29 12:28:00,2018-06-11 22:18:38,2018-06-19 00:00:00
c277dea251cfd74bf121060769a7135a,06061ffdb496a2030a55687e3d14d977,delivered,2018-08-09 00:00:08,2018-08-09 00:10:24,2018-08-09 15:08:00,2018-08-13 20:16:49,2018-08-24 00:00:00
aea0db338150b526dde24f6fd953a5ed,379a02efdc6a56bd27f99b95fc2f6c06,processing,2017-12-26 21:56:13,2017-12-26 22:05:26,,,2018-01-26 00:00:00
25d0455ca29c6f58e491a90065954af0,2835fc229807133f646ae4245e5e6150,delivered,2017-12-25 23:23:06,2017-12-27 04:07:51,2017-12-27 21:59:18,2018-01-17 18:43:22,2018-01-15 00:00:00
a0d3b62390e72dcfd8fc6b29c1af0061,fe9a30a8c40ddbb91c3399e7bd78c50f,delivered,2018-08-15 18:28:56,2018-08-15 18:43:58,2018-08-16 12:34:00,2018-08-17 17:36:46,2018-08-20 00:00:00
76931aa364051d5d57f6a23aa352956a,b477202dca6a3ad89828fdd5748dc849,delivered,2017-11-18 12:51:32,2017-11-18 13:06:23,2017-11-23 18:21:24,2017-11-27 14:55:45,2017-12-04 00:00:00
000c3e6612759851cc3cbb4b83257986,3773bcf1a6fbd29233ea1c1b573c4f22,delivered,2017-08-12 10:08:57,2017-08-15 03:35:32,2017-08-15 15:32:51,2017-08-19 15:22:17,2017-09-01 00:00:00
